{"type":"FeatureCollection","features":[{"type":"Feature","geometry":{"geodesic":false,"type":"Polygon","coordinates":[[[-123.83815180758076,39.494431466314765],[-123.84084675343313,39.494431466314765],[-123.84084675343313,39.48634662875769],[-123.83815180758076,39.48634662875769],[-123.83815180758076,39.478261791200616],[-123.83276191587605,39.478261791200616],[-123.83276191587605,39.48095673705297],[-123.83006697002368,39.48095673705297],[-123.83006697002368,39.475566845348254],[-123.82737202417132,39.475566845348254],[-123.82737202417132,39.47017695364354],[-123.82198213246662,39.47017695364354],[-123.82198213246662,39.467482007791176],[-123.82467707831897,39.467482007791176],[-123.82467707831897,39.46478706193882],[-123.82737202417132,39.46478706193882],[-123.82737202417132,39.46209211608646],[-123.82467707831897,39.46209211608646],[-123.82467707831897,39.459397170234105],[-123.83276191587605,39.459397170234105],[-123.83276191587605,39.45670222438174],[-123.83006697002368,39.45670222438174],[-123.83006697002368,39.45400727852939],[-123.82737202417132,39.45400727852939],[-123.82737202417132,39.45131233267703],[-123.83276191587605,39.45131233267703],[-123.83276191587605,39.44592244097231],[-123.83815180758076,39.44592244097231],[-123.83815180758076,39.44322749511995],[-123.84084675343313,39.44322749511995],[-123.84084675343313,39.440532549267594],[-123.84354169928548,39.440532549267594],[-123.84354169928548,39.43783760341523],[-123.84623664513784,39.43783760341523],[-123.84623664513784,39.440532549267594],[-123.84893159099019,39.440532549267594],[-123.84893159099019,39.44592244097231],[-123.84084675343313,39.44592244097231],[-123.84084675343313,39.44861738682467],[-123.8354568617284,39.44861738682467],[-123.8354568617284,39.45131233267703],[-123.83815180758076,39.45131233267703],[-123.83815180758076,39.45400727852939],[-123.84084675343313,39.45400727852939],[-123.84084675343313,39.45670222438174],[-123.84354169928548,39.45670222438174],[-123.84354169928548,39.45400727852939],[-123.84623664513784,39.45400727852939],[-123.84623664513784,39.459397170234105],[-123.84354169928548,39.459397170234105],[-123.84354169928548,39.46209211608646],[-123.84084675343313,39.46209211608646],[-123.84084675343313,39.46478706193882],[-123.84354169928548,39.46478706193882],[-123.84354169928548,39.467482007791176],[-123.83815180758076,39.467482007791176],[-123.83815180758076,39.46478706193882],[-123.8354568617284,39.46478706193882],[-123.8354568617284,39.47017695364354],[-123.84084675343313,39.47017695364354],[-123.84084675343313,39.47287189949589],[-123.84623664513784,39.47287189949589],[-123.84623664513784,39.46478706193882],[-123.84893159099019,39.46478706193882],[-123.84893159099019,39.46209211608646],[-123.85162653684256,39.46209211608646],[-123.85162653684256,39.459397170234105],[-123.85432148269491,39.459397170234105],[-123.85432148269491,39.46478706193882],[-123.85701642854727,39.46478706193882],[-123.85701642854727,39.459397170234105],[-123.85971137439962,39.459397170234105],[-123.85971137439962,39.46209211608646],[-123.86240632025199,39.46209211608646],[-123.86240632025199,39.459397170234105],[-123.86510126610435,39.459397170234105],[-123.86510126610435,39.45670222438174],[-123.8677962119567,39.45670222438174],[-123.8677962119567,39.45131233267703],[-123.87318610366142,39.45131233267703],[-123.87318610366142,39.45400727852939],[-123.87049115780907,39.45400727852939],[-123.87049115780907,39.459397170234105],[-123.8677962119567,39.459397170234105],[-123.8677962119567,39.46209211608646],[-123.87049115780907,39.46209211608646],[-123.87049115780907,39.46478706193882],[-123.87318610366142,39.46478706193882],[-123.87318610366142,39.467482007791176],[-123.87049115780907,39.467482007791176],[-123.87049115780907,39.47017695364354],[-123.8677962119567,39.47017695364354],[-123.8677962119567,39.467482007791176],[-123.86510126610435,39.467482007791176],[-123.86510126610435,39.475566845348254],[-123.87049115780907,39.475566845348254],[-123.87049115780907,39.478261791200616],[-123.8677962119567,39.478261791200616],[-123.8677962119567,39.48095673705297],[-123.87857599536613,39.48095673705297],[-123.87857599536613,39.478261791200616],[-123.87588104951378,39.478261791200616],[-123.87588104951378,39.475566845348254],[-123.87857599536613,39.475566845348254],[-123.87857599536613,39.47287189949589],[-123.8812709412185,39.47287189949589],[-123.8812709412185,39.47017695364354],[-123.89205072462794,39.47017695364354],[-123.89205072462794,39.475566845348254],[-123.89474567048029,39.475566845348254],[-123.89474567048029,39.48095673705297],[-123.89744061633264,39.48095673705297],[-123.89744061633264,39.48365168290533],[-123.90013556218501,39.48365168290533],[-123.90013556218501,39.48634662875769],[-123.90283050803737,39.48634662875769],[-123.90283050803737,39.48365168290533],[-123.90822039974208,39.48365168290533],[-123.90822039974208,39.48634662875769],[-123.9136102914468,39.48634662875769],[-123.9136102914468,39.4917365204624],[-123.90552545388972,39.4917365204624],[-123.90552545388972,39.494431466314765],[-123.91091534559445,39.494431466314765],[-123.91091534559445,39.49712641216712],[-123.9136102914468,39.49712641216712],[-123.9136102914468,39.49982135801948],[-123.99984855872228,39.49982135801948],[-123.99984855872228,39.14408850550815],[-123.99715361286992,39.14408850550815],[-123.99715361286992,39.14139355965579],[-123.99984855872228,39.14139355965579],[-123.99984855872228,39.10905420942749],[-123.99715361286992,39.10905420942749],[-123.99715361286992,39.10635926357513],[-123.99984855872228,39.10635926357513],[-123.99984855872228,39.09288453431334],[-123.99715361286992,39.09288453431334],[-123.99715361286992,39.09018958846098],[-123.99984855872228,39.09018958846098],[-123.99984855872228,38.499996446794455],[-123.32611209563264,38.499996446794455],[-123.32611209563264,38.50269139264681],[-123.32341714978027,38.50269139264681],[-123.32341714978027,38.499996446794455],[-123.00002364749724,38.499996446794455],[-123.00002364749724,39.49982135801948],[-123.84084675343313,39.49982135801948],[-123.84084675343313,39.49712641216712],[-123.83815180758076,39.49712641216712],[-123.83815180758076,39.494431466314765]],[[-123.9136102914468,39.49712641216712],[-123.91630523729916,39.49712641216712],[-123.91630523729916,39.494431466314765],[-123.9136102914468,39.494431466314765],[-123.9136102914468,39.49712641216712]],[[-123.87049115780907,39.47017695364354],[-123.87049115780907,39.47287189949589],[-123.87318610366142,39.47287189949589],[-123.87318610366142,39.47017695364354],[-123.87049115780907,39.47017695364354]],[[-123.82467707831897,39.459397170234105],[-123.82467707831897,39.45670222438174],[-123.82198213246662,39.45670222438174],[-123.82198213246662,39.459397170234105],[-123.82467707831897,39.459397170234105]],[[-123.99715361286992,39.095579480165696],[-123.99445866701755,39.095579480165696],[-123.99445866701755,39.10096937187041],[-123.99715361286992,39.10096937187041],[-123.99715361286992,39.095579480165696]],[[-123.99715361286992,39.33542966102561],[-123.99445866701755,39.33542966102561],[-123.99445866701755,39.33812460687797],[-123.99715361286992,39.33812460687797],[-123.99715361286992,39.33542966102561]],[[-123.99445866701755,39.084799696756264],[-123.98906877531284,39.084799696756264],[-123.98906877531284,39.08749464260862],[-123.99445866701755,39.08749464260862],[-123.99445866701755,39.084799696756264]],[[-123.9917637211652,39.478261791200616],[-123.98906877531284,39.478261791200616],[-123.98906877531284,39.48095673705297],[-123.9917637211652,39.48095673705297],[-123.9917637211652,39.478261791200616]],[[-123.98906877531284,39.33812460687797],[-123.98637382946048,39.33812460687797],[-123.98637382946048,39.34081955273032],[-123.98906877531284,39.34081955273032],[-123.98906877531284,39.33812460687797]],[[-123.98367888360812,39.103664317722775],[-123.98098393775577,39.103664317722775],[-123.98098393775577,39.10635926357513],[-123.98367888360812,39.10635926357513],[-123.98367888360812,39.103664317722775]],[[-123.98098393775577,39.18720763914589],[-123.97828899190341,39.18720763914589],[-123.97828899190341,39.189902584998244],[-123.98098393775577,39.189902584998244],[-123.98098393775577,39.18720763914589]],[[-123.97828899190341,38.95544229584305],[-123.97559404605104,38.95544229584305],[-123.97559404605104,38.95813724169541],[-123.97828899190341,38.95813724169541],[-123.97828899190341,38.95544229584305]],[[-123.97828899190341,39.14947839721287],[-123.97559404605104,39.14947839721287],[-123.97559404605104,39.15217334306523],[-123.97828899190341,39.15217334306523],[-123.97828899190341,39.14947839721287]],[[-123.97559404605104,39.14408850550815],[-123.97289910019869,39.14408850550815],[-123.97289910019869,39.14678345136051],[-123.97559404605104,39.14678345136051],[-123.97559404605104,39.14408850550815]],[[-123.97289910019869,39.08749464260862],[-123.97020415434633,39.08749464260862],[-123.97020415434633,39.09018958846098],[-123.97289910019869,39.09018958846098],[-123.97289910019869,39.08749464260862]],[[-123.97020415434633,39.48904157461005],[-123.96750920849398,39.48904157461005],[-123.96750920849398,39.4917365204624],[-123.97020415434633,39.4917365204624],[-123.97020415434633,39.48904157461005]],[[-123.96750920849398,39.138698613803435],[-123.96481426264161,39.138698613803435],[-123.96481426264161,39.14139355965579],[-123.96750920849398,39.14139355965579],[-123.96750920849398,39.138698613803435]],[[-123.96211931678926,38.95813724169541],[-123.9594243709369,38.95813724169541],[-123.9594243709369,38.960832187547766],[-123.96211931678926,38.960832187547766],[-123.96211931678926,38.95813724169541]],[[-123.95672942508453,39.05246034652796],[-123.95403447923218,39.05246034652796],[-123.95403447923218,39.05515529238032],[-123.95672942508453,39.05515529238032],[-123.95672942508453,39.05246034652796]],[[-123.95403447923218,38.971611970957206],[-123.95133953337982,38.971611970957206],[-123.95133953337982,38.97430691680956],[-123.95403447923218,38.97430691680956],[-123.95403447923218,38.971611970957206]],[[-123.95403447923218,39.06593507578975],[-123.95133953337982,39.06593507578975],[-123.95133953337982,39.068630021642115],[-123.95403447923218,39.068630021642115],[-123.95403447923218,39.06593507578975]],[[-123.95403447923218,39.09288453431334],[-123.95133953337982,39.09288453431334],[-123.95133953337982,39.095579480165696],[-123.95403447923218,39.095579480165696],[-123.95403447923218,39.09288453431334]],[[-123.94325469582274,39.111749155279846],[-123.94055974997039,39.111749155279846],[-123.94055974997039,39.11444410113221],[-123.94325469582274,39.11444410113221],[-123.94325469582274,39.111749155279846]],[[-123.94055974997039,38.98239175436664],[-123.93786480411802,38.98239175436664],[-123.93786480411802,38.98508670021899],[-123.94055974997039,38.98508670021899],[-123.94055974997039,38.98239175436664]],[[-123.93786480411802,39.111749155279846],[-123.93516985826567,39.111749155279846],[-123.93516985826567,39.11444410113221],[-123.93786480411802,39.11444410113221],[-123.93786480411802,39.111749155279846]],[[-123.93516985826567,38.98239175436664],[-123.93247491241331,38.98239175436664],[-123.93247491241331,38.98508670021899],[-123.93516985826567,38.98508670021899],[-123.93516985826567,38.98239175436664]],[[-123.91630523729916,39.16295312647466],[-123.9136102914468,39.16295312647466],[-123.9136102914468,39.165648072327016],[-123.91630523729916,39.165648072327016],[-123.91630523729916,39.16295312647466]],[[-123.91091534559445,39.405498253186934],[-123.90822039974208,39.405498253186934],[-123.90822039974208,39.40819319903929],[-123.91091534559445,39.40819319903929],[-123.91091534559445,39.405498253186934]],[[-123.90283050803737,39.1602581806223],[-123.90013556218501,39.1602581806223],[-123.90013556218501,39.16295312647466],[-123.90283050803737,39.16295312647466],[-123.90283050803737,39.1602581806223]],[[-123.90013556218501,39.459397170234105],[-123.89474567048029,39.459397170234105],[-123.89474567048029,39.45670222438174],[-123.89205072462794,39.45670222438174],[-123.89205072462794,39.46209211608646],[-123.88935577877558,39.46209211608646],[-123.88935577877558,39.45670222438174],[-123.88666083292321,39.45670222438174],[-123.88666083292321,39.459397170234105],[-123.87857599536613,39.459397170234105],[-123.87857599536613,39.46478706193882],[-123.8812709412185,39.46478706193882],[-123.8812709412185,39.467482007791176],[-123.88396588707086,39.467482007791176],[-123.88396588707086,39.46209211608646],[-123.88666083292321,39.46209211608646],[-123.88666083292321,39.467482007791176],[-123.88935577877558,39.467482007791176],[-123.88935577877558,39.46478706193882],[-123.89474567048029,39.46478706193882],[-123.89474567048029,39.46209211608646],[-123.90013556218501,39.46209211608646],[-123.90013556218501,39.459397170234105]],[[-123.90013556218501,39.47287189949589],[-123.89744061633264,39.47287189949589],[-123.89744061633264,39.478261791200616],[-123.90013556218501,39.478261791200616],[-123.90013556218501,39.47287189949589]],[[-123.89744061633264,39.43783760341523],[-123.89474567048029,39.43783760341523],[-123.89474567048029,39.440532549267594],[-123.89205072462794,39.440532549267594],[-123.89205072462794,39.44322749511995],[-123.89744061633264,39.44322749511995],[-123.89744061633264,39.43783760341523]],[[-123.88935577877558,39.14139355965579],[-123.88666083292321,39.14139355965579],[-123.88666083292321,39.14408850550815],[-123.88935577877558,39.14408850550815],[-123.88935577877558,39.14139355965579]],[[-123.88935577877558,39.21415709766947],[-123.88666083292321,39.21415709766947],[-123.88666083292321,39.21685204352183],[-123.88935577877558,39.21685204352183],[-123.88935577877558,39.21415709766947]],[[-123.88396588707086,39.45131233267703],[-123.8812709412185,39.45131233267703],[-123.8812709412185,39.45400727852939],[-123.88396588707086,39.45400727852939],[-123.88396588707086,39.45131233267703]],[[-123.87857599536613,39.13330872209872],[-123.87588104951378,39.13330872209872],[-123.87588104951378,39.13600366795107],[-123.87857599536613,39.13600366795107],[-123.87857599536613,39.13330872209872]],[[-123.87857599536613,39.45131233267703],[-123.87588104951378,39.45131233267703],[-123.87588104951378,39.45400727852939],[-123.87857599536613,39.45400727852939],[-123.87857599536613,39.45131233267703]],[[-123.87588104951378,39.10635926357513],[-123.87318610366142,39.10635926357513],[-123.87318610366142,39.10905420942749],[-123.87588104951378,39.10905420942749],[-123.87588104951378,39.10635926357513]],[[-123.87588104951378,39.20068236840768],[-123.87318610366142,39.20068236840768],[-123.87318610366142,39.20337731426004],[-123.87588104951378,39.20337731426004],[-123.87588104951378,39.20068236840768]],[[-123.87588104951378,39.211462151817116],[-123.87318610366142,39.211462151817116],[-123.87318610366142,39.21415709766947],[-123.87588104951378,39.21415709766947],[-123.87588104951378,39.211462151817116]],[[-123.87049115780907,39.405498253186934],[-123.8677962119567,39.405498253186934],[-123.8677962119567,39.40819319903929],[-123.87049115780907,39.40819319903929],[-123.87049115780907,39.405498253186934]],[[-123.86510126610435,39.43783760341523],[-123.86240632025199,39.43783760341523],[-123.86240632025199,39.440532549267594],[-123.86510126610435,39.440532549267594],[-123.86510126610435,39.43783760341523]],[[-123.86510126610435,39.44322749511995],[-123.86240632025199,39.44322749511995],[-123.86240632025199,39.44592244097231],[-123.86510126610435,39.44592244097231],[-123.86510126610435,39.44322749511995]],[[-123.85701642854727,38.853034353453424],[-123.85432148269491,38.853034353453424],[-123.85432148269491,38.855729299305786],[-123.85701642854727,38.855729299305786],[-123.85701642854727,38.853034353453424]],[[-123.85701642854727,39.44322749511995],[-123.85432148269491,39.44322749511995],[-123.85432148269491,39.44592244097231],[-123.85701642854727,39.44592244097231],[-123.85701642854727,39.44322749511995]],[[-123.85432148269491,39.41627803659637],[-123.85162653684256,39.41627803659637],[-123.85162653684256,39.41897298244872],[-123.85432148269491,39.41897298244872],[-123.85432148269491,39.41627803659637]],[[-123.85432148269491,39.45400727852939],[-123.85162653684256,39.45400727852939],[-123.85162653684256,39.45670222438174],[-123.85432148269491,39.45670222438174],[-123.85432148269491,39.45400727852939]],[[-123.85162653684256,39.316565040059096],[-123.84354169928548,39.316565040059096],[-123.84354169928548,39.31117514835438],[-123.84084675343313,39.31117514835438],[-123.84084675343313,39.316565040059096],[-123.83815180758076,39.316565040059096],[-123.83815180758076,39.31925998591146],[-123.85162653684256,39.31925998591146],[-123.85162653684256,39.316565040059096]],[[-123.84893159099019,38.81530511152041],[-123.84623664513784,38.81530511152041],[-123.84623664513784,38.818000057372764],[-123.84893159099019,38.818000057372764],[-123.84893159099019,38.81530511152041]],[[-123.84893159099019,39.42166792830108],[-123.84354169928548,39.42166792830108],[-123.84354169928548,39.424362874153445],[-123.84623664513784,39.424362874153445],[-123.84623664513784,39.4270578200058],[-123.84893159099019,39.4270578200058],[-123.84893159099019,39.42166792830108]],[[-123.84623664513784,39.40819319903929],[-123.84354169928548,39.40819319903929],[-123.84354169928548,39.41088814489165],[-123.84084675343313,39.41088814489165],[-123.84084675343313,39.413583090744005],[-123.84354169928548,39.413583090744005],[-123.84354169928548,39.41627803659637],[-123.84623664513784,39.41627803659637],[-123.84623664513784,39.40819319903929]],[[-123.84084675343313,39.397413415629856],[-123.83815180758076,39.397413415629856],[-123.83815180758076,39.40010836148222],[-123.84084675343313,39.40010836148222],[-123.84084675343313,39.397413415629856]],[[-123.83276191587605,39.29500547324023],[-123.83006697002368,39.29500547324023],[-123.83006697002368,39.29770041909259],[-123.83276191587605,39.29770041909259],[-123.83276191587605,39.29500547324023]],[[-123.83276191587605,39.424362874153445],[-123.83006697002368,39.424362874153445],[-123.83006697002368,39.4270578200058],[-123.83276191587605,39.4270578200058],[-123.83276191587605,39.424362874153445]],[[-123.82737202417132,39.30309031079731],[-123.82467707831897,39.30309031079731],[-123.82467707831897,39.30578525664966],[-123.82737202417132,39.30578525664966],[-123.82737202417132,39.30309031079731]],[[-123.82737202417132,39.31387009420674],[-123.82467707831897,39.31387009420674],[-123.82467707831897,39.316565040059096],[-123.82737202417132,39.316565040059096],[-123.82737202417132,39.31387009420674]],[[-123.82737202417132,39.35159933613976],[-123.82467707831897,39.35159933613976],[-123.82467707831897,39.35429428199212],[-123.82737202417132,39.35429428199212],[-123.82737202417132,39.35159933613976]],[[-123.82737202417132,39.405498253186934],[-123.82467707831897,39.405498253186934],[-123.82467707831897,39.41088814489165],[-123.82737202417132,39.41088814489165],[-123.82737202417132,39.405498253186934]],[[-123.82467707831897,39.37046395710627],[-123.82198213246662,39.37046395710627],[-123.82198213246662,39.37315890295863],[-123.82467707831897,39.37315890295863],[-123.82467707831897,39.37046395710627]],[[-123.82467707831897,39.378548794663345],[-123.82198213246662,39.378548794663345],[-123.82198213246662,39.38124374051571],[-123.82467707831897,39.38124374051571],[-123.82467707831897,39.378548794663345]],[[-123.81928718661425,39.29770041909259],[-123.81389729490954,39.29770041909259],[-123.81389729490954,39.30039536494495],[-123.81928718661425,39.30039536494495],[-123.81928718661425,39.29770041909259]],[[-123.81659224076189,38.8611191910105],[-123.81389729490954,38.8611191910105],[-123.81389729490954,38.863814136862864],[-123.81659224076189,38.863814136862864],[-123.81659224076189,38.8611191910105]],[[-123.81659224076189,39.29231052738787],[-123.81389729490954,39.29231052738787],[-123.81389729490954,39.29500547324023],[-123.81659224076189,39.29500547324023],[-123.81659224076189,39.29231052738787]],[[-123.81659224076189,39.45131233267703],[-123.81389729490954,39.45131233267703],[-123.81389729490954,39.45400727852939],[-123.81659224076189,39.45400727852939],[-123.81659224076189,39.45131233267703]],[[-123.81389729490954,39.14408850550815],[-123.81120234905718,39.14408850550815],[-123.81120234905718,39.14678345136051],[-123.81389729490954,39.14678345136051],[-123.81389729490954,39.14408850550815]],[[-123.81120234905718,39.154868288917584],[-123.80850740320481,39.154868288917584],[-123.80850740320481,39.157563234769945],[-123.81120234905718,39.157563234769945],[-123.81120234905718,39.154868288917584]],[[-123.81120234905718,39.289615581535514],[-123.80850740320481,39.289615581535514],[-123.80850740320481,39.29231052738787],[-123.81120234905718,39.29231052738787],[-123.81120234905718,39.289615581535514]],[[-123.80850740320481,39.30039536494495],[-123.80581245735246,39.30039536494495],[-123.80581245735246,39.30309031079731],[-123.80850740320481,39.30309031079731],[-123.80850740320481,39.30039536494495]],[[-123.80850740320481,39.324649877616174],[-123.80581245735246,39.324649877616174],[-123.80581245735246,39.327344823468536],[-123.80850740320481,39.327344823468536],[-123.80850740320481,39.324649877616174]],[[-123.80581245735246,39.14678345136051],[-123.8031175115001,39.14678345136051],[-123.8031175115001,39.14947839721287],[-123.80581245735246,39.14947839721287],[-123.80581245735246,39.14678345136051]],[[-123.80581245735246,39.26536106886429],[-123.8031175115001,39.26536106886429],[-123.8031175115001,39.26805601471664],[-123.80581245735246,39.26805601471664],[-123.80581245735246,39.26536106886429]],[[-123.80042256564774,39.14947839721287],[-123.79772761979538,39.14947839721287],[-123.79772761979538,39.14139355965579],[-123.79233772809067,39.14139355965579],[-123.79233772809067,39.138698613803435],[-123.7896427822383,39.138698613803435],[-123.7896427822383,39.14408850550815],[-123.79503267394303,39.14408850550815],[-123.79503267394303,39.14678345136051],[-123.79233772809067,39.14678345136051],[-123.79233772809067,39.1602581806223],[-123.79503267394303,39.1602581806223],[-123.79503267394303,39.154868288917584],[-123.79772761979538,39.154868288917584],[-123.79772761979538,39.15217334306523],[-123.80042256564774,39.15217334306523],[-123.80042256564774,39.14947839721287]],[[-123.80042256564774,39.25188633960249],[-123.79772761979538,39.25188633960249],[-123.79772761979538,39.254581285454854],[-123.80042256564774,39.254581285454854],[-123.80042256564774,39.25188633960249]],[[-123.79772761979538,39.16295312647466],[-123.79233772809067,39.16295312647466],[-123.79233772809067,39.165648072327016],[-123.79772761979538,39.165648072327016],[-123.79772761979538,39.16295312647466]],[[-123.79503267394303,38.95005240413833],[-123.79233772809067,38.95005240413833],[-123.79233772809067,38.952747349990695],[-123.79503267394303,38.952747349990695],[-123.79503267394303,38.95005240413833]],[[-123.79503267394303,39.17103796403174],[-123.79233772809067,39.17103796403174],[-123.79233772809067,39.173732909884095],[-123.79503267394303,39.173732909884095],[-123.79503267394303,39.17103796403174]],[[-123.79233772809067,39.26536106886429],[-123.7896427822383,39.26536106886429],[-123.7896427822383,39.26805601471664],[-123.79233772809067,39.26805601471664],[-123.79233772809067,39.26536106886429]],[[-123.7896427822383,38.960832187547766],[-123.78694783638595,38.960832187547766],[-123.78694783638595,38.96352713340013],[-123.7896427822383,38.96352713340013],[-123.7896427822383,38.960832187547766]],[[-123.7896427822383,39.254581285454854],[-123.78694783638595,39.254581285454854],[-123.78694783638595,39.25727623130721],[-123.7896427822383,39.25727623130721],[-123.7896427822383,39.254581285454854]],[[-123.78694783638595,38.94196756658126],[-123.7842528905336,38.94196756658126],[-123.7842528905336,38.94466251243362],[-123.78694783638595,38.94466251243362],[-123.78694783638595,38.94196756658126]],[[-123.7842528905336,38.933882729024184],[-123.78155794468123,38.933882729024184],[-123.78155794468123,38.93657767487654],[-123.7842528905336,38.93657767487654],[-123.7842528905336,38.933882729024184]],[[-123.78155794468123,39.21685204352183],[-123.77886299882887,39.21685204352183],[-123.77886299882887,39.219546989374194],[-123.78155794468123,39.219546989374194],[-123.78155794468123,39.21685204352183]],[[-123.78155794468123,39.23571666448834],[-123.77886299882887,39.23571666448834],[-123.77886299882887,39.2384116103407],[-123.78155794468123,39.2384116103407],[-123.78155794468123,39.23571666448834]],[[-123.77886299882887,39.20068236840768],[-123.77616805297652,39.20068236840768],[-123.77616805297652,39.20337731426004],[-123.77886299882887,39.20337731426004],[-123.77886299882887,39.20068236840768]],[[-123.77886299882887,39.22493688107891],[-123.77616805297652,39.22493688107891],[-123.77616805297652,39.227631826931265],[-123.77886299882887,39.227631826931265],[-123.77886299882887,39.22493688107891]],[[-123.77347310712416,38.933882729024184],[-123.76808321541944,38.933882729024184],[-123.76808321541944,38.93657767487654],[-123.77347310712416,38.93657767487654],[-123.77347310712416,38.933882729024184]],[[-123.77347310712416,39.07940980505155],[-123.77077816127179,39.07940980505155],[-123.77077816127179,39.0821047509039],[-123.77347310712416,39.0821047509039],[-123.77347310712416,39.07940980505155]],[[-123.77347310712416,39.08749464260862],[-123.77077816127179,39.08749464260862],[-123.77077816127179,39.09018958846098],[-123.77347310712416,39.09018958846098],[-123.77347310712416,39.08749464260862]],[[-123.77347310712416,39.1602581806223],[-123.77077816127179,39.1602581806223],[-123.77077816127179,39.157563234769945],[-123.76808321541944,39.157563234769945],[-123.76808321541944,39.154868288917584],[-123.76538826956708,39.154868288917584],[-123.76538826956708,39.16295312647466],[-123.77347310712416,39.16295312647466],[-123.77347310712416,39.1602581806223]],[[-123.77347310712416,39.19798742255532],[-123.77077816127179,39.19798742255532],[-123.77077816127179,39.20068236840768],[-123.77347310712416,39.20068236840768],[-123.77347310712416,39.19798742255532]],[[-123.77347310712416,39.21685204352183],[-123.77077816127179,39.21685204352183],[-123.77077816127179,39.219546989374194],[-123.77347310712416,39.219546989374194],[-123.77347310712416,39.21685204352183]],[[-123.76808321541944,38.6077942808888],[-123.76538826956708,38.6077942808888],[-123.76538826956708,38.61048922674116],[-123.76808321541944,38.61048922674116],[-123.76808321541944,38.6077942808888]],[[-123.76808321541944,39.09018958846098],[-123.76538826956708,39.09018958846098],[-123.76538826956708,39.09288453431334],[-123.76808321541944,39.09288453431334],[-123.76808321541944,39.09018958846098]],[[-123.76538826956708,39.07132496749447],[-123.76269332371473,39.07132496749447],[-123.76269332371473,39.07401991334683],[-123.76538826956708,39.07401991334683],[-123.76538826956708,39.07132496749447]],[[-123.75999837786236,38.59970944333172],[-123.75460848615765,38.59970944333172],[-123.75460848615765,38.60240438918408],[-123.75999837786236,38.60240438918408],[-123.75999837786236,38.59970944333172]],[[-123.75999837786236,38.61048922674116],[-123.75730343201,38.61048922674116],[-123.75730343201,38.61318417259351],[-123.75999837786236,38.61318417259351],[-123.75999837786236,38.61048922674116]],[[-123.75999837786236,39.17912280158881],[-123.75730343201,39.17912280158881],[-123.75730343201,39.18181774744117],[-123.75999837786236,39.18181774744117],[-123.75999837786236,39.17912280158881]],[[-123.75730343201,39.038985617266164],[-123.75460848615765,39.038985617266164],[-123.75460848615765,39.041680563118526],[-123.75730343201,39.041680563118526],[-123.75730343201,39.038985617266164]],[[-123.75730343201,39.049765400675604],[-123.75460848615765,39.049765400675604],[-123.75460848615765,39.05246034652796],[-123.75191354030528,39.05246034652796],[-123.75191354030528,39.05515529238032],[-123.75730343201,39.05515529238032],[-123.75730343201,39.049765400675604]],[[-123.75460848615765,38.615879118445875],[-123.75191354030528,38.615879118445875],[-123.75191354030528,38.61857406429823],[-123.75460848615765,38.61857406429823],[-123.75460848615765,38.615879118445875]],[[-123.75460848615765,38.91501810805767],[-123.75191354030528,38.91501810805767],[-123.75191354030528,38.917713053910035],[-123.75460848615765,38.917713053910035],[-123.75460848615765,38.91501810805767]],[[-123.75460848615765,38.925797891467106],[-123.75191354030528,38.925797891467106],[-123.75191354030528,38.92849283731947],[-123.75460848615765,38.92849283731947],[-123.75460848615765,38.925797891467106]],[[-123.75460848615765,39.02820583385673],[-123.75191354030528,39.02820583385673],[-123.75191354030528,39.03359572556145],[-123.75460848615765,39.03359572556145],[-123.75460848615765,39.02820583385673]],[[-123.74652364860057,39.076714859199186],[-123.74113375689585,39.076714859199186],[-123.74113375689585,39.07940980505155],[-123.74382870274822,39.07940980505155],[-123.74382870274822,39.0821047509039],[-123.74652364860057,39.0821047509039],[-123.74652364860057,39.076714859199186]],[[-123.74652364860057,39.157563234769945],[-123.74382870274822,39.157563234769945],[-123.74382870274822,39.1602581806223],[-123.74652364860057,39.1602581806223],[-123.74652364860057,39.157563234769945]],[[-123.74382870274822,38.597014497479364],[-123.74113375689585,38.597014497479364],[-123.74113375689585,38.59970944333172],[-123.74382870274822,38.59970944333172],[-123.74382870274822,38.597014497479364]],[[-123.74382870274822,38.90423832464824],[-123.74113375689585,38.90423832464824],[-123.74113375689585,38.906933270500595],[-123.74382870274822,38.906933270500595],[-123.74382870274822,38.90423832464824]],[[-123.74113375689585,39.084799696756264],[-123.7384388110435,39.084799696756264],[-123.7384388110435,39.08749464260862],[-123.74113375689585,39.08749464260862],[-123.74113375689585,39.084799696756264]],[[-123.74113375689585,39.14408850550815],[-123.7384388110435,39.14408850550815],[-123.7384388110435,39.14678345136051],[-123.74113375689585,39.14678345136051],[-123.74113375689585,39.14408850550815]],[[-123.74113375689585,39.14947839721287],[-123.7384388110435,39.14947839721287],[-123.7384388110435,39.15217334306523],[-123.74113375689585,39.15217334306523],[-123.74113375689585,39.14947839721287]],[[-123.7384388110435,38.597014497479364],[-123.73574386519114,38.597014497479364],[-123.73574386519114,38.59970944333172],[-123.7384388110435,38.59970944333172],[-123.7384388110435,38.597014497479364]],[[-123.7384388110435,39.138698613803435],[-123.73574386519114,39.138698613803435],[-123.73574386519114,39.14139355965579],[-123.7384388110435,39.14139355965579],[-123.7384388110435,39.138698613803435]],[[-123.7384388110435,39.157563234769945],[-123.73574386519114,39.157563234769945],[-123.73574386519114,39.1602581806223],[-123.7384388110435,39.1602581806223],[-123.7384388110435,39.157563234769945]],[[-123.73574386519114,39.02012099629966],[-123.73304891933877,39.02012099629966],[-123.73304891933877,39.022815942152015],[-123.73574386519114,39.022815942152015],[-123.73574386519114,39.02012099629966]],[[-123.73304891933877,38.93657767487654],[-123.73035397348642,38.93657767487654],[-123.73035397348642,38.9392726207289],[-123.73304891933877,38.9392726207289],[-123.73304891933877,38.93657767487654]],[[-123.73304891933877,39.057850238232675],[-123.73035397348642,39.057850238232675],[-123.73035397348642,39.060545184085036],[-123.73304891933877,39.060545184085036],[-123.73304891933877,39.057850238232675]],[[-123.73304891933877,39.08749464260862],[-123.73035397348642,39.08749464260862],[-123.73035397348642,39.0821047509039],[-123.72765902763406,39.0821047509039],[-123.72765902763406,39.09018958846098],[-123.73304891933877,39.09018958846098],[-123.73304891933877,39.08749464260862]],[[-123.7249640817817,38.72906684424493],[-123.72226913592934,38.72906684424493],[-123.72226913592934,38.73176179009729],[-123.7249640817817,38.73176179009729],[-123.7249640817817,38.72906684424493]],[[-123.7249640817817,39.03629067141381],[-123.72226913592934,39.03629067141381],[-123.72226913592934,39.038985617266164],[-123.7249640817817,39.038985617266164],[-123.7249640817817,39.03629067141381]],[[-123.72226913592934,39.11713904698457],[-123.71687924422463,39.11713904698457],[-123.71687924422463,39.119833992836924],[-123.72226913592934,39.119833992836924],[-123.72226913592934,39.11713904698457]],[[-123.71957419007698,39.025510888004376],[-123.7114893525199,39.025510888004376],[-123.7114893525199,39.02820583385673],[-123.71687924422463,39.02820583385673],[-123.71687924422463,39.03090077970909],[-123.71957419007698,39.03090077970909],[-123.71957419007698,39.025510888004376]],[[-123.71687924422463,38.97700186266192],[-123.71418429837227,38.97700186266192],[-123.71418429837227,38.97969680851428],[-123.71687924422463,38.97969680851428],[-123.71687924422463,38.97700186266192]],[[-123.71418429837227,39.003951321185504],[-123.7114893525199,39.003951321185504],[-123.7114893525199,39.006646267037866],[-123.71418429837227,39.006646267037866],[-123.71418429837227,39.003951321185504]],[[-123.7114893525199,39.0821047509039],[-123.70879440666755,39.0821047509039],[-123.70879440666755,39.084799696756264],[-123.7114893525199,39.084799696756264],[-123.7114893525199,39.0821047509039]],[[-123.70879440666755,39.02820583385673],[-123.7060994608152,39.02820583385673],[-123.7060994608152,39.03090077970909],[-123.70879440666755,39.03090077970909],[-123.70879440666755,39.02820583385673]],[[-123.7060994608152,39.0821047509039],[-123.70340451496283,39.0821047509039],[-123.70340451496283,39.084799696756264],[-123.7060994608152,39.084799696756264],[-123.7060994608152,39.0821047509039]],[[-123.70340451496283,38.898848432943524],[-123.70070956911047,38.898848432943524],[-123.70070956911047,38.90154337879588],[-123.70340451496283,38.90154337879588],[-123.70340451496283,38.898848432943524]],[[-123.70340451496283,39.068630021642115],[-123.70070956911047,39.068630021642115],[-123.70070956911047,39.07132496749447],[-123.70340451496283,39.07132496749447],[-123.70340451496283,39.068630021642115]],[[-123.70070956911047,38.87728886612465],[-123.69801462325812,38.87728886612465],[-123.69801462325812,38.87998381197701],[-123.70070956911047,38.87998381197701],[-123.70070956911047,38.87728886612465]],[[-123.69801462325812,38.720982006687855],[-123.69531967740576,38.720982006687855],[-123.69531967740576,38.7182870608355],[-123.6926247315534,38.7182870608355],[-123.6926247315534,38.72367695254022],[-123.69801462325812,38.72367695254022],[-123.69801462325812,38.720982006687855]],[[-123.69801462325812,38.871898974419935],[-123.69531967740576,38.871898974419935],[-123.69531967740576,38.8745939202723],[-123.69801462325812,38.8745939202723],[-123.69801462325812,38.871898974419935]],[[-123.69801462325812,39.05246034652796],[-123.69531967740576,39.05246034652796],[-123.69531967740576,39.05515529238032],[-123.69801462325812,39.05515529238032],[-123.69801462325812,39.05246034652796]],[[-123.67645505643925,38.623963956002946],[-123.67376011058688,38.623963956002946],[-123.67376011058688,38.62665890185531],[-123.67645505643925,38.62665890185531],[-123.67645505643925,38.623963956002946]],[[-123.67645505643925,38.64282857696946],[-123.67376011058688,38.64282857696946],[-123.67376011058688,38.64821846867417],[-123.67645505643925,38.64821846867417],[-123.67645505643925,38.64282857696946]],[[-123.67645505643925,38.84494951589635],[-123.67376011058688,38.84494951589635],[-123.67376011058688,38.84764446174871],[-123.67645505643925,38.84764446174871],[-123.67645505643925,38.84494951589635]],[[-123.67645505643925,38.85033940760107],[-123.67376011058688,38.85033940760107],[-123.67376011058688,38.853034353453424],[-123.67645505643925,38.853034353453424],[-123.67645505643925,38.85033940760107]],[[-123.65220054376802,38.615879118445875],[-123.64950559791566,38.615879118445875],[-123.64950559791566,38.61857406429823],[-123.65220054376802,38.61857406429823],[-123.65220054376802,38.615879118445875]],[[-123.65220054376802,38.81530511152041],[-123.64950559791566,38.81530511152041],[-123.64950559791566,38.818000057372764],[-123.65220054376802,38.818000057372764],[-123.65220054376802,38.81530511152041]],[[-123.65220054376802,38.84764446174871],[-123.64950559791566,38.84764446174871],[-123.64950559791566,38.85033940760107],[-123.65220054376802,38.85033940760107],[-123.65220054376802,38.84764446174871]],[[-123.64681065206331,38.84225457004399],[-123.64411570621094,38.84225457004399],[-123.64411570621094,38.84494951589635],[-123.64681065206331,38.84494951589635],[-123.64681065206331,38.84225457004399]],[[-123.64142076035859,38.62126901015059],[-123.63872581450623,38.62126901015059],[-123.63872581450623,38.623963956002946],[-123.64142076035859,38.623963956002946],[-123.64142076035859,38.62126901015059]],[[-123.64142076035859,38.81261016566805],[-123.63872581450623,38.81261016566805],[-123.63872581450623,38.81530511152041],[-123.64142076035859,38.81530511152041],[-123.64142076035859,38.81261016566805]],[[-123.6333359228015,38.65360836037889],[-123.63064097694915,38.65360836037889],[-123.63064097694915,38.65630330623125],[-123.6333359228015,38.65630330623125],[-123.6333359228015,38.65360836037889]],[[-123.63064097694915,38.634743739412386],[-123.6279460310968,38.634743739412386],[-123.6279460310968,38.63743868526474],[-123.63064097694915,38.63743868526474],[-123.63064097694915,38.634743739412386]],[[-123.6279460310968,38.58353976821757],[-123.62525108524443,38.58353976821757],[-123.62525108524443,38.58623471406993],[-123.6279460310968,38.58623471406993],[-123.6279460310968,38.58353976821757]],[[-123.6279460310968,38.667083089640684],[-123.62255613939207,38.667083089640684],[-123.62255613939207,38.669778035493046],[-123.6279460310968,38.669778035493046],[-123.6279460310968,38.667083089640684]],[[-123.6279460310968,38.83147478663456],[-123.62525108524443,38.83147478663456],[-123.62525108524443,38.83416973248691],[-123.6279460310968,38.83416973248691],[-123.6279460310968,38.83147478663456]],[[-123.62255613939207,38.61857406429823],[-123.614471301835,38.61857406429823],[-123.614471301835,38.62126901015059],[-123.62255613939207,38.62126901015059],[-123.62255613939207,38.61857406429823]],[[-123.61986119353972,38.64282857696946],[-123.61716624768736,38.64282857696946],[-123.61716624768736,38.64552352282182],[-123.61986119353972,38.64552352282182],[-123.61986119353972,38.64282857696946]],[[-123.61986119353972,38.667083089640684],[-123.61716624768736,38.667083089640684],[-123.61716624768736,38.669778035493046],[-123.61986119353972,38.669778035493046],[-123.61986119353972,38.667083089640684]],[[-123.61716624768736,38.57814987651285],[-123.614471301835,38.57814987651285],[-123.614471301835,38.58084482236521],[-123.61716624768736,38.58084482236521],[-123.61716624768736,38.57814987651285]],[[-123.61716624768736,38.63743868526474],[-123.614471301835,38.63743868526474],[-123.614471301835,38.6401336311171],[-123.61716624768736,38.6401336311171],[-123.61716624768736,38.63743868526474]],[[-123.61177635598264,38.623963956002946],[-123.60908141013029,38.623963956002946],[-123.60908141013029,38.62665890185531],[-123.61177635598264,38.62665890185531],[-123.61177635598264,38.623963956002946]],[[-123.61177635598264,38.634743739412386],[-123.60908141013029,38.634743739412386],[-123.60908141013029,38.63743868526474],[-123.61177635598264,38.63743868526474],[-123.61177635598264,38.634743739412386]],[[-123.61177635598264,38.65630330623125],[-123.60908141013029,38.65630330623125],[-123.60908141013029,38.658998252083606],[-123.61177635598264,38.658998252083606],[-123.61177635598264,38.65630330623125]],[[-123.61177635598264,38.669778035493046],[-123.60908141013029,38.669778035493046],[-123.60908141013029,38.6724729813454],[-123.61177635598264,38.6724729813454],[-123.61177635598264,38.669778035493046]],[[-123.61177635598264,38.82338994907748],[-123.60908141013029,38.82338994907748],[-123.60908141013029,38.82608489492984],[-123.61177635598264,38.82608489492984],[-123.61177635598264,38.82338994907748]],[[-123.60638646427792,38.6077942808888],[-123.60369151842556,38.6077942808888],[-123.60369151842556,38.61318417259351],[-123.60638646427792,38.61318417259351],[-123.60638646427792,38.6077942808888]],[[-123.60638646427792,38.615879118445875],[-123.60369151842556,38.615879118445875],[-123.60369151842556,38.61857406429823],[-123.60638646427792,38.61857406429823],[-123.60638646427792,38.615879118445875]],[[-123.60638646427792,38.62126901015059],[-123.60369151842556,38.62126901015059],[-123.60369151842556,38.623963956002946],[-123.60638646427792,38.623963956002946],[-123.60638646427792,38.62126901015059]],[[-123.60099657257321,38.55928525554634],[-123.59830162672085,38.55928525554634],[-123.59830162672085,38.561980201398704],[-123.60099657257321,38.561980201398704],[-123.60099657257321,38.55928525554634]],[[-123.60099657257321,38.570065038955775],[-123.59830162672085,38.570065038955775],[-123.59830162672085,38.57275998480814],[-123.60099657257321,38.57275998480814],[-123.60099657257321,38.570065038955775]],[[-123.60099657257321,38.61857406429823],[-123.59830162672085,38.61857406429823],[-123.59830162672085,38.62126901015059],[-123.60099657257321,38.62126901015059],[-123.60099657257321,38.61857406429823]],[[-123.60099657257321,38.64552352282182],[-123.59830162672085,38.64552352282182],[-123.59830162672085,38.64821846867417],[-123.60099657257321,38.64821846867417],[-123.60099657257321,38.64552352282182]],[[-123.59830162672085,38.623963956002946],[-123.59560668086849,38.623963956002946],[-123.59560668086849,38.62665890185531],[-123.59830162672085,38.62665890185531],[-123.59830162672085,38.623963956002946]],[[-123.59560668086849,38.79105059884918],[-123.59291173501613,38.79105059884918],[-123.59291173501613,38.79374554470154],[-123.59560668086849,38.79374554470154],[-123.59560668086849,38.79105059884918]],[[-123.59291173501613,38.58084482236521],[-123.59021678916378,38.58084482236521],[-123.59021678916378,38.58353976821757],[-123.59291173501613,38.58353976821757],[-123.59291173501613,38.58084482236521]],[[-123.5821319516067,38.67786287305012],[-123.57943700575434,38.67786287305012],[-123.57943700575434,38.68055781890248],[-123.5821319516067,38.68055781890248],[-123.5821319516067,38.67786287305012]],[[-123.56865722234491,38.67786287305012],[-123.56596227649254,38.67786287305012],[-123.56596227649254,38.68055781890248],[-123.56865722234491,38.68055781890248],[-123.56865722234491,38.67786287305012]],[[-123.55248754723075,38.7182870608355],[-123.5497926013784,38.7182870608355],[-123.5497926013784,38.720982006687855],[-123.55248754723075,38.720982006687855],[-123.55248754723075,38.7182870608355]],[[-123.5497926013784,38.77757586958739],[-123.54709765552603,38.77757586958739],[-123.54709765552603,38.78027081543974],[-123.5497926013784,38.78027081543974],[-123.5497926013784,38.77757586958739]],[[-123.54709765552603,38.667083089640684],[-123.54440270967368,38.667083089640684],[-123.54440270967368,38.669778035493046],[-123.54709765552603,38.669778035493046],[-123.54709765552603,38.667083089640684]],[[-123.54440270967368,38.64552352282182],[-123.54170776382132,38.64552352282182],[-123.54170776382132,38.64821846867417],[-123.54440270967368,38.64821846867417],[-123.54440270967368,38.64552352282182]],[[-123.53901281796897,38.64552352282182],[-123.53362292626424,38.64552352282182],[-123.53362292626424,38.64821846867417],[-123.5363178721166,38.64821846867417],[-123.5363178721166,38.650913414526535],[-123.53901281796897,38.650913414526535],[-123.53901281796897,38.64552352282182]],[[-123.5363178721166,38.65630330623125],[-123.53362292626424,38.65630330623125],[-123.53362292626424,38.66169319793597],[-123.5363178721166,38.66169319793597],[-123.5363178721166,38.65630330623125]],[[-123.52823303455952,38.66169319793597],[-123.52553808870717,38.66169319793597],[-123.52553808870717,38.66438814378833],[-123.52823303455952,38.66438814378833],[-123.52823303455952,38.66169319793597]],[[-123.52823303455952,38.68055781890248],[-123.52553808870717,38.68055781890248],[-123.52553808870717,38.68325276475483],[-123.52823303455952,38.68325276475483],[-123.52823303455952,38.68055781890248]],[[-123.52284314285481,38.71559211498314],[-123.52014819700246,38.71559211498314],[-123.52014819700246,38.7182870608355],[-123.52284314285481,38.7182870608355],[-123.52284314285481,38.71559211498314]],[[-123.52014819700246,38.615879118445875],[-123.51745325115009,38.615879118445875],[-123.51745325115009,38.61857406429823],[-123.52014819700246,38.61857406429823],[-123.52014819700246,38.615879118445875]],[[-123.52014819700246,38.62935384770766],[-123.51745325115009,38.62935384770766],[-123.51745325115009,38.632048793560024],[-123.52014819700246,38.632048793560024],[-123.52014819700246,38.62935384770766]],[[-123.52014819700246,38.69133760231191],[-123.51745325115009,38.69133760231191],[-123.51745325115009,38.69403254816427],[-123.52014819700246,38.69403254816427],[-123.52014819700246,38.69133760231191]],[[-123.51745325115009,38.669778035493046],[-123.51475830529773,38.669778035493046],[-123.51475830529773,38.6724729813454],[-123.51745325115009,38.6724729813454],[-123.51745325115009,38.669778035493046]],[[-123.51745325115009,38.704812331573706],[-123.51475830529773,38.704812331573706],[-123.51475830529773,38.70750727742606],[-123.51745325115009,38.70750727742606],[-123.51745325115009,38.704812331573706]],[[-123.50936841359302,38.71020222327842],[-123.50667346774065,38.71020222327842],[-123.50667346774065,38.712897169130784],[-123.50936841359302,38.712897169130784],[-123.50936841359302,38.71020222327842]],[[-123.50667346774065,38.64821846867417],[-123.5039785218883,38.64821846867417],[-123.5039785218883,38.650913414526535],[-123.50667346774065,38.650913414526535],[-123.50667346774065,38.64821846867417]],[[-123.5039785218883,38.71559211498314],[-123.50128357603595,38.71559211498314],[-123.50128357603595,38.7182870608355],[-123.5039785218883,38.7182870608355],[-123.5039785218883,38.71559211498314]],[[-123.50128357603595,38.59970944333172],[-123.49589368433122,38.59970944333172],[-123.49589368433122,38.60240438918408],[-123.50128357603595,38.60240438918408],[-123.50128357603595,38.59970944333172]],[[-123.50128357603595,38.72637189839257],[-123.49589368433122,38.72637189839257],[-123.49589368433122,38.72906684424493],[-123.50128357603595,38.72906684424493],[-123.50128357603595,38.72637189839257]],[[-123.49858863018358,38.605099335036435],[-123.49589368433122,38.605099335036435],[-123.49589368433122,38.6077942808888],[-123.49858863018358,38.6077942808888],[-123.49858863018358,38.605099335036435]],[[-123.49319873847887,38.65360836037889],[-123.49050379262651,38.65360836037889],[-123.49050379262651,38.65630330623125],[-123.49319873847887,38.65630330623125],[-123.49319873847887,38.65360836037889]],[[-123.48780884677414,38.62126901015059],[-123.48511390092179,38.62126901015059],[-123.48511390092179,38.623963956002946],[-123.48780884677414,38.623963956002946],[-123.48780884677414,38.62126901015059]],[[-123.48511390092179,38.64821846867417],[-123.48241895506943,38.64821846867417],[-123.48241895506943,38.650913414526535],[-123.48511390092179,38.650913414526535],[-123.48511390092179,38.64821846867417]],[[-123.48241895506943,38.63743868526474],[-123.47972400921707,38.63743868526474],[-123.47972400921707,38.6401336311171],[-123.48241895506943,38.6401336311171],[-123.48241895506943,38.63743868526474]],[[-123.47702906336471,38.615879118445875],[-123.47433411751236,38.615879118445875],[-123.47433411751236,38.61857406429823],[-123.47702906336471,38.61857406429823],[-123.47702906336471,38.615879118445875]],[[-123.47702906336471,38.66438814378833],[-123.47433411751236,38.66438814378833],[-123.47433411751236,38.667083089640684],[-123.47702906336471,38.667083089640684],[-123.47702906336471,38.66438814378833]],[[-123.47433411751236,38.61048922674116],[-123.47163917166,38.61048922674116],[-123.47163917166,38.61318417259351],[-123.47433411751236,38.61318417259351],[-123.47433411751236,38.61048922674116]],[[-123.47433411751236,38.63743868526474],[-123.47163917166,38.63743868526474],[-123.47163917166,38.6401336311171],[-123.47433411751236,38.6401336311171],[-123.47433411751236,38.63743868526474]],[[-123.47433411751236,38.7182870608355],[-123.46894422580763,38.7182870608355],[-123.46894422580763,38.720982006687855],[-123.47433411751236,38.720982006687855],[-123.47433411751236,38.7182870608355]],[[-123.4581644423982,38.516166121908604],[-123.45546949654585,38.516166121908604],[-123.45546949654585,38.518861067760966],[-123.4581644423982,38.518861067760966],[-123.4581644423982,38.516166121908604]],[[-123.44199476728406,38.650913414526535],[-123.43929982143169,38.650913414526535],[-123.43929982143169,38.65360836037889],[-123.44199476728406,38.65360836037889],[-123.44199476728406,38.650913414526535]],[[-123.43929982143169,38.65630330623125],[-123.43390992972698,38.65630330623125],[-123.43390992972698,38.658998252083606],[-123.43929982143169,38.658998252083606],[-123.43929982143169,38.65630330623125]],[[-123.43929982143169,38.68864265645956],[-123.43660487557933,38.68864265645956],[-123.43660487557933,38.69133760231191],[-123.43929982143169,38.69133760231191],[-123.43929982143169,38.68864265645956]],[[-123.42852003802226,38.650913414526535],[-123.4258250921699,38.650913414526535],[-123.4258250921699,38.65360836037889],[-123.42852003802226,38.65360836037889],[-123.42852003802226,38.650913414526535]],[[-123.4258250921699,38.65630330623125],[-123.42313014631755,38.65630330623125],[-123.42313014631755,38.658998252083606],[-123.4258250921699,38.658998252083606],[-123.4258250921699,38.65630330623125]],[[-123.42313014631755,38.51077623020389],[-123.42043520046518,38.51077623020389],[-123.42043520046518,38.51347117605625],[-123.42313014631755,38.51347117605625],[-123.42313014631755,38.51077623020389]],[[-123.42043520046518,38.516166121908604],[-123.41774025461282,38.516166121908604],[-123.41774025461282,38.518861067760966],[-123.42043520046518,38.518861067760966],[-123.42043520046518,38.516166121908604]],[[-123.41774025461282,38.66438814378833],[-123.41504530876047,38.66438814378833],[-123.41504530876047,38.667083089640684],[-123.41774025461282,38.667083089640684],[-123.41774025461282,38.66438814378833]],[[-123.40696047120339,38.51077623020389],[-123.40157057949867,38.51077623020389],[-123.40157057949867,38.51347117605625],[-123.40696047120339,38.51347117605625],[-123.40696047120339,38.51077623020389]],[[-123.40426552535104,38.62935384770766],[-123.40157057949867,38.62935384770766],[-123.40157057949867,38.632048793560024],[-123.40426552535104,38.632048793560024],[-123.40426552535104,38.62935384770766]],[[-123.40157057949867,38.634743739412386],[-123.39887563364631,38.634743739412386],[-123.39887563364631,38.63743868526474],[-123.40157057949867,38.63743868526474],[-123.40157057949867,38.634743739412386]],[[-123.38270595853217,38.605099335036435],[-123.3800110126798,38.605099335036435],[-123.3800110126798,38.6077942808888],[-123.38270595853217,38.6077942808888],[-123.38270595853217,38.605099335036435]],[[-123.36923122927037,38.6077942808888],[-123.36653628341801,38.6077942808888],[-123.36653628341801,38.61048922674116],[-123.36923122927037,38.61048922674116],[-123.36923122927037,38.6077942808888]],[[-123.36653628341801,38.59970944333172],[-123.36384133756566,38.59970944333172],[-123.36384133756566,38.60240438918408],[-123.36653628341801,38.60240438918408],[-123.36653628341801,38.59970944333172]],[[-123.36384133756566,38.59162460577465],[-123.36114639171329,38.59162460577465],[-123.36114639171329,38.594319551627],[-123.36384133756566,38.594319551627],[-123.36384133756566,38.59162460577465]],[[-123.36114639171329,38.51347117605625],[-123.35845144586094,38.51347117605625],[-123.35845144586094,38.516166121908604],[-123.36114639171329,38.516166121908604],[-123.36114639171329,38.51347117605625]],[[-123.36114639171329,38.58353976821757],[-123.35845144586094,38.58353976821757],[-123.35845144586094,38.58623471406993],[-123.36114639171329,38.58623471406993],[-123.36114639171329,38.58353976821757]],[[-123.35845144586094,38.588929659922286],[-123.35575650000858,38.588929659922286],[-123.35575650000858,38.59162460577465],[-123.35845144586094,38.59162460577465],[-123.35845144586094,38.588929659922286]],[[-123.35306155415623,38.51077623020389],[-123.3476716624515,38.51077623020389],[-123.3476716624515,38.51347117605625],[-123.35306155415623,38.51347117605625],[-123.35306155415623,38.51077623020389]],[[-123.34228177074678,38.50269139264681],[-123.33958682489443,38.50269139264681],[-123.33958682489443,38.50538633849917],[-123.34228177074678,38.50538633849917],[-123.34228177074678,38.50269139264681]],[[-123.32880704148499,38.54850547213691],[-123.32611209563264,38.54850547213691],[-123.32611209563264,38.551200417989264],[-123.32880704148499,38.551200417989264],[-123.32880704148499,38.54850547213691]],[[-123.30994242051848,38.553895363841626],[-123.30724747466613,38.553895363841626],[-123.30724747466613,38.55659030969398],[-123.30994242051848,38.55659030969398],[-123.30994242051848,38.553895363841626]],[[-123.2964676912567,38.50538633849917],[-123.29377274540433,38.50538633849917],[-123.29377274540433,38.50808128435153],[-123.2964676912567,38.50808128435153],[-123.2964676912567,38.50538633849917]],[[-123.27760307029018,38.5296408511704],[-123.27221317858546,38.5296408511704],[-123.27221317858546,38.53233579702276],[-123.27760307029018,38.53233579702276],[-123.27760307029018,38.5296408511704]],[[-123.24795866591424,38.51077623020389],[-123.24526372006187,38.51077623020389],[-123.24526372006187,38.51347117605625],[-123.24795866591424,38.51347117605625],[-123.24795866591424,38.51077623020389]],[[-123.23448393665244,38.50269139264681],[-123.23178899080008,38.50269139264681],[-123.23178899080008,38.50538633849917],[-123.23448393665244,38.50538633849917],[-123.23448393665244,38.50269139264681]],[[-123.17789007375292,39.219546989374194],[-123.17519512790055,39.219546989374194],[-123.17519512790055,39.22224193522655],[-123.17789007375292,39.22224193522655],[-123.17789007375292,39.219546989374194]],[[-123.04583772698734,38.72906684424493],[-123.04314278113499,38.72906684424493],[-123.04314278113499,38.73176179009729],[-123.04583772698734,38.73176179009729],[-123.04583772698734,38.72906684424493]],[[-123.03236299772556,38.720982006687855],[-123.02966805187319,38.720982006687855],[-123.02966805187319,38.72367695254022],[-123.03236299772556,38.72367695254022],[-123.03236299772556,38.720982006687855]],[[-123.02697310602083,38.69133760231191],[-123.02427816016848,38.69133760231191],[-123.02427816016848,38.69403254816427],[-123.02697310602083,38.69403254816427],[-123.02697310602083,38.69133760231191]],[[-123.78155794468123,38.95005240413833],[-123.78155794468123,38.952747349990695],[-123.7842528905336,38.952747349990695],[-123.7842528905336,38.95005240413833],[-123.78155794468123,38.95005240413833]],[[-123.44468971313641,38.6724729813454],[-123.44468971313641,38.669778035493046],[-123.44199476728406,38.669778035493046],[-123.44199476728406,38.6724729813454],[-123.44468971313641,38.6724729813454]],[[-123.72765902763406,39.049765400675604],[-123.72765902763406,39.05246034652796],[-123.73035397348642,39.05246034652796],[-123.73035397348642,39.049765400675604],[-123.72765902763406,39.049765400675604]],[[-123.74382870274822,39.130613776246356],[-123.74382870274822,39.127918830394],[-123.74652364860057,39.127918830394],[-123.74652364860057,39.12522388454164],[-123.74382870274822,39.12522388454164],[-123.74382870274822,39.111749155279846],[-123.74113375689585,39.111749155279846],[-123.74113375689585,39.119833992836924],[-123.7384388110435,39.119833992836924],[-123.7384388110435,39.122528938689285],[-123.74113375689585,39.122528938689285],[-123.74113375689585,39.12522388454164],[-123.7384388110435,39.12522388454164],[-123.7384388110435,39.127918830394],[-123.74113375689585,39.127918830394],[-123.74113375689585,39.130613776246356],[-123.74382870274822,39.130613776246356]],[[-123.73035397348642,39.07132496749447],[-123.73035397348642,39.068630021642115],[-123.72765902763406,39.068630021642115],[-123.72765902763406,39.07132496749447],[-123.73035397348642,39.07132496749447]],[[-123.614471301835,38.605099335036435],[-123.614471301835,38.60240438918408],[-123.61177635598264,38.60240438918408],[-123.61177635598264,38.605099335036435],[-123.614471301835,38.605099335036435]],[[-123.75999837786236,39.0821047509039],[-123.75999837786236,39.07940980505155],[-123.75730343201,39.07940980505155],[-123.75730343201,39.0821047509039],[-123.75999837786236,39.0821047509039]],[[-123.59560668086849,38.588929659922286],[-123.59560668086849,38.58623471406993],[-123.59291173501613,38.58623471406993],[-123.59291173501613,38.588929659922286],[-123.59560668086849,38.588929659922286]],[[-123.61177635598264,38.650913414526535],[-123.61177635598264,38.65360836037889],[-123.614471301835,38.65360836037889],[-123.614471301835,38.650913414526535],[-123.61177635598264,38.650913414526535]],[[-123.54440270967368,38.73445673594965],[-123.54440270967368,38.73715168180201],[-123.5497926013784,38.73715168180201],[-123.5497926013784,38.73176179009729],[-123.54709765552603,38.73176179009729],[-123.54709765552603,38.73445673594965],[-123.54440270967368,38.73445673594965]],[[-123.72765902763406,39.049765400675604],[-123.72765902763406,39.04707045482324],[-123.73035397348642,39.04707045482324],[-123.73035397348642,39.04437550897089],[-123.72226913592934,39.04437550897089],[-123.72226913592934,39.04707045482324],[-123.7249640817817,39.04707045482324],[-123.7249640817817,39.049765400675604],[-123.72765902763406,39.049765400675604]],[[-123.59830162672085,38.60240438918408],[-123.59560668086849,38.60240438918408],[-123.59560668086849,38.605099335036435],[-123.59830162672085,38.605099335036435],[-123.59830162672085,38.60240438918408]],[[-123.6333359228015,38.62665890185531],[-123.6333359228015,38.62935384770766],[-123.63603086865388,38.62935384770766],[-123.63603086865388,38.62665890185531],[-123.6333359228015,38.62665890185531]],[[-123.80581245735246,39.1602581806223],[-123.80581245735246,39.16295312647466],[-123.80850740320481,39.16295312647466],[-123.80850740320481,39.1602581806223],[-123.80581245735246,39.1602581806223]],[[-123.60908141013029,38.588929659922286],[-123.60908141013029,38.58623471406993],[-123.60638646427792,38.58623471406993],[-123.60638646427792,38.588929659922286],[-123.60908141013029,38.588929659922286]],[[-123.614471301835,38.605099335036435],[-123.614471301835,38.6077942808888],[-123.61716624768736,38.6077942808888],[-123.61716624768736,38.61048922674116],[-123.61986119353972,38.61048922674116],[-123.61986119353972,38.605099335036435],[-123.62255613939207,38.605099335036435],[-123.62255613939207,38.60240438918408],[-123.61716624768736,38.60240438918408],[-123.61716624768736,38.605099335036435],[-123.614471301835,38.605099335036435]],[[-123.56326733064019,38.78566070714446],[-123.56326733064019,38.782965761292104],[-123.56057238478783,38.782965761292104],[-123.56057238478783,38.78566070714446],[-123.56326733064019,38.78566070714446]],[[-123.62525108524443,38.623963956002946],[-123.6279460310968,38.623963956002946],[-123.6279460310968,38.62126901015059],[-123.62525108524443,38.62126901015059],[-123.62525108524443,38.623963956002946]],[[-123.62255613939207,38.632048793560024],[-123.62255613939207,38.634743739412386],[-123.62525108524443,38.634743739412386],[-123.62525108524443,38.632048793560024],[-123.62255613939207,38.632048793560024]],[[-123.61177635598264,38.650913414526535],[-123.61177635598264,38.64552352282182],[-123.60908141013029,38.64552352282182],[-123.60908141013029,38.64282857696946],[-123.60638646427792,38.64282857696946],[-123.60638646427792,38.64821846867417],[-123.60908141013029,38.64821846867417],[-123.60908141013029,38.650913414526535],[-123.61177635598264,38.650913414526535]],[[-123.77616805297652,39.18720763914589],[-123.76808321541944,39.18720763914589],[-123.76808321541944,39.189902584998244],[-123.77616805297652,39.189902584998244],[-123.77616805297652,39.18720763914589]],[[-123.60369151842556,38.59970944333172],[-123.60369151842556,38.60240438918408],[-123.60638646427792,38.60240438918408],[-123.60638646427792,38.59970944333172],[-123.60369151842556,38.59970944333172]],[[-123.41504530876047,38.51077623020389],[-123.41504530876047,38.51347117605625],[-123.41774025461282,38.51347117605625],[-123.41774025461282,38.51077623020389],[-123.41504530876047,38.51077623020389]],[[-123.62255613939207,38.658998252083606],[-123.62255613939207,38.66169319793597],[-123.61986119353972,38.66169319793597],[-123.61986119353972,38.66438814378833],[-123.6279460310968,38.66438814378833],[-123.6279460310968,38.658998252083606],[-123.62255613939207,38.658998252083606]],[[-123.8031175115001,39.17103796403174],[-123.80581245735246,39.17103796403174],[-123.80581245735246,39.16834301817938],[-123.8031175115001,39.16834301817938],[-123.8031175115001,39.17103796403174]],[[-123.52553808870717,38.73176179009729],[-123.52553808870717,38.72906684424493],[-123.51206335944538,38.72906684424493],[-123.51206335944538,38.73176179009729],[-123.51475830529773,38.73176179009729],[-123.51475830529773,38.73445673594965],[-123.51206335944538,38.73445673594965],[-123.51206335944538,38.73715168180201],[-123.52014819700246,38.73715168180201],[-123.52014819700246,38.73176179009729],[-123.52553808870717,38.73176179009729]],[[-123.78694783638595,39.22224193522655],[-123.7842528905336,39.22224193522655],[-123.7842528905336,39.22493688107891],[-123.78694783638595,39.22493688107891],[-123.78694783638595,39.22224193522655]],[[-123.86510126610435,39.413583090744005],[-123.8677962119567,39.413583090744005],[-123.8677962119567,39.41088814489165],[-123.86510126610435,39.41088814489165],[-123.86510126610435,39.413583090744005]],[[-123.66567527302982,38.836864678339275],[-123.66567527302982,38.83416973248691],[-123.6602853813251,38.83416973248691],[-123.6602853813251,38.83955962419164],[-123.66298032717745,38.83955962419164],[-123.66298032717745,38.836864678339275],[-123.66567527302982,38.836864678339275]],[[-123.71957419007698,39.07401991334683],[-123.71957419007698,39.07132496749447],[-123.71687924422463,39.07132496749447],[-123.71687924422463,39.068630021642115],[-123.71418429837227,39.068630021642115],[-123.71418429837227,39.07401991334683],[-123.71957419007698,39.07401991334683]],[[-123.54170776382132,38.658998252083606],[-123.53901281796897,38.658998252083606],[-123.53901281796897,38.66438814378833],[-123.54170776382132,38.66438814378833],[-123.54170776382132,38.658998252083606]],[[-123.85162653684256,39.30578525664966],[-123.85432148269491,39.30578525664966],[-123.85432148269491,39.30309031079731],[-123.85162653684256,39.30309031079731],[-123.85162653684256,39.30578525664966]],[[-123.77886299882887,39.17103796403174],[-123.77886299882887,39.173732909884095],[-123.78155794468123,39.173732909884095],[-123.78155794468123,39.17103796403174],[-123.77886299882887,39.17103796403174]],[[-123.74382870274822,39.04437550897089],[-123.74382870274822,39.038985617266164],[-123.74113375689585,39.038985617266164],[-123.74113375689585,39.04437550897089],[-123.74382870274822,39.04437550897089]],[[-123.84893159099019,39.308480202502025],[-123.84623664513784,39.308480202502025],[-123.84623664513784,39.31117514835438],[-123.84893159099019,39.31117514835438],[-123.84893159099019,39.308480202502025]],[[-123.61986119353972,38.59162460577465],[-123.61986119353972,38.588929659922286],[-123.61716624768736,38.588929659922286],[-123.61716624768736,38.59162460577465],[-123.61986119353972,38.59162460577465]],[[-123.53092798041189,38.69672749401663],[-123.53092798041189,38.69403254816427],[-123.52823303455952,38.69403254816427],[-123.52823303455952,38.69672749401663],[-123.53092798041189,38.69672749401663]],[[-123.74921859445293,39.17103796403174],[-123.74921859445293,39.16834301817938],[-123.74652364860057,39.16834301817938],[-123.74652364860057,39.17103796403174],[-123.74921859445293,39.17103796403174]],[[-123.66567527302982,38.836864678339275],[-123.66567527302982,38.84225457004399],[-123.66837021888217,38.84225457004399],[-123.66837021888217,38.836864678339275],[-123.66567527302982,38.836864678339275]],[[-123.44199476728406,38.67786287305012],[-123.44199476728406,38.67516792719776],[-123.43929982143169,38.67516792719776],[-123.43929982143169,38.67786287305012],[-123.44199476728406,38.67786287305012]],[[-123.98098393775577,39.07940980505155],[-123.97828899190341,39.07940980505155],[-123.97828899190341,39.0821047509039],[-123.98098393775577,39.0821047509039],[-123.98098393775577,39.07940980505155]],[[-123.75191354030528,39.04437550897089],[-123.75191354030528,39.04707045482324],[-123.75460848615765,39.04707045482324],[-123.75460848615765,39.04437550897089],[-123.75191354030528,39.04437550897089]],[[-123.63064097694915,38.605099335036435],[-123.6279460310968,38.605099335036435],[-123.6279460310968,38.61318417259351],[-123.62525108524443,38.61318417259351],[-123.62525108524443,38.615879118445875],[-123.6279460310968,38.615879118445875],[-123.6279460310968,38.61857406429823],[-123.6333359228015,38.61857406429823],[-123.6333359228015,38.615879118445875],[-123.63064097694915,38.615879118445875],[-123.63064097694915,38.605099335036435]],[[-123.53362292626424,38.67516792719776],[-123.53092798041189,38.67516792719776],[-123.53092798041189,38.67786287305012],[-123.53362292626424,38.67786287305012],[-123.53362292626424,38.67516792719776]],[[-123.52014819700246,38.702117385721344],[-123.52014819700246,38.69942243986899],[-123.51745325115009,38.69942243986899],[-123.51745325115009,38.702117385721344],[-123.52014819700246,38.702117385721344]],[[-123.78694783638595,39.22224193522655],[-123.7896427822383,39.22224193522655],[-123.7896427822383,39.21685204352183],[-123.78694783638595,39.21685204352183],[-123.78694783638595,39.22224193522655]],[[-123.52553808870717,38.73176179009729],[-123.52553808870717,38.73445673594965],[-123.53092798041189,38.73445673594965],[-123.53092798041189,38.73715168180201],[-123.52823303455952,38.73715168180201],[-123.52823303455952,38.739846627654366],[-123.5363178721166,38.739846627654366],[-123.5363178721166,38.73445673594965],[-123.53362292626424,38.73445673594965],[-123.53362292626424,38.73176179009729],[-123.52553808870717,38.73176179009729]],[[-123.80581245735246,39.1602581806223],[-123.80581245735246,39.15217334306523],[-123.8031175115001,39.15217334306523],[-123.8031175115001,39.1602581806223],[-123.80581245735246,39.1602581806223]],[[-123.85162653684256,39.432447711710516],[-123.85432148269491,39.432447711710516],[-123.85432148269491,39.43514265756288],[-123.85701642854727,39.43514265756288],[-123.85701642854727,39.432447711710516],[-123.85971137439962,39.432447711710516],[-123.85971137439962,39.43514265756288],[-123.86240632025199,39.43514265756288],[-123.86240632025199,39.4270578200058],[-123.85971137439962,39.4270578200058],[-123.85971137439962,39.424362874153445],[-123.85701642854727,39.424362874153445],[-123.85701642854727,39.42166792830108],[-123.85432148269491,39.42166792830108],[-123.85432148269491,39.42975276585816],[-123.85162653684256,39.42975276585816],[-123.85162653684256,39.432447711710516]],[[-123.98637382946048,39.09288453431334],[-123.98637382946048,39.095579480165696],[-123.9917637211652,39.095579480165696],[-123.9917637211652,39.09288453431334],[-123.98637382946048,39.09288453431334]],[[-123.61986119353972,38.632048793560024],[-123.61716624768736,38.632048793560024],[-123.61716624768736,38.634743739412386],[-123.61986119353972,38.634743739412386],[-123.61986119353972,38.632048793560024]],[[-123.59560668086849,38.588929659922286],[-123.59560668086849,38.59162460577465],[-123.60369151842556,38.59162460577465],[-123.60369151842556,38.58623471406993],[-123.60099657257321,38.58623471406993],[-123.60099657257321,38.588929659922286],[-123.59560668086849,38.588929659922286]],[[-123.74382870274822,39.130613776246356],[-123.74382870274822,39.138698613803435],[-123.74652364860057,39.138698613803435],[-123.74652364860057,39.13600366795107],[-123.75191354030528,39.13600366795107],[-123.75191354030528,39.13330872209872],[-123.74652364860057,39.13330872209872],[-123.74652364860057,39.130613776246356],[-123.74382870274822,39.130613776246356]],[[-123.6333359228015,38.62665890185531],[-123.6333359228015,38.623963956002946],[-123.63064097694915,38.623963956002946],[-123.63064097694915,38.62665890185531],[-123.6333359228015,38.62665890185531]],[[-123.8354568617284,39.4917365204624],[-123.8354568617284,39.494431466314765],[-123.83815180758076,39.494431466314765],[-123.83815180758076,39.4917365204624],[-123.8354568617284,39.4917365204624]],[[-123.98637382946048,39.10096937187041],[-123.98637382946048,39.103664317722775],[-123.98906877531284,39.103664317722775],[-123.98906877531284,39.10096937187041],[-123.98637382946048,39.10096937187041]],[[-123.6926247315534,38.61857406429823],[-123.6926247315534,38.62126901015059],[-123.69531967740576,38.62126901015059],[-123.69531967740576,38.61857406429823],[-123.6926247315534,38.61857406429823]],[[-123.44199476728406,38.67786287305012],[-123.44199476728406,38.68325276475483],[-123.44738465898877,38.68325276475483],[-123.44738465898877,38.68055781890248],[-123.44468971313641,38.68055781890248],[-123.44468971313641,38.67786287305012],[-123.44199476728406,38.67786287305012]],[[-123.53092798041189,38.69672749401663],[-123.53092798041189,38.69942243986899],[-123.53362292626424,38.69942243986899],[-123.53362292626424,38.69672749401663],[-123.53092798041189,38.69672749401663]],[[-123.8031175115001,39.17103796403174],[-123.80042256564774,39.17103796403174],[-123.80042256564774,39.176427855736456],[-123.8031175115001,39.176427855736456],[-123.8031175115001,39.17103796403174]],[[-123.62255613939207,38.658998252083606],[-123.62255613939207,38.650913414526535],[-123.61986119353972,38.650913414526535],[-123.61986119353972,38.65630330623125],[-123.61716624768736,38.65630330623125],[-123.61716624768736,38.658998252083606],[-123.62255613939207,38.658998252083606]],[[-123.74921859445293,39.17103796403174],[-123.74921859445293,39.173732909884095],[-123.75191354030528,39.173732909884095],[-123.75191354030528,39.17103796403174],[-123.74921859445293,39.17103796403174]],[[-123.7384388110435,38.6077942808888],[-123.74113375689585,38.6077942808888],[-123.74113375689585,38.605099335036435],[-123.7384388110435,38.605099335036435],[-123.7384388110435,38.6077942808888]],[[-123.53092798041189,38.712897169130784],[-123.52553808870717,38.712897169130784],[-123.52553808870717,38.71559211498314],[-123.53092798041189,38.71559211498314],[-123.53092798041189,38.712897169130784]],[[-123.54170776382132,38.658998252083606],[-123.54440270967368,38.658998252083606],[-123.54440270967368,38.65360836037889],[-123.54170776382132,38.65360836037889],[-123.54170776382132,38.658998252083606]],[[-123.6333359228015,38.59162460577465],[-123.63603086865388,38.59162460577465],[-123.63603086865388,38.588929659922286],[-123.6333359228015,38.588929659922286],[-123.6333359228015,38.59162460577465]],[[-123.76269332371473,38.925797891467106],[-123.76269332371473,38.92040799976239],[-123.75999837786236,38.92040799976239],[-123.75999837786236,38.92310294561475],[-123.75730343201,38.92310294561475],[-123.75730343201,38.925797891467106],[-123.76269332371473,38.925797891467106]],[[-123.7384388110435,38.6077942808888],[-123.73574386519114,38.6077942808888],[-123.73574386519114,38.61048922674116],[-123.7384388110435,38.61048922674116],[-123.7384388110435,38.6077942808888]],[[-123.56326733064019,38.78566070714446],[-123.56326733064019,38.79105059884918],[-123.56596227649254,38.79105059884918],[-123.56596227649254,38.78566070714446],[-123.56326733064019,38.78566070714446]],[[-123.73304891933877,39.07132496749447],[-123.73574386519114,39.07132496749447],[-123.73574386519114,39.068630021642115],[-123.73304891933877,39.068630021642115],[-123.73304891933877,39.07132496749447]],[[-123.61986119353972,38.62665890185531],[-123.61986119353972,38.623963956002946],[-123.614471301835,38.623963956002946],[-123.614471301835,38.62665890185531],[-123.61986119353972,38.62665890185531]],[[-123.76269332371473,38.925797891467106],[-123.76269332371473,38.92849283731947],[-123.76538826956708,38.92849283731947],[-123.76538826956708,38.925797891467106],[-123.76269332371473,38.925797891467106]],[[-123.68184494814396,38.62665890185531],[-123.68184494814396,38.632048793560024],[-123.67376011058688,38.632048793560024],[-123.67376011058688,38.634743739412386],[-123.68184494814396,38.634743739412386],[-123.68184494814396,38.6401336311171],[-123.6791500022916,38.6401336311171],[-123.6791500022916,38.64282857696946],[-123.68723483984868,38.64282857696946],[-123.68723483984868,38.634743739412386],[-123.68453989399633,38.634743739412386],[-123.68453989399633,38.62665890185531],[-123.68184494814396,38.62665890185531]],[[-123.78155794468123,38.95005240413833],[-123.78155794468123,38.94735745828598],[-123.77886299882887,38.94735745828598],[-123.77886299882887,38.95005240413833],[-123.78155794468123,38.95005240413833]],[[-123.53362292626424,38.6724729813454],[-123.53362292626424,38.66438814378833],[-123.53092798041189,38.66438814378833],[-123.53092798041189,38.6724729813454],[-123.53362292626424,38.6724729813454]],[[-123.44468971313641,38.6724729813454],[-123.44468971313641,38.67516792719776],[-123.44738465898877,38.67516792719776],[-123.44738465898877,38.6724729813454],[-123.44468971313641,38.6724729813454]],[[-123.98637382946048,39.10096937187041],[-123.98637382946048,39.09827442601806],[-123.98367888360812,39.09827442601806],[-123.98367888360812,39.10096937187041],[-123.98637382946048,39.10096937187041]],[[-123.41235036290811,38.51077623020389],[-123.40965541705575,38.51077623020389],[-123.40965541705575,38.51347117605625],[-123.41235036290811,38.51347117605625],[-123.41235036290811,38.51077623020389]],[[-123.85162653684256,39.432447711710516],[-123.84893159099019,39.432447711710516],[-123.84893159099019,39.43783760341523],[-123.85162653684256,39.43783760341523],[-123.85162653684256,39.432447711710516]],[[-123.75999837786236,39.08749464260862],[-123.75730343201,39.08749464260862],[-123.75730343201,39.09018958846098],[-123.75999837786236,39.09018958846098],[-123.75999837786236,39.08749464260862]],[[-123.8354568617284,39.4917365204624],[-123.8354568617284,39.48365168290533],[-123.83006697002368,39.48365168290533],[-123.83006697002368,39.48634662875769],[-123.83276191587605,39.48634662875769],[-123.83276191587605,39.4917365204624],[-123.8354568617284,39.4917365204624]],[[-123.98637382946048,39.09288453431334],[-123.98637382946048,39.09018958846098],[-123.98367888360812,39.09018958846098],[-123.98367888360812,39.08749464260862],[-123.98098393775577,39.08749464260862],[-123.98098393775577,39.09288453431334],[-123.98637382946048,39.09288453431334]],[[-123.98098393775577,39.076714859199186],[-123.98098393775577,39.07401991334683],[-123.97828899190341,39.07401991334683],[-123.97828899190341,39.076714859199186],[-123.98098393775577,39.076714859199186]],[[-123.85971137439962,39.41088814489165],[-123.85971137439962,39.40819319903929],[-123.85701642854727,39.40819319903929],[-123.85701642854727,39.41088814489165],[-123.85971137439962,39.41088814489165]],[[-123.98098393775577,39.07940980505155],[-123.98367888360812,39.07940980505155],[-123.98367888360812,39.076714859199186],[-123.98098393775577,39.076714859199186],[-123.98098393775577,39.07940980505155]],[[-123.86240632025199,39.413583090744005],[-123.86240632025199,39.41627803659637],[-123.85971137439962,39.41627803659637],[-123.85971137439962,39.42166792830108],[-123.86510126610435,39.42166792830108],[-123.86510126610435,39.41897298244872],[-123.8677962119567,39.41897298244872],[-123.8677962119567,39.41627803659637],[-123.86510126610435,39.41627803659637],[-123.86510126610435,39.413583090744005],[-123.86240632025199,39.413583090744005]],[[-123.86240632025199,39.413583090744005],[-123.86240632025199,39.41088814489165],[-123.85971137439962,39.41088814489165],[-123.85971137439962,39.413583090744005],[-123.86240632025199,39.413583090744005]],[[-123.84893159099019,39.308480202502025],[-123.85162653684256,39.308480202502025],[-123.85162653684256,39.30578525664966],[-123.84893159099019,39.30578525664966],[-123.84893159099019,39.308480202502025]],[[-123.77886299882887,39.17103796403174],[-123.77886299882887,39.16834301817938],[-123.77347310712416,39.16834301817938],[-123.77347310712416,39.176427855736456],[-123.77077816127179,39.176427855736456],[-123.77077816127179,39.17912280158881],[-123.77347310712416,39.17912280158881],[-123.77347310712416,39.18451269329353],[-123.77616805297652,39.18451269329353],[-123.77616805297652,39.18720763914589],[-123.77886299882887,39.18720763914589],[-123.77886299882887,39.17912280158881],[-123.77616805297652,39.17912280158881],[-123.77616805297652,39.17103796403174],[-123.77886299882887,39.17103796403174]],[[-123.75999837786236,39.08749464260862],[-123.76538826956708,39.08749464260862],[-123.76538826956708,39.0821047509039],[-123.75999837786236,39.0821047509039],[-123.75999837786236,39.08749464260862]],[[-123.75191354030528,39.04437550897089],[-123.75191354030528,39.041680563118526],[-123.74652364860057,39.041680563118526],[-123.74652364860057,39.04437550897089],[-123.74382870274822,39.04437550897089],[-123.74382870274822,39.04707045482324],[-123.74652364860057,39.04707045482324],[-123.74652364860057,39.049765400675604],[-123.74921859445293,39.049765400675604],[-123.74921859445293,39.04437550897089],[-123.75191354030528,39.04437550897089]],[[-123.73035397348642,39.076714859199186],[-123.73304891933877,39.076714859199186],[-123.73304891933877,39.07940980505155],[-123.73574386519114,39.07940980505155],[-123.73574386519114,39.076714859199186],[-123.7384388110435,39.076714859199186],[-123.7384388110435,39.07401991334683],[-123.73304891933877,39.07401991334683],[-123.73304891933877,39.07132496749447],[-123.73035397348642,39.07132496749447],[-123.73035397348642,39.076714859199186]],[[-123.72226913592934,39.076714859199186],[-123.72226913592934,39.07940980505155],[-123.71687924422463,39.07940980505155],[-123.71687924422463,39.0821047509039],[-123.7249640817817,39.0821047509039],[-123.7249640817817,39.07940980505155],[-123.73035397348642,39.07940980505155],[-123.73035397348642,39.076714859199186],[-123.72226913592934,39.076714859199186]],[[-123.72226913592934,39.076714859199186],[-123.72226913592934,39.07401991334683],[-123.71957419007698,39.07401991334683],[-123.71957419007698,39.076714859199186],[-123.72226913592934,39.076714859199186]],[[-123.6926247315534,38.61857406429823],[-123.6926247315534,38.61318417259351],[-123.68992978570104,38.61318417259351],[-123.68992978570104,38.6077942808888],[-123.68453989399633,38.6077942808888],[-123.68453989399633,38.61048922674116],[-123.68723483984868,38.61048922674116],[-123.68723483984868,38.61318417259351],[-123.68184494814396,38.61318417259351],[-123.68184494814396,38.61857406429823],[-123.6791500022916,38.61857406429823],[-123.6791500022916,38.62665890185531],[-123.68184494814396,38.62665890185531],[-123.68184494814396,38.623963956002946],[-123.68723483984868,38.623963956002946],[-123.68723483984868,38.62126901015059],[-123.68992978570104,38.62126901015059],[-123.68992978570104,38.61857406429823],[-123.6926247315534,38.61857406429823]],[[-123.62525108524443,38.594319551627],[-123.62525108524443,38.588929659922286],[-123.62255613939207,38.588929659922286],[-123.62255613939207,38.59162460577465],[-123.61986119353972,38.59162460577465],[-123.61986119353972,38.594319551627],[-123.62525108524443,38.594319551627]],[[-123.63064097694915,38.605099335036435],[-123.63603086865388,38.605099335036435],[-123.63603086865388,38.6077942808888],[-123.64142076035859,38.6077942808888],[-123.64142076035859,38.61048922674116],[-123.64411570621094,38.61048922674116],[-123.64411570621094,38.61318417259351],[-123.64950559791566,38.61318417259351],[-123.64950559791566,38.61048922674116],[-123.65759043547274,38.61048922674116],[-123.65759043547274,38.6077942808888],[-123.65220054376802,38.6077942808888],[-123.65220054376802,38.60240438918408],[-123.64681065206331,38.60240438918408],[-123.64681065206331,38.59970944333172],[-123.64411570621094,38.59970944333172],[-123.64411570621094,38.605099335036435],[-123.63872581450623,38.605099335036435],[-123.63872581450623,38.60240438918408],[-123.64142076035859,38.60240438918408],[-123.64142076035859,38.597014497479364],[-123.63603086865388,38.597014497479364],[-123.63603086865388,38.594319551627],[-123.6333359228015,38.594319551627],[-123.6333359228015,38.59162460577465],[-123.63064097694915,38.59162460577465],[-123.63064097694915,38.594319551627],[-123.62525108524443,38.594319551627],[-123.62525108524443,38.597014497479364],[-123.6279460310968,38.597014497479364],[-123.6279460310968,38.60240438918408],[-123.63064097694915,38.60240438918408],[-123.63064097694915,38.605099335036435]],[[-123.62255613939207,38.62665890185531],[-123.62525108524443,38.62665890185531],[-123.62525108524443,38.623963956002946],[-123.62255613939207,38.623963956002946],[-123.62255613939207,38.62665890185531]],[[-123.62255613939207,38.632048793560024],[-123.62255613939207,38.62665890185531],[-123.61986119353972,38.62665890185531],[-123.61986119353972,38.632048793560024],[-123.62255613939207,38.632048793560024]],[[-123.60369151842556,38.597014497479364],[-123.60908141013029,38.597014497479364],[-123.60908141013029,38.59970944333172],[-123.614471301835,38.59970944333172],[-123.614471301835,38.597014497479364],[-123.61177635598264,38.597014497479364],[-123.61177635598264,38.594319551627],[-123.614471301835,38.594319551627],[-123.614471301835,38.588929659922286],[-123.60908141013029,38.588929659922286],[-123.60908141013029,38.59162460577465],[-123.60638646427792,38.59162460577465],[-123.60638646427792,38.594319551627],[-123.60369151842556,38.594319551627],[-123.60369151842556,38.597014497479364]],[[-123.60369151842556,38.59970944333172],[-123.60369151842556,38.597014497479364],[-123.59560668086849,38.597014497479364],[-123.59560668086849,38.59970944333172],[-123.59830162672085,38.59970944333172],[-123.59830162672085,38.60240438918408],[-123.60099657257321,38.60240438918408],[-123.60099657257321,38.59970944333172],[-123.60369151842556,38.59970944333172]],[[-123.52284314285481,38.704812331573706],[-123.52284314285481,38.702117385721344],[-123.52014819700246,38.702117385721344],[-123.52014819700246,38.704812331573706],[-123.52284314285481,38.704812331573706]],[[-123.54440270967368,38.73445673594965],[-123.54440270967368,38.73176179009729],[-123.54170776382132,38.73176179009729],[-123.54170776382132,38.72906684424493],[-123.54709765552603,38.72906684424493],[-123.54709765552603,38.72637189839257],[-123.54440270967368,38.72637189839257],[-123.54440270967368,38.720982006687855],[-123.54170776382132,38.720982006687855],[-123.54170776382132,38.72367695254022],[-123.53901281796897,38.72367695254022],[-123.53901281796897,38.71559211498314],[-123.5363178721166,38.71559211498314],[-123.5363178721166,38.712897169130784],[-123.53901281796897,38.712897169130784],[-123.53901281796897,38.71020222327842],[-123.5363178721166,38.71020222327842],[-123.5363178721166,38.704812331573706],[-123.53092798041189,38.704812331573706],[-123.53092798041189,38.702117385721344],[-123.52553808870717,38.702117385721344],[-123.52553808870717,38.704812331573706],[-123.52284314285481,38.704812331573706],[-123.52284314285481,38.70750727742606],[-123.52014819700246,38.70750727742606],[-123.52014819700246,38.71020222327842],[-123.53092798041189,38.71020222327842],[-123.53092798041189,38.712897169130784],[-123.53362292626424,38.712897169130784],[-123.53362292626424,38.7182870608355],[-123.52823303455952,38.7182870608355],[-123.52823303455952,38.72367695254022],[-123.53362292626424,38.72367695254022],[-123.53362292626424,38.72906684424493],[-123.5363178721166,38.72906684424493],[-123.5363178721166,38.73176179009729],[-123.53901281796897,38.73176179009729],[-123.53901281796897,38.73445673594965],[-123.54440270967368,38.73445673594965]],[[-123.53362292626424,38.67516792719776],[-123.54170776382132,38.67516792719776],[-123.54170776382132,38.669778035493046],[-123.53901281796897,38.669778035493046],[-123.53901281796897,38.6724729813454],[-123.53362292626424,38.6724729813454],[-123.53362292626424,38.67516792719776]],[[-123.41504530876047,38.51077623020389],[-123.41504530876047,38.50808128435153],[-123.41235036290811,38.50808128435153],[-123.41235036290811,38.51077623020389],[-123.41504530876047,38.51077623020389]]]},"id":"-45642+14656","properties":{"area_sq_km":9535.0,"count":136632,"label":0,"latitude":38.998364291743805,"longitude":-123.4981425927868,"near_healthy_bed":0,"priority_score":28605.0,"priority_tier":"critical","recommended_action":"urchin_removal_then_replant","region_id":"sonoma_mendocino","region_name":"Sonoma & Mendocino Counties, CA","state":"CA","status":0,"status_label":"barren"}},{"type":"Feature","geometry":{"geodesic":false,"type":"Polygon","coordinates":[[[-123.88396588707086,39.48904157461005],[-123.88396588707086,39.48634662875769],[-123.88666083292321,39.48634662875769],[-123.88666083292321,39.48365168290533],[-123.88935577877558,39.48365168290533],[-123.88935577877558,39.48095673705297],[-123.88666083292321,39.48095673705297],[-123.88666083292321,39.475566845348254],[-123.88935577877558,39.475566845348254],[-123.88935577877558,39.47287189949589],[-123.8812709412185,39.47287189949589],[-123.8812709412185,39.475566845348254],[-123.88396588707086,39.475566845348254],[-123.88396588707086,39.48095673705297],[-123.8812709412185,39.48095673705297],[-123.8812709412185,39.48634662875769],[-123.87857599536613,39.48634662875769],[-123.87857599536613,39.48904157461005],[-123.87588104951378,39.48904157461005],[-123.87588104951378,39.4917365204624],[-123.87857599536613,39.4917365204624],[-123.87857599536613,39.49712641216712],[-123.87588104951378,39.49712641216712],[-123.87588104951378,39.49982135801948],[-123.8812709412185,39.49982135801948],[-123.8812709412185,39.49712641216712],[-123.88396588707086,39.49712641216712],[-123.88396588707086,39.49982135801948],[-123.89474567048029,39.49982135801948],[-123.89474567048029,39.49712641216712],[-123.89744061633264,39.49712641216712],[-123.89744061633264,39.49982135801948],[-123.90013556218501,39.49982135801948],[-123.90013556218501,39.49712641216712],[-123.90552545388972,39.49712641216712],[-123.90552545388972,39.494431466314765],[-123.90283050803737,39.494431466314765],[-123.90283050803737,39.4917365204624],[-123.89474567048029,39.4917365204624],[-123.89474567048029,39.48634662875769],[-123.88935577877558,39.48634662875769],[-123.88935577877558,39.48904157461005],[-123.88396588707086,39.48904157461005]],[[-123.88396588707086,39.48904157461005],[-123.8812709412185,39.48904157461005],[-123.8812709412185,39.4917365204624],[-123.88396588707086,39.4917365204624],[-123.88396588707086,39.48904157461005]],[[-123.88935577877558,39.4917365204624],[-123.88666083292321,39.4917365204624],[-123.88666083292321,39.494431466314765],[-123.88935577877558,39.494431466314765],[-123.88935577877558,39.4917365204624]]]},"id":"-45967+14656","properties":{"area_sq_km":3.0,"count":45,"label":0,"latitude":39.49068803649649,"longitude":-123.88830737114837,"near_healthy_bed":1,"priority_score":10.0,"priority_tier":"critical","recommended_action":"urchin_removal_then_replant","region_id":"sonoma_mendocino","region_name":"Sonoma & Mendocino Counties, CA","state":"CA","status":0,"status_label":"barren"}},{"type":"Feature","geometry":{"geodesic":false,"type":"Polygon","coordinates":[[[-123.04583772698734,38.72906684424493],[-123.04314278113499,38.72906684424493],[-123.04314278113499,38.73176179009729],[-123.04583772698734,38.73176179009729],[-123.04583772698734,38.72906684424493]]]},"id":"-45658+14371","properties":{"area_sq_km":0.0,"count":1,"label":2,"latitude":38.730414316386344,"longitude":-123.04449025416552,"near_healthy_bed":1,"priority_score":1.0,"priority_tier":"monitor","recommended_action":"no_action","region_id":"sonoma_mendocino","region_name":"Sonoma & Mendocino Counties, CA","state":"CA","status":2,"status_label":"healthy"}},{"type":"Feature","geometry":{"geodesic":false,"type":"Polygon","coordinates":[[[-123.23448393665244,38.50269139264681],[-123.23178899080008,38.50269139264681],[-123.23178899080008,38.50538633849917],[-123.23448393665244,38.50538633849917],[-123.23448393665244,38.50269139264681]]]},"id":"-45728+14287","properties":{"area_sq_km":0.0,"count":1,"label":2,"latitude":38.504038864962034,"longitude":-123.23313646379512,"near_healthy_bed":1,"priority_score":1.0,"priority_tier":"monitor","recommended_action":"no_action","region_id":"sonoma_mendocino","region_name":"Sonoma & Mendocino Counties, CA","state":"CA","status":2,"status_label":"healthy"}},{"type":"Feature","geometry":{"geodesic":false,"type":"Polygon","coordinates":[[[-123.27490812443781,38.5296408511704],[-123.27221317858546,38.5296408511704],[-123.27221317858546,38.53233579702275],[-123.27490812443781,38.53233579702275],[-123.27490812443781,38.5296408511704]]]},"id":"-45743+14297","properties":{"area_sq_km":0.0,"count":1,"label":2,"latitude":38.53098832346048,"longitude":-123.27356065158061,"near_healthy_bed":1,"priority_score":1.0,"priority_tier":"monitor","recommended_action":"no_action","region_id":"sonoma_mendocino","region_name":"Sonoma & Mendocino Counties, CA","state":"CA","status":2,"status_label":"healthy"}},{"type":"Feature","geometry":{"geodesic":false,"type":"Polygon","coordinates":[[[-123.27760307029018,38.5296408511704],[-123.27490812443781,38.5296408511704],[-123.27490812443781,38.53233579702275],[-123.27760307029018,38.53233579702275],[-123.27760307029018,38.5296408511704]]]},"id":"-45744+14297","properties":{"area_sq_km":0.0,"count":1,"label":1,"latitude":38.53098832346534,"longitude":-123.27625559743174,"near_healthy_bed":1,"priority_score":1.0,"priority_tier":"monitor","recommended_action":"monitor_and_replant","region_id":"sonoma_mendocino","region_name":"Sonoma & Mendocino Counties, CA","state":"CA","status":1,"status_label":"recovering"}},{"type":"Feature","geometry":{"geodesic":false,"type":"Polygon","coordinates":[[[-123.2964676912567,38.50538633849917],[-123.29377274540433,38.50538633849917],[-123.29377274540433,38.50808128435153],[-123.2964676912567,38.50808128435153],[-123.2964676912567,38.50538633849917]]]},"id":"-45751+14288","properties":{"area_sq_km":0.0,"count":1,"label":2,"latitude":38.50673381065945,"longitude":-123.29512021833531,"near_healthy_bed":1,"priority_score":1.0,"priority_tier":"monitor","recommended_action":"no_action","region_id":"sonoma_mendocino","region_name":"Sonoma & Mendocino Counties, CA","state":"CA","status":2,"status_label":"healthy"}},{"type":"Feature","geometry":{"geodesic":false,"type":"Polygon","coordinates":[[[-123.32611209563264,38.499996446794455],[-123.32341714978027,38.499996446794455],[-123.32341714978027,38.50269139264681],[-123.32611209563264,38.50269139264681],[-123.32611209563264,38.499996446794455]]]},"id":"-45762+14286","properties":{"area_sq_km":0.0,"count":1,"label":2,"latitude":38.50134391892758,"longitude":-123.32476462270276,"near_healthy_bed":1,"priority_score":1.0,"priority_tier":"monitor","recommended_action":"no_action","region_id":"sonoma_mendocino","region_name":"Sonoma & Mendocino Counties, CA","state":"CA","status":2,"status_label":"healthy"}},{"type":"Feature","geometry":{"geodesic":false,"type":"Polygon","coordinates":[[[-123.32880704148499,38.54850547213691],[-123.32611209563264,38.54850547213691],[-123.32611209563264,38.551200417989264],[-123.32880704148499,38.551200417989264],[-123.32880704148499,38.54850547213691]]]},"id":"-45763+14304","properties":{"area_sq_km":0.0,"count":1,"label":2,"latitude":38.549852944510484,"longitude":-123.32745956850388,"near_healthy_bed":1,"priority_score":1.0,"priority_tier":"monitor","recommended_action":"no_action","region_id":"sonoma_mendocino","region_name":"Sonoma & Mendocino Counties, CA","state":"CA","status":2,"status_label":"healthy"}},{"type":"Feature","geometry":{"geodesic":false,"type":"Polygon","coordinates":[[[-123.34228177074678,38.50269139264681],[-123.33958682489443,38.50269139264681],[-123.33958682489443,38.50538633849917],[-123.34228177074678,38.50538633849917],[-123.34228177074678,38.50269139264681]]]},"id":"-45768+14287","properties":{"area_sq_km":0.0,"count":1,"label":2,"latitude":38.50403886493327,"longitude":-123.34093429776988,"near_healthy_bed":1,"priority_score":1.0,"priority_tier":"monitor","recommended_action":"no_action","region_id":"sonoma_mendocino","region_name":"Sonoma & Mendocino Counties, CA","state":"CA","status":2,"status_label":"healthy"}},{"type":"Feature","geometry":{"geodesic":false,"type":"Polygon","coordinates":[[[-123.35306155415621,38.51077623020389],[-123.3476716624515,38.51077623020389],[-123.3476716624515,38.51347117605625],[-123.35306155415621,38.51347117605625],[-123.35306155415621,38.51077623020389]]]},"id":"-45771+14290","properties":{"area_sq_km":0.0,"count":2,"label":2,"latitude":38.51212372567465,"longitude":-123.35036660822554,"near_healthy_bed":1,"priority_score":1.0,"priority_tier":"monitor","recommended_action":"no_action","region_id":"sonoma_mendocino","region_name":"Sonoma & Mendocino Counties, CA","state":"CA","status":2,"status_label":"healthy"}},{"type":"Feature","geometry":{"geodesic":false,"type":"Polygon","coordinates":[[[-123.35845144586094,38.588929659922286],[-123.35575650000858,38.588929659922286],[-123.35575650000858,38.59162460577465],[-123.35845144586094,38.59162460577465],[-123.35845144586094,38.588929659922286]]]},"id":"-45774+14319","properties":{"area_sq_km":0.0,"count":1,"label":2,"latitude":38.59027713208839,"longitude":-123.35710397291263,"near_healthy_bed":1,"priority_score":1.0,"priority_tier":"monitor","recommended_action":"no_action","region_id":"sonoma_mendocino","region_name":"Sonoma & Mendocino Counties, CA","state":"CA","status":2,"status_label":"healthy"}},{"type":"Feature","geometry":{"geodesic":false,"type":"Polygon","coordinates":[[[-123.36114639171329,38.51347117605625],[-123.35845144586094,38.51347117605625],[-123.35845144586094,38.516166121908604],[-123.36114639171329,38.516166121908604],[-123.36114639171329,38.51347117605625]]]},"id":"-45775+14291","properties":{"area_sq_km":0.0,"count":1,"label":2,"latitude":38.514818648322496,"longitude":-123.35979891877592,"near_healthy_bed":1,"priority_score":1.0,"priority_tier":"monitor","recommended_action":"no_action","region_id":"sonoma_mendocino","region_name":"Sonoma & Mendocino Counties, CA","state":"CA","status":2,"status_label":"healthy"}},{"type":"Feature","geometry":{"geodesic":false,"type":"Polygon","coordinates":[[[-123.36114639171329,38.58353976821757],[-123.35845144586094,38.58353976821757],[-123.35845144586094,38.58623471406993],[-123.36114639171329,38.58623471406993],[-123.36114639171329,38.58353976821757]]]},"id":"-45775+14317","properties":{"area_sq_km":0.0,"count":1,"label":2,"latitude":38.58488724036196,"longitude":-123.35979891882126,"near_healthy_bed":1,"priority_score":1.0,"priority_tier":"monitor","recommended_action":"no_action","region_id":"sonoma_mendocino","region_name":"Sonoma & Mendocino Counties, CA","state":"CA","status":2,"status_label":"healthy"}},{"type":"Feature","geometry":{"geodesic":false,"type":"Polygon","coordinates":[[[-123.36384133756566,38.59162460577465],[-123.36114639171329,38.59162460577465],[-123.36114639171329,38.594319551627],[-123.36384133756566,38.594319551627],[-123.36384133756566,38.59162460577465]]]},"id":"-45776+14320","properties":{"area_sq_km":0.0,"count":1,"label":2,"latitude":38.59297207798658,"longitude":-123.36249386458483,"near_healthy_bed":1,"priority_score":1.0,"priority_tier":"monitor","recommended_action":"no_action","region_id":"sonoma_mendocino","region_name":"Sonoma & Mendocino Counties, CA","state":"CA","status":2,"status_label":"healthy"}},{"type":"Feature","geometry":{"geodesic":false,"type":"Polygon","coordinates":[[[-123.36653628341801,38.59970944333172],[-123.36384133756566,38.59970944333172],[-123.36384133756566,38.60240438918408],[-123.36653628341801,38.60240438918408],[-123.36653628341801,38.59970944333172]]]},"id":"-45777+14323","properties":{"area_sq_km":0.0,"count":1,"label":2,"latitude":38.60105691545107,"longitude":-123.36518881062997,"near_healthy_bed":1,"priority_score":1.0,"priority_tier":"monitor","recommended_action":"no_action","region_id":"sonoma_mendocino","region_name":"Sonoma & Mendocino Counties, CA","state":"CA","status":2,"status_label":"healthy"}},{"type":"Feature","geometry":{"geodesic":false,"type":"Polygon","coordinates":[[[-123.38270595853217,38.605099335036435],[-123.3800110126798,38.605099335036435],[-123.3800110126798,38.6077942808888],[-123.38270595853217,38.6077942808888],[-123.38270595853217,38.605099335036435]]]},"id":"-45783+14325","properties":{"area_sq_km":0.0,"count":1,"label":2,"latitude":38.606446807425044,"longitude":-123.3813584857201,"near_healthy_bed":1,"priority_score":1.0,"priority_tier":"monitor","recommended_action":"no_action","region_id":"sonoma_mendocino","region_name":"Sonoma & Mendocino Counties, CA","state":"CA","status":2,"status_label":"healthy"}},{"type":"Feature","geometry":{"geodesic":false,"type":"Polygon","coordinates":[[[-123.40157057949867,38.634743739412386],[-123.39887563364631,38.634743739412386],[-123.39887563364631,38.63743868526474],[-123.40157057949867,38.63743868526474],[-123.40157057949867,38.634743739412386]]]},"id":"-45790+14336","properties":{"area_sq_km":0.0,"count":1,"label":2,"latitude":38.636091211656556,"longitude":-123.40022310648884,"near_healthy_bed":1,"priority_score":1.0,"priority_tier":"monitor","recommended_action":"no_action","region_id":"sonoma_mendocino","region_name":"Sonoma & Mendocino Counties, CA","state":"CA","status":2,"status_label":"healthy"}},{"type":"Feature","geometry":{"geodesic":false,"type":"Polygon","coordinates":[[[-123.40696047120339,38.51077623020389],[-123.40157057949867,38.51077623020389],[-123.40157057949867,38.51347117605625],[-123.40696047120339,38.51347117605625],[-123.40696047120339,38.51077623020389]]]},"id":"-45791+14290","properties":{"area_sq_km":0.0,"count":2,"label":2,"latitude":38.51212372567689,"longitude":-123.40426552539637,"near_healthy_bed":1,"priority_score":1.0,"priority_tier":"monitor","recommended_action":"no_action","region_id":"sonoma_mendocino","region_name":"Sonoma & Mendocino Counties, CA","state":"CA","status":2,"status_label":"healthy"}},{"type":"Feature","geometry":{"geodesic":false,"type":"Polygon","coordinates":[[[-123.40426552535104,38.62935384770766],[-123.40157057949867,38.62935384770766],[-123.40157057949867,38.632048793560024],[-123.40426552535104,38.632048793560024],[-123.40426552535104,38.62935384770766]]]},"id":"-45791+14334","properties":{"area_sq_km":0.0,"count":1,"label":2,"latitude":38.63070131985917,"longitude":-123.40291805242757,"near_healthy_bed":1,"priority_score":1.0,"priority_tier":"monitor","recommended_action":"no_action","region_id":"sonoma_mendocino","region_name":"Sonoma & Mendocino Counties, CA","state":"CA","status":2,"status_label":"healthy"}},{"type":"Feature","geometry":{"geodesic":false,"type":"Polygon","coordinates":[[[-123.41235036290811,38.51077623020389],[-123.40965541705575,38.51077623020389],[-123.40965541705575,38.51347117605625],[-123.41235036290811,38.51347117605625],[-123.41235036290811,38.51077623020389]]]},"id":"-45794+14290","properties":{"area_sq_km":0.0,"count":1,"label":2,"latitude":38.51212370257096,"longitude":-123.41100289002492,"near_healthy_bed":1,"priority_score":1.0,"priority_tier":"monitor","recommended_action":"no_action","region_id":"sonoma_mendocino","region_name":"Sonoma & Mendocino Counties, CA","state":"CA","status":2,"status_label":"healthy"}},{"type":"Feature","geometry":{"geodesic":false,"type":"Polygon","coordinates":[[[-123.41504530876047,38.50808128435153],[-123.41235036290811,38.50808128435153],[-123.41235036290811,38.51077623020389],[-123.41504530876047,38.51077623020389],[-123.41504530876047,38.50808128435153]]]},"id":"-45795+14289","properties":{"area_sq_km":0.0,"count":1,"label":2,"latitude":38.50942875652448,"longitude":-123.41369783581669,"near_healthy_bed":1,"priority_score":1.0,"priority_tier":"monitor","recommended_action":"no_action","region_id":"sonoma_mendocino","region_name":"Sonoma & Mendocino Counties, CA","state":"CA","status":2,"status_label":"healthy"}},{"type":"Feature","geometry":{"geodesic":false,"type":"Polygon","coordinates":[[[-123.41774025461282,38.51077623020389],[-123.41504530876047,38.51077623020389],[-123.41504530876047,38.51347117605625],[-123.41774025461282,38.51347117605625],[-123.41774025461282,38.51077623020389]]]},"id":"-45796+14290","properties":{"area_sq_km":0.0,"count":1,"label":2,"latitude":38.51212370248214,"longitude":-123.41639278170588,"near_healthy_bed":1,"priority_score":1.0,"priority_tier":"monitor","recommended_action":"no_action","region_id":"sonoma_mendocino","region_name":"Sonoma & Mendocino Counties, CA","state":"CA","status":2,"status_label":"healthy"}},{"type":"Feature","geometry":{"geodesic":false,"type":"Polygon","coordinates":[[[-123.42043520046518,38.516166121908604],[-123.41774025461282,38.516166121908604],[-123.41774025461282,38.518861067760966],[-123.42043520046518,38.518861067760966],[-123.42043520046518,38.516166121908604]]]},"id":"-45797+14292","properties":{"area_sq_km":0.0,"count":1,"label":2,"latitude":38.51751359410636,"longitude":-123.41908772752831,"near_healthy_bed":1,"priority_score":1.0,"priority_tier":"monitor","recommended_action":"no_action","region_id":"sonoma_mendocino","region_name":"Sonoma & Mendocino Counties, CA","state":"CA","status":2,"status_label":"healthy"}},{"type":"Feature","geometry":{"geodesic":false,"type":"Polygon","coordinates":[[[-123.42313014631755,38.51077623020389],[-123.42043520046518,38.51077623020389],[-123.42043520046518,38.51347117605625],[-123.42313014631755,38.51347117605625],[-123.42313014631755,38.51077623020389]]]},"id":"-45798+14290","properties":{"area_sq_km":0.0,"count":1,"label":2,"latitude":38.51212370255869,"longitude":-123.42178267339114,"near_healthy_bed":1,"priority_score":1.0,"priority_tier":"monitor","recommended_action":"no_action","region_id":"sonoma_mendocino","region_name":"Sonoma & Mendocino Counties, CA","state":"CA","status":2,"status_label":"healthy"}},{"type":"Feature","geometry":{"geodesic":false,"type":"Polygon","coordinates":[[[-123.4258250921699,38.65630330623125],[-123.42313014631755,38.65630330623125],[-123.42313014631755,38.658998252083606],[-123.4258250921699,38.658998252083606],[-123.4258250921699,38.65630330623125]]]},"id":"-45799+14344","properties":{"area_sq_km":0.0,"count":1,"label":2,"latitude":38.65765077841777,"longitude":-123.4244776193044,"near_healthy_bed":1,"priority_score":1.0,"priority_tier":"monitor","recommended_action":"no_action","region_id":"sonoma_mendocino","region_name":"Sonoma & Mendocino Counties, CA","state":"CA","status":2,"status_label":"healthy"}},{"type":"Feature","geometry":{"geodesic":false,"type":"Polygon","coordinates":[[[-123.42852003802226,38.650913414526535],[-123.4258250921699,38.650913414526535],[-123.4258250921699,38.65360836037889],[-123.42852003802226,38.65360836037889],[-123.42852003802226,38.650913414526535]]]},"id":"-45800+14342","properties":{"area_sq_km":0.0,"count":1,"label":2,"latitude":38.65226088680654,"longitude":-123.42717256499915,"near_healthy_bed":1,"priority_score":1.0,"priority_tier":"monitor","recommended_action":"no_action","region_id":"sonoma_mendocino","region_name":"Sonoma & Mendocino Counties, CA","state":"CA","status":2,"status_label":"healthy"}},{"type":"Feature","geometry":{"geodesic":false,"type":"Polygon","coordinates":[[[-123.43929982143169,38.65630330623125],[-123.43390992972698,38.65630330623125],[-123.43390992972698,38.658998252083606],[-123.43929982143169,38.658998252083606],[-123.43929982143169,38.65630330623125]]]},"id":"-45803+14344","properties":{"area_sq_km":0.0,"count":2,"label":2,"latitude":38.65765080162623,"longitude":-123.43660487559552,"near_healthy_bed":1,"priority_score":1.0,"priority_tier":"monitor","recommended_action":"no_action","region_id":"sonoma_mendocino","region_name":"Sonoma & Mendocino Counties, CA","state":"CA","status":2,"status_label":"healthy"}},{"type":"Feature","geometry":{"geodesic":false,"type":"Polygon","coordinates":[[[-123.43929982143169,38.68864265645956],[-123.43660487557933,38.68864265645956],[-123.43660487557933,38.69133760231191],[-123.43929982143169,38.69133760231191],[-123.43929982143169,38.68864265645956]]]},"id":"-45804+14356","properties":{"area_sq_km":0.0,"count":1,"label":2,"latitude":38.68999012876598,"longitude":-123.4379523485437,"near_healthy_bed":1,"priority_score":1.0,"priority_tier":"monitor","recommended_action":"no_action","region_id":"sonoma_mendocino","region_name":"Sonoma & Mendocino Counties, CA","state":"CA","status":2,"status_label":"healthy"}},{"type":"Feature","geometry":{"geodesic":false,"type":"Polygon","coordinates":[[[-123.44199476728406,38.650913414526535],[-123.43929982143169,38.650913414526535],[-123.43929982143169,38.65360836037889],[-123.44199476728406,38.65360836037889],[-123.44199476728406,38.650913414526535]]]},"id":"-45805+14342","properties":{"area_sq_km":0.0,"count":1,"label":2,"latitude":38.65226088682923,"longitude":-123.44064729422585,"near_healthy_bed":1,"priority_score":1.0,"priority_tier":"monitor","recommended_action":"no_action","region_id":"sonoma_mendocino","region_name":"Sonoma & Mendocino Counties, CA","state":"CA","status":2,"status_label":"healthy"}},{"type":"Feature","geometry":{"geodesic":false,"type":"Polygon","coordinates":[[[-123.44199476728406,38.67516792719776],[-123.43929982143169,38.67516792719776],[-123.43929982143169,38.67786287305012],[-123.44199476728406,38.67786287305012],[-123.44199476728406,38.67516792719776]]]},"id":"-45805+14351","properties":{"area_sq_km":0.0,"count":1,"label":2,"latitude":38.676515399492196,"longitude":-123.44064729428054,"near_healthy_bed":1,"priority_score":1.0,"priority_tier":"monitor","recommended_action":"no_action","region_id":"sonoma_mendocino","region_name":"Sonoma & Mendocino Counties, CA","state":"CA","status":2,"status_label":"healthy"}},{"type":"Feature","geometry":{"geodesic":false,"type":"Polygon","coordinates":[[[-123.44468971313641,38.669778035493046],[-123.44199476728406,38.669778035493046],[-123.44199476728406,38.6724729813454],[-123.44468971313641,38.6724729813454],[-123.44468971313641,38.669778035493046]]]},"id":"-45806+14349","properties":{"area_sq_km":0.0,"count":1,"label":2,"latitude":38.6711255077326,"longitude":-123.4433422402039,"near_healthy_bed":1,"priority_score":1.0,"priority_tier":"monitor","recommended_action":"no_action","region_id":"sonoma_mendocino","region_name":"Sonoma & Mendocino Counties, CA","state":"CA","status":2,"status_label":"healthy"}},{"type":"Feature","geometry":{"geodesic":false,"type":"Polygon","coordinates":[[[-123.44738465898877,38.68325276475483],[-123.44738465898877,38.68055781890248],[-123.44468971313641,38.68055781890248],[-123.44468971313641,38.67786287305012],[-123.44199476728406,38.67786287305012],[-123.44199476728406,38.68325276475483],[-123.44738465898877,38.68325276475483]]]},"id":"-45806+14353","properties":{"area_sq_km":0.0,"count":3,"label":2,"latitude":38.68100696863731,"longitude":-123.44424053460807,"near_healthy_bed":1,"priority_score":1.0,"priority_tier":"monitor","recommended_action":"no_action","region_id":"sonoma_mendocino","region_name":"Sonoma & Mendocino Counties, CA","state":"CA","status":2,"status_label":"healthy"}},{"type":"Feature","geometry":{"geodesic":false,"type":"Polygon","coordinates":[[[-123.44738465898877,38.6724729813454],[-123.44468971313641,38.6724729813454],[-123.44468971313641,38.67516792719776],[-123.44738465898877,38.67516792719776],[-123.44738465898877,38.6724729813454]]]},"id":"-45807+14350","properties":{"area_sq_km":0.0,"count":1,"label":2,"latitude":38.67382045350382,"longitude":-123.44603718605659,"near_healthy_bed":1,"priority_score":1.0,"priority_tier":"monitor","recommended_action":"no_action","region_id":"sonoma_mendocino","region_name":"Sonoma & Mendocino Counties, CA","state":"CA","status":2,"status_label":"healthy"}},{"type":"Feature","geometry":{"geodesic":false,"type":"Polygon","coordinates":[[[-123.4581644423982,38.516166121908604],[-123.45546949654585,38.516166121908604],[-123.45546949654585,38.518861067760966],[-123.4581644423982,38.518861067760966],[-123.4581644423982,38.516166121908604]]]},"id":"-45811+14292","properties":{"area_sq_km":0.0,"count":1,"label":2,"latitude":38.51751359404085,"longitude":-123.456816969545,"near_healthy_bed":1,"priority_score":1.0,"priority_tier":"monitor","recommended_action":"no_action","region_id":"sonoma_mendocino","region_name":"Sonoma & Mendocino Counties, CA","state":"CA","status":2,"status_label":"healthy"}},{"type":"Feature","geometry":{"geodesic":false,"type":"Polygon","coordinates":[[[-123.47163917166,38.7182870608355],[-123.46894422580763,38.7182870608355],[-123.46894422580763,38.720982006687855],[-123.47163917166,38.720982006687855],[-123.47163917166,38.7182870608355]]]},"id":"-45816+14367","properties":{"area_sq_km":0.0,"count":1,"label":2,"latitude":38.719634533129785,"longitude":-123.47029169873947,"near_healthy_bed":1,"priority_score":1.0,"priority_tier":"monitor","recommended_action":"no_action","region_id":"sonoma_mendocino","region_name":"Sonoma & Mendocino Counties, CA","state":"CA","status":2,"status_label":"healthy"}},{"type":"Feature","geometry":{"geodesic":false,"type":"Polygon","coordinates":[[[-123.47433411751236,38.61048922674116],[-123.47163917166,38.61048922674116],[-123.47163917166,38.61318417259351],[-123.47433411751236,38.61318417259351],[-123.47433411751236,38.61048922674116]]]},"id":"-45817+14327","properties":{"area_sq_km":0.0,"count":1,"label":2,"latitude":38.61183669906452,"longitude":-123.47298664467407,"near_healthy_bed":1,"priority_score":1.0,"priority_tier":"monitor","recommended_action":"no_action","region_id":"sonoma_mendocino","region_name":"Sonoma & Mendocino Counties, CA","state":"CA","status":2,"status_label":"healthy"}},{"type":"Feature","geometry":{"geodesic":false,"type":"Polygon","coordinates":[[[-123.47433411751236,38.63743868526474],[-123.47163917166,38.63743868526474],[-123.47163917166,38.6401336311171],[-123.47433411751236,38.6401336311171],[-123.47433411751236,38.63743868526474]]]},"id":"-45817+14337","properties":{"area_sq_km":0.0,"count":1,"label":2,"latitude":38.638786157525736,"longitude":-123.47298664468453,"near_healthy_bed":1,"priority_score":1.0,"priority_tier":"monitor","recommended_action":"no_action","region_id":"sonoma_mendocino","region_name":"Sonoma & Mendocino Counties, CA","state":"CA","status":2,"status_label":"healthy"}},{"type":"Feature","geometry":{"geodesic":false,"type":"Polygon","coordinates":[[[-123.47433411751236,38.7182870608355],[-123.47163917166,38.7182870608355],[-123.47163917166,38.720982006687855],[-123.47433411751236,38.720982006687855],[-123.47433411751236,38.7182870608355]]]},"id":"-45817+14367","properties":{"area_sq_km":0.0,"count":1,"label":1,"latitude":38.71963453313044,"longitude":-123.4729866446604,"near_healthy_bed":1,"priority_score":1.0,"priority_tier":"monitor","recommended_action":"monitor_and_replant","region_id":"sonoma_mendocino","region_name":"Sonoma & Mendocino Counties, CA","state":"CA","status":1,"status_label":"recovering"}},{"type":"Feature","geometry":{"geodesic":false,"type":"Polygon","coordinates":[[[-123.47702906336471,38.615879118445875],[-123.47433411751236,38.615879118445875],[-123.47433411751236,38.61857406429823],[-123.47702906336471,38.61857406429823],[-123.47702906336471,38.615879118445875]]]},"id":"-45818+14329","properties":{"area_sq_km":0.0,"count":1,"label":2,"latitude":38.617226590682044,"longitude":-123.47568159044478,"near_healthy_bed":1,"priority_score":1.0,"priority_tier":"monitor","recommended_action":"no_action","region_id":"sonoma_mendocino","region_name":"Sonoma & Mendocino Counties, CA","state":"CA","status":2,"status_label":"healthy"}},{"type":"Feature","geometry":{"geodesic":false,"type":"Polygon","coordinates":[[[-123.47702906336471,38.66438814378833],[-123.47433411751236,38.66438814378833],[-123.47433411751236,38.667083089640684],[-123.47702906336471,38.667083089640684],[-123.47702906336471,38.66438814378833]]]},"id":"-45818+14347","properties":{"area_sq_km":0.0,"count":1,"label":2,"latitude":38.66573561598392,"longitude":-123.47568159040824,"near_healthy_bed":1,"priority_score":1.0,"priority_tier":"monitor","recommended_action":"no_action","region_id":"sonoma_mendocino","region_name":"Sonoma & Mendocino Counties, CA","state":"CA","status":2,"status_label":"healthy"}},{"type":"Feature","geometry":{"geodesic":false,"type":"Polygon","coordinates":[[[-123.48241895506943,38.63743868526474],[-123.47972400921707,38.63743868526474],[-123.47972400921707,38.6401336311171],[-123.48241895506943,38.6401336311171],[-123.48241895506943,38.63743868526474]]]},"id":"-45820+14337","properties":{"area_sq_km":0.0,"count":1,"label":2,"latitude":38.63878615752625,"longitude":-123.48107148212655,"near_healthy_bed":1,"priority_score":1.0,"priority_tier":"monitor","recommended_action":"no_action","region_id":"sonoma_mendocino","region_name":"Sonoma & Mendocino Counties, CA","state":"CA","status":2,"status_label":"healthy"}},{"type":"Feature","geometry":{"geodesic":false,"type":"Polygon","coordinates":[[[-123.48511390092179,38.64821846867417],[-123.48241895506943,38.64821846867417],[-123.48241895506943,38.650913414526535],[-123.48511390092179,38.650913414526535],[-123.48511390092179,38.64821846867417]]]},"id":"-45821+14341","properties":{"area_sq_km":0.0,"count":1,"label":2,"latitude":38.64956594075703,"longitude":-123.48376642801692,"near_healthy_bed":1,"priority_score":1.0,"priority_tier":"monitor","recommended_action":"no_action","region_id":"sonoma_mendocino","region_name":"Sonoma & Mendocino Counties, CA","state":"CA","status":2,"status_label":"healthy"}},{"type":"Feature","geometry":{"geodesic":false,"type":"Polygon","coordinates":[[[-123.48780884677414,38.62126901015059],[-123.48511390092179,38.62126901015059],[-123.48511390092179,38.623963956002946],[-123.48780884677414,38.623963956002946],[-123.48780884677414,38.62126901015059]]]},"id":"-45822+14331","properties":{"area_sq_km":0.0,"count":1,"label":2,"latitude":38.62261648259202,"longitude":-123.48646137374617,"near_healthy_bed":1,"priority_score":1.0,"priority_tier":"monitor","recommended_action":"no_action","region_id":"sonoma_mendocino","region_name":"Sonoma & Mendocino Counties, CA","state":"CA","status":2,"status_label":"healthy"}},{"type":"Feature","geometry":{"geodesic":false,"type":"Polygon","coordinates":[[[-123.49319873847887,38.65360836037889],[-123.49050379262651,38.65360836037889],[-123.49050379262651,38.65630330623125],[-123.49319873847887,38.65630330623125],[-123.49319873847887,38.65360836037889]]]},"id":"-45824+14343","properties":{"area_sq_km":0.0,"count":1,"label":2,"latitude":38.654955832517096,"longitude":-123.49185126550222,"near_healthy_bed":1,"priority_score":1.0,"priority_tier":"monitor","recommended_action":"no_action","region_id":"sonoma_mendocino","region_name":"Sonoma & Mendocino Counties, CA","state":"CA","status":2,"status_label":"healthy"}},{"type":"Feature","geometry":{"geodesic":false,"type":"Polygon","coordinates":[[[-123.50128357603595,38.59970944333172],[-123.49589368433122,38.59970944333172],[-123.49589368433122,38.60240438918408],[-123.50128357603595,38.60240438918408],[-123.50128357603595,38.59970944333172]]]},"id":"-45826+14323","properties":{"area_sq_km":0.0,"count":2,"label":2,"latitude":38.60105693870666,"longitude":-123.4985886301968,"near_healthy_bed":1,"priority_score":1.0,"priority_tier":"monitor","recommended_action":"no_action","region_id":"sonoma_mendocino","region_name":"Sonoma & Mendocino Counties, CA","state":"CA","status":2,"status_label":"healthy"}},{"type":"Feature","geometry":{"geodesic":false,"type":"Polygon","coordinates":[[[-123.49858863018358,38.605099335036435],[-123.49589368433122,38.605099335036435],[-123.49589368433122,38.6077942808888],[-123.49858863018358,38.6077942808888],[-123.49858863018358,38.605099335036435]]]},"id":"-45826+14325","properties":{"area_sq_km":0.0,"count":1,"label":2,"latitude":38.606446807396416,"longitude":-123.49724115718561,"near_healthy_bed":1,"priority_score":1.0,"priority_tier":"monitor","recommended_action":"no_action","region_id":"sonoma_mendocino","region_name":"Sonoma & Mendocino Counties, CA","state":"CA","status":2,"status_label":"healthy"}},{"type":"Feature","geometry":{"geodesic":false,"type":"Polygon","coordinates":[[[-123.50128357603595,38.72637189839257],[-123.49589368433122,38.72637189839257],[-123.49589368433122,38.72906684424493],[-123.50128357603595,38.72906684424493],[-123.50128357603595,38.72637189839257]]]},"id":"-45826+14370","properties":{"area_sq_km":0.0,"count":2,"label":2,"latitude":38.72771939372184,"longitude":-123.49858863020998,"near_healthy_bed":1,"priority_score":1.0,"priority_tier":"monitor","recommended_action":"no_action","region_id":"sonoma_mendocino","region_name":"Sonoma & Mendocino Counties, CA","state":"CA","status":2,"status_label":"healthy"}},{"type":"Feature","geometry":{"geodesic":false,"type":"Polygon","coordinates":[[[-123.5039785218883,38.71559211498314],[-123.50128357603595,38.71559211498314],[-123.50128357603595,38.7182870608355],[-123.5039785218883,38.7182870608355],[-123.5039785218883,38.71559211498314]]]},"id":"-45828+14366","properties":{"area_sq_km":0.0,"count":1,"label":2,"latitude":38.71693958724896,"longitude":-123.50263104896443,"near_healthy_bed":1,"priority_score":1.0,"priority_tier":"monitor","recommended_action":"no_action","region_id":"sonoma_mendocino","region_name":"Sonoma & Mendocino Counties, CA","state":"CA","status":2,"status_label":"healthy"}},{"type":"Feature","geometry":{"geodesic":false,"type":"Polygon","coordinates":[[[-123.50667346774065,38.64821846867417],[-123.5039785218883,38.64821846867417],[-123.5039785218883,38.650913414526535],[-123.50667346774065,38.650913414526535],[-123.50667346774065,38.64821846867417]]]},"id":"-45829+14341","properties":{"area_sq_km":0.0,"count":1,"label":2,"latitude":38.649565940763466,"longitude":-123.50532599486256,"near_healthy_bed":1,"priority_score":1.0,"priority_tier":"monitor","recommended_action":"no_action","region_id":"sonoma_mendocino","region_name":"Sonoma & Mendocino Counties, CA","state":"CA","status":2,"status_label":"healthy"}},{"type":"Feature","geometry":{"geodesic":false,"type":"Polygon","coordinates":[[[-123.50936841359302,38.71020222327842],[-123.50667346774065,38.71020222327842],[-123.50667346774065,38.712897169130784],[-123.50936841359302,38.712897169130784],[-123.50936841359302,38.71020222327842]]]},"id":"-45830+14364","properties":{"area_sq_km":0.0,"count":1,"label":2,"latitude":38.71154969548516,"longitude":-123.50802094061176,"near_healthy_bed":1,"priority_score":1.0,"priority_tier":"monitor","recommended_action":"no_action","region_id":"sonoma_mendocino","region_name":"Sonoma & Mendocino Counties, CA","state":"CA","status":2,"status_label":"healthy"}},{"type":"Feature","geometry":{"geodesic":false,"type":"Polygon","coordinates":[[[-123.52014819700246,38.73715168180201],[-123.52014819700246,38.73176179009729],[-123.52553808870717,38.73176179009729],[-123.52553808870717,38.72906684424493],[-123.51206335944538,38.72906684424493],[-123.51206335944538,38.73176179009729],[-123.51475830529773,38.73176179009729],[-123.51475830529773,38.73445673594965],[-123.51206335944538,38.73445673594965],[-123.51206335944538,38.73715168180201],[-123.52014819700246,38.73715168180201]]]},"id":"-45832+14373","properties":{"area_sq_km":1.0,"count":10,"label":2,"latitude":38.73257034091266,"longitude":-123.51772279674131,"near_healthy_bed":1,"priority_score":1.0,"priority_tier":"monitor","recommended_action":"no_action","region_id":"sonoma_mendocino","region_name":"Sonoma & Mendocino Counties, CA","state":"CA","status":2,"status_label":"healthy"}},{"type":"Feature","geometry":{"geodesic":false,"type":"Polygon","coordinates":[[[-123.51745325115009,38.669778035493046],[-123.51475830529773,38.669778035493046],[-123.51475830529773,38.6724729813454],[-123.51745325115009,38.6724729813454],[-123.51745325115009,38.669778035493046]]]},"id":"-45833+14349","properties":{"area_sq_km":0.0,"count":1,"label":2,"latitude":38.671125507687,"longitude":-123.51610577812842,"near_healthy_bed":1,"priority_score":1.0,"priority_tier":"monitor","recommended_action":"no_action","region_id":"sonoma_mendocino","region_name":"Sonoma & Mendocino Counties, CA","state":"CA","status":2,"status_label":"healthy"}},{"type":"Feature","geometry":{"geodesic":false,"type":"Polygon","coordinates":[[[-123.51745325115009,38.704812331573706],[-123.51475830529773,38.704812331573706],[-123.51475830529773,38.70750727742606],[-123.51745325115009,38.70750727742606],[-123.51745325115009,38.704812331573706]]]},"id":"-45833+14362","properties":{"area_sq_km":0.0,"count":1,"label":2,"latitude":38.70615980374935,"longitude":-123.51610577820101,"near_healthy_bed":1,"priority_score":1.0,"priority_tier":"monitor","recommended_action":"no_action","region_id":"sonoma_mendocino","region_name":"Sonoma & Mendocino Counties, CA","state":"CA","status":2,"status_label":"healthy"}},{"type":"Feature","geometry":{"geodesic":false,"type":"Polygon","coordinates":[[[-123.52014819700246,38.615879118445875],[-123.51745325115009,38.615879118445875],[-123.51745325115009,38.61857406429823],[-123.52014819700246,38.61857406429823],[-123.52014819700246,38.615879118445875]]]},"id":"-45834+14329","properties":{"area_sq_km":0.0,"count":1,"label":2,"latitude":38.61722659066328,"longitude":-123.51880072417407,"near_healthy_bed":1,"priority_score":1.0,"priority_tier":"monitor","recommended_action":"no_action","region_id":"sonoma_mendocino","region_name":"Sonoma & Mendocino Counties, CA","state":"CA","status":2,"status_label":"healthy"}},{"type":"Feature","geometry":{"geodesic":false,"type":"Polygon","coordinates":[[[-123.52014819700246,38.62935384770766],[-123.51745325115009,38.62935384770766],[-123.51745325115009,38.632048793560024],[-123.52014819700246,38.632048793560024],[-123.52014819700246,38.62935384770766]]]},"id":"-45834+14334","properties":{"area_sq_km":0.0,"count":1,"label":2,"latitude":38.63070131979441,"longitude":-123.51880072407432,"near_healthy_bed":1,"priority_score":1.0,"priority_tier":"monitor","recommended_action":"no_action","region_id":"sonoma_mendocino","region_name":"Sonoma & Mendocino Counties, CA","state":"CA","status":2,"status_label":"healthy"}},{"type":"Feature","geometry":{"geodesic":false,"type":"Polygon","coordinates":[[[-123.52014819700246,38.69133760231191],[-123.51745325115009,38.69133760231191],[-123.51745325115009,38.69403254816427],[-123.52014819700246,38.69403254816427],[-123.52014819700246,38.69133760231191]]]},"id":"-45834+14357","properties":{"area_sq_km":0.0,"count":1,"label":2,"latitude":38.69268507453648,"longitude":-123.51880072413445,"near_healthy_bed":1,"priority_score":1.0,"priority_tier":"monitor","recommended_action":"no_action","region_id":"sonoma_mendocino","region_name":"Sonoma & Mendocino Counties, CA","state":"CA","status":2,"status_label":"healthy"}},{"type":"Feature","geometry":{"geodesic":false,"type":"Polygon","coordinates":[[[-123.52014819700246,38.69942243986899],[-123.51745325115009,38.69942243986899],[-123.51745325115009,38.702117385721344],[-123.52014819700246,38.702117385721344],[-123.52014819700246,38.69942243986899]]]},"id":"-45834+14360","properties":{"area_sq_km":0.0,"count":1,"label":2,"latitude":38.70076991216,"longitude":-123.5188007242557,"near_healthy_bed":1,"priority_score":1.0,"priority_tier":"monitor","recommended_action":"no_action","region_id":"sonoma_mendocino","region_name":"Sonoma & Mendocino Counties, CA","state":"CA","status":2,"status_label":"healthy"}},{"type":"Feature","geometry":{"geodesic":false,"type":"Polygon","coordinates":[[[-123.52284314285481,38.702117385721344],[-123.52014819700246,38.702117385721344],[-123.52014819700246,38.704812331573706],[-123.52284314285481,38.704812331573706],[-123.52284314285481,38.702117385721344]]]},"id":"-45835+14361","properties":{"area_sq_km":0.0,"count":1,"label":2,"latitude":38.70346485777659,"longitude":-123.52149566998393,"near_healthy_bed":1,"priority_score":1.0,"priority_tier":"monitor","recommended_action":"no_action","region_id":"sonoma_mendocino","region_name":"Sonoma & Mendocino Counties, CA","state":"CA","status":2,"status_label":"healthy"}},{"type":"Feature","geometry":{"geodesic":false,"type":"Polygon","coordinates":[[[-123.52284314285481,38.71559211498314],[-123.52014819700246,38.71559211498314],[-123.52014819700246,38.7182870608355],[-123.52284314285481,38.7182870608355],[-123.52284314285481,38.71559211498314]]]},"id":"-45835+14366","properties":{"area_sq_km":0.0,"count":1,"label":2,"latitude":38.716939587229966,"longitude":-123.52149566991581,"near_healthy_bed":1,"priority_score":1.0,"priority_tier":"monitor","recommended_action":"no_action","region_id":"sonoma_mendocino","region_name":"Sonoma & Mendocino Counties, CA","state":"CA","status":2,"status_label":"healthy"}},{"type":"Feature","geometry":{"geodesic":false,"type":"Polygon","coordinates":[[[-123.52823303455952,38.66169319793597],[-123.52553808870717,38.66169319793597],[-123.52553808870717,38.66438814378833],[-123.52823303455952,38.66438814378833],[-123.52823303455952,38.66169319793597]]]},"id":"-45837+14346","properties":{"area_sq_km":0.0,"count":1,"label":2,"latitude":38.663040669952444,"longitude":-123.52688556178059,"near_healthy_bed":1,"priority_score":1.0,"priority_tier":"monitor","recommended_action":"no_action","region_id":"sonoma_mendocino","region_name":"Sonoma & Mendocino Counties, CA","state":"CA","status":2,"status_label":"healthy"}},{"type":"Feature","geometry":{"geodesic":false,"type":"Polygon","coordinates":[[[-123.52823303455952,38.68055781890248],[-123.52553808870717,38.68055781890248],[-123.52553808870717,38.68325276475483],[-123.52823303455952,38.68325276475483],[-123.52823303455952,38.68055781890248]]]},"id":"-45837+14353","properties":{"area_sq_km":0.0,"count":1,"label":2,"latitude":38.681905290985306,"longitude":-123.52688556169878,"near_healthy_bed":1,"priority_score":1.0,"priority_tier":"monitor","recommended_action":"no_action","region_id":"sonoma_mendocino","region_name":"Sonoma & Mendocino Counties, CA","state":"CA","status":2,"status_label":"healthy"}},{"type":"Feature","geometry":{"geodesic":false,"type":"Polygon","coordinates":[[[-123.53092798041189,38.702117385721344],[-123.52553808870717,38.702117385721344],[-123.52553808870717,38.704812331573706],[-123.53092798041189,38.704812331573706],[-123.53092798041189,38.702117385721344]]]},"id":"-45837+14361","properties":{"area_sq_km":0.0,"count":2,"label":2,"latitude":38.70346488114083,"longitude":-123.52823303459935,"near_healthy_bed":1,"priority_score":1.0,"priority_tier":"monitor","recommended_action":"no_action","region_id":"sonoma_mendocino","region_name":"Sonoma & Mendocino Counties, CA","state":"CA","status":2,"status_label":"healthy"}},{"type":"Feature","geometry":{"geodesic":false,"type":"Polygon","coordinates":[[[-123.53092798041189,38.704812331573706],[-123.52553808870717,38.704812331573706],[-123.52553808870717,38.70750727742606],[-123.53092798041189,38.70750727742606],[-123.53092798041189,38.704812331573706]]]},"id":"-45837+14362","properties":{"area_sq_km":0.0,"count":2,"label":0,"latitude":38.70615982689781,"longitude":-123.52823303459839,"near_healthy_bed":1,"priority_score":1.0,"priority_tier":"monitor","recommended_action":"urchin_removal_then_replant","region_id":"sonoma_mendocino","region_name":"Sonoma & Mendocino Counties, CA","state":"CA","status":0,"status_label":"barren"}},{"type":"Feature","geometry":{"geodesic":false,"type":"Polygon","coordinates":[[[-123.53092798041189,38.712897169130784],[-123.52553808870717,38.712897169130784],[-123.52553808870717,38.71559211498314],[-123.53092798041189,38.71559211498314],[-123.53092798041189,38.712897169130784]]]},"id":"-45837+14365","properties":{"area_sq_km":0.0,"count":2,"label":2,"latitude":38.71424466457778,"longitude":-123.52823303457401,"near_healthy_bed":1,"priority_score":1.0,"priority_tier":"monitor","recommended_action":"no_action","region_id":"sonoma_mendocino","region_name":"Sonoma & Mendocino Counties, CA","state":"CA","status":2,"status_label":"healthy"}},{"type":"Feature","geometry":{"geodesic":false,"type":"Polygon","coordinates":[[[-123.53092798041189,38.69403254816427],[-123.52823303455952,38.69403254816427],[-123.52823303455952,38.69672749401663],[-123.53092798041189,38.69672749401663],[-123.53092798041189,38.69403254816427]]]},"id":"-45838+14358","properties":{"area_sq_km":0.0,"count":1,"label":2,"latitude":38.69538002030025,"longitude":-123.52958050742428,"near_healthy_bed":1,"priority_score":1.0,"priority_tier":"monitor","recommended_action":"no_action","region_id":"sonoma_mendocino","region_name":"Sonoma & Mendocino Counties, CA","state":"CA","status":2,"status_label":"healthy"}},{"type":"Feature","geometry":{"geodesic":false,"type":"Polygon","coordinates":[[[-123.5363178721166,38.739846627654366],[-123.5363178721166,38.73445673594965],[-123.53362292626424,38.73445673594965],[-123.53362292626424,38.73176179009729],[-123.52553808870717,38.73176179009729],[-123.52553808870717,38.73445673594965],[-123.53092798041189,38.73445673594965],[-123.53092798041189,38.73715168180201],[-123.52823303455952,38.73715168180201],[-123.52823303455952,38.739846627654366],[-123.5363178721166,38.739846627654366]]]},"id":"-45838+14374","properties":{"area_sq_km":1.0,"count":8,"label":2,"latitude":38.735804205292105,"longitude":-123.53160165127225,"near_healthy_bed":1,"priority_score":1.0,"priority_tier":"monitor","recommended_action":"no_action","region_id":"sonoma_mendocino","region_name":"Sonoma & Mendocino Counties, CA","state":"CA","status":2,"status_label":"healthy"}},{"type":"Feature","geometry":{"geodesic":false,"type":"Polygon","coordinates":[[[-123.53362292626424,38.66438814378833],[-123.53092798041189,38.66438814378833],[-123.53092798041189,38.6724729813454],[-123.53362292626424,38.6724729813454],[-123.53362292626424,38.66438814378833]]]},"id":"-45839+14349","properties":{"area_sq_km":0.0,"count":3,"label":2,"latitude":38.66843049421076,"longitude":-123.53227545334384,"near_healthy_bed":1,"priority_score":1.0,"priority_tier":"monitor","recommended_action":"no_action","region_id":"sonoma_mendocino","region_name":"Sonoma & Mendocino Counties, CA","state":"CA","status":2,"status_label":"healthy"}},{"type":"Feature","geometry":{"geodesic":false,"type":"Polygon","coordinates":[[[-123.53362292626424,38.67516792719776],[-123.53092798041189,38.67516792719776],[-123.53092798041189,38.67786287305012],[-123.53362292626424,38.67786287305012],[-123.53362292626424,38.67516792719776]]]},"id":"-45839+14351","properties":{"area_sq_km":0.0,"count":1,"label":2,"latitude":38.67651539943815,"longitude":-123.53227545332112,"near_healthy_bed":1,"priority_score":1.0,"priority_tier":"monitor","recommended_action":"no_action","region_id":"sonoma_mendocino","region_name":"Sonoma & Mendocino Counties, CA","state":"CA","status":2,"status_label":"healthy"}},{"type":"Feature","geometry":{"geodesic":false,"type":"Polygon","coordinates":[[[-123.53362292626424,38.69672749401663],[-123.53092798041189,38.69672749401663],[-123.53092798041189,38.69942243986899],[-123.53362292626424,38.69942243986899],[-123.53362292626424,38.69672749401663]]]},"id":"-45839+14359","properties":{"area_sq_km":0.0,"count":1,"label":2,"latitude":38.698074966174225,"longitude":-123.53227545333036,"near_healthy_bed":1,"priority_score":1.0,"priority_tier":"monitor","recommended_action":"no_action","region_id":"sonoma_mendocino","region_name":"Sonoma & Mendocino Counties, CA","state":"CA","status":2,"status_label":"healthy"}},{"type":"Feature","geometry":{"geodesic":false,"type":"Polygon","coordinates":[[[-123.5363178721166,38.65630330623125],[-123.53362292626424,38.65630330623125],[-123.53362292626424,38.66169319793597],[-123.5363178721166,38.66169319793597],[-123.5363178721166,38.65630330623125]]]},"id":"-45840+14345","properties":{"area_sq_km":0.0,"count":2,"label":2,"latitude":38.65899822609325,"longitude":-123.53497039921379,"near_healthy_bed":1,"priority_score":1.0,"priority_tier":"monitor","recommended_action":"no_action","region_id":"sonoma_mendocino","region_name":"Sonoma & Mendocino Counties, CA","state":"CA","status":2,"status_label":"healthy"}},{"type":"Feature","geometry":{"geodesic":false,"type":"Polygon","coordinates":[[[-123.54170776382132,38.67516792719776],[-123.54170776382132,38.669778035493046],[-123.53901281796897,38.669778035493046],[-123.53901281796897,38.6724729813454],[-123.53362292626424,38.6724729813454],[-123.53362292626424,38.67516792719776],[-123.54170776382132,38.67516792719776]]]},"id":"-45840+14350","properties":{"area_sq_km":0.0,"count":4,"label":2,"latitude":38.67314674443679,"longitude":-123.5383391176989,"near_healthy_bed":1,"priority_score":1.0,"priority_tier":"monitor","recommended_action":"no_action","region_id":"sonoma_mendocino","region_name":"Sonoma & Mendocino Counties, CA","state":"CA","status":2,"status_label":"healthy"}},{"type":"Feature","geometry":{"geodesic":false,"type":"Polygon","coordinates":[[[-123.5363178721166,38.720982006687855],[-123.53362292626424,38.720982006687855],[-123.53362292626424,38.72367695254022],[-123.5363178721166,38.72367695254022],[-123.5363178721166,38.720982006687855]]]},"id":"-45840+14368","properties":{"area_sq_km":0.0,"count":1,"label":0,"latitude":38.72232947873639,"longitude":-123.53497039918481,"near_healthy_bed":1,"priority_score":1.0,"priority_tier":"monitor","recommended_action":"urchin_removal_then_replant","region_id":"sonoma_mendocino","region_name":"Sonoma & Mendocino Counties, CA","state":"CA","status":0,"status_label":"barren"}},{"type":"Feature","geometry":{"geodesic":false,"type":"Polygon","coordinates":[[[-123.53901281796897,38.650913414526535],[-123.53901281796897,38.64552352282182],[-123.53362292626424,38.64552352282182],[-123.53362292626424,38.64821846867417],[-123.5363178721166,38.64821846867417],[-123.5363178721166,38.650913414526535],[-123.53901281796897,38.650913414526535]]]},"id":"-45841+14341","properties":{"area_sq_km":0.0,"count":3,"label":2,"latitude":38.64776930328894,"longitude":-123.53676700896114,"near_healthy_bed":1,"priority_score":1.0,"priority_tier":"monitor","recommended_action":"no_action","region_id":"sonoma_mendocino","region_name":"Sonoma & Mendocino Counties, CA","state":"CA","status":2,"status_label":"healthy"}},{"type":"Feature","geometry":{"geodesic":false,"type":"Polygon","coordinates":[[[-123.54170776382132,38.658998252083606],[-123.53901281796897,38.658998252083606],[-123.53901281796897,38.66438814378833],[-123.54170776382132,38.66438814378833],[-123.54170776382132,38.658998252083606]]]},"id":"-45842+14346","properties":{"area_sq_km":0.0,"count":2,"label":2,"latitude":38.661693171885005,"longitude":-123.54036029089615,"near_healthy_bed":1,"priority_score":1.0,"priority_tier":"monitor","recommended_action":"no_action","region_id":"sonoma_mendocino","region_name":"Sonoma & Mendocino Counties, CA","state":"CA","status":2,"status_label":"healthy"}},{"type":"Feature","geometry":{"geodesic":false,"type":"Polygon","coordinates":[[[-123.54170776382132,38.72637189839257],[-123.53901281796897,38.72637189839257],[-123.53901281796897,38.72906684424493],[-123.54170776382132,38.72906684424493],[-123.54170776382132,38.72637189839257]]]},"id":"-45842+14370","properties":{"area_sq_km":0.0,"count":1,"label":0,"latitude":38.72771937050607,"longitude":-123.54036029088677,"near_healthy_bed":1,"priority_score":1.0,"priority_tier":"monitor","recommended_action":"urchin_removal_then_replant","region_id":"sonoma_mendocino","region_name":"Sonoma & Mendocino Counties, CA","state":"CA","status":0,"status_label":"barren"}},{"type":"Feature","geometry":{"geodesic":false,"type":"Polygon","coordinates":[[[-123.53362292626424,38.72367695254022],[-123.53362292626424,38.72906684424493],[-123.5363178721166,38.72906684424493],[-123.5363178721166,38.73176179009729],[-123.53901281796897,38.73176179009729],[-123.53901281796897,38.73445673594965],[-123.54440270967368,38.73445673594965],[-123.54440270967368,38.73176179009729],[-123.54170776382132,38.73176179009729],[-123.54170776382132,38.72906684424493],[-123.54709765552603,38.72906684424493],[-123.54709765552603,38.72637189839257],[-123.54440270967368,38.72637189839257],[-123.54440270967368,38.720982006687855],[-123.54170776382132,38.720982006687855],[-123.54170776382132,38.72367695254022],[-123.53901281796897,38.72367695254022],[-123.53901281796897,38.71559211498314],[-123.5363178721166,38.71559211498314],[-123.5363178721166,38.712897169130784],[-123.53901281796897,38.712897169130784],[-123.53901281796897,38.71020222327842],[-123.5363178721166,38.71020222327842],[-123.5363178721166,38.704812331573706],[-123.53092798041189,38.704812331573706],[-123.53092798041189,38.70750727742606],[-123.52553808870717,38.70750727742606],[-123.52553808870717,38.704812331573706],[-123.52284314285481,38.704812331573706],[-123.52284314285481,38.70750727742606],[-123.52014819700246,38.70750727742606],[-123.52014819700246,38.71020222327842],[-123.53092798041189,38.71020222327842],[-123.53092798041189,38.712897169130784],[-123.53362292626424,38.712897169130784],[-123.53362292626424,38.7182870608355],[-123.52823303455952,38.7182870608355],[-123.52823303455952,38.72367695254022],[-123.53362292626424,38.72367695254022]],[[-123.54170776382132,38.72906684424493],[-123.54170776382132,38.72637189839257],[-123.53901281796897,38.72637189839257],[-123.53901281796897,38.72906684424493],[-123.54170776382132,38.72906684424493]],[[-123.53362292626424,38.72367695254022],[-123.5363178721166,38.72367695254022],[-123.5363178721166,38.720982006687855],[-123.53362292626424,38.720982006687855],[-123.53362292626424,38.72367695254022]]]},"id":"-45842+14372","properties":{"area_sq_km":2.0,"count":35,"label":2,"latitude":38.71886368997498,"longitude":-123.5351234518017,"near_healthy_bed":1,"priority_score":1.0,"priority_tier":"monitor","recommended_action":"no_action","region_id":"sonoma_mendocino","region_name":"Sonoma & Mendocino Counties, CA","state":"CA","status":2,"status_label":"healthy"}},{"type":"Feature","geometry":{"geodesic":false,"type":"Polygon","coordinates":[[[-123.54440270967368,38.64552352282182],[-123.54170776382132,38.64552352282182],[-123.54170776382132,38.64821846867417],[-123.54440270967368,38.64821846867417],[-123.54440270967368,38.64552352282182]]]},"id":"-45843+14340","properties":{"area_sq_km":0.0,"count":1,"label":2,"latitude":38.646870995129156,"longitude":-123.54305523677957,"near_healthy_bed":1,"priority_score":1.0,"priority_tier":"monitor","recommended_action":"no_action","region_id":"sonoma_mendocino","region_name":"Sonoma & Mendocino Counties, CA","state":"CA","status":2,"status_label":"healthy"}},{"type":"Feature","geometry":{"geodesic":false,"type":"Polygon","coordinates":[[[-123.54440270967368,38.65360836037889],[-123.54170776382132,38.65360836037889],[-123.54170776382132,38.658998252083606],[-123.54440270967368,38.658998252083606],[-123.54440270967368,38.65360836037889]]]},"id":"-45843+14344","properties":{"area_sq_km":0.0,"count":2,"label":2,"latitude":38.65630328014025,"longitude":-123.5430552367557,"near_healthy_bed":1,"priority_score":1.0,"priority_tier":"monitor","recommended_action":"no_action","region_id":"sonoma_mendocino","region_name":"Sonoma & Mendocino Counties, CA","state":"CA","status":2,"status_label":"healthy"}},{"type":"Feature","geometry":{"geodesic":false,"type":"Polygon","coordinates":[[[-123.54709765552603,38.667083089640684],[-123.54440270967368,38.667083089640684],[-123.54440270967368,38.669778035493046],[-123.54709765552603,38.669778035493046],[-123.54709765552603,38.667083089640684]]]},"id":"-45844+14348","properties":{"area_sq_km":0.0,"count":1,"label":2,"latitude":38.66843056179967,"longitude":-123.54575018268723,"near_healthy_bed":1,"priority_score":1.0,"priority_tier":"monitor","recommended_action":"no_action","region_id":"sonoma_mendocino","region_name":"Sonoma & Mendocino Counties, CA","state":"CA","status":2,"status_label":"healthy"}},{"type":"Feature","geometry":{"geodesic":false,"type":"Polygon","coordinates":[[[-123.5497926013784,38.73715168180201],[-123.5497926013784,38.73176179009729],[-123.54709765552603,38.73176179009729],[-123.54709765552603,38.73445673594965],[-123.54440270967368,38.73445673594965],[-123.54440270967368,38.73715168180201],[-123.5497926013784,38.73715168180201]]]},"id":"-45844+14373","properties":{"area_sq_km":0.0,"count":3,"label":2,"latitude":38.73490588571703,"longitude":-123.54754683417147,"near_healthy_bed":1,"priority_score":1.0,"priority_tier":"monitor","recommended_action":"no_action","region_id":"sonoma_mendocino","region_name":"Sonoma & Mendocino Counties, CA","state":"CA","status":2,"status_label":"healthy"}},{"type":"Feature","geometry":{"geodesic":false,"type":"Polygon","coordinates":[[[-123.55248754723075,38.7182870608355],[-123.5497926013784,38.7182870608355],[-123.5497926013784,38.720982006687855],[-123.55248754723075,38.720982006687855],[-123.55248754723075,38.7182870608355]]]},"id":"-45846+14367","properties":{"area_sq_km":0.0,"count":1,"label":2,"latitude":38.719634533136194,"longitude":-123.5511400742185,"near_healthy_bed":1,"priority_score":1.0,"priority_tier":"monitor","recommended_action":"no_action","region_id":"sonoma_mendocino","region_name":"Sonoma & Mendocino Counties, CA","state":"CA","status":2,"status_label":"healthy"}},{"type":"Feature","geometry":{"geodesic":false,"type":"Polygon","coordinates":[[[-123.56326733064019,38.782965761292104],[-123.56057238478783,38.782965761292104],[-123.56057238478783,38.78566070714446],[-123.56326733064019,38.78566070714446],[-123.56326733064019,38.782965761292104]]]},"id":"-45850+14391","properties":{"area_sq_km":0.0,"count":1,"label":2,"latitude":38.784313233499994,"longitude":-123.56191985776199,"near_healthy_bed":1,"priority_score":1.0,"priority_tier":"monitor","recommended_action":"no_action","region_id":"sonoma_mendocino","region_name":"Sonoma & Mendocino Counties, CA","state":"CA","status":2,"status_label":"healthy"}},{"type":"Feature","geometry":{"geodesic":false,"type":"Polygon","coordinates":[[[-123.56865722234491,38.67786287305012],[-123.56596227649254,38.67786287305012],[-123.56596227649254,38.68055781890248],[-123.56865722234491,38.68055781890248],[-123.56865722234491,38.67786287305012]]]},"id":"-45852+14352","properties":{"area_sq_km":0.0,"count":1,"label":2,"latitude":38.67921034529143,"longitude":-123.56730974945236,"near_healthy_bed":1,"priority_score":1.0,"priority_tier":"monitor","recommended_action":"no_action","region_id":"sonoma_mendocino","region_name":"Sonoma & Mendocino Counties, CA","state":"CA","status":2,"status_label":"healthy"}},{"type":"Feature","geometry":{"geodesic":false,"type":"Polygon","coordinates":[[[-123.5821319516067,38.67786287305012],[-123.57943700575434,38.67786287305012],[-123.57943700575434,38.68055781890248],[-123.5821319516067,38.68055781890248],[-123.5821319516067,38.67786287305012]]]},"id":"-45857+14352","properties":{"area_sq_km":0.0,"count":1,"label":2,"latitude":38.67921034531807,"longitude":-123.5807844787032,"near_healthy_bed":1,"priority_score":1.0,"priority_tier":"monitor","recommended_action":"no_action","region_id":"sonoma_mendocino","region_name":"Sonoma & Mendocino Counties, CA","state":"CA","status":2,"status_label":"healthy"}},{"type":"Feature","geometry":{"geodesic":false,"type":"Polygon","coordinates":[[[-123.59291173501613,38.58084482236521],[-123.59021678916378,38.58084482236521],[-123.59021678916378,38.58353976821757],[-123.59291173501613,38.58353976821757],[-123.59291173501613,38.58084482236521]]]},"id":"-45861+14316","properties":{"area_sq_km":0.0,"count":1,"label":2,"latitude":38.5821922946093,"longitude":-123.59156426205753,"near_healthy_bed":1,"priority_score":1.0,"priority_tier":"monitor","recommended_action":"no_action","region_id":"sonoma_mendocino","region_name":"Sonoma & Mendocino Counties, CA","state":"CA","status":2,"status_label":"healthy"}},{"type":"Feature","geometry":{"geodesic":false,"type":"Polygon","coordinates":[[[-123.59560668086849,38.58623471406993],[-123.59291173501613,38.58623471406993],[-123.59291173501613,38.588929659922286],[-123.59560668086849,38.588929659922286],[-123.59560668086849,38.58623471406993]]]},"id":"-45862+14318","properties":{"area_sq_km":0.0,"count":1,"label":2,"latitude":38.58758218634952,"longitude":-123.59425920803348,"near_healthy_bed":1,"priority_score":1.0,"priority_tier":"monitor","recommended_action":"no_action","region_id":"sonoma_mendocino","region_name":"Sonoma & Mendocino Counties, CA","state":"CA","status":2,"status_label":"healthy"}},{"type":"Feature","geometry":{"geodesic":false,"type":"Polygon","coordinates":[[[-123.59560668086849,38.79105059884918],[-123.59291173501613,38.79105059884918],[-123.59291173501613,38.79374554470154],[-123.59560668086849,38.79374554470154],[-123.59560668086849,38.79105059884918]]]},"id":"-45862+14394","properties":{"area_sq_km":0.0,"count":1,"label":2,"latitude":38.79239807099402,"longitude":-123.59425920805134,"near_healthy_bed":1,"priority_score":1.0,"priority_tier":"monitor","recommended_action":"no_action","region_id":"sonoma_mendocino","region_name":"Sonoma & Mendocino Counties, CA","state":"CA","status":2,"status_label":"healthy"}},{"type":"Feature","geometry":{"geodesic":false,"type":"Polygon","coordinates":[[[-123.60369151842556,38.59162460577465],[-123.60369151842556,38.58623471406993],[-123.60099657257321,38.58623471406993],[-123.60099657257321,38.588929659922286],[-123.59560668086849,38.588929659922286],[-123.59560668086849,38.59162460577465],[-123.60369151842556,38.59162460577465]]]},"id":"-45863+14319","properties":{"area_sq_km":0.0,"count":4,"label":2,"latitude":38.589603423180016,"longitude":-123.60032287219974,"near_healthy_bed":1,"priority_score":1.0,"priority_tier":"monitor","recommended_action":"no_action","region_id":"sonoma_mendocino","region_name":"Sonoma & Mendocino Counties, CA","state":"CA","status":2,"status_label":"healthy"}},{"type":"Feature","geometry":{"geodesic":false,"type":"Polygon","coordinates":[[[-123.59830162672085,38.60240438918408],[-123.59560668086849,38.60240438918408],[-123.59560668086849,38.605099335036435],[-123.59830162672085,38.605099335036435],[-123.59830162672085,38.60240438918408]]]},"id":"-45863+14324","properties":{"area_sq_km":0.0,"count":1,"label":2,"latitude":38.60375186136315,"longitude":-123.59695415372762,"near_healthy_bed":1,"priority_score":1.0,"priority_tier":"monitor","recommended_action":"no_action","region_id":"sonoma_mendocino","region_name":"Sonoma & Mendocino Counties, CA","state":"CA","status":2,"status_label":"healthy"}},{"type":"Feature","geometry":{"geodesic":false,"type":"Polygon","coordinates":[[[-123.59830162672085,38.623963956002946],[-123.59560668086849,38.623963956002946],[-123.59560668086849,38.62665890185531],[-123.59830162672085,38.62665890185531],[-123.59830162672085,38.623963956002946]]]},"id":"-45863+14332","properties":{"area_sq_km":0.0,"count":1,"label":2,"latitude":38.62531142821423,"longitude":-123.5969541536844,"near_healthy_bed":1,"priority_score":1.0,"priority_tier":"monitor","recommended_action":"no_action","region_id":"sonoma_mendocino","region_name":"Sonoma & Mendocino Counties, CA","state":"CA","status":2,"status_label":"healthy"}},{"type":"Feature","geometry":{"geodesic":false,"type":"Polygon","coordinates":[[[-123.60099657257321,38.55928525554634],[-123.59830162672085,38.55928525554634],[-123.59830162672085,38.561980201398704],[-123.60099657257321,38.561980201398704],[-123.60099657257321,38.55928525554634]]]},"id":"-45864+14308","properties":{"area_sq_km":0.0,"count":1,"label":2,"latitude":38.56063272769866,"longitude":-123.59964909965682,"near_healthy_bed":1,"priority_score":1.0,"priority_tier":"monitor","recommended_action":"no_action","region_id":"sonoma_mendocino","region_name":"Sonoma & Mendocino Counties, CA","state":"CA","status":2,"status_label":"healthy"}},{"type":"Feature","geometry":{"geodesic":false,"type":"Polygon","coordinates":[[[-123.60099657257321,38.570065038955775],[-123.59830162672085,38.570065038955775],[-123.59830162672085,38.57275998480814],[-123.60099657257321,38.57275998480814],[-123.60099657257321,38.570065038955775]]]},"id":"-45864+14312","properties":{"area_sq_km":0.0,"count":1,"label":2,"latitude":38.57141251124977,"longitude":-123.59964909964623,"near_healthy_bed":1,"priority_score":1.0,"priority_tier":"monitor","recommended_action":"no_action","region_id":"sonoma_mendocino","region_name":"Sonoma & Mendocino Counties, CA","state":"CA","status":2,"status_label":"healthy"}},{"type":"Feature","geometry":{"geodesic":false,"type":"Polygon","coordinates":[[[-123.60099657257321,38.60240438918408],[-123.60099657257321,38.59970944333172],[-123.60369151842556,38.59970944333172],[-123.60369151842556,38.597014497479364],[-123.59560668086849,38.597014497479364],[-123.59560668086849,38.59970944333172],[-123.59830162672085,38.59970944333172],[-123.59830162672085,38.60240438918408],[-123.60099657257321,38.60240438918408]]]},"id":"-45864+14323","properties":{"area_sq_km":0.0,"count":4,"label":2,"latitude":38.59903572586259,"longitude":-123.59964909961595,"near_healthy_bed":1,"priority_score":1.0,"priority_tier":"monitor","recommended_action":"no_action","region_id":"sonoma_mendocino","region_name":"Sonoma & Mendocino Counties, CA","state":"CA","status":2,"status_label":"healthy"}},{"type":"Feature","geometry":{"geodesic":false,"type":"Polygon","coordinates":[[[-123.60099657257321,38.61857406429823],[-123.59830162672085,38.61857406429823],[-123.59830162672085,38.62126901015059],[-123.60099657257321,38.62126901015059],[-123.60099657257321,38.61857406429823]]]},"id":"-45864+14330","properties":{"area_sq_km":0.0,"count":1,"label":2,"latitude":38.6199215365286,"longitude":-123.59964909954236,"near_healthy_bed":1,"priority_score":1.0,"priority_tier":"monitor","recommended_action":"no_action","region_id":"sonoma_mendocino","region_name":"Sonoma & Mendocino Counties, CA","state":"CA","status":2,"status_label":"healthy"}},{"type":"Feature","geometry":{"geodesic":false,"type":"Polygon","coordinates":[[[-123.60099657257321,38.64552352282182],[-123.59830162672085,38.64552352282182],[-123.59830162672085,38.64821846867417],[-123.60099657257321,38.64821846867417],[-123.60099657257321,38.64552352282182]]]},"id":"-45864+14340","properties":{"area_sq_km":0.0,"count":1,"label":2,"latitude":38.646870995136176,"longitude":-123.59964909967337,"near_healthy_bed":1,"priority_score":1.0,"priority_tier":"monitor","recommended_action":"no_action","region_id":"sonoma_mendocino","region_name":"Sonoma & Mendocino Counties, CA","state":"CA","status":2,"status_label":"healthy"}},{"type":"Feature","geometry":{"geodesic":false,"type":"Polygon","coordinates":[[[-123.60638646427792,38.59970944333172],[-123.60369151842556,38.59970944333172],[-123.60369151842556,38.60240438918408],[-123.60638646427792,38.60240438918408],[-123.60638646427792,38.59970944333172]]]},"id":"-45866+14323","properties":{"area_sq_km":0.0,"count":1,"label":2,"latitude":38.60105691548049,"longitude":-123.6050389913871,"near_healthy_bed":1,"priority_score":1.0,"priority_tier":"monitor","recommended_action":"no_action","region_id":"sonoma_mendocino","region_name":"Sonoma & Mendocino Counties, CA","state":"CA","status":2,"status_label":"healthy"}},{"type":"Feature","geometry":{"geodesic":false,"type":"Polygon","coordinates":[[[-123.60638646427792,38.6077942808888],[-123.60369151842556,38.6077942808888],[-123.60369151842556,38.61318417259351],[-123.60638646427792,38.61318417259351],[-123.60638646427792,38.6077942808888]]]},"id":"-45866+14327","properties":{"area_sq_km":0.0,"count":2,"label":2,"latitude":38.61048920067872,"longitude":-123.60503899143744,"near_healthy_bed":1,"priority_score":1.0,"priority_tier":"monitor","recommended_action":"no_action","region_id":"sonoma_mendocino","region_name":"Sonoma & Mendocino Counties, CA","state":"CA","status":2,"status_label":"healthy"}},{"type":"Feature","geometry":{"geodesic":false,"type":"Polygon","coordinates":[[[-123.60638646427792,38.615879118445875],[-123.60369151842556,38.615879118445875],[-123.60369151842556,38.61857406429823],[-123.60638646427792,38.61857406429823],[-123.60638646427792,38.615879118445875]]]},"id":"-45866+14329","properties":{"area_sq_km":0.0,"count":1,"label":2,"latitude":38.61722659063649,"longitude":-123.60503899136619,"near_healthy_bed":1,"priority_score":1.0,"priority_tier":"monitor","recommended_action":"no_action","region_id":"sonoma_mendocino","region_name":"Sonoma & Mendocino Counties, CA","state":"CA","status":2,"status_label":"healthy"}},{"type":"Feature","geometry":{"geodesic":false,"type":"Polygon","coordinates":[[[-123.60638646427792,38.62126901015059],[-123.60369151842556,38.62126901015059],[-123.60369151842556,38.623963956002946],[-123.60638646427792,38.623963956002946],[-123.60638646427792,38.62126901015059]]]},"id":"-45866+14331","properties":{"area_sq_km":0.0,"count":1,"label":2,"latitude":38.62261648259844,"longitude":-123.60503899139032,"near_healthy_bed":1,"priority_score":1.0,"priority_tier":"monitor","recommended_action":"no_action","region_id":"sonoma_mendocino","region_name":"Sonoma & Mendocino Counties, CA","state":"CA","status":2,"status_label":"healthy"}},{"type":"Feature","geometry":{"geodesic":false,"type":"Polygon","coordinates":[[[-123.60908141013029,38.58623471406993],[-123.60638646427792,38.58623471406993],[-123.60638646427792,38.588929659922286],[-123.60908141013029,38.588929659922286],[-123.60908141013029,38.58623471406993]]]},"id":"-45867+14318","properties":{"area_sq_km":0.0,"count":1,"label":2,"latitude":38.58758218634333,"longitude":-123.60773393722882,"near_healthy_bed":1,"priority_score":1.0,"priority_tier":"monitor","recommended_action":"no_action","region_id":"sonoma_mendocino","region_name":"Sonoma & Mendocino Counties, CA","state":"CA","status":2,"status_label":"healthy"}},{"type":"Feature","geometry":{"geodesic":false,"type":"Polygon","coordinates":[[[-123.614471301835,38.59970944333172],[-123.614471301835,38.597014497479364],[-123.61177635598264,38.597014497479364],[-123.61177635598264,38.594319551627],[-123.614471301835,38.594319551627],[-123.614471301835,38.588929659922286],[-123.60908141013029,38.588929659922286],[-123.60908141013029,38.59162460577465],[-123.60638646427792,38.59162460577465],[-123.60638646427792,38.594319551627],[-123.60369151842556,38.594319551627],[-123.60369151842556,38.597014497479364],[-123.60908141013029,38.597014497479364],[-123.60908141013029,38.59970944333172],[-123.614471301835,38.59970944333172]]]},"id":"-45868+14322","properties":{"area_sq_km":1.0,"count":10,"label":2,"latitude":38.59431948770929,"longitude":-123.61015941449308,"near_healthy_bed":1,"priority_score":1.0,"priority_tier":"monitor","recommended_action":"no_action","region_id":"sonoma_mendocino","region_name":"Sonoma & Mendocino Counties, CA","state":"CA","status":2,"status_label":"healthy"}},{"type":"Feature","geometry":{"geodesic":false,"type":"Polygon","coordinates":[[[-123.61177635598264,38.623963956002946],[-123.60908141013029,38.623963956002946],[-123.60908141013029,38.62665890185531],[-123.61177635598264,38.62665890185531],[-123.61177635598264,38.623963956002946]]]},"id":"-45868+14332","properties":{"area_sq_km":0.0,"count":1,"label":2,"latitude":38.62531142820031,"longitude":-123.61042888311867,"near_healthy_bed":1,"priority_score":1.0,"priority_tier":"monitor","recommended_action":"no_action","region_id":"sonoma_mendocino","region_name":"Sonoma & Mendocino Counties, CA","state":"CA","status":2,"status_label":"healthy"}},{"type":"Feature","geometry":{"geodesic":false,"type":"Polygon","coordinates":[[[-123.61177635598264,38.634743739412386],[-123.60908141013029,38.634743739412386],[-123.60908141013029,38.63743868526474],[-123.61177635598264,38.63743868526474],[-123.61177635598264,38.634743739412386]]]},"id":"-45868+14336","properties":{"area_sq_km":0.0,"count":1,"label":2,"latitude":38.63609121166494,"longitude":-123.61042888314208,"near_healthy_bed":1,"priority_score":1.0,"priority_tier":"monitor","recommended_action":"no_action","region_id":"sonoma_mendocino","region_name":"Sonoma & Mendocino Counties, CA","state":"CA","status":2,"status_label":"healthy"}},{"type":"Feature","geometry":{"geodesic":false,"type":"Polygon","coordinates":[[[-123.61177635598264,38.650913414526535],[-123.61177635598264,38.64552352282182],[-123.60908141013029,38.64552352282182],[-123.60908141013029,38.64282857696946],[-123.60638646427792,38.64282857696946],[-123.60638646427792,38.64821846867417],[-123.60908141013029,38.64821846867417],[-123.60908141013029,38.650913414526535],[-123.61177635598264,38.650913414526535]]]},"id":"-45868+14341","properties":{"area_sq_km":0.0,"count":4,"label":2,"latitude":38.646870952061434,"longitude":-123.6090813593953,"near_healthy_bed":1,"priority_score":1.0,"priority_tier":"monitor","recommended_action":"no_action","region_id":"sonoma_mendocino","region_name":"Sonoma & Mendocino Counties, CA","state":"CA","status":2,"status_label":"healthy"}},{"type":"Feature","geometry":{"geodesic":false,"type":"Polygon","coordinates":[[[-123.61177635598264,38.65630330623125],[-123.60908141013029,38.65630330623125],[-123.60908141013029,38.658998252083606],[-123.61177635598264,38.658998252083606],[-123.61177635598264,38.65630330623125]]]},"id":"-45868+14344","properties":{"area_sq_km":0.0,"count":1,"label":2,"latitude":38.657650778391535,"longitude":-123.61042888313598,"near_healthy_bed":1,"priority_score":1.0,"priority_tier":"monitor","recommended_action":"no_action","region_id":"sonoma_mendocino","region_name":"Sonoma & Mendocino Counties, CA","state":"CA","status":2,"status_label":"healthy"}},{"type":"Feature","geometry":{"geodesic":false,"type":"Polygon","coordinates":[[[-123.61177635598264,38.669778035493046],[-123.60908141013029,38.669778035493046],[-123.60908141013029,38.6724729813454],[-123.61177635598264,38.6724729813454],[-123.61177635598264,38.669778035493046]]]},"id":"-45868+14349","properties":{"area_sq_km":0.0,"count":1,"label":2,"latitude":38.67112550767011,"longitude":-123.61042888299549,"near_healthy_bed":1,"priority_score":1.0,"priority_tier":"monitor","recommended_action":"no_action","region_id":"sonoma_mendocino","region_name":"Sonoma & Mendocino Counties, CA","state":"CA","status":2,"status_label":"healthy"}},{"type":"Feature","geometry":{"geodesic":false,"type":"Polygon","coordinates":[[[-123.614471301835,38.60240438918408],[-123.61177635598264,38.60240438918408],[-123.61177635598264,38.605099335036435],[-123.614471301835,38.605099335036435],[-123.614471301835,38.60240438918408]]]},"id":"-45869+14324","properties":{"area_sq_km":0.0,"count":1,"label":2,"latitude":38.60375186142461,"longitude":-123.61312382893662,"near_healthy_bed":1,"priority_score":1.0,"priority_tier":"monitor","recommended_action":"no_action","region_id":"sonoma_mendocino","region_name":"Sonoma & Mendocino Counties, CA","state":"CA","status":2,"status_label":"healthy"}},{"type":"Feature","geometry":{"geodesic":false,"type":"Polygon","coordinates":[[[-123.614471301835,38.650913414526535],[-123.61177635598264,38.650913414526535],[-123.61177635598264,38.65360836037889],[-123.614471301835,38.65360836037889],[-123.614471301835,38.650913414526535]]]},"id":"-45869+14342","properties":{"area_sq_km":0.0,"count":1,"label":2,"latitude":38.65226088682058,"longitude":-123.61312382893362,"near_healthy_bed":1,"priority_score":1.0,"priority_tier":"monitor","recommended_action":"no_action","region_id":"sonoma_mendocino","region_name":"Sonoma & Mendocino Counties, CA","state":"CA","status":2,"status_label":"healthy"}},{"type":"Feature","geometry":{"geodesic":false,"type":"Polygon","coordinates":[[[-123.61716624768736,38.57814987651285],[-123.614471301835,38.57814987651285],[-123.614471301835,38.58084482236521],[-123.61716624768736,38.58084482236521],[-123.61716624768736,38.57814987651285]]]},"id":"-45870+14315","properties":{"area_sq_km":0.0,"count":1,"label":2,"latitude":38.579497348736936,"longitude":-123.61581877478994,"near_healthy_bed":1,"priority_score":1.0,"priority_tier":"monitor","recommended_action":"no_action","region_id":"sonoma_mendocino","region_name":"Sonoma & Mendocino Counties, CA","state":"CA","status":2,"status_label":"healthy"}},{"type":"Feature","geometry":{"geodesic":false,"type":"Polygon","coordinates":[[[-123.62255613939207,38.61857406429823],[-123.614471301835,38.61857406429823],[-123.614471301835,38.62126901015059],[-123.62255613939207,38.62126901015059],[-123.62255613939207,38.61857406429823]]]},"id":"-45870+14330","properties":{"area_sq_km":0.0,"count":3,"label":2,"latitude":38.61992159838156,"longitude":-123.61851372059944,"near_healthy_bed":1,"priority_score":1.0,"priority_tier":"monitor","recommended_action":"no_action","region_id":"sonoma_mendocino","region_name":"Sonoma & Mendocino Counties, CA","state":"CA","status":2,"status_label":"healthy"}},{"type":"Feature","geometry":{"geodesic":false,"type":"Polygon","coordinates":[[[-123.61986119353972,38.623963956002946],[-123.614471301835,38.623963956002946],[-123.614471301835,38.62665890185531],[-123.61986119353972,38.62665890185531],[-123.61986119353972,38.623963956002946]]]},"id":"-45870+14332","properties":{"area_sq_km":0.0,"count":2,"label":2,"latitude":38.62531145146842,"longitude":-123.6171662476781,"near_healthy_bed":1,"priority_score":1.0,"priority_tier":"monitor","recommended_action":"no_action","region_id":"sonoma_mendocino","region_name":"Sonoma & Mendocino Counties, CA","state":"CA","status":2,"status_label":"healthy"}},{"type":"Feature","geometry":{"geodesic":false,"type":"Polygon","coordinates":[[[-123.61716624768736,38.63743868526474],[-123.614471301835,38.63743868526474],[-123.614471301835,38.6401336311171],[-123.61716624768736,38.6401336311171],[-123.61716624768736,38.63743868526474]]]},"id":"-45870+14337","properties":{"area_sq_km":0.0,"count":1,"label":2,"latitude":38.63878615750755,"longitude":-123.61581877488133,"near_healthy_bed":1,"priority_score":1.0,"priority_tier":"monitor","recommended_action":"no_action","region_id":"sonoma_mendocino","region_name":"Sonoma & Mendocino Counties, CA","state":"CA","status":2,"status_label":"healthy"}},{"type":"Feature","geometry":{"geodesic":false,"type":"Polygon","coordinates":[[[-123.61986119353972,38.588929659922286],[-123.61716624768736,38.588929659922286],[-123.61716624768736,38.59162460577465],[-123.61986119353972,38.59162460577465],[-123.61986119353972,38.588929659922286]]]},"id":"-45871+14319","properties":{"area_sq_km":0.0,"count":1,"label":2,"latitude":38.590277132111325,"longitude":-123.61851372058102,"near_healthy_bed":1,"priority_score":1.0,"priority_tier":"monitor","recommended_action":"no_action","region_id":"sonoma_mendocino","region_name":"Sonoma & Mendocino Counties, CA","state":"CA","status":2,"status_label":"healthy"}},{"type":"Feature","geometry":{"geodesic":false,"type":"Polygon","coordinates":[[[-123.61986119353972,38.61048922674116],[-123.61986119353972,38.605099335036435],[-123.62255613939207,38.605099335036435],[-123.62255613939207,38.60240438918408],[-123.61716624768736,38.60240438918408],[-123.61716624768736,38.605099335036435],[-123.614471301835,38.605099335036435],[-123.614471301835,38.6077942808888],[-123.61716624768736,38.6077942808888],[-123.61716624768736,38.61048922674116],[-123.61986119353972,38.61048922674116]]]},"id":"-45871+14326","properties":{"area_sq_km":0.0,"count":5,"label":2,"latitude":38.60590778177873,"longitude":-123.61851375799311,"near_healthy_bed":1,"priority_score":1.0,"priority_tier":"monitor","recommended_action":"no_action","region_id":"sonoma_mendocino","region_name":"Sonoma & Mendocino Counties, CA","state":"CA","status":2,"status_label":"healthy"}},{"type":"Feature","geometry":{"geodesic":false,"type":"Polygon","coordinates":[[[-123.61986119353972,38.632048793560024],[-123.61716624768736,38.632048793560024],[-123.61716624768736,38.634743739412386],[-123.61986119353972,38.634743739412386],[-123.61986119353972,38.632048793560024]]]},"id":"-45871+14335","properties":{"area_sq_km":0.0,"count":1,"label":2,"latitude":38.63339626576394,"longitude":-123.61851372052443,"near_healthy_bed":1,"priority_score":1.0,"priority_tier":"monitor","recommended_action":"no_action","region_id":"sonoma_mendocino","region_name":"Sonoma & Mendocino Counties, CA","state":"CA","status":2,"status_label":"healthy"}},{"type":"Feature","geometry":{"geodesic":false,"type":"Polygon","coordinates":[[[-123.61986119353972,38.64282857696946],[-123.61716624768736,38.64282857696946],[-123.61716624768736,38.64552352282182],[-123.61986119353972,38.64552352282182],[-123.61986119353972,38.64282857696946]]]},"id":"-45871+14339","properties":{"area_sq_km":0.0,"count":1,"label":2,"latitude":38.64417604907562,"longitude":-123.61851372055753,"near_healthy_bed":1,"priority_score":1.0,"priority_tier":"monitor","recommended_action":"no_action","region_id":"sonoma_mendocino","region_name":"Sonoma & Mendocino Counties, CA","state":"CA","status":2,"status_label":"healthy"}},{"type":"Feature","geometry":{"geodesic":false,"type":"Polygon","coordinates":[[[-123.62255613939207,38.658998252083606],[-123.62255613939207,38.650913414526535],[-123.61986119353972,38.650913414526535],[-123.61986119353972,38.65630330623125],[-123.61716624768736,38.65630330623125],[-123.61716624768736,38.658998252083606],[-123.62255613939207,38.658998252083606]]]},"id":"-45871+14344","properties":{"area_sq_km":0.0,"count":4,"label":2,"latitude":38.65562951477856,"longitude":-123.62053496601465,"near_healthy_bed":1,"priority_score":1.0,"priority_tier":"monitor","recommended_action":"no_action","region_id":"sonoma_mendocino","region_name":"Sonoma & Mendocino Counties, CA","state":"CA","status":2,"status_label":"healthy"}},{"type":"Feature","geometry":{"geodesic":false,"type":"Polygon","coordinates":[[[-123.61986119353972,38.667083089640684],[-123.61716624768736,38.667083089640684],[-123.61716624768736,38.669778035493046],[-123.61986119353972,38.669778035493046],[-123.61986119353972,38.667083089640684]]]},"id":"-45871+14348","properties":{"area_sq_km":0.0,"count":1,"label":2,"latitude":38.66843056185424,"longitude":-123.61851372050239,"near_healthy_bed":1,"priority_score":1.0,"priority_tier":"monitor","recommended_action":"no_action","region_id":"sonoma_mendocino","region_name":"Sonoma & Mendocino Counties, CA","state":"CA","status":2,"status_label":"healthy"}},{"type":"Feature","geometry":{"geodesic":false,"type":"Polygon","coordinates":[[[-123.62525108524443,38.594319551627],[-123.62525108524443,38.588929659922286],[-123.62255613939207,38.588929659922286],[-123.62255613939207,38.59162460577465],[-123.61986119353972,38.59162460577465],[-123.61986119353972,38.594319551627],[-123.62525108524443,38.594319551627]]]},"id":"-45872+14320","properties":{"area_sq_km":0.0,"count":3,"label":2,"latitude":38.592073755604915,"longitude":-123.6230053178229,"near_healthy_bed":1,"priority_score":1.0,"priority_tier":"monitor","recommended_action":"no_action","region_id":"sonoma_mendocino","region_name":"Sonoma & Mendocino Counties, CA","state":"CA","status":2,"status_label":"healthy"}},{"type":"Feature","geometry":{"geodesic":false,"type":"Polygon","coordinates":[[[-123.62255613939207,38.62665890185531],[-123.61986119353972,38.62665890185531],[-123.61986119353972,38.632048793560024],[-123.62255613939207,38.632048793560024],[-123.62255613939207,38.62665890185531]]]},"id":"-45872+14334","properties":{"area_sq_km":0.0,"count":2,"label":2,"latitude":38.62935382159603,"longitude":-123.62120866649825,"near_healthy_bed":1,"priority_score":1.0,"priority_tier":"monitor","recommended_action":"no_action","region_id":"sonoma_mendocino","region_name":"Sonoma & Mendocino Counties, CA","state":"CA","status":2,"status_label":"healthy"}},{"type":"Feature","geometry":{"geodesic":false,"type":"Polygon","coordinates":[[[-123.6279460310968,38.66438814378833],[-123.6279460310968,38.658998252083606],[-123.62255613939207,38.658998252083606],[-123.62255613939207,38.66169319793597],[-123.61986119353972,38.66169319793597],[-123.61986119353972,38.66438814378833],[-123.6279460310968,38.66438814378833]]]},"id":"-45872+14346","properties":{"area_sq_km":0.0,"count":5,"label":2,"latitude":38.66196271386537,"longitude":-123.62444261909843,"near_healthy_bed":1,"priority_score":1.0,"priority_tier":"monitor","recommended_action":"no_action","region_id":"sonoma_mendocino","region_name":"Sonoma & Mendocino Counties, CA","state":"CA","status":2,"status_label":"healthy"}},{"type":"Feature","geometry":{"geodesic":false,"type":"Polygon","coordinates":[[[-123.62525108524443,38.623963956002946],[-123.62255613939207,38.623963956002946],[-123.62255613939207,38.62665890185531],[-123.62525108524443,38.62665890185531],[-123.62525108524443,38.623963956002946]]]},"id":"-45873+14332","properties":{"area_sq_km":0.0,"count":1,"label":2,"latitude":38.62531142821787,"longitude":-123.62390361227777,"near_healthy_bed":1,"priority_score":1.0,"priority_tier":"monitor","recommended_action":"no_action","region_id":"sonoma_mendocino","region_name":"Sonoma & Mendocino Counties, CA","state":"CA","status":2,"status_label":"healthy"}},{"type":"Feature","geometry":{"geodesic":false,"type":"Polygon","coordinates":[[[-123.62525108524443,38.632048793560024],[-123.62255613939207,38.632048793560024],[-123.62255613939207,38.634743739412386],[-123.62525108524443,38.634743739412386],[-123.62525108524443,38.632048793560024]]]},"id":"-45873+14335","properties":{"area_sq_km":0.0,"count":1,"label":2,"latitude":38.63339626575146,"longitude":-123.62390361226653,"near_healthy_bed":1,"priority_score":1.0,"priority_tier":"monitor","recommended_action":"no_action","region_id":"sonoma_mendocino","region_name":"Sonoma & Mendocino Counties, CA","state":"CA","status":2,"status_label":"healthy"}},{"type":"Feature","geometry":{"geodesic":false,"type":"Polygon","coordinates":[[[-123.6279460310968,38.667083089640684],[-123.62255613939207,38.667083089640684],[-123.62255613939207,38.669778035493046],[-123.6279460310968,38.669778035493046],[-123.6279460310968,38.667083089640684]]]},"id":"-45873+14348","properties":{"area_sq_km":0.0,"count":2,"label":2,"latitude":38.66843058489746,"longitude":-123.62525108522988,"near_healthy_bed":1,"priority_score":1.0,"priority_tier":"monitor","recommended_action":"no_action","region_id":"sonoma_mendocino","region_name":"Sonoma & Mendocino Counties, CA","state":"CA","status":2,"status_label":"healthy"}},{"type":"Feature","geometry":{"geodesic":false,"type":"Polygon","coordinates":[[[-123.6279460310968,38.58353976821757],[-123.62525108524443,38.58353976821757],[-123.62525108524443,38.58623471406993],[-123.6279460310968,38.58623471406993],[-123.6279460310968,38.58353976821757]]]},"id":"-45874+14317","properties":{"area_sq_km":0.0,"count":1,"label":2,"latitude":38.584887240382876,"longitude":-123.62659855821529,"near_healthy_bed":1,"priority_score":1.0,"priority_tier":"monitor","recommended_action":"no_action","region_id":"sonoma_mendocino","region_name":"Sonoma & Mendocino Counties, CA","state":"CA","status":2,"status_label":"healthy"}},{"type":"Feature","geometry":{"geodesic":false,"type":"Polygon","coordinates":[[[-123.6279460310968,38.62126901015059],[-123.62525108524443,38.62126901015059],[-123.62525108524443,38.623963956002946],[-123.6279460310968,38.623963956002946],[-123.6279460310968,38.62126901015059]]]},"id":"-45874+14331","properties":{"area_sq_km":0.0,"count":1,"label":2,"latitude":38.62261648261128,"longitude":-123.62659855824162,"near_healthy_bed":1,"priority_score":1.0,"priority_tier":"monitor","recommended_action":"no_action","region_id":"sonoma_mendocino","region_name":"Sonoma & Mendocino Counties, CA","state":"CA","status":2,"status_label":"healthy"}},{"type":"Feature","geometry":{"geodesic":false,"type":"Polygon","coordinates":[[[-123.6333359228015,38.61857406429823],[-123.6333359228015,38.615879118445875],[-123.63064097694915,38.615879118445875],[-123.63064097694915,38.605099335036435],[-123.6279460310968,38.605099335036435],[-123.6279460310968,38.61318417259351],[-123.62525108524443,38.61318417259351],[-123.62525108524443,38.615879118445875],[-123.6279460310968,38.615879118445875],[-123.6279460310968,38.61857406429823],[-123.6333359228015,38.61857406429823]]]},"id":"-45875+14329","properties":{"area_sq_km":0.0,"count":7,"label":2,"latitude":38.612991495387114,"longitude":-123.62929347721325,"near_healthy_bed":1,"priority_score":1.0,"priority_tier":"monitor","recommended_action":"no_action","region_id":"sonoma_mendocino","region_name":"Sonoma & Mendocino Counties, CA","state":"CA","status":2,"status_label":"healthy"}},{"type":"Feature","geometry":{"geodesic":false,"type":"Polygon","coordinates":[[[-123.63064097694915,38.634743739412386],[-123.6279460310968,38.634743739412386],[-123.6279460310968,38.63743868526474],[-123.63064097694915,38.63743868526474],[-123.63064097694915,38.634743739412386]]]},"id":"-45875+14336","properties":{"area_sq_km":0.0,"count":1,"label":2,"latitude":38.63609121162766,"longitude":-123.62929350400329,"near_healthy_bed":1,"priority_score":1.0,"priority_tier":"monitor","recommended_action":"no_action","region_id":"sonoma_mendocino","region_name":"Sonoma & Mendocino Counties, CA","state":"CA","status":2,"status_label":"healthy"}},{"type":"Feature","geometry":{"geodesic":false,"type":"Polygon","coordinates":[[[-123.6333359228015,38.597014497479364],[-123.63064097694915,38.597014497479364],[-123.63064097694915,38.59970944333172],[-123.6333359228015,38.59970944333172],[-123.6333359228015,38.597014497479364]]]},"id":"-45876+14322","properties":{"area_sq_km":0.0,"count":1,"label":0,"latitude":38.59836196986976,"longitude":-123.6319884498304,"near_healthy_bed":1,"priority_score":1.0,"priority_tier":"monitor","recommended_action":"urchin_removal_then_replant","region_id":"sonoma_mendocino","region_name":"Sonoma & Mendocino Counties, CA","state":"CA","status":0,"status_label":"barren"}},{"type":"Feature","geometry":{"geodesic":false,"type":"Polygon","coordinates":[[[-123.6333359228015,38.623963956002946],[-123.63064097694915,38.623963956002946],[-123.63064097694915,38.62665890185531],[-123.6333359228015,38.62665890185531],[-123.6333359228015,38.623963956002946]]]},"id":"-45876+14332","properties":{"area_sq_km":0.0,"count":1,"label":2,"latitude":38.62531142818391,"longitude":-123.63198844982213,"near_healthy_bed":1,"priority_score":1.0,"priority_tier":"monitor","recommended_action":"no_action","region_id":"sonoma_mendocino","region_name":"Sonoma & Mendocino Counties, CA","state":"CA","status":2,"status_label":"healthy"}},{"type":"Feature","geometry":{"geodesic":false,"type":"Polygon","coordinates":[[[-123.6333359228015,38.65360836037889],[-123.63064097694915,38.65360836037889],[-123.63064097694915,38.65630330623125],[-123.6333359228015,38.65630330623125],[-123.6333359228015,38.65360836037889]]]},"id":"-45876+14343","properties":{"area_sq_km":0.0,"count":1,"label":2,"latitude":38.654955832523115,"longitude":-123.63198844989459,"near_healthy_bed":1,"priority_score":1.0,"priority_tier":"monitor","recommended_action":"no_action","region_id":"sonoma_mendocino","region_name":"Sonoma & Mendocino Counties, CA","state":"CA","status":2,"status_label":"healthy"}},{"type":"Feature","geometry":{"geodesic":false,"type":"Polygon","coordinates":[[[-123.63603086865386,38.588929659922286],[-123.6333359228015,38.588929659922286],[-123.6333359228015,38.59162460577465],[-123.63603086865386,38.59162460577465],[-123.63603086865386,38.588929659922286]]]},"id":"-45877+14319","properties":{"area_sq_km":0.0,"count":1,"label":2,"latitude":38.59027713203183,"longitude":-123.63468339569995,"near_healthy_bed":1,"priority_score":1.0,"priority_tier":"monitor","recommended_action":"no_action","region_id":"sonoma_mendocino","region_name":"Sonoma & Mendocino Counties, CA","state":"CA","status":2,"status_label":"healthy"}},{"type":"Feature","geometry":{"geodesic":false,"type":"Polygon","coordinates":[[[-123.63603086865386,38.59970944333172],[-123.6333359228015,38.59970944333172],[-123.6333359228015,38.60240438918408],[-123.63603086865386,38.60240438918408],[-123.63603086865386,38.59970944333172]]]},"id":"-45877+14323","properties":{"area_sq_km":0.0,"count":1,"label":0,"latitude":38.60105691546019,"longitude":-123.63468339574841,"near_healthy_bed":1,"priority_score":1.0,"priority_tier":"monitor","recommended_action":"urchin_removal_then_replant","region_id":"sonoma_mendocino","region_name":"Sonoma & Mendocino Counties, CA","state":"CA","status":0,"status_label":"barren"}},{"type":"Feature","geometry":{"geodesic":false,"type":"Polygon","coordinates":[[[-123.63603086865386,38.62665890185531],[-123.6333359228015,38.62665890185531],[-123.6333359228015,38.62935384770766],[-123.63603086865386,38.62935384770766],[-123.63603086865386,38.62665890185531]]]},"id":"-45877+14333","properties":{"area_sq_km":0.0,"count":1,"label":2,"latitude":38.628006374064086,"longitude":-123.63468339571648,"near_healthy_bed":1,"priority_score":1.0,"priority_tier":"monitor","recommended_action":"no_action","region_id":"sonoma_mendocino","region_name":"Sonoma & Mendocino Counties, CA","state":"CA","status":2,"status_label":"healthy"}},{"type":"Feature","geometry":{"geodesic":false,"type":"Polygon","coordinates":[[[-123.64142076035859,38.62126901015059],[-123.63872581450623,38.62126901015059],[-123.63872581450623,38.623963956002946],[-123.64142076035859,38.623963956002946],[-123.64142076035859,38.62126901015059]]]},"id":"-45879+14331","properties":{"area_sq_km":0.0,"count":1,"label":2,"latitude":38.622616482563835,"longitude":-123.64007328750057,"near_healthy_bed":1,"priority_score":1.0,"priority_tier":"monitor","recommended_action":"no_action","region_id":"sonoma_mendocino","region_name":"Sonoma & Mendocino Counties, CA","state":"CA","status":2,"status_label":"healthy"}},{"type":"Feature","geometry":{"geodesic":false,"type":"Polygon","coordinates":[[[-123.64142076035859,38.81261016566805],[-123.63872581450623,38.81261016566805],[-123.63872581450623,38.81530511152041],[-123.64142076035859,38.81530511152041],[-123.64142076035859,38.81261016566805]]]},"id":"-45879+14402","properties":{"area_sq_km":0.0,"count":1,"label":2,"latitude":38.81395763786322,"longitude":-123.64007328735839,"near_healthy_bed":1,"priority_score":1.0,"priority_tier":"monitor","recommended_action":"no_action","region_id":"sonoma_mendocino","region_name":"Sonoma & Mendocino Counties, CA","state":"CA","status":2,"status_label":"healthy"}},{"type":"Feature","geometry":{"geodesic":false,"type":"Polygon","coordinates":[[[-123.64681065206331,38.605099335036435],[-123.64411570621094,38.605099335036435],[-123.64411570621094,38.6077942808888],[-123.64681065206331,38.6077942808888],[-123.64681065206331,38.605099335036435]]]},"id":"-45881+14325","properties":{"area_sq_km":0.0,"count":1,"label":0,"latitude":38.60644680740357,"longitude":-123.64546317912486,"near_healthy_bed":1,"priority_score":1.0,"priority_tier":"monitor","recommended_action":"urchin_removal_then_replant","region_id":"sonoma_mendocino","region_name":"Sonoma & Mendocino Counties, CA","state":"CA","status":0,"status_label":"barren"}},{"type":"Feature","geometry":{"geodesic":false,"type":"Polygon","coordinates":[[[-123.64411570621094,38.605099335036435],[-123.63872581450623,38.605099335036435],[-123.63872581450623,38.60240438918408],[-123.64142076035859,38.60240438918408],[-123.64142076035859,38.597014497479364],[-123.63603086865388,38.597014497479364],[-123.63603086865388,38.594319551627],[-123.6333359228015,38.594319551627],[-123.6333359228015,38.59162460577465],[-123.63064097694915,38.59162460577465],[-123.63064097694915,38.594319551627],[-123.62525108524443,38.594319551627],[-123.62525108524443,38.597014497479364],[-123.6279460310968,38.597014497479364],[-123.6279460310968,38.60240438918408],[-123.63064097694915,38.60240438918408],[-123.63064097694915,38.605099335036435],[-123.63603086865388,38.605099335036435],[-123.63603086865388,38.6077942808888],[-123.64142076035859,38.6077942808888],[-123.64142076035859,38.61048922674116],[-123.64411570621094,38.61048922674116],[-123.64411570621094,38.61318417259351],[-123.64950559791566,38.61318417259351],[-123.64950559791566,38.61048922674116],[-123.65759043547274,38.61048922674116],[-123.65759043547274,38.6077942808888],[-123.65220054376802,38.6077942808888],[-123.65220054376802,38.60240438918408],[-123.64681065206331,38.60240438918408],[-123.64681065206331,38.59970944333172],[-123.64411570621094,38.59970944333172],[-123.64411570621094,38.605099335036435]],[[-123.64411570621094,38.605099335036435],[-123.64411570621094,38.6077942808888],[-123.64681065206331,38.6077942808888],[-123.64681065206331,38.605099335036435],[-123.64411570621094,38.605099335036435]],[[-123.6333359228015,38.59970944333172],[-123.6333359228015,38.60240438918408],[-123.63603086865388,38.60240438918408],[-123.63603086865388,38.59970944333172],[-123.6333359228015,38.59970944333172]],[[-123.6333359228015,38.59970944333172],[-123.6333359228015,38.597014497479364],[-123.63064097694915,38.597014497479364],[-123.63064097694915,38.59970944333172],[-123.6333359228015,38.59970944333172]]]},"id":"-45881+14327","properties":{"area_sq_km":2.0,"count":33,"label":2,"latitude":38.60326179432548,"longitude":-123.64056243818787,"near_healthy_bed":1,"priority_score":1.0,"priority_tier":"monitor","recommended_action":"no_action","region_id":"sonoma_mendocino","region_name":"Sonoma & Mendocino Counties, CA","state":"CA","status":2,"status_label":"healthy"}},{"type":"Feature","geometry":{"geodesic":false,"type":"Polygon","coordinates":[[[-123.65220054376802,38.615879118445875],[-123.64950559791566,38.615879118445875],[-123.64950559791566,38.61857406429823],[-123.65220054376802,38.61857406429823],[-123.65220054376802,38.615879118445875]]]},"id":"-45883+14329","properties":{"area_sq_km":0.0,"count":1,"label":2,"latitude":38.61722659064992,"longitude":-123.65085307093302,"near_healthy_bed":1,"priority_score":1.0,"priority_tier":"monitor","recommended_action":"no_action","region_id":"sonoma_mendocino","region_name":"Sonoma & Mendocino Counties, CA","state":"CA","status":2,"status_label":"healthy"}},{"type":"Feature","geometry":{"geodesic":false,"type":"Polygon","coordinates":[[[-123.65220054376802,38.81530511152041],[-123.64950559791566,38.81530511152041],[-123.64950559791566,38.818000057372764],[-123.65220054376802,38.818000057372764],[-123.65220054376802,38.81530511152041]]]},"id":"-45883+14403","properties":{"area_sq_km":0.0,"count":1,"label":2,"latitude":38.816652583719964,"longitude":-123.65085307083007,"near_healthy_bed":1,"priority_score":1.0,"priority_tier":"monitor","recommended_action":"no_action","region_id":"sonoma_mendocino","region_name":"Sonoma & Mendocino Counties, CA","state":"CA","status":2,"status_label":"healthy"}},{"type":"Feature","geometry":{"geodesic":false,"type":"Polygon","coordinates":[[[-123.65220054376802,38.84764446174871],[-123.64950559791566,38.84764446174871],[-123.64950559791566,38.85033940760107],[-123.65220054376802,38.85033940760107],[-123.65220054376802,38.84764446174871]]]},"id":"-45883+14415","properties":{"area_sq_km":0.0,"count":1,"label":2,"latitude":38.84899193406603,"longitude":-123.65085307085955,"near_healthy_bed":1,"priority_score":1.0,"priority_tier":"monitor","recommended_action":"no_action","region_id":"sonoma_mendocino","region_name":"Sonoma & Mendocino Counties, CA","state":"CA","status":2,"status_label":"healthy"}},{"type":"Feature","geometry":{"geodesic":false,"type":"Polygon","coordinates":[[[-123.66298032717745,38.83955962419164],[-123.66298032717745,38.836864678339275],[-123.66567527302982,38.836864678339275],[-123.66567527302982,38.83416973248691],[-123.6602853813251,38.83416973248691],[-123.6602853813251,38.83955962419164],[-123.66298032717745,38.83955962419164]]]},"id":"-45887+14411","properties":{"area_sq_km":0.0,"count":3,"label":2,"latitude":38.83641551275264,"longitude":-123.66253119037665,"near_healthy_bed":1,"priority_score":1.0,"priority_tier":"monitor","recommended_action":"no_action","region_id":"sonoma_mendocino","region_name":"Sonoma & Mendocino Counties, CA","state":"CA","status":2,"status_label":"healthy"}},{"type":"Feature","geometry":{"geodesic":false,"type":"Polygon","coordinates":[[[-123.66837021888217,38.836864678339275],[-123.66567527302982,38.836864678339275],[-123.66567527302982,38.84225457004399],[-123.66837021888217,38.84225457004399],[-123.66837021888217,38.836864678339275]]]},"id":"-45889+14412","properties":{"area_sq_km":0.0,"count":2,"label":2,"latitude":38.83955959791344,"longitude":-123.6670227460718,"near_healthy_bed":1,"priority_score":1.0,"priority_tier":"monitor","recommended_action":"no_action","region_id":"sonoma_mendocino","region_name":"Sonoma & Mendocino Counties, CA","state":"CA","status":2,"status_label":"healthy"}},{"type":"Feature","geometry":{"geodesic":false,"type":"Polygon","coordinates":[[[-123.67645505643925,38.623963956002946],[-123.67376011058688,38.623963956002946],[-123.67376011058688,38.62665890185531],[-123.67645505643925,38.62665890185531],[-123.67645505643925,38.623963956002946]]]},"id":"-45892+14332","properties":{"area_sq_km":0.0,"count":1,"label":2,"latitude":38.625311428199254,"longitude":-123.67510758360095,"near_healthy_bed":1,"priority_score":1.0,"priority_tier":"monitor","recommended_action":"no_action","region_id":"sonoma_mendocino","region_name":"Sonoma & Mendocino Counties, CA","state":"CA","status":2,"status_label":"healthy"}},{"type":"Feature","geometry":{"geodesic":false,"type":"Polygon","coordinates":[[[-123.67645505643925,38.64282857696946],[-123.67376011058688,38.64282857696946],[-123.67376011058688,38.64821846867417],[-123.67645505643925,38.64821846867417],[-123.67645505643925,38.64282857696946]]]},"id":"-45892+14340","properties":{"area_sq_km":0.0,"count":2,"label":2,"latitude":38.64552349676517,"longitude":-123.67510758351958,"near_healthy_bed":1,"priority_score":1.0,"priority_tier":"monitor","recommended_action":"no_action","region_id":"sonoma_mendocino","region_name":"Sonoma & Mendocino Counties, CA","state":"CA","status":2,"status_label":"healthy"}},{"type":"Feature","geometry":{"geodesic":false,"type":"Polygon","coordinates":[[[-123.67645505643925,38.84494951589635],[-123.67376011058688,38.84494951589635],[-123.67376011058688,38.84764446174871],[-123.67645505643925,38.84764446174871],[-123.67645505643925,38.84494951589635]]]},"id":"-45892+14414","properties":{"area_sq_km":0.0,"count":1,"label":2,"latitude":38.846296987955895,"longitude":-123.6751075834491,"near_healthy_bed":1,"priority_score":1.0,"priority_tier":"monitor","recommended_action":"no_action","region_id":"sonoma_mendocino","region_name":"Sonoma & Mendocino Counties, CA","state":"CA","status":2,"status_label":"healthy"}},{"type":"Feature","geometry":{"geodesic":false,"type":"Polygon","coordinates":[[[-123.67645505643925,38.85033940760107],[-123.67376011058688,38.85033940760107],[-123.67376011058688,38.853034353453424],[-123.67645505643925,38.853034353453424],[-123.67645505643925,38.85033940760107]]]},"id":"-45892+14416","properties":{"area_sq_km":0.0,"count":1,"label":2,"latitude":38.85168687972875,"longitude":-123.67510758346518,"near_healthy_bed":1,"priority_score":1.0,"priority_tier":"monitor","recommended_action":"no_action","region_id":"sonoma_mendocino","region_name":"Sonoma & Mendocino Counties, CA","state":"CA","status":2,"status_label":"healthy"}},{"type":"Feature","geometry":{"geodesic":false,"type":"Polygon","coordinates":[[[-123.68723483984868,38.615879118445875],[-123.68723483984868,38.61318417259351],[-123.68184494814396,38.61318417259351],[-123.68184494814396,38.61857406429823],[-123.6791500022916,38.61857406429823],[-123.6791500022916,38.62665890185531],[-123.68184494814396,38.62665890185531],[-123.68184494814396,38.623963956002946],[-123.68723483984868,38.623963956002946],[-123.68723483984868,38.62126901015059],[-123.68992978570104,38.62126901015059],[-123.68992978570104,38.61857406429823],[-123.6926247315534,38.61857406429823],[-123.6926247315534,38.61318417259351],[-123.68992978570104,38.61318417259351],[-123.68992978570104,38.615879118445875],[-123.68723483984868,38.615879118445875]],[[-123.68723483984868,38.615879118445875],[-123.68453989399633,38.615879118445875],[-123.68453989399633,38.61857406429823],[-123.68723483984868,38.61857406429823],[-123.68723483984868,38.615879118445875]]]},"id":"-45894+14332","properties":{"area_sq_km":1.0,"count":14,"label":2,"latitude":38.619151464833976,"longitude":-123.68511755801701,"near_healthy_bed":1,"priority_score":1.0,"priority_tier":"monitor","recommended_action":"no_action","region_id":"sonoma_mendocino","region_name":"Sonoma & Mendocino Counties, CA","state":"CA","status":2,"status_label":"healthy"}},{"type":"Feature","geometry":{"geodesic":false,"type":"Polygon","coordinates":[[[-123.68723483984868,38.64282857696946],[-123.68723483984868,38.634743739412386],[-123.68453989399632,38.634743739412386],[-123.68453989399632,38.62665890185531],[-123.68184494814396,38.62665890185531],[-123.68184494814396,38.632048793560024],[-123.67376011058688,38.632048793560024],[-123.67376011058688,38.634743739412386],[-123.68184494814396,38.634743739412386],[-123.68184494814396,38.6401336311171],[-123.6791500022916,38.6401336311171],[-123.6791500022916,38.64282857696946],[-123.68723483984868,38.64282857696946]]]},"id":"-45894+14338","properties":{"area_sq_km":1.0,"count":13,"label":2,"latitude":38.63588374099438,"longitude":-123.68236310553259,"near_healthy_bed":1,"priority_score":1.0,"priority_tier":"monitor","recommended_action":"no_action","region_id":"sonoma_mendocino","region_name":"Sonoma & Mendocino Counties, CA","state":"CA","status":2,"status_label":"healthy"}},{"type":"Feature","geometry":{"geodesic":false,"type":"Polygon","coordinates":[[[-123.68723483984868,38.615879118445875],[-123.68453989399632,38.615879118445875],[-123.68453989399632,38.61857406429823],[-123.68723483984868,38.61857406429823],[-123.68723483984868,38.615879118445875]]]},"id":"-45896+14329","properties":{"area_sq_km":0.0,"count":1,"label":0,"latitude":38.61722659065721,"longitude":-123.68588736687819,"near_healthy_bed":1,"priority_score":1.0,"priority_tier":"monitor","recommended_action":"urchin_removal_then_replant","region_id":"sonoma_mendocino","region_name":"Sonoma & Mendocino Counties, CA","state":"CA","status":0,"status_label":"barren"}},{"type":"Feature","geometry":{"geodesic":false,"type":"Polygon","coordinates":[[[-123.68992978570104,38.61318417259351],[-123.68992978570104,38.6077942808888],[-123.68453989399632,38.6077942808888],[-123.68453989399632,38.61048922674116],[-123.68723483984868,38.61048922674116],[-123.68723483984868,38.61318417259351],[-123.68992978570104,38.61318417259351]]]},"id":"-45897+14327","properties":{"area_sq_km":0.0,"count":3,"label":2,"latitude":38.610040061298484,"longitude":-123.68768397684049,"near_healthy_bed":1,"priority_score":1.0,"priority_tier":"monitor","recommended_action":"no_action","region_id":"sonoma_mendocino","region_name":"Sonoma & Mendocino Counties, CA","state":"CA","status":2,"status_label":"healthy"}},{"type":"Feature","geometry":{"geodesic":false,"type":"Polygon","coordinates":[[[-123.68992978570104,38.61318417259351],[-123.68723483984868,38.61318417259351],[-123.68723483984868,38.615879118445875],[-123.68992978570104,38.615879118445875],[-123.68992978570104,38.61318417259351]]]},"id":"-45897+14328","properties":{"area_sq_km":0.0,"count":1,"label":0,"latitude":38.61453164473065,"longitude":-123.68858231283163,"near_healthy_bed":1,"priority_score":1.0,"priority_tier":"monitor","recommended_action":"urchin_removal_then_replant","region_id":"sonoma_mendocino","region_name":"Sonoma & Mendocino Counties, CA","state":"CA","status":0,"status_label":"barren"}},{"type":"Feature","geometry":{"geodesic":false,"type":"Polygon","coordinates":[[[-123.69531967740576,38.61857406429823],[-123.6926247315534,38.61857406429823],[-123.6926247315534,38.62126901015059],[-123.69531967740576,38.62126901015059],[-123.69531967740576,38.61857406429823]]]},"id":"-45899+14330","properties":{"area_sq_km":0.0,"count":1,"label":2,"latitude":38.61992153648691,"longitude":-123.69397220442227,"near_healthy_bed":1,"priority_score":1.0,"priority_tier":"monitor","recommended_action":"no_action","region_id":"sonoma_mendocino","region_name":"Sonoma & Mendocino Counties, CA","state":"CA","status":2,"status_label":"healthy"}},{"type":"Feature","geometry":{"geodesic":false,"type":"Polygon","coordinates":[[[-123.69801462325812,38.72367695254022],[-123.69801462325812,38.720982006687855],[-123.69531967740576,38.720982006687855],[-123.69531967740576,38.7182870608355],[-123.6926247315534,38.7182870608355],[-123.6926247315534,38.72367695254022],[-123.69801462325812,38.72367695254022]]]},"id":"-45899+14368","properties":{"area_sq_km":0.0,"count":3,"label":2,"latitude":38.72143115641784,"longitude":-123.69487049877075,"near_healthy_bed":1,"priority_score":1.0,"priority_tier":"monitor","recommended_action":"no_action","region_id":"sonoma_mendocino","region_name":"Sonoma & Mendocino Counties, CA","state":"CA","status":2,"status_label":"healthy"}},{"type":"Feature","geometry":{"geodesic":false,"type":"Polygon","coordinates":[[[-123.69801462325812,38.871898974419935],[-123.69531967740576,38.871898974419935],[-123.69531967740576,38.8745939202723],[-123.69801462325812,38.8745939202723],[-123.69801462325812,38.871898974419935]]]},"id":"-45900+14424","properties":{"area_sq_km":0.0,"count":1,"label":2,"latitude":38.87324644662437,"longitude":-123.6966671504639,"near_healthy_bed":1,"priority_score":1.0,"priority_tier":"monitor","recommended_action":"no_action","region_id":"sonoma_mendocino","region_name":"Sonoma & Mendocino Counties, CA","state":"CA","status":2,"status_label":"healthy"}},{"type":"Feature","geometry":{"geodesic":false,"type":"Polygon","coordinates":[[[-123.69801462325812,39.05246034652796],[-123.69531967740576,39.05246034652796],[-123.69531967740576,39.05515529238032],[-123.69801462325812,39.05515529238032],[-123.69801462325812,39.05246034652796]]]},"id":"-45900+14491","properties":{"area_sq_km":0.0,"count":1,"label":2,"latitude":39.05380781858627,"longitude":-123.69666715039028,"near_healthy_bed":1,"priority_score":1.0,"priority_tier":"monitor","recommended_action":"no_action","region_id":"sonoma_mendocino","region_name":"Sonoma & Mendocino Counties, CA","state":"CA","status":2,"status_label":"healthy"}},{"type":"Feature","geometry":{"geodesic":false,"type":"Polygon","coordinates":[[[-123.70070956911047,38.87728886612465],[-123.69801462325812,38.87728886612465],[-123.69801462325812,38.87998381197701],[-123.70070956911047,38.87998381197701],[-123.70070956911047,38.87728886612465]]]},"id":"-45901+14426","properties":{"area_sq_km":0.0,"count":1,"label":2,"latitude":38.87863633835688,"longitude":-123.69936209610162,"near_healthy_bed":1,"priority_score":1.0,"priority_tier":"monitor","recommended_action":"no_action","region_id":"sonoma_mendocino","region_name":"Sonoma & Mendocino Counties, CA","state":"CA","status":2,"status_label":"healthy"}},{"type":"Feature","geometry":{"geodesic":false,"type":"Polygon","coordinates":[[[-123.70340451496283,38.898848432943524],[-123.70070956911047,38.898848432943524],[-123.70070956911047,38.90154337879588],[-123.70340451496283,38.90154337879588],[-123.70340451496283,38.898848432943524]]]},"id":"-45902+14434","properties":{"area_sq_km":0.0,"count":1,"label":2,"latitude":38.90019590507446,"longitude":-123.70205704218098,"near_healthy_bed":1,"priority_score":1.0,"priority_tier":"monitor","recommended_action":"no_action","region_id":"sonoma_mendocino","region_name":"Sonoma & Mendocino Counties, CA","state":"CA","status":2,"status_label":"healthy"}},{"type":"Feature","geometry":{"geodesic":false,"type":"Polygon","coordinates":[[[-123.70340451496283,39.068630021642115],[-123.70070956911047,39.068630021642115],[-123.70070956911047,39.07132496749447],[-123.70340451496283,39.07132496749447],[-123.70340451496283,39.068630021642115]]]},"id":"-45902+14497","properties":{"area_sq_km":0.0,"count":1,"label":2,"latitude":39.06997749381627,"longitude":-123.70205704215259,"near_healthy_bed":1,"priority_score":1.0,"priority_tier":"monitor","recommended_action":"no_action","region_id":"sonoma_mendocino","region_name":"Sonoma & Mendocino Counties, CA","state":"CA","status":2,"status_label":"healthy"}},{"type":"Feature","geometry":{"geodesic":false,"type":"Polygon","coordinates":[[[-123.7060994608152,39.0821047509039],[-123.70340451496283,39.0821047509039],[-123.70340451496283,39.084799696756264],[-123.7060994608152,39.084799696756264],[-123.7060994608152,39.0821047509039]]]},"id":"-45903+14502","properties":{"area_sq_km":0.0,"count":1,"label":2,"latitude":39.0834522228801,"longitude":-123.7047519877648,"near_healthy_bed":1,"priority_score":1.0,"priority_tier":"monitor","recommended_action":"no_action","region_id":"sonoma_mendocino","region_name":"Sonoma & Mendocino Counties, CA","state":"CA","status":2,"status_label":"healthy"}},{"type":"Feature","geometry":{"geodesic":false,"type":"Polygon","coordinates":[[[-123.70879440666755,39.02820583385673],[-123.7060994608152,39.02820583385673],[-123.7060994608152,39.03090077970909],[-123.70879440666755,39.03090077970909],[-123.70879440666755,39.02820583385673]]]},"id":"-45904+14482","properties":{"area_sq_km":0.0,"count":1,"label":2,"latitude":39.029553305942045,"longitude":-123.70744693383214,"near_healthy_bed":1,"priority_score":1.0,"priority_tier":"monitor","recommended_action":"no_action","region_id":"sonoma_mendocino","region_name":"Sonoma & Mendocino Counties, CA","state":"CA","status":2,"status_label":"healthy"}},{"type":"Feature","geometry":{"geodesic":false,"type":"Polygon","coordinates":[[[-123.7114893525199,39.0821047509039],[-123.70879440666755,39.0821047509039],[-123.70879440666755,39.084799696756264],[-123.7114893525199,39.084799696756264],[-123.7114893525199,39.0821047509039]]]},"id":"-45905+14502","properties":{"area_sq_km":0.0,"count":1,"label":2,"latitude":39.08345222292665,"longitude":-123.71014187962918,"near_healthy_bed":1,"priority_score":1.0,"priority_tier":"monitor","recommended_action":"no_action","region_id":"sonoma_mendocino","region_name":"Sonoma & Mendocino Counties, CA","state":"CA","status":2,"status_label":"healthy"}},{"type":"Feature","geometry":{"geodesic":false,"type":"Polygon","coordinates":[[[-123.71418429837227,39.003951321185504],[-123.7114893525199,39.003951321185504],[-123.7114893525199,39.006646267037866],[-123.71418429837227,39.006646267037866],[-123.71418429837227,39.003951321185504]]]},"id":"-45906+14473","properties":{"area_sq_km":0.0,"count":1,"label":2,"latitude":39.00529879330005,"longitude":-123.71283682554659,"near_healthy_bed":1,"priority_score":1.0,"priority_tier":"monitor","recommended_action":"no_action","region_id":"sonoma_mendocino","region_name":"Sonoma & Mendocino Counties, CA","state":"CA","status":2,"status_label":"healthy"}},{"type":"Feature","geometry":{"geodesic":false,"type":"Polygon","coordinates":[[[-123.71687924422463,38.97700186266192],[-123.71418429837227,38.97700186266192],[-123.71418429837227,38.97969680851428],[-123.71687924422463,38.97969680851428],[-123.71687924422463,38.97700186266192]]]},"id":"-45907+14463","properties":{"area_sq_km":0.0,"count":1,"label":2,"latitude":38.97834933470411,"longitude":-123.71553177140133,"near_healthy_bed":1,"priority_score":1.0,"priority_tier":"monitor","recommended_action":"no_action","region_id":"sonoma_mendocino","region_name":"Sonoma & Mendocino Counties, CA","state":"CA","status":2,"status_label":"healthy"}},{"type":"Feature","geometry":{"geodesic":false,"type":"Polygon","coordinates":[[[-123.71957419007698,39.07401991334683],[-123.71957419007698,39.07132496749447],[-123.71687924422463,39.07132496749447],[-123.71687924422463,39.068630021642115],[-123.71418429837227,39.068630021642115],[-123.71418429837227,39.07401991334683],[-123.71957419007698,39.07401991334683]]]},"id":"-45907+14498","properties":{"area_sq_km":0.0,"count":3,"label":2,"latitude":39.071774116926456,"longitude":-123.7164300654289,"near_healthy_bed":1,"priority_score":1.0,"priority_tier":"monitor","recommended_action":"no_action","region_id":"sonoma_mendocino","region_name":"Sonoma & Mendocino Counties, CA","state":"CA","status":2,"status_label":"healthy"}},{"type":"Feature","geometry":{"geodesic":false,"type":"Polygon","coordinates":[[[-123.71957419007698,39.03090077970909],[-123.71957419007698,39.025510888004376],[-123.7114893525199,39.025510888004376],[-123.7114893525199,39.02820583385673],[-123.71687924422463,39.02820583385673],[-123.71687924422463,39.03090077970909],[-123.71957419007698,39.03090077970909]]]},"id":"-45908+14482","properties":{"area_sq_km":0.0,"count":4,"label":2,"latitude":39.02753212377512,"longitude":-123.71620547130154,"near_healthy_bed":1,"priority_score":1.0,"priority_tier":"monitor","recommended_action":"no_action","region_id":"sonoma_mendocino","region_name":"Sonoma & Mendocino Counties, CA","state":"CA","status":2,"status_label":"healthy"}},{"type":"Feature","geometry":{"geodesic":false,"type":"Polygon","coordinates":[[[-123.7249640817817,39.0821047509039],[-123.7249640817817,39.07940980505155],[-123.73035397348642,39.07940980505155],[-123.73035397348642,39.076714859199186],[-123.72226913592934,39.076714859199186],[-123.72226913592934,39.07940980505155],[-123.71687924422463,39.07940980505155],[-123.71687924422463,39.0821047509039],[-123.7249640817817,39.0821047509039]]]},"id":"-45908+14501","properties":{"area_sq_km":0.0,"count":6,"label":2,"latitude":39.079409871564756,"longitude":-123.7236166859321,"near_healthy_bed":1,"priority_score":1.0,"priority_tier":"monitor","recommended_action":"no_action","region_id":"sonoma_mendocino","region_name":"Sonoma & Mendocino Counties, CA","state":"CA","status":2,"status_label":"healthy"}},{"type":"Feature","geometry":{"geodesic":false,"type":"Polygon","coordinates":[[[-123.71957419007698,39.11713904698456],[-123.71687924422463,39.11713904698456],[-123.71687924422463,39.119833992836924],[-123.71957419007698,39.119833992836924],[-123.71957419007698,39.11713904698456]]]},"id":"-45908+14515","properties":{"area_sq_km":0.0,"count":1,"label":1,"latitude":39.1184865192747,"longitude":-123.71822671718674,"near_healthy_bed":1,"priority_score":1.0,"priority_tier":"monitor","recommended_action":"monitor_and_replant","region_id":"sonoma_mendocino","region_name":"Sonoma & Mendocino Counties, CA","state":"CA","status":1,"status_label":"recovering"}},{"type":"Feature","geometry":{"geodesic":false,"type":"Polygon","coordinates":[[[-123.72226913592934,39.07401991334683],[-123.71957419007698,39.07401991334683],[-123.71957419007698,39.076714859199186],[-123.72226913592934,39.076714859199186],[-123.72226913592934,39.07401991334683]]]},"id":"-45909+14499","properties":{"area_sq_km":0.0,"count":1,"label":2,"latitude":39.07536738538285,"longitude":-123.72092166294473,"near_healthy_bed":1,"priority_score":1.0,"priority_tier":"monitor","recommended_action":"no_action","region_id":"sonoma_mendocino","region_name":"Sonoma & Mendocino Counties, CA","state":"CA","status":2,"status_label":"healthy"}},{"type":"Feature","geometry":{"geodesic":false,"type":"Polygon","coordinates":[[[-123.72226913592934,39.11713904698456],[-123.71957419007698,39.11713904698456],[-123.71957419007698,39.119833992836924],[-123.72226913592934,39.119833992836924],[-123.72226913592934,39.11713904698456]]]},"id":"-45909+14515","properties":{"area_sq_km":0.0,"count":1,"label":2,"latitude":39.11848651927217,"longitude":-123.72092166293156,"near_healthy_bed":1,"priority_score":1.0,"priority_tier":"monitor","recommended_action":"no_action","region_id":"sonoma_mendocino","region_name":"Sonoma & Mendocino Counties, CA","state":"CA","status":2,"status_label":"healthy"}},{"type":"Feature","geometry":{"geodesic":false,"type":"Polygon","coordinates":[[[-123.7249640817817,38.72906684424493],[-123.72226913592934,38.72906684424493],[-123.72226913592934,38.73176179009729],[-123.7249640817817,38.73176179009729],[-123.7249640817817,38.72906684424493]]]},"id":"-45910+14371","properties":{"area_sq_km":0.0,"count":1,"label":2,"latitude":38.73041431645112,"longitude":-123.72361660888394,"near_healthy_bed":1,"priority_score":1.0,"priority_tier":"monitor","recommended_action":"no_action","region_id":"sonoma_mendocino","region_name":"Sonoma & Mendocino Counties, CA","state":"CA","status":2,"status_label":"healthy"}},{"type":"Feature","geometry":{"geodesic":false,"type":"Polygon","coordinates":[[[-123.7249640817817,39.03629067141381],[-123.72226913592934,39.03629067141381],[-123.72226913592934,39.038985617266164],[-123.7249640817817,39.038985617266164],[-123.7249640817817,39.03629067141381]]]},"id":"-45910+14485","properties":{"area_sq_km":0.0,"count":1,"label":2,"latitude":39.037638143492806,"longitude":-123.72361660871998,"near_healthy_bed":1,"priority_score":1.0,"priority_tier":"monitor","recommended_action":"no_action","region_id":"sonoma_mendocino","region_name":"Sonoma & Mendocino Counties, CA","state":"CA","status":2,"status_label":"healthy"}},{"type":"Feature","geometry":{"geodesic":false,"type":"Polygon","coordinates":[[[-123.72765902763406,39.049765400675604],[-123.72765902763406,39.04707045482324],[-123.73035397348642,39.04707045482324],[-123.73035397348642,39.04437550897089],[-123.72226913592934,39.04437550897089],[-123.72226913592934,39.04707045482324],[-123.7249640817817,39.04707045482324],[-123.7249640817817,39.049765400675604],[-123.72765902763406,39.049765400675604]]]},"id":"-45911+14489","properties":{"area_sq_km":0.0,"count":4,"label":2,"latitude":39.04639673702505,"longitude":-123.72631155472297,"near_healthy_bed":1,"priority_score":1.0,"priority_tier":"monitor","recommended_action":"no_action","region_id":"sonoma_mendocino","region_name":"Sonoma & Mendocino Counties, CA","state":"CA","status":2,"status_label":"healthy"}},{"type":"Feature","geometry":{"geodesic":false,"type":"Polygon","coordinates":[[[-123.73035397348642,39.049765400675604],[-123.72765902763406,39.049765400675604],[-123.72765902763406,39.05246034652796],[-123.73035397348642,39.05246034652796],[-123.73035397348642,39.049765400675604]]]},"id":"-45912+14490","properties":{"area_sq_km":0.0,"count":1,"label":2,"latitude":39.051112872784394,"longitude":-123.72900650048628,"near_healthy_bed":1,"priority_score":1.0,"priority_tier":"monitor","recommended_action":"no_action","region_id":"sonoma_mendocino","region_name":"Sonoma & Mendocino Counties, CA","state":"CA","status":2,"status_label":"healthy"}},{"type":"Feature","geometry":{"geodesic":false,"type":"Polygon","coordinates":[[[-123.73035397348642,39.068630021642115],[-123.72765902763406,39.068630021642115],[-123.72765902763406,39.07132496749447],[-123.73035397348642,39.07132496749447],[-123.73035397348642,39.068630021642115]]]},"id":"-45912+14497","properties":{"area_sq_km":0.0,"count":1,"label":2,"latitude":39.06997749382318,"longitude":-123.72900650050133,"near_healthy_bed":1,"priority_score":1.0,"priority_tier":"monitor","recommended_action":"no_action","region_id":"sonoma_mendocino","region_name":"Sonoma & Mendocino Counties, CA","state":"CA","status":2,"status_label":"healthy"}},{"type":"Feature","geometry":{"geodesic":false,"type":"Polygon","coordinates":[[[-123.73304891933877,39.09018958846098],[-123.73304891933877,39.08749464260862],[-123.73035397348642,39.08749464260862],[-123.73035397348642,39.0821047509039],[-123.72765902763406,39.0821047509039],[-123.72765902763406,39.09018958846098],[-123.73304891933877,39.09018958846098]]]},"id":"-45912+14504","properties":{"area_sq_km":0.0,"count":4,"label":2,"latitude":39.08682085005013,"longitude":-123.72968020027929,"near_healthy_bed":1,"priority_score":1.0,"priority_tier":"monitor","recommended_action":"no_action","region_id":"sonoma_mendocino","region_name":"Sonoma & Mendocino Counties, CA","state":"CA","status":2,"status_label":"healthy"}},{"type":"Feature","geometry":{"geodesic":false,"type":"Polygon","coordinates":[[[-123.73304891933877,39.057850238232675],[-123.73035397348642,39.057850238232675],[-123.73035397348642,39.060545184085036],[-123.73304891933877,39.060545184085036],[-123.73304891933877,39.057850238232675]]]},"id":"-45913+14493","properties":{"area_sq_km":0.0,"count":1,"label":2,"latitude":39.05919771046183,"longitude":-123.73170144648894,"near_healthy_bed":1,"priority_score":1.0,"priority_tier":"monitor","recommended_action":"no_action","region_id":"sonoma_mendocino","region_name":"Sonoma & Mendocino Counties, CA","state":"CA","status":2,"status_label":"healthy"}},{"type":"Feature","geometry":{"geodesic":false,"type":"Polygon","coordinates":[[[-123.73574386519114,39.02012099629966],[-123.73304891933877,39.02012099629966],[-123.73304891933877,39.022815942152015],[-123.73574386519114,39.022815942152015],[-123.73574386519114,39.02012099629966]]]},"id":"-45914+14479","properties":{"area_sq_km":0.0,"count":1,"label":2,"latitude":39.021468468345766,"longitude":-123.73439639235075,"near_healthy_bed":1,"priority_score":1.0,"priority_tier":"monitor","recommended_action":"no_action","region_id":"sonoma_mendocino","region_name":"Sonoma & Mendocino Counties, CA","state":"CA","status":2,"status_label":"healthy"}},{"type":"Feature","geometry":{"geodesic":false,"type":"Polygon","coordinates":[[[-123.73574386519114,39.068630021642115],[-123.73304891933877,39.068630021642115],[-123.73304891933877,39.07132496749447],[-123.73574386519114,39.07132496749447],[-123.73574386519114,39.068630021642115]]]},"id":"-45914+14497","properties":{"area_sq_km":0.0,"count":1,"label":2,"latitude":39.069977493845286,"longitude":-123.73439639230371,"near_healthy_bed":1,"priority_score":1.0,"priority_tier":"monitor","recommended_action":"no_action","region_id":"sonoma_mendocino","region_name":"Sonoma & Mendocino Counties, CA","state":"CA","status":2,"status_label":"healthy"}},{"type":"Feature","geometry":{"geodesic":false,"type":"Polygon","coordinates":[[[-123.73574386519114,39.07940980505155],[-123.73574386519114,39.076714859199186],[-123.7384388110435,39.076714859199186],[-123.7384388110435,39.07401991334683],[-123.73304891933877,39.07401991334683],[-123.73304891933877,39.07132496749447],[-123.73035397348642,39.07132496749447],[-123.73035397348642,39.076714859199186],[-123.73304891933877,39.076714859199186],[-123.73304891933877,39.07940980505155],[-123.73574386519114,39.07940980505155]]]},"id":"-45914+14500","properties":{"area_sq_km":0.0,"count":5,"label":2,"latitude":39.07536736477157,"longitude":-123.73385735751717,"near_healthy_bed":1,"priority_score":1.0,"priority_tier":"monitor","recommended_action":"no_action","region_id":"sonoma_mendocino","region_name":"Sonoma & Mendocino Counties, CA","state":"CA","status":2,"status_label":"healthy"}},{"type":"Feature","geometry":{"geodesic":false,"type":"Polygon","coordinates":[[[-123.7384388110435,38.597014497479364],[-123.73574386519114,38.597014497479364],[-123.73574386519114,38.59970944333172],[-123.7384388110435,38.59970944333172],[-123.7384388110435,38.597014497479364]]]},"id":"-45915+14322","properties":{"area_sq_km":0.0,"count":1,"label":2,"latitude":38.59836196983987,"longitude":-123.73709133805944,"near_healthy_bed":1,"priority_score":1.0,"priority_tier":"monitor","recommended_action":"no_action","region_id":"sonoma_mendocino","region_name":"Sonoma & Mendocino Counties, CA","state":"CA","status":2,"status_label":"healthy"}},{"type":"Feature","geometry":{"geodesic":false,"type":"Polygon","coordinates":[[[-123.7384388110435,38.6077942808888],[-123.73574386519114,38.6077942808888],[-123.73574386519114,38.61048922674116],[-123.7384388110435,38.61048922674116],[-123.7384388110435,38.6077942808888]]]},"id":"-45915+14326","properties":{"area_sq_km":0.0,"count":1,"label":2,"latitude":38.60914175294582,"longitude":-123.73709133813682,"near_healthy_bed":1,"priority_score":1.0,"priority_tier":"monitor","recommended_action":"no_action","region_id":"sonoma_mendocino","region_name":"Sonoma & Mendocino Counties, CA","state":"CA","status":2,"status_label":"healthy"}},{"type":"Feature","geometry":{"geodesic":false,"type":"Polygon","coordinates":[[[-123.74113375689585,38.605099335036435],[-123.7384388110435,38.605099335036435],[-123.7384388110435,38.6077942808888],[-123.74113375689585,38.6077942808888],[-123.74113375689585,38.605099335036435]]]},"id":"-45916+14325","properties":{"area_sq_km":0.0,"count":1,"label":2,"latitude":38.60644680735463,"longitude":-123.73978628385983,"near_healthy_bed":1,"priority_score":1.0,"priority_tier":"monitor","recommended_action":"no_action","region_id":"sonoma_mendocino","region_name":"Sonoma & Mendocino Counties, CA","state":"CA","status":2,"status_label":"healthy"}},{"type":"Feature","geometry":{"geodesic":false,"type":"Polygon","coordinates":[[[-123.74113375689585,39.084799696756264],[-123.7384388110435,39.084799696756264],[-123.7384388110435,39.08749464260862],[-123.74113375689585,39.08749464260862],[-123.74113375689585,39.084799696756264]]]},"id":"-45916+14503","properties":{"area_sq_km":0.0,"count":1,"label":2,"latitude":39.08614716891399,"longitude":-123.73978628379214,"near_healthy_bed":1,"priority_score":1.0,"priority_tier":"monitor","recommended_action":"no_action","region_id":"sonoma_mendocino","region_name":"Sonoma & Mendocino Counties, CA","state":"CA","status":2,"status_label":"healthy"}},{"type":"Feature","geometry":{"geodesic":false,"type":"Polygon","coordinates":[[[-123.74113375689585,39.14408850550815],[-123.7384388110435,39.14408850550815],[-123.7384388110435,39.14678345136051],[-123.74113375689585,39.14678345136051],[-123.74113375689585,39.14408850550815]]]},"id":"-45916+14525","properties":{"area_sq_km":0.0,"count":1,"label":2,"latitude":39.14543597750603,"longitude":-123.73978628382993,"near_healthy_bed":1,"priority_score":1.0,"priority_tier":"monitor","recommended_action":"no_action","region_id":"sonoma_mendocino","region_name":"Sonoma & Mendocino Counties, CA","state":"CA","status":2,"status_label":"healthy"}},{"type":"Feature","geometry":{"geodesic":false,"type":"Polygon","coordinates":[[[-123.74113375689585,39.14947839721287],[-123.7384388110435,39.14947839721287],[-123.7384388110435,39.15217334306523],[-123.74113375689585,39.15217334306523],[-123.74113375689585,39.14947839721287]]]},"id":"-45916+14527","properties":{"area_sq_km":0.0,"count":1,"label":2,"latitude":39.15082586918876,"longitude":-123.73978628382712,"near_healthy_bed":1,"priority_score":1.0,"priority_tier":"monitor","recommended_action":"no_action","region_id":"sonoma_mendocino","region_name":"Sonoma & Mendocino Counties, CA","state":"CA","status":2,"status_label":"healthy"}},{"type":"Feature","geometry":{"geodesic":false,"type":"Polygon","coordinates":[[[-123.74382870274822,38.597014497479364],[-123.74113375689585,38.597014497479364],[-123.74113375689585,38.59970944333172],[-123.74382870274822,38.59970944333172],[-123.74382870274822,38.597014497479364]]]},"id":"-45917+14322","properties":{"area_sq_km":0.0,"count":1,"label":2,"latitude":38.598361969823706,"longitude":-123.74248122986708,"near_healthy_bed":1,"priority_score":1.0,"priority_tier":"monitor","recommended_action":"no_action","region_id":"sonoma_mendocino","region_name":"Sonoma & Mendocino Counties, CA","state":"CA","status":2,"status_label":"healthy"}},{"type":"Feature","geometry":{"geodesic":false,"type":"Polygon","coordinates":[[[-123.74382870274822,38.90423832464824],[-123.74113375689585,38.90423832464824],[-123.74113375689585,38.906933270500595],[-123.74382870274822,38.906933270500595],[-123.74382870274822,38.90423832464824]]]},"id":"-45917+14436","properties":{"area_sq_km":0.0,"count":1,"label":2,"latitude":38.9055857968074,"longitude":-123.74248122990416,"near_healthy_bed":1,"priority_score":1.0,"priority_tier":"monitor","recommended_action":"no_action","region_id":"sonoma_mendocino","region_name":"Sonoma & Mendocino Counties, CA","state":"CA","status":2,"status_label":"healthy"}},{"type":"Feature","geometry":{"geodesic":false,"type":"Polygon","coordinates":[[[-123.74382870274822,39.038985617266164],[-123.74113375689585,39.038985617266164],[-123.74113375689585,39.04437550897089],[-123.74382870274822,39.04437550897089],[-123.74382870274822,39.038985617266164]]]},"id":"-45917+14487","properties":{"area_sq_km":0.0,"count":2,"label":2,"latitude":39.04168053664829,"longitude":-123.74248122992766,"near_healthy_bed":1,"priority_score":1.0,"priority_tier":"monitor","recommended_action":"no_action","region_id":"sonoma_mendocino","region_name":"Sonoma & Mendocino Counties, CA","state":"CA","status":2,"status_label":"healthy"}},{"type":"Feature","geometry":{"geodesic":false,"type":"Polygon","coordinates":[[[-123.74382870274822,39.130613776246356],[-123.74382870274822,39.127918830394],[-123.74652364860057,39.127918830394],[-123.74652364860057,39.12522388454164],[-123.74382870274822,39.12522388454164],[-123.74382870274822,39.111749155279846],[-123.74113375689585,39.111749155279846],[-123.74113375689585,39.119833992836924],[-123.7384388110435,39.119833992836924],[-123.7384388110435,39.122528938689285],[-123.74113375689585,39.122528938689285],[-123.74113375689585,39.12522388454164],[-123.7384388110435,39.12522388454164],[-123.7384388110435,39.127918830394],[-123.74113375689585,39.127918830394],[-123.74113375689585,39.130613776246356],[-123.74382870274822,39.130613776246356]]]},"id":"-45917+14519","properties":{"area_sq_km":1.0,"count":10,"label":2,"latitude":39.122259097613565,"longitude":-123.7422117270326,"near_healthy_bed":1,"priority_score":1.0,"priority_tier":"monitor","recommended_action":"no_action","region_id":"sonoma_mendocino","region_name":"Sonoma & Mendocino Counties, CA","state":"CA","status":2,"status_label":"healthy"}},{"type":"Feature","geometry":{"geodesic":false,"type":"Polygon","coordinates":[[[-123.74652364860057,39.0821047509039],[-123.74652364860057,39.076714859199186],[-123.74113375689585,39.076714859199186],[-123.74113375689585,39.07940980505155],[-123.74382870274822,39.07940980505155],[-123.74382870274822,39.0821047509039],[-123.74652364860057,39.0821047509039]]]},"id":"-45918+14501","properties":{"area_sq_km":0.0,"count":3,"label":2,"latitude":39.0789606392571,"longitude":-123.74427783932302,"near_healthy_bed":1,"priority_score":1.0,"priority_tier":"monitor","recommended_action":"no_action","region_id":"sonoma_mendocino","region_name":"Sonoma & Mendocino Counties, CA","state":"CA","status":2,"status_label":"healthy"}},{"type":"Feature","geometry":{"geodesic":false,"type":"Polygon","coordinates":[[[-123.74652364860057,39.138698613803435],[-123.74652364860057,39.13600366795107],[-123.75191354030528,39.13600366795107],[-123.75191354030528,39.13330872209872],[-123.74652364860057,39.13330872209872],[-123.74652364860057,39.130613776246356],[-123.74382870274822,39.130613776246356],[-123.74382870274822,39.138698613803435],[-123.74652364860057,39.138698613803435]]]},"id":"-45918+14522","properties":{"area_sq_km":0.0,"count":5,"label":2,"latitude":39.13465617913016,"longitude":-123.74679314309152,"near_healthy_bed":1,"priority_score":1.0,"priority_tier":"monitor","recommended_action":"no_action","region_id":"sonoma_mendocino","region_name":"Sonoma & Mendocino Counties, CA","state":"CA","status":2,"status_label":"healthy"}},{"type":"Feature","geometry":{"geodesic":false,"type":"Polygon","coordinates":[[[-123.74921859445293,39.049765400675604],[-123.74921859445293,39.04437550897089],[-123.75191354030528,39.04437550897089],[-123.75191354030528,39.041680563118526],[-123.74652364860057,39.041680563118526],[-123.74652364860057,39.04437550897089],[-123.74382870274822,39.04437550897089],[-123.74382870274822,39.04707045482324],[-123.74652364860057,39.04707045482324],[-123.74652364860057,39.049765400675604],[-123.74921859445293,39.049765400675604]]]},"id":"-45919+14489","properties":{"area_sq_km":0.0,"count":5,"label":2,"latitude":39.04518395481836,"longitude":-123.74787115955046,"near_healthy_bed":1,"priority_score":1.0,"priority_tier":"monitor","recommended_action":"no_action","region_id":"sonoma_mendocino","region_name":"Sonoma & Mendocino Counties, CA","state":"CA","status":2,"status_label":"healthy"}},{"type":"Feature","geometry":{"geodesic":false,"type":"Polygon","coordinates":[[[-123.74921859445293,39.16834301817938],[-123.74652364860057,39.16834301817938],[-123.74652364860057,39.17103796403174],[-123.74921859445293,39.17103796403174],[-123.74921859445293,39.16834301817938]]]},"id":"-45919+14534","properties":{"area_sq_km":0.0,"count":1,"label":2,"latitude":39.16969049039857,"longitude":-123.74787112141173,"near_healthy_bed":1,"priority_score":1.0,"priority_tier":"monitor","recommended_action":"no_action","region_id":"sonoma_mendocino","region_name":"Sonoma & Mendocino Counties, CA","state":"CA","status":2,"status_label":"healthy"}},{"type":"Feature","geometry":{"geodesic":false,"type":"Polygon","coordinates":[[[-123.75191354030528,39.17103796403174],[-123.74921859445293,39.17103796403174],[-123.74921859445293,39.173732909884095],[-123.75191354030528,39.173732909884095],[-123.75191354030528,39.17103796403174]]]},"id":"-45920+14535","properties":{"area_sq_km":0.0,"count":1,"label":1,"latitude":39.17238543598972,"longitude":-123.75056606747805,"near_healthy_bed":1,"priority_score":1.0,"priority_tier":"monitor","recommended_action":"monitor_and_replant","region_id":"sonoma_mendocino","region_name":"Sonoma & Mendocino Counties, CA","state":"CA","status":1,"status_label":"recovering"}},{"type":"Feature","geometry":{"geodesic":false,"type":"Polygon","coordinates":[[[-123.75460848615765,38.615879118445875],[-123.75191354030528,38.615879118445875],[-123.75191354030528,38.61857406429823],[-123.75460848615765,38.61857406429823],[-123.75460848615765,38.615879118445875]]]},"id":"-45921+14329","properties":{"area_sq_km":0.0,"count":1,"label":2,"latitude":38.617226590638914,"longitude":-123.75326101322231,"near_healthy_bed":1,"priority_score":1.0,"priority_tier":"monitor","recommended_action":"no_action","region_id":"sonoma_mendocino","region_name":"Sonoma & Mendocino Counties, CA","state":"CA","status":2,"status_label":"healthy"}},{"type":"Feature","geometry":{"geodesic":false,"type":"Polygon","coordinates":[[[-123.75460848615765,38.91501810805767],[-123.75191354030528,38.91501810805767],[-123.75191354030528,38.917713053910035],[-123.75460848615765,38.917713053910035],[-123.75460848615765,38.91501810805767]]]},"id":"-45921+14440","properties":{"area_sq_km":0.0,"count":1,"label":2,"latitude":38.91636558005851,"longitude":-123.75326101311776,"near_healthy_bed":1,"priority_score":1.0,"priority_tier":"monitor","recommended_action":"no_action","region_id":"sonoma_mendocino","region_name":"Sonoma & Mendocino Counties, CA","state":"CA","status":2,"status_label":"healthy"}},{"type":"Feature","geometry":{"geodesic":false,"type":"Polygon","coordinates":[[[-123.75460848615765,38.925797891467106],[-123.75191354030528,38.925797891467106],[-123.75191354030528,38.92849283731947],[-123.75460848615765,38.92849283731947],[-123.75460848615765,38.925797891467106]]]},"id":"-45921+14444","properties":{"area_sq_km":0.0,"count":1,"label":2,"latitude":38.927145363641735,"longitude":-123.75326101319638,"near_healthy_bed":1,"priority_score":1.0,"priority_tier":"monitor","recommended_action":"no_action","region_id":"sonoma_mendocino","region_name":"Sonoma & Mendocino Counties, CA","state":"CA","status":2,"status_label":"healthy"}},{"type":"Feature","geometry":{"geodesic":false,"type":"Polygon","coordinates":[[[-123.75460848615765,39.02820583385673],[-123.75191354030528,39.02820583385673],[-123.75191354030528,39.03359572556145],[-123.75460848615765,39.03359572556145],[-123.75460848615765,39.02820583385673]]]},"id":"-45921+14483","properties":{"area_sq_km":0.0,"count":2,"label":2,"latitude":39.030900753141374,"longitude":-123.75326101320346,"near_healthy_bed":1,"priority_score":1.0,"priority_tier":"monitor","recommended_action":"no_action","region_id":"sonoma_mendocino","region_name":"Sonoma & Mendocino Counties, CA","state":"CA","status":2,"status_label":"healthy"}},{"type":"Feature","geometry":{"geodesic":false,"type":"Polygon","coordinates":[[[-123.75460848615765,39.04437550897089],[-123.75191354030528,39.04437550897089],[-123.75191354030528,39.04707045482324],[-123.75460848615765,39.04707045482324],[-123.75460848615765,39.04437550897089]]]},"id":"-45921+14488","properties":{"area_sq_km":0.0,"count":1,"label":2,"latitude":39.045722981061616,"longitude":-123.75326101331302,"near_healthy_bed":1,"priority_score":1.0,"priority_tier":"monitor","recommended_action":"no_action","region_id":"sonoma_mendocino","region_name":"Sonoma & Mendocino Counties, CA","state":"CA","status":2,"status_label":"healthy"}},{"type":"Feature","geometry":{"geodesic":false,"type":"Polygon","coordinates":[[[-123.75730343201,39.05515529238032],[-123.75730343201,39.049765400675604],[-123.75460848615765,39.049765400675604],[-123.75460848615765,39.05246034652796],[-123.75191354030528,39.05246034652796],[-123.75191354030528,39.05515529238032],[-123.75730343201,39.05515529238032]]]},"id":"-45921+14491","properties":{"area_sq_km":0.0,"count":3,"label":2,"latitude":39.052909495990406,"longitude":-123.75505766495527,"near_healthy_bed":1,"priority_score":1.0,"priority_tier":"monitor","recommended_action":"no_action","region_id":"sonoma_mendocino","region_name":"Sonoma & Mendocino Counties, CA","state":"CA","status":2,"status_label":"healthy"}},{"type":"Feature","geometry":{"geodesic":false,"type":"Polygon","coordinates":[[[-123.75999837786236,38.59970944333172],[-123.75460848615765,38.59970944333172],[-123.75460848615765,38.60240438918408],[-123.75999837786236,38.60240438918408],[-123.75999837786236,38.59970944333172]]]},"id":"-45922+14323","properties":{"area_sq_km":0.0,"count":2,"label":2,"latitude":38.601056938767115,"longitude":-123.75730343204903,"near_healthy_bed":1,"priority_score":1.0,"priority_tier":"monitor","recommended_action":"no_action","region_id":"sonoma_mendocino","region_name":"Sonoma & Mendocino Counties, CA","state":"CA","status":2,"status_label":"healthy"}},{"type":"Feature","geometry":{"geodesic":false,"type":"Polygon","coordinates":[[[-123.75730343201,39.038985617266164],[-123.75460848615765,39.038985617266164],[-123.75460848615765,39.041680563118526],[-123.75730343201,39.041680563118526],[-123.75730343201,39.038985617266164]]]},"id":"-45922+14486","properties":{"area_sq_km":0.0,"count":1,"label":2,"latitude":39.04033308937494,"longitude":-123.75595595907294,"near_healthy_bed":1,"priority_score":1.0,"priority_tier":"monitor","recommended_action":"no_action","region_id":"sonoma_mendocino","region_name":"Sonoma & Mendocino Counties, CA","state":"CA","status":2,"status_label":"healthy"}},{"type":"Feature","geometry":{"geodesic":false,"type":"Polygon","coordinates":[[[-123.75999837786236,38.61048922674116],[-123.75730343201,38.61048922674116],[-123.75730343201,38.61318417259351],[-123.75999837786236,38.61318417259351],[-123.75999837786236,38.61048922674116]]]},"id":"-45923+14327","properties":{"area_sq_km":0.0,"count":1,"label":2,"latitude":38.61183669907068,"longitude":-123.7586509049668,"near_healthy_bed":1,"priority_score":1.0,"priority_tier":"monitor","recommended_action":"no_action","region_id":"sonoma_mendocino","region_name":"Sonoma & Mendocino Counties, CA","state":"CA","status":2,"status_label":"healthy"}},{"type":"Feature","geometry":{"geodesic":false,"type":"Polygon","coordinates":[[[-123.76269332371471,38.925797891467106],[-123.76269332371471,38.92040799976239],[-123.75999837786236,38.92040799976239],[-123.75999837786236,38.92310294561475],[-123.75730343201,38.92310294561475],[-123.75730343201,38.925797891467106],[-123.76269332371471,38.925797891467106]]]},"id":"-45923+14443","properties":{"area_sq_km":0.0,"count":3,"label":2,"latitude":38.923552095199184,"longitude":-123.76044755663322,"near_healthy_bed":1,"priority_score":1.0,"priority_tier":"monitor","recommended_action":"no_action","region_id":"sonoma_mendocino","region_name":"Sonoma & Mendocino Counties, CA","state":"CA","status":2,"status_label":"healthy"}},{"type":"Feature","geometry":{"geodesic":false,"type":"Polygon","coordinates":[[[-123.75999837786236,39.07940980505155],[-123.75730343201,39.07940980505155],[-123.75730343201,39.0821047509039],[-123.75999837786236,39.0821047509039],[-123.75999837786236,39.07940980505155]]]},"id":"-45923+14501","properties":{"area_sq_km":0.0,"count":1,"label":2,"latitude":39.08075727701268,"longitude":-123.75865090499995,"near_healthy_bed":1,"priority_score":1.0,"priority_tier":"monitor","recommended_action":"no_action","region_id":"sonoma_mendocino","region_name":"Sonoma & Mendocino Counties, CA","state":"CA","status":2,"status_label":"healthy"}},{"type":"Feature","geometry":{"geodesic":false,"type":"Polygon","coordinates":[[[-123.75999837786236,39.08749464260862],[-123.75730343201,39.08749464260862],[-123.75730343201,39.09018958846098],[-123.75999837786236,39.09018958846098],[-123.75999837786236,39.08749464260862]]]},"id":"-45923+14504","properties":{"area_sq_km":0.0,"count":1,"label":2,"latitude":39.08884211473537,"longitude":-123.75865090502232,"near_healthy_bed":1,"priority_score":1.0,"priority_tier":"monitor","recommended_action":"no_action","region_id":"sonoma_mendocino","region_name":"Sonoma & Mendocino Counties, CA","state":"CA","status":2,"status_label":"healthy"}},{"type":"Feature","geometry":{"geodesic":false,"type":"Polygon","coordinates":[[[-123.76538826956708,39.0821047509039],[-123.75999837786236,39.0821047509039],[-123.75999837786236,39.08749464260862],[-123.76538826956708,39.08749464260862],[-123.76538826956708,39.0821047509039]]]},"id":"-45924+14503","properties":{"area_sq_km":0.0,"count":4,"label":2,"latitude":39.08479969342005,"longitude":-123.76269332367866,"near_healthy_bed":1,"priority_score":1.0,"priority_tier":"monitor","recommended_action":"no_action","region_id":"sonoma_mendocino","region_name":"Sonoma & Mendocino Counties, CA","state":"CA","status":2,"status_label":"healthy"}},{"type":"Feature","geometry":{"geodesic":false,"type":"Polygon","coordinates":[[[-123.76538826956708,38.925797891467106],[-123.76269332371471,38.925797891467106],[-123.76269332371471,38.92849283731947],[-123.76538826956708,38.92849283731947],[-123.76538826956708,38.925797891467106]]]},"id":"-45925+14444","properties":{"area_sq_km":0.0,"count":1,"label":2,"latitude":38.92714536358493,"longitude":-123.76404079663662,"near_healthy_bed":1,"priority_score":1.0,"priority_tier":"monitor","recommended_action":"no_action","region_id":"sonoma_mendocino","region_name":"Sonoma & Mendocino Counties, CA","state":"CA","status":2,"status_label":"healthy"}},{"type":"Feature","geometry":{"geodesic":false,"type":"Polygon","coordinates":[[[-123.76538826956708,39.07132496749447],[-123.76269332371471,39.07132496749447],[-123.76269332371471,39.07401991334683],[-123.76538826956708,39.07401991334683],[-123.76538826956708,39.07132496749447]]]},"id":"-45925+14498","properties":{"area_sq_km":0.0,"count":1,"label":2,"latitude":39.072672439567036,"longitude":-123.76404079661805,"near_healthy_bed":1,"priority_score":1.0,"priority_tier":"monitor","recommended_action":"no_action","region_id":"sonoma_mendocino","region_name":"Sonoma & Mendocino Counties, CA","state":"CA","status":2,"status_label":"healthy"}},{"type":"Feature","geometry":{"geodesic":false,"type":"Polygon","coordinates":[[[-123.76808321541944,38.6077942808888],[-123.76538826956708,38.6077942808888],[-123.76538826956708,38.61048922674116],[-123.76808321541944,38.61048922674116],[-123.76808321541944,38.6077942808888]]]},"id":"-45926+14326","properties":{"area_sq_km":0.0,"count":1,"label":2,"latitude":38.60914175290518,"longitude":-123.7667357424352,"near_healthy_bed":1,"priority_score":1.0,"priority_tier":"monitor","recommended_action":"no_action","region_id":"sonoma_mendocino","region_name":"Sonoma & Mendocino Counties, CA","state":"CA","status":2,"status_label":"healthy"}},{"type":"Feature","geometry":{"geodesic":false,"type":"Polygon","coordinates":[[[-123.76808321541944,39.09018958846098],[-123.76538826956708,39.09018958846098],[-123.76538826956708,39.09288453431334],[-123.76808321541944,39.09288453431334],[-123.76808321541944,39.09018958846098]]]},"id":"-45926+14505","properties":{"area_sq_km":0.0,"count":1,"label":2,"latitude":39.09153706041982,"longitude":-123.76673574247998,"near_healthy_bed":1,"priority_score":1.0,"priority_tier":"monitor","recommended_action":"no_action","region_id":"sonoma_mendocino","region_name":"Sonoma & Mendocino Counties, CA","state":"CA","status":2,"status_label":"healthy"}},{"type":"Feature","geometry":{"geodesic":false,"type":"Polygon","coordinates":[[[-123.77347310712416,39.16295312647466],[-123.77347310712416,39.1602581806223],[-123.77077816127179,39.1602581806223],[-123.77077816127179,39.157563234769945],[-123.76808321541944,39.157563234769945],[-123.76808321541944,39.154868288917584],[-123.76538826956708,39.154868288917584],[-123.76538826956708,39.16295312647466],[-123.77347310712416,39.16295312647466]]]},"id":"-45926+14531","properties":{"area_sq_km":0.0,"count":6,"label":2,"latitude":39.15980900617318,"longitude":-123.76853232251194,"near_healthy_bed":1,"priority_score":1.0,"priority_tier":"monitor","recommended_action":"no_action","region_id":"sonoma_mendocino","region_name":"Sonoma & Mendocino Counties, CA","state":"CA","status":2,"status_label":"healthy"}},{"type":"Feature","geometry":{"geodesic":false,"type":"Polygon","coordinates":[[[-123.77347310712416,38.933882729024184],[-123.76808321541944,38.933882729024184],[-123.76808321541944,38.93657767487654],[-123.77347310712416,38.93657767487654],[-123.77347310712416,38.933882729024184]]]},"id":"-45927+14447","properties":{"area_sq_km":0.0,"count":2,"label":2,"latitude":38.935230224310715,"longitude":-123.77077816120568,"near_healthy_bed":1,"priority_score":1.0,"priority_tier":"monitor","recommended_action":"no_action","region_id":"sonoma_mendocino","region_name":"Sonoma & Mendocino Counties, CA","state":"CA","status":2,"status_label":"healthy"}},{"type":"Feature","geometry":{"geodesic":false,"type":"Polygon","coordinates":[[[-123.77616805297652,39.18720763914589],[-123.76808321541944,39.18720763914589],[-123.76808321541944,39.189902584998244],[-123.77616805297652,39.189902584998244],[-123.77616805297652,39.18720763914589]]]},"id":"-45927+14541","properties":{"area_sq_km":0.0,"count":3,"label":2,"latitude":39.18855517343281,"longitude":-123.77212563417257,"near_healthy_bed":1,"priority_score":1.0,"priority_tier":"monitor","recommended_action":"no_action","region_id":"sonoma_mendocino","region_name":"Sonoma & Mendocino Counties, CA","state":"CA","status":2,"status_label":"healthy"}},{"type":"Feature","geometry":{"geodesic":false,"type":"Polygon","coordinates":[[[-123.77347310712416,39.07940980505155],[-123.77077816127179,39.07940980505155],[-123.77077816127179,39.0821047509039],[-123.77347310712416,39.0821047509039],[-123.77347310712416,39.07940980505155]]]},"id":"-45928+14501","properties":{"area_sq_km":0.0,"count":1,"label":2,"latitude":39.080757277107615,"longitude":-123.77212563428002,"near_healthy_bed":1,"priority_score":1.0,"priority_tier":"monitor","recommended_action":"no_action","region_id":"sonoma_mendocino","region_name":"Sonoma & Mendocino Counties, CA","state":"CA","status":2,"status_label":"healthy"}},{"type":"Feature","geometry":{"geodesic":false,"type":"Polygon","coordinates":[[[-123.77347310712416,39.08749464260862],[-123.77077816127179,39.08749464260862],[-123.77077816127179,39.09018958846098],[-123.77347310712416,39.09018958846098],[-123.77347310712416,39.08749464260862]]]},"id":"-45928+14504","properties":{"area_sq_km":0.0,"count":1,"label":2,"latitude":39.08884211476413,"longitude":-123.7721256342745,"near_healthy_bed":1,"priority_score":1.0,"priority_tier":"monitor","recommended_action":"no_action","region_id":"sonoma_mendocino","region_name":"Sonoma & Mendocino Counties, CA","state":"CA","status":2,"status_label":"healthy"}},{"type":"Feature","geometry":{"geodesic":false,"type":"Polygon","coordinates":[[[-123.77347310712416,39.21685204352183],[-123.77077816127179,39.21685204352183],[-123.77077816127179,39.21954698937419],[-123.77347310712416,39.21954698937419],[-123.77347310712416,39.21685204352183]]]},"id":"-45928+14552","properties":{"area_sq_km":0.0,"count":1,"label":2,"latitude":39.218199515648244,"longitude":-123.77212563418541,"near_healthy_bed":1,"priority_score":1.0,"priority_tier":"monitor","recommended_action":"no_action","region_id":"sonoma_mendocino","region_name":"Sonoma & Mendocino Counties, CA","state":"CA","status":2,"status_label":"healthy"}},{"type":"Feature","geometry":{"geodesic":false,"type":"Polygon","coordinates":[[[-123.77886299882887,39.18720763914589],[-123.77886299882887,39.17912280158881],[-123.77616805297652,39.17912280158881],[-123.77616805297652,39.17103796403174],[-123.77886299882887,39.17103796403174],[-123.77886299882887,39.16834301817938],[-123.77347310712416,39.16834301817938],[-123.77347310712416,39.176427855736456],[-123.77077816127179,39.176427855736456],[-123.77077816127179,39.17912280158881],[-123.77347310712416,39.17912280158881],[-123.77347310712416,39.18451269329353],[-123.77616805297652,39.18451269329353],[-123.77616805297652,39.18720763914589],[-123.77886299882887,39.18720763914589]]]},"id":"-45930+14540","properties":{"area_sq_km":1.0,"count":11,"label":2,"latitude":39.17777495510175,"longitude":-123.77555550832729,"near_healthy_bed":1,"priority_score":1.0,"priority_tier":"monitor","recommended_action":"no_action","region_id":"sonoma_mendocino","region_name":"Sonoma & Mendocino Counties, CA","state":"CA","status":2,"status_label":"healthy"}},{"type":"Feature","geometry":{"geodesic":false,"type":"Polygon","coordinates":[[[-123.77886299882887,39.20068236840768],[-123.77616805297652,39.20068236840768],[-123.77616805297652,39.20337731426004],[-123.77886299882887,39.20337731426004],[-123.77886299882887,39.20068236840768]]]},"id":"-45930+14546","properties":{"area_sq_km":0.0,"count":1,"label":2,"latitude":39.20202984052863,"longitude":-123.77751552592719,"near_healthy_bed":1,"priority_score":1.0,"priority_tier":"monitor","recommended_action":"no_action","region_id":"sonoma_mendocino","region_name":"Sonoma & Mendocino Counties, CA","state":"CA","status":2,"status_label":"healthy"}},{"type":"Feature","geometry":{"geodesic":false,"type":"Polygon","coordinates":[[[-123.78155794468123,38.94735745828598],[-123.77886299882887,38.94735745828598],[-123.77886299882887,38.95005240413833],[-123.78155794468123,38.95005240413833],[-123.78155794468123,38.94735745828598]]]},"id":"-45931+14452","properties":{"area_sq_km":0.0,"count":1,"label":2,"latitude":38.94870493042058,"longitude":-123.78021047184552,"near_healthy_bed":1,"priority_score":1.0,"priority_tier":"monitor","recommended_action":"no_action","region_id":"sonoma_mendocino","region_name":"Sonoma & Mendocino Counties, CA","state":"CA","status":2,"status_label":"healthy"}},{"type":"Feature","geometry":{"geodesic":false,"type":"Polygon","coordinates":[[[-123.78155794468123,39.17103796403174],[-123.77886299882887,39.17103796403174],[-123.77886299882887,39.173732909884095],[-123.78155794468123,39.173732909884095],[-123.78155794468123,39.17103796403174]]]},"id":"-45931+14535","properties":{"area_sq_km":0.0,"count":1,"label":2,"latitude":39.17238543597535,"longitude":-123.78021047185239,"near_healthy_bed":1,"priority_score":1.0,"priority_tier":"monitor","recommended_action":"no_action","region_id":"sonoma_mendocino","region_name":"Sonoma & Mendocino Counties, CA","state":"CA","status":2,"status_label":"healthy"}},{"type":"Feature","geometry":{"geodesic":false,"type":"Polygon","coordinates":[[[-123.78155794468123,39.21685204352183],[-123.77886299882887,39.21685204352183],[-123.77886299882887,39.21954698937419],[-123.78155794468123,39.21954698937419],[-123.78155794468123,39.21685204352183]]]},"id":"-45931+14552","properties":{"area_sq_km":0.0,"count":1,"label":2,"latitude":39.21819951562013,"longitude":-123.78021047191322,"near_healthy_bed":1,"priority_score":1.0,"priority_tier":"monitor","recommended_action":"no_action","region_id":"sonoma_mendocino","region_name":"Sonoma & Mendocino Counties, CA","state":"CA","status":2,"status_label":"healthy"}},{"type":"Feature","geometry":{"geodesic":false,"type":"Polygon","coordinates":[[[-123.78155794468123,39.23571666448834],[-123.77886299882887,39.23571666448834],[-123.77886299882887,39.2384116103407],[-123.78155794468123,39.2384116103407],[-123.78155794468123,39.23571666448834]]]},"id":"-45931+14559","properties":{"area_sq_km":0.0,"count":1,"label":2,"latitude":39.237064136683706,"longitude":-123.78021047187981,"near_healthy_bed":1,"priority_score":1.0,"priority_tier":"monitor","recommended_action":"no_action","region_id":"sonoma_mendocino","region_name":"Sonoma & Mendocino Counties, CA","state":"CA","status":2,"status_label":"healthy"}},{"type":"Feature","geometry":{"geodesic":false,"type":"Polygon","coordinates":[[[-123.7842528905336,38.933882729024184],[-123.78155794468123,38.933882729024184],[-123.78155794468123,38.93657767487654],[-123.7842528905336,38.93657767487654],[-123.7842528905336,38.933882729024184]]]},"id":"-45932+14447","properties":{"area_sq_km":0.0,"count":1,"label":2,"latitude":38.935230201125954,"longitude":-123.78290541763494,"near_healthy_bed":1,"priority_score":1.0,"priority_tier":"monitor","recommended_action":"no_action","region_id":"sonoma_mendocino","region_name":"Sonoma & Mendocino Counties, CA","state":"CA","status":2,"status_label":"healthy"}},{"type":"Feature","geometry":{"geodesic":false,"type":"Polygon","coordinates":[[[-123.7842528905336,38.95005240413833],[-123.78155794468123,38.95005240413833],[-123.78155794468123,38.952747349990695],[-123.7842528905336,38.952747349990695],[-123.7842528905336,38.95005240413833]]]},"id":"-45932+14453","properties":{"area_sq_km":0.0,"count":1,"label":2,"latitude":38.95139987630657,"longitude":-123.78290541764088,"near_healthy_bed":1,"priority_score":1.0,"priority_tier":"monitor","recommended_action":"no_action","region_id":"sonoma_mendocino","region_name":"Sonoma & Mendocino Counties, CA","state":"CA","status":2,"status_label":"healthy"}},{"type":"Feature","geometry":{"geodesic":false,"type":"Polygon","coordinates":[[[-123.78694783638595,38.94196756658126],[-123.7842528905336,38.94196756658126],[-123.7842528905336,38.94466251243362],[-123.78694783638595,38.94466251243362],[-123.78694783638595,38.94196756658126]]]},"id":"-45933+14450","properties":{"area_sq_km":0.0,"count":1,"label":2,"latitude":38.94331503875993,"longitude":-123.78560036327397,"near_healthy_bed":1,"priority_score":1.0,"priority_tier":"monitor","recommended_action":"no_action","region_id":"sonoma_mendocino","region_name":"Sonoma & Mendocino Counties, CA","state":"CA","status":2,"status_label":"healthy"}},{"type":"Feature","geometry":{"geodesic":false,"type":"Polygon","coordinates":[[[-123.78694783638595,39.22224193522655],[-123.7842528905336,39.22224193522655],[-123.7842528905336,39.22493688107891],[-123.78694783638595,39.22493688107891],[-123.78694783638595,39.22224193522655]]]},"id":"-45933+14554","properties":{"area_sq_km":0.0,"count":1,"label":2,"latitude":39.22358940728553,"longitude":-123.78560036335648,"near_healthy_bed":1,"priority_score":1.0,"priority_tier":"monitor","recommended_action":"no_action","region_id":"sonoma_mendocino","region_name":"Sonoma & Mendocino Counties, CA","state":"CA","status":2,"status_label":"healthy"}},{"type":"Feature","geometry":{"geodesic":false,"type":"Polygon","coordinates":[[[-123.7896427822383,38.960832187547766],[-123.78694783638595,38.960832187547766],[-123.78694783638595,38.96352713340013],[-123.7896427822383,38.96352713340013],[-123.7896427822383,38.960832187547766]]]},"id":"-45934+14457","properties":{"area_sq_km":0.0,"count":1,"label":2,"latitude":38.962179659650715,"longitude":-123.78829530935768,"near_healthy_bed":1,"priority_score":1.0,"priority_tier":"monitor","recommended_action":"no_action","region_id":"sonoma_mendocino","region_name":"Sonoma & Mendocino Counties, CA","state":"CA","status":2,"status_label":"healthy"}},{"type":"Feature","geometry":{"geodesic":false,"type":"Polygon","coordinates":[[[-123.7896427822383,39.21685204352183],[-123.78694783638595,39.21685204352183],[-123.78694783638595,39.22224193522655],[-123.7896427822383,39.22224193522655],[-123.7896427822383,39.21685204352183]]]},"id":"-45934+14553","properties":{"area_sq_km":0.0,"count":2,"label":2,"latitude":39.21954696269091,"longitude":-123.78829530937793,"near_healthy_bed":1,"priority_score":1.0,"priority_tier":"monitor","recommended_action":"no_action","region_id":"sonoma_mendocino","region_name":"Sonoma & Mendocino Counties, CA","state":"CA","status":2,"status_label":"healthy"}},{"type":"Feature","geometry":{"geodesic":false,"type":"Polygon","coordinates":[[[-123.7896427822383,39.254581285454854],[-123.78694783638595,39.254581285454854],[-123.78694783638595,39.25727623130721],[-123.7896427822383,39.25727623130721],[-123.7896427822383,39.254581285454854]]]},"id":"-45934+14566","properties":{"area_sq_km":0.0,"count":1,"label":2,"latitude":39.255928757553704,"longitude":-123.7882953093168,"near_healthy_bed":1,"priority_score":1.0,"priority_tier":"monitor","recommended_action":"no_action","region_id":"sonoma_mendocino","region_name":"Sonoma & Mendocino Counties, CA","state":"CA","status":2,"status_label":"healthy"}},{"type":"Feature","geometry":{"geodesic":false,"type":"Polygon","coordinates":[[[-123.79503267394303,38.95005240413833],[-123.79233772809067,38.95005240413833],[-123.79233772809067,38.952747349990695],[-123.79503267394303,38.952747349990695],[-123.79503267394303,38.95005240413833]]]},"id":"-45936+14453","properties":{"area_sq_km":0.0,"count":1,"label":2,"latitude":38.95139987629092,"longitude":-123.79368520090607,"near_healthy_bed":1,"priority_score":1.0,"priority_tier":"monitor","recommended_action":"no_action","region_id":"sonoma_mendocino","region_name":"Sonoma & Mendocino Counties, CA","state":"CA","status":2,"status_label":"healthy"}},{"type":"Feature","geometry":{"geodesic":false,"type":"Polygon","coordinates":[[[-123.79503267394303,39.1602581806223],[-123.79503267394303,39.154868288917584],[-123.79772761979538,39.154868288917584],[-123.79772761979538,39.15217334306523],[-123.80042256564774,39.15217334306523],[-123.80042256564774,39.14947839721287],[-123.79772761979538,39.14947839721287],[-123.79772761979538,39.14139355965579],[-123.79233772809067,39.14139355965579],[-123.79233772809067,39.138698613803435],[-123.7896427822383,39.138698613803435],[-123.7896427822383,39.14408850550815],[-123.79503267394303,39.14408850550815],[-123.79503267394303,39.14678345136051],[-123.79233772809067,39.14678345136051],[-123.79233772809067,39.1602581806223],[-123.79503267394303,39.1602581806223]]]},"id":"-45936+14530","properties":{"area_sq_km":1.0,"count":14,"label":2,"latitude":39.14890051150438,"longitude":-123.79464759730963,"near_healthy_bed":1,"priority_score":1.0,"priority_tier":"monitor","recommended_action":"no_action","region_id":"sonoma_mendocino","region_name":"Sonoma & Mendocino Counties, CA","state":"CA","status":2,"status_label":"healthy"}},{"type":"Feature","geometry":{"geodesic":false,"type":"Polygon","coordinates":[[[-123.79772761979538,39.16295312647466],[-123.79233772809067,39.16295312647466],[-123.79233772809067,39.165648072327016],[-123.79772761979538,39.165648072327016],[-123.79772761979538,39.16295312647466]]]},"id":"-45936+14532","properties":{"area_sq_km":0.0,"count":2,"label":2,"latitude":39.16430062175208,"longitude":-123.79503267386352,"near_healthy_bed":1,"priority_score":1.0,"priority_tier":"monitor","recommended_action":"no_action","region_id":"sonoma_mendocino","region_name":"Sonoma & Mendocino Counties, CA","state":"CA","status":2,"status_label":"healthy"}},{"type":"Feature","geometry":{"geodesic":false,"type":"Polygon","coordinates":[[[-123.79503267394303,39.17103796403174],[-123.79233772809067,39.17103796403174],[-123.79233772809067,39.173732909884095],[-123.79503267394303,39.173732909884095],[-123.79503267394303,39.17103796403174]]]},"id":"-45936+14535","properties":{"area_sq_km":0.0,"count":1,"label":2,"latitude":39.17238543600565,"longitude":-123.79368520083145,"near_healthy_bed":1,"priority_score":1.0,"priority_tier":"monitor","recommended_action":"no_action","region_id":"sonoma_mendocino","region_name":"Sonoma & Mendocino Counties, CA","state":"CA","status":2,"status_label":"healthy"}},{"type":"Feature","geometry":{"geodesic":false,"type":"Polygon","coordinates":[[[-123.80042256564774,39.25188633960249],[-123.79772761979538,39.25188633960249],[-123.79772761979538,39.254581285454854],[-123.80042256564774,39.254581285454854],[-123.80042256564774,39.25188633960249]]]},"id":"-45938+14565","properties":{"area_sq_km":0.0,"count":1,"label":2,"latitude":39.253233811587904,"longitude":-123.79907509279072,"near_healthy_bed":1,"priority_score":1.0,"priority_tier":"monitor","recommended_action":"no_action","region_id":"sonoma_mendocino","region_name":"Sonoma & Mendocino Counties, CA","state":"CA","status":2,"status_label":"healthy"}},{"type":"Feature","geometry":{"geodesic":false,"type":"Polygon","coordinates":[[[-123.8031175115001,39.17103796403174],[-123.80042256564774,39.17103796403174],[-123.80042256564774,39.176427855736456],[-123.8031175115001,39.176427855736456],[-123.8031175115001,39.17103796403174]]]},"id":"-45939+14536","properties":{"area_sq_km":0.0,"count":2,"label":2,"latitude":39.173732883118646,"longitude":-123.80177003847243,"near_healthy_bed":1,"priority_score":1.0,"priority_tier":"monitor","recommended_action":"no_action","region_id":"sonoma_mendocino","region_name":"Sonoma & Mendocino Counties, CA","state":"CA","status":2,"status_label":"healthy"}},{"type":"Feature","geometry":{"geodesic":false,"type":"Polygon","coordinates":[[[-123.80581245735246,39.14678345136051],[-123.8031175115001,39.14678345136051],[-123.8031175115001,39.14947839721287],[-123.80581245735246,39.14947839721287],[-123.80581245735246,39.14678345136051]]]},"id":"-45940+14526","properties":{"area_sq_km":0.0,"count":1,"label":2,"latitude":39.148130923573675,"longitude":-123.80446498452982,"near_healthy_bed":1,"priority_score":1.0,"priority_tier":"monitor","recommended_action":"no_action","region_id":"sonoma_mendocino","region_name":"Sonoma & Mendocino Counties, CA","state":"CA","status":2,"status_label":"healthy"}},{"type":"Feature","geometry":{"geodesic":false,"type":"Polygon","coordinates":[[[-123.80581245735246,39.15217334306523],[-123.8031175115001,39.15217334306523],[-123.8031175115001,39.1602581806223],[-123.80581245735246,39.1602581806223],[-123.80581245735246,39.15217334306523]]]},"id":"-45940+14530","properties":{"area_sq_km":0.0,"count":3,"label":2,"latitude":39.15621569222323,"longitude":-123.80446498447208,"near_healthy_bed":1,"priority_score":1.0,"priority_tier":"monitor","recommended_action":"no_action","region_id":"sonoma_mendocino","region_name":"Sonoma & Mendocino Counties, CA","state":"CA","status":2,"status_label":"healthy"}},{"type":"Feature","geometry":{"geodesic":false,"type":"Polygon","coordinates":[[[-123.80581245735246,39.16834301817938],[-123.8031175115001,39.16834301817938],[-123.8031175115001,39.17103796403174],[-123.80581245735246,39.17103796403174],[-123.80581245735246,39.16834301817938]]]},"id":"-45940+14534","properties":{"area_sq_km":0.0,"count":1,"label":2,"latitude":39.1696904903819,"longitude":-123.80446498444124,"near_healthy_bed":1,"priority_score":1.0,"priority_tier":"monitor","recommended_action":"no_action","region_id":"sonoma_mendocino","region_name":"Sonoma & Mendocino Counties, CA","state":"CA","status":2,"status_label":"healthy"}},{"type":"Feature","geometry":{"geodesic":false,"type":"Polygon","coordinates":[[[-123.80581245735246,39.26536106886429],[-123.8031175115001,39.26536106886429],[-123.8031175115001,39.26805601471664],[-123.80581245735246,39.26805601471664],[-123.80581245735246,39.26536106886429]]]},"id":"-45940+14570","properties":{"area_sq_km":0.0,"count":1,"label":2,"latitude":39.26670854074712,"longitude":-123.80446498450478,"near_healthy_bed":1,"priority_score":1.0,"priority_tier":"monitor","recommended_action":"no_action","region_id":"sonoma_mendocino","region_name":"Sonoma & Mendocino Counties, CA","state":"CA","status":2,"status_label":"healthy"}},{"type":"Feature","geometry":{"geodesic":false,"type":"Polygon","coordinates":[[[-123.80850740320481,39.1602581806223],[-123.80581245735246,39.1602581806223],[-123.80581245735246,39.16295312647466],[-123.80850740320481,39.16295312647466],[-123.80850740320481,39.1602581806223]]]},"id":"-45941+14531","properties":{"area_sq_km":0.0,"count":1,"label":2,"latitude":39.1616056526364,"longitude":-123.80715993019781,"near_healthy_bed":1,"priority_score":1.0,"priority_tier":"monitor","recommended_action":"no_action","region_id":"sonoma_mendocino","region_name":"Sonoma & Mendocino Counties, CA","state":"CA","status":2,"status_label":"healthy"}},{"type":"Feature","geometry":{"geodesic":false,"type":"Polygon","coordinates":[[[-123.80850740320481,39.30039536494495],[-123.80581245735246,39.30039536494495],[-123.80581245735246,39.30309031079731],[-123.80850740320481,39.30309031079731],[-123.80850740320481,39.30039536494495]]]},"id":"-45941+14583","properties":{"area_sq_km":0.0,"count":1,"label":2,"latitude":39.30174283707986,"longitude":-123.80715993017624,"near_healthy_bed":1,"priority_score":1.0,"priority_tier":"monitor","recommended_action":"no_action","region_id":"sonoma_mendocino","region_name":"Sonoma & Mendocino Counties, CA","state":"CA","status":2,"status_label":"healthy"}},{"type":"Feature","geometry":{"geodesic":false,"type":"Polygon","coordinates":[[[-123.81120234905717,39.154868288917584],[-123.80850740320481,39.154868288917584],[-123.80850740320481,39.157563234769945],[-123.81120234905717,39.157563234769945],[-123.81120234905717,39.154868288917584]]]},"id":"-45942+14529","properties":{"area_sq_km":0.0,"count":1,"label":2,"latitude":39.15621576106433,"longitude":-123.80985487609121,"near_healthy_bed":1,"priority_score":1.0,"priority_tier":"monitor","recommended_action":"no_action","region_id":"sonoma_mendocino","region_name":"Sonoma & Mendocino Counties, CA","state":"CA","status":2,"status_label":"healthy"}},{"type":"Feature","geometry":{"geodesic":false,"type":"Polygon","coordinates":[[[-123.81120234905717,39.289615581535514],[-123.80850740320481,39.289615581535514],[-123.80850740320481,39.29231052738787],[-123.81120234905717,39.29231052738787],[-123.81120234905717,39.289615581535514]]]},"id":"-45942+14579","properties":{"area_sq_km":0.0,"count":1,"label":2,"latitude":39.29096305344086,"longitude":-123.80985487619942,"near_healthy_bed":1,"priority_score":1.0,"priority_tier":"monitor","recommended_action":"no_action","region_id":"sonoma_mendocino","region_name":"Sonoma & Mendocino Counties, CA","state":"CA","status":2,"status_label":"healthy"}},{"type":"Feature","geometry":{"geodesic":false,"type":"Polygon","coordinates":[[[-123.81389729490954,39.14408850550815],[-123.81120234905717,39.14408850550815],[-123.81120234905717,39.14678345136051],[-123.81389729490954,39.14678345136051],[-123.81389729490954,39.14408850550815]]]},"id":"-45943+14525","properties":{"area_sq_km":0.0,"count":1,"label":2,"latitude":39.145435977577584,"longitude":-123.81254982210348,"near_healthy_bed":1,"priority_score":1.0,"priority_tier":"monitor","recommended_action":"no_action","region_id":"sonoma_mendocino","region_name":"Sonoma & Mendocino Counties, CA","state":"CA","status":2,"status_label":"healthy"}},{"type":"Feature","geometry":{"geodesic":false,"type":"Polygon","coordinates":[[[-123.81659224076189,38.8611191910105],[-123.81389729490954,38.8611191910105],[-123.81389729490954,38.863814136862864],[-123.81659224076189,38.863814136862864],[-123.81659224076189,38.8611191910105]]]},"id":"-45944+14420","properties":{"area_sq_km":0.0,"count":1,"label":2,"latitude":38.86246666311506,"longitude":-123.81524476785133,"near_healthy_bed":1,"priority_score":1.0,"priority_tier":"monitor","recommended_action":"no_action","region_id":"sonoma_mendocino","region_name":"Sonoma & Mendocino Counties, CA","state":"CA","status":2,"status_label":"healthy"}},{"type":"Feature","geometry":{"geodesic":false,"type":"Polygon","coordinates":[[[-123.81659224076189,39.29231052738787],[-123.81389729490954,39.29231052738787],[-123.81389729490954,39.29500547324023],[-123.81659224076189,39.29500547324023],[-123.81659224076189,39.29231052738787]]]},"id":"-45944+14580","properties":{"area_sq_km":0.0,"count":1,"label":2,"latitude":39.293657999576695,"longitude":-123.81524476781168,"near_healthy_bed":1,"priority_score":1.0,"priority_tier":"monitor","recommended_action":"no_action","region_id":"sonoma_mendocino","region_name":"Sonoma & Mendocino Counties, CA","state":"CA","status":2,"status_label":"healthy"}},{"type":"Feature","geometry":{"geodesic":false,"type":"Polygon","coordinates":[[[-123.81928718661425,39.29770041909259],[-123.81389729490954,39.29770041909259],[-123.81389729490954,39.30039536494495],[-123.81928718661425,39.30039536494495],[-123.81928718661425,39.29770041909259]]]},"id":"-45944+14582","properties":{"area_sq_km":0.0,"count":2,"label":2,"latitude":39.2990479141501,"longitude":-123.81659224070442,"near_healthy_bed":1,"priority_score":1.0,"priority_tier":"monitor","recommended_action":"no_action","region_id":"sonoma_mendocino","region_name":"Sonoma & Mendocino Counties, CA","state":"CA","status":2,"status_label":"healthy"}},{"type":"Feature","geometry":{"geodesic":false,"type":"Polygon","coordinates":[[[-123.81659224076189,39.45131233267703],[-123.81389729490954,39.45131233267703],[-123.81389729490954,39.45400727852939],[-123.81659224076189,39.45400727852939],[-123.81659224076189,39.45131233267703]]]},"id":"-45944+14639","properties":{"area_sq_km":0.0,"count":1,"label":2,"latitude":39.45265980471743,"longitude":-123.81524476790305,"near_healthy_bed":1,"priority_score":1.0,"priority_tier":"monitor","recommended_action":"no_action","region_id":"sonoma_mendocino","region_name":"Sonoma & Mendocino Counties, CA","state":"CA","status":2,"status_label":"healthy"}},{"type":"Feature","geometry":{"geodesic":false,"type":"Polygon","coordinates":[[[-123.82467707831897,39.37046395710627],[-123.82198213246662,39.37046395710627],[-123.82198213246662,39.37315890295863],[-123.82467707831897,39.37315890295863],[-123.82467707831897,39.37046395710627]]]},"id":"-45947+14609","properties":{"area_sq_km":0.0,"count":1,"label":2,"latitude":39.3718114290352,"longitude":-123.82332960536351,"near_healthy_bed":1,"priority_score":1.0,"priority_tier":"monitor","recommended_action":"no_action","region_id":"sonoma_mendocino","region_name":"Sonoma & Mendocino Counties, CA","state":"CA","status":2,"status_label":"healthy"}},{"type":"Feature","geometry":{"geodesic":false,"type":"Polygon","coordinates":[[[-123.82467707831897,39.378548794663345],[-123.82198213246662,39.378548794663345],[-123.82198213246662,39.38124374051571],[-123.82467707831897,39.38124374051571],[-123.82467707831897,39.378548794663345]]]},"id":"-45947+14612","properties":{"area_sq_km":0.0,"count":1,"label":2,"latitude":39.379896266699625,"longitude":-123.82332960525439,"near_healthy_bed":1,"priority_score":1.0,"priority_tier":"monitor","recommended_action":"no_action","region_id":"sonoma_mendocino","region_name":"Sonoma & Mendocino Counties, CA","state":"CA","status":2,"status_label":"healthy"}},{"type":"Feature","geometry":{"geodesic":false,"type":"Polygon","coordinates":[[[-123.82467707831897,39.45670222438174],[-123.82198213246662,39.45670222438174],[-123.82198213246662,39.459397170234105],[-123.82467707831897,39.459397170234105],[-123.82467707831897,39.45670222438174]]]},"id":"-45947+14641","properties":{"area_sq_km":0.0,"count":1,"label":2,"latitude":39.458049696434834,"longitude":-123.82332960531896,"near_healthy_bed":1,"priority_score":1.0,"priority_tier":"monitor","recommended_action":"no_action","region_id":"sonoma_mendocino","region_name":"Sonoma & Mendocino Counties, CA","state":"CA","status":2,"status_label":"healthy"}},{"type":"Feature","geometry":{"geodesic":false,"type":"Polygon","coordinates":[[[-123.82737202417132,39.30309031079731],[-123.82467707831897,39.30309031079731],[-123.82467707831897,39.30578525664966],[-123.82737202417132,39.30578525664966],[-123.82737202417132,39.30309031079731]]]},"id":"-45948+14584","properties":{"area_sq_km":0.0,"count":1,"label":2,"latitude":39.30443778268954,"longitude":-123.82602455131311,"near_healthy_bed":1,"priority_score":1.0,"priority_tier":"monitor","recommended_action":"no_action","region_id":"sonoma_mendocino","region_name":"Sonoma & Mendocino Counties, CA","state":"CA","status":2,"status_label":"healthy"}},{"type":"Feature","geometry":{"geodesic":false,"type":"Polygon","coordinates":[[[-123.82737202417132,39.31387009420674],[-123.82467707831897,39.31387009420674],[-123.82467707831897,39.316565040059096],[-123.82737202417132,39.316565040059096],[-123.82737202417132,39.31387009420674]]]},"id":"-45948+14588","properties":{"area_sq_km":0.0,"count":1,"label":2,"latitude":39.31521756632896,"longitude":-123.8260245513338,"near_healthy_bed":1,"priority_score":1.0,"priority_tier":"monitor","recommended_action":"no_action","region_id":"sonoma_mendocino","region_name":"Sonoma & Mendocino Counties, CA","state":"CA","status":2,"status_label":"healthy"}},{"type":"Feature","geometry":{"geodesic":false,"type":"Polygon","coordinates":[[[-123.82737202417132,39.35159933613976],[-123.82467707831897,39.35159933613976],[-123.82467707831897,39.35429428199212],[-123.82737202417132,39.35429428199212],[-123.82737202417132,39.35159933613976]]]},"id":"-45948+14602","properties":{"area_sq_km":0.0,"count":1,"label":2,"latitude":39.35294680811601,"longitude":-123.82602455130235,"near_healthy_bed":1,"priority_score":1.0,"priority_tier":"monitor","recommended_action":"no_action","region_id":"sonoma_mendocino","region_name":"Sonoma & Mendocino Counties, CA","state":"CA","status":2,"status_label":"healthy"}},{"type":"Feature","geometry":{"geodesic":false,"type":"Polygon","coordinates":[[[-123.82737202417132,39.405498253186934],[-123.82467707831897,39.405498253186934],[-123.82467707831897,39.41088814489165],[-123.82737202417132,39.41088814489165],[-123.82737202417132,39.405498253186934]]]},"id":"-45948+14623","properties":{"area_sq_km":0.0,"count":2,"label":2,"latitude":39.40819317217024,"longitude":-123.8260245512966,"near_healthy_bed":1,"priority_score":1.0,"priority_tier":"monitor","recommended_action":"no_action","region_id":"sonoma_mendocino","region_name":"Sonoma & Mendocino Counties, CA","state":"CA","status":2,"status_label":"healthy"}},{"type":"Feature","geometry":{"geodesic":false,"type":"Polygon","coordinates":[[[-123.83276191587605,39.29500547324023],[-123.83006697002368,39.29500547324023],[-123.83006697002368,39.29770041909259],[-123.83276191587605,39.29770041909259],[-123.83276191587605,39.29500547324023]]]},"id":"-45950+14581","properties":{"area_sq_km":0.0,"count":1,"label":2,"latitude":39.29635294538519,"longitude":-123.83141444283787,"near_healthy_bed":1,"priority_score":1.0,"priority_tier":"monitor","recommended_action":"no_action","region_id":"sonoma_mendocino","region_name":"Sonoma & Mendocino Counties, CA","state":"CA","status":2,"status_label":"healthy"}},{"type":"Feature","geometry":{"geodesic":false,"type":"Polygon","coordinates":[[[-123.83276191587605,39.424362874153445],[-123.83006697002368,39.424362874153445],[-123.83006697002368,39.4270578200058],[-123.83276191587605,39.4270578200058],[-123.83276191587605,39.424362874153445]]]},"id":"-45950+14629","properties":{"area_sq_km":0.0,"count":1,"label":2,"latitude":39.42571034611223,"longitude":-123.83141444283957,"near_healthy_bed":1,"priority_score":1.0,"priority_tier":"monitor","recommended_action":"no_action","region_id":"sonoma_mendocino","region_name":"Sonoma & Mendocino Counties, CA","state":"CA","status":2,"status_label":"healthy"}},{"type":"Feature","geometry":{"geodesic":false,"type":"Polygon","coordinates":[[[-123.83276191587605,39.467482007791176],[-123.83006697002368,39.467482007791176],[-123.83006697002368,39.475566845348254],[-123.83276191587605,39.475566845348254],[-123.83276191587605,39.467482007791176]]]},"id":"-45950+14647","properties":{"area_sq_km":0.0,"count":3,"label":0,"latitude":39.471524356039644,"longitude":-123.83141444282008,"near_healthy_bed":1,"priority_score":1.0,"priority_tier":"monitor","recommended_action":"urchin_removal_then_replant","region_id":"sonoma_mendocino","region_name":"Sonoma & Mendocino Counties, CA","state":"CA","status":0,"status_label":"barren"}},{"type":"Feature","geometry":{"geodesic":false,"type":"Polygon","coordinates":[[[-123.8354568617284,39.459397170234105],[-123.83276191587605,39.459397170234105],[-123.83276191587605,39.46209211608646],[-123.8354568617284,39.46209211608646],[-123.8354568617284,39.459397170234105]]]},"id":"-45951+14642","properties":{"area_sq_km":0.0,"count":1,"label":0,"latitude":39.460744642300874,"longitude":-123.83410938870624,"near_healthy_bed":1,"priority_score":1.0,"priority_tier":"monitor","recommended_action":"urchin_removal_then_replant","region_id":"sonoma_mendocino","region_name":"Sonoma & Mendocino Counties, CA","state":"CA","status":0,"status_label":"barren"}},{"type":"Feature","geometry":{"geodesic":false,"type":"Polygon","coordinates":[[[-123.8354568617284,39.4917365204624],[-123.8354568617284,39.48365168290533],[-123.83006697002368,39.48365168290533],[-123.83006697002368,39.48634662875769],[-123.83276191587605,39.48634662875769],[-123.83276191587605,39.4917365204624],[-123.8354568617284,39.4917365204624]]]},"id":"-45951+14653","properties":{"area_sq_km":0.0,"count":4,"label":2,"latitude":39.48702030807269,"longitude":-123.83343561506767,"near_healthy_bed":1,"priority_score":1.0,"priority_tier":"monitor","recommended_action":"no_action","region_id":"sonoma_mendocino","region_name":"Sonoma & Mendocino Counties, CA","state":"CA","status":2,"status_label":"healthy"}},{"type":"Feature","geometry":{"geodesic":false,"type":"Polygon","coordinates":[[[-123.83815180758076,39.4917365204624],[-123.8354568617284,39.4917365204624],[-123.8354568617284,39.494431466314765],[-123.83815180758076,39.494431466314765],[-123.83815180758076,39.4917365204624]]]},"id":"-45952+14654","properties":{"area_sq_km":0.0,"count":1,"label":2,"latitude":39.493083992527154,"longitude":-123.83680433474734,"near_healthy_bed":1,"priority_score":1.0,"priority_tier":"monitor","recommended_action":"no_action","region_id":"sonoma_mendocino","region_name":"Sonoma & Mendocino Counties, CA","state":"CA","status":2,"status_label":"healthy"}},{"type":"Feature","geometry":{"geodesic":false,"type":"Polygon","coordinates":[[[-123.85162653684256,39.31925998591146],[-123.85162653684256,39.316565040059096],[-123.84354169928548,39.316565040059096],[-123.84354169928548,39.31117514835438],[-123.84084675343313,39.31117514835438],[-123.84084675343313,39.316565040059096],[-123.83815180758076,39.316565040059096],[-123.83815180758076,39.31925998591146],[-123.85162653684256,39.31925998591146]]]},"id":"-45953+14589","properties":{"area_sq_km":0.0,"count":7,"label":2,"latitude":39.31675761464835,"longitude":-123.84411912661751,"near_healthy_bed":1,"priority_score":1.0,"priority_tier":"monitor","recommended_action":"no_action","region_id":"sonoma_mendocino","region_name":"Sonoma & Mendocino Counties, CA","state":"CA","status":2,"status_label":"healthy"}},{"type":"Feature","geometry":{"geodesic":false,"type":"Polygon","coordinates":[[[-123.84084675343313,39.397413415629856],[-123.83815180758076,39.397413415629856],[-123.83815180758076,39.40010836148222],[-123.84084675343313,39.40010836148222],[-123.84084675343313,39.397413415629856]]]},"id":"-45953+14619","properties":{"area_sq_km":0.0,"count":1,"label":2,"latitude":39.398760887696334,"longitude":-123.83949928041585,"near_healthy_bed":1,"priority_score":1.0,"priority_tier":"monitor","recommended_action":"no_action","region_id":"sonoma_mendocino","region_name":"Sonoma & Mendocino Counties, CA","state":"CA","status":2,"status_label":"healthy"}},{"type":"Feature","geometry":{"geodesic":false,"type":"Polygon","coordinates":[[[-123.84354169928548,39.478261791200616],[-123.84084675343313,39.478261791200616],[-123.84084675343313,39.48095673705297],[-123.84354169928548,39.48095673705297],[-123.84354169928548,39.478261791200616]]]},"id":"-45954+14649","properties":{"area_sq_km":0.0,"count":1,"label":0,"latitude":39.479609263195,"longitude":-123.84219422630629,"near_healthy_bed":1,"priority_score":1.0,"priority_tier":"monitor","recommended_action":"urchin_removal_then_replant","region_id":"sonoma_mendocino","region_name":"Sonoma & Mendocino Counties, CA","state":"CA","status":0,"status_label":"barren"}},{"type":"Feature","geometry":{"geodesic":false,"type":"Polygon","coordinates":[[[-123.86240632025199,39.46209211608646],[-123.85971137439962,39.46209211608646],[-123.85971137439962,39.459397170234105],[-123.85701642854727,39.459397170234105],[-123.85701642854727,39.46478706193882],[-123.85432148269491,39.46478706193882],[-123.85432148269491,39.459397170234105],[-123.85162653684256,39.459397170234105],[-123.85162653684256,39.46209211608646],[-123.84893159099019,39.46209211608646],[-123.84893159099019,39.46478706193882],[-123.84623664513784,39.46478706193882],[-123.84623664513784,39.47287189949589],[-123.84084675343313,39.47287189949589],[-123.84084675343313,39.47017695364354],[-123.8354568617284,39.47017695364354],[-123.8354568617284,39.46478706193882],[-123.83815180758076,39.46478706193882],[-123.83815180758076,39.467482007791176],[-123.84354169928548,39.467482007791176],[-123.84354169928548,39.46478706193882],[-123.84084675343313,39.46478706193882],[-123.84084675343313,39.46209211608646],[-123.84354169928548,39.46209211608646],[-123.84354169928548,39.459397170234105],[-123.84623664513784,39.459397170234105],[-123.84623664513784,39.45400727852939],[-123.84354169928548,39.45400727852939],[-123.84354169928548,39.45670222438174],[-123.84084675343313,39.45670222438174],[-123.84084675343313,39.45400727852939],[-123.83815180758076,39.45400727852939],[-123.83815180758076,39.45131233267703],[-123.8354568617284,39.45131233267703],[-123.8354568617284,39.44861738682467],[-123.84084675343313,39.44861738682467],[-123.84084675343313,39.44592244097231],[-123.84893159099019,39.44592244097231],[-123.84893159099019,39.440532549267594],[-123.84623664513784,39.440532549267594],[-123.84623664513784,39.44322749511995],[-123.84354169928548,39.44322749511995],[-123.84354169928548,39.440532549267594],[-123.84084675343313,39.440532549267594],[-123.84084675343313,39.44322749511995],[-123.83815180758076,39.44322749511995],[-123.83815180758076,39.44592244097231],[-123.83276191587605,39.44592244097231],[-123.83276191587605,39.45131233267703],[-123.82737202417132,39.45131233267703],[-123.82737202417132,39.45400727852939],[-123.83006697002368,39.45400727852939],[-123.83006697002368,39.45670222438174],[-123.83276191587605,39.45670222438174],[-123.83276191587605,39.459397170234105],[-123.82467707831897,39.459397170234105],[-123.82467707831897,39.46209211608646],[-123.82737202417132,39.46209211608646],[-123.82737202417132,39.46478706193882],[-123.82467707831897,39.46478706193882],[-123.82467707831897,39.467482007791176],[-123.82198213246662,39.467482007791176],[-123.82198213246662,39.47017695364354],[-123.82737202417132,39.47017695364354],[-123.82737202417132,39.475566845348254],[-123.83006697002368,39.475566845348254],[-123.83006697002368,39.48095673705297],[-123.83276191587605,39.48095673705297],[-123.83276191587605,39.478261791200616],[-123.83815180758076,39.478261791200616],[-123.83815180758076,39.48634662875769],[-123.84084675343313,39.48634662875769],[-123.84084675343313,39.494431466314765],[-123.83815180758076,39.494431466314765],[-123.83815180758076,39.49712641216712],[-123.84084675343313,39.49712641216712],[-123.84084675343313,39.49982135801948],[-123.87588104951378,39.49982135801948],[-123.87588104951378,39.49712641216712],[-123.87857599536613,39.49712641216712],[-123.87857599536613,39.4917365204624],[-123.87588104951378,39.4917365204624],[-123.87588104951378,39.48904157461005],[-123.87857599536613,39.48904157461005],[-123.87857599536613,39.48634662875769],[-123.8812709412185,39.48634662875769],[-123.8812709412185,39.48095673705297],[-123.88396588707086,39.48095673705297],[-123.88396588707086,39.475566845348254],[-123.8812709412185,39.475566845348254],[-123.8812709412185,39.478261791200616],[-123.87857599536613,39.478261791200616],[-123.87857599536613,39.48095673705297],[-123.8677962119567,39.48095673705297],[-123.8677962119567,39.478261791200616],[-123.87049115780907,39.478261791200616],[-123.87049115780907,39.475566845348254],[-123.86510126610435,39.475566845348254],[-123.86510126610435,39.467482007791176],[-123.8677962119567,39.467482007791176],[-123.8677962119567,39.46478706193882],[-123.87049115780907,39.46478706193882],[-123.87049115780907,39.46209211608646],[-123.8677962119567,39.46209211608646],[-123.8677962119567,39.459397170234105],[-123.87049115780907,39.459397170234105],[-123.87049115780907,39.45400727852939],[-123.87318610366142,39.45400727852939],[-123.87318610366142,39.45131233267703],[-123.8677962119567,39.45131233267703],[-123.8677962119567,39.45670222438174],[-123.86510126610435,39.45670222438174],[-123.86510126610435,39.459397170234105],[-123.86240632025199,39.459397170234105],[-123.86240632025199,39.46209211608646]],[[-123.87588104951378,39.49712641216712],[-123.87588104951378,39.494431466314765],[-123.87049115780907,39.494431466314765],[-123.87049115780907,39.49712641216712],[-123.87588104951378,39.49712641216712]],[[-123.83276191587605,39.459397170234105],[-123.83276191587605,39.46209211608646],[-123.8354568617284,39.46209211608646],[-123.8354568617284,39.459397170234105],[-123.83276191587605,39.459397170234105]],[[-123.83006697002368,39.475566845348254],[-123.83276191587605,39.475566845348254],[-123.83276191587605,39.467482007791176],[-123.83006697002368,39.467482007791176],[-123.83006697002368,39.475566845348254]],[[-123.87318610366142,39.48904157461005],[-123.87049115780907,39.48904157461005],[-123.87049115780907,39.4917365204624],[-123.87318610366142,39.4917365204624],[-123.87318610366142,39.48904157461005]],[[-123.85162653684256,39.467482007791176],[-123.84893159099019,39.467482007791176],[-123.84893159099019,39.47017695364354],[-123.85162653684256,39.47017695364354],[-123.85162653684256,39.467482007791176]],[[-123.84354169928548,39.478261791200616],[-123.84084675343313,39.478261791200616],[-123.84084675343313,39.48095673705297],[-123.84354169928548,39.48095673705297],[-123.84354169928548,39.478261791200616]],[[-123.86240632025199,39.46478706193882],[-123.85971137439962,39.46478706193882],[-123.85971137439962,39.467482007791176],[-123.85432148269491,39.467482007791176],[-123.85432148269491,39.47017695364354],[-123.86240632025199,39.47017695364354],[-123.86240632025199,39.46478706193882]],[[-123.86240632025199,39.46478706193882],[-123.86510126610435,39.46478706193882],[-123.86510126610435,39.46209211608646],[-123.86240632025199,39.46209211608646],[-123.86240632025199,39.46478706193882]]]},"id":"-45954+14656","properties":{"area_sq_km":15.0,"count":221,"label":2,"latitude":39.4768760281349,"longitude":-123.8524473770437,"near_healthy_bed":1,"priority_score":1.0,"priority_tier":"monitor","recommended_action":"no_action","region_id":"sonoma_mendocino","region_name":"Sonoma & Mendocino Counties, CA","state":"CA","status":2,"status_label":"healthy"}},{"type":"Feature","geometry":{"geodesic":false,"type":"Polygon","coordinates":[[[-123.84623664513784,39.41627803659637],[-123.84623664513784,39.40819319903929],[-123.84354169928548,39.40819319903929],[-123.84354169928548,39.41088814489165],[-123.84084675343313,39.41088814489165],[-123.84084675343313,39.413583090744005],[-123.84354169928548,39.413583090744005],[-123.84354169928548,39.41627803659637],[-123.84623664513784,39.41627803659637]]]},"id":"-45955+14625","properties":{"area_sq_km":0.0,"count":4,"label":2,"latitude":39.41223557064455,"longitude":-123.84421543578945,"near_healthy_bed":1,"priority_score":1.0,"priority_tier":"monitor","recommended_action":"no_action","region_id":"sonoma_mendocino","region_name":"Sonoma & Mendocino Counties, CA","state":"CA","status":2,"status_label":"healthy"}},{"type":"Feature","geometry":{"geodesic":false,"type":"Polygon","coordinates":[[[-123.84623664513784,39.43783760341523],[-123.84354169928548,39.43783760341523],[-123.84354169928548,39.440532549267594],[-123.84623664513784,39.440532549267594],[-123.84623664513784,39.43783760341523]]]},"id":"-45955+14634","properties":{"area_sq_km":0.0,"count":1,"label":2,"latitude":39.4391850753287,"longitude":-123.84488917223523,"near_healthy_bed":1,"priority_score":1.0,"priority_tier":"monitor","recommended_action":"no_action","region_id":"sonoma_mendocino","region_name":"Sonoma & Mendocino Counties, CA","state":"CA","status":2,"status_label":"healthy"}},{"type":"Feature","geometry":{"geodesic":false,"type":"Polygon","coordinates":[[[-123.84623664513784,39.440532549267594],[-123.84354169928548,39.440532549267594],[-123.84354169928548,39.44322749511995],[-123.84623664513784,39.44322749511995],[-123.84623664513784,39.440532549267594]]]},"id":"-45955+14635","properties":{"area_sq_km":0.0,"count":1,"label":0,"latitude":39.441880021338555,"longitude":-123.84488917213584,"near_healthy_bed":1,"priority_score":1.0,"priority_tier":"monitor","recommended_action":"urchin_removal_then_replant","region_id":"sonoma_mendocino","region_name":"Sonoma & Mendocino Counties, CA","state":"CA","status":0,"status_label":"barren"}},{"type":"Feature","geometry":{"geodesic":false,"type":"Polygon","coordinates":[[[-123.84893159099019,38.81530511152041],[-123.84623664513784,38.81530511152041],[-123.84623664513784,38.818000057372764],[-123.84893159099019,38.818000057372764],[-123.84893159099019,38.81530511152041]]]},"id":"-45956+14403","properties":{"area_sq_km":0.0,"count":1,"label":2,"latitude":38.81665258365799,"longitude":-123.84758411817089,"near_healthy_bed":1,"priority_score":1.0,"priority_tier":"monitor","recommended_action":"no_action","region_id":"sonoma_mendocino","region_name":"Sonoma & Mendocino Counties, CA","state":"CA","status":2,"status_label":"healthy"}},{"type":"Feature","geometry":{"geodesic":false,"type":"Polygon","coordinates":[[[-123.84893159099019,39.308480202502025],[-123.84623664513784,39.308480202502025],[-123.84623664513784,39.31117514835438],[-123.84893159099019,39.31117514835438],[-123.84893159099019,39.308480202502025]]]},"id":"-45956+14586","properties":{"area_sq_km":0.0,"count":1,"label":2,"latitude":39.30982767442942,"longitude":-123.84758411814457,"near_healthy_bed":1,"priority_score":1.0,"priority_tier":"monitor","recommended_action":"no_action","region_id":"sonoma_mendocino","region_name":"Sonoma & Mendocino Counties, CA","state":"CA","status":2,"status_label":"healthy"}},{"type":"Feature","geometry":{"geodesic":false,"type":"Polygon","coordinates":[[[-123.84893159099019,39.4270578200058],[-123.84893159099019,39.42166792830108],[-123.84354169928548,39.42166792830108],[-123.84354169928548,39.424362874153445],[-123.84623664513784,39.424362874153445],[-123.84623664513784,39.4270578200058],[-123.84893159099019,39.4270578200058]]]},"id":"-45956+14629","properties":{"area_sq_km":0.0,"count":3,"label":2,"latitude":39.4239137079756,"longitude":-123.84668578153367,"near_healthy_bed":1,"priority_score":1.0,"priority_tier":"monitor","recommended_action":"no_action","region_id":"sonoma_mendocino","region_name":"Sonoma & Mendocino Counties, CA","state":"CA","status":2,"status_label":"healthy"}},{"type":"Feature","geometry":{"geodesic":false,"type":"Polygon","coordinates":[[[-123.85162653684256,39.30578525664966],[-123.84893159099019,39.30578525664966],[-123.84893159099019,39.308480202502025],[-123.85162653684256,39.308480202502025],[-123.85162653684256,39.30578525664966]]]},"id":"-45957+14585","properties":{"area_sq_km":0.0,"count":1,"label":2,"latitude":39.30713272889954,"longitude":-123.8502790638538,"near_healthy_bed":1,"priority_score":1.0,"priority_tier":"monitor","recommended_action":"no_action","region_id":"sonoma_mendocino","region_name":"Sonoma & Mendocino Counties, CA","state":"CA","status":2,"status_label":"healthy"}},{"type":"Feature","geometry":{"geodesic":false,"type":"Polygon","coordinates":[[[-123.85162653684256,39.432447711710516],[-123.84893159099019,39.432447711710516],[-123.84893159099019,39.43783760341523],[-123.85162653684256,39.43783760341523],[-123.85162653684256,39.432447711710516]]]},"id":"-45957+14633","properties":{"area_sq_km":0.0,"count":2,"label":2,"latitude":39.435142630569956,"longitude":-123.85027906386405,"near_healthy_bed":1,"priority_score":1.0,"priority_tier":"monitor","recommended_action":"no_action","region_id":"sonoma_mendocino","region_name":"Sonoma & Mendocino Counties, CA","state":"CA","status":2,"status_label":"healthy"}},{"type":"Feature","geometry":{"geodesic":false,"type":"Polygon","coordinates":[[[-123.85162653684256,39.467482007791176],[-123.84893159099019,39.467482007791176],[-123.84893159099019,39.47017695364354],[-123.85162653684256,39.47017695364354],[-123.85162653684256,39.467482007791176]]]},"id":"-45957+14645","properties":{"area_sq_km":0.0,"count":1,"label":0,"latitude":39.468829479711395,"longitude":-123.85027906387454,"near_healthy_bed":1,"priority_score":1.0,"priority_tier":"monitor","recommended_action":"urchin_removal_then_replant","region_id":"sonoma_mendocino","region_name":"Sonoma & Mendocino Counties, CA","state":"CA","status":0,"status_label":"barren"}},{"type":"Feature","geometry":{"geodesic":false,"type":"Polygon","coordinates":[[[-123.85432148269491,39.30309031079731],[-123.85162653684256,39.30309031079731],[-123.85162653684256,39.30578525664966],[-123.85432148269491,39.30578525664966],[-123.85432148269491,39.30309031079731]]]},"id":"-45958+14584","properties":{"area_sq_km":0.0,"count":1,"label":2,"latitude":39.304437782671364,"longitude":-123.8529740098111,"near_healthy_bed":1,"priority_score":1.0,"priority_tier":"monitor","recommended_action":"no_action","region_id":"sonoma_mendocino","region_name":"Sonoma & Mendocino Counties, CA","state":"CA","status":2,"status_label":"healthy"}},{"type":"Feature","geometry":{"geodesic":false,"type":"Polygon","coordinates":[[[-123.85432148269491,39.41627803659637],[-123.85162653684256,39.41627803659637],[-123.85162653684256,39.41897298244872],[-123.85432148269491,39.41897298244872],[-123.85432148269491,39.41627803659637]]]},"id":"-45958+14626","properties":{"area_sq_km":0.0,"count":1,"label":2,"latitude":39.41762550877264,"longitude":-123.85297400978612,"near_healthy_bed":1,"priority_score":1.0,"priority_tier":"monitor","recommended_action":"no_action","region_id":"sonoma_mendocino","region_name":"Sonoma & Mendocino Counties, CA","state":"CA","status":2,"status_label":"healthy"}},{"type":"Feature","geometry":{"geodesic":false,"type":"Polygon","coordinates":[[[-123.85432148269491,39.45400727852939],[-123.85162653684256,39.45400727852939],[-123.85162653684256,39.45670222438174],[-123.85432148269491,39.45670222438174],[-123.85432148269491,39.45400727852939]]]},"id":"-45958+14640","properties":{"area_sq_km":0.0,"count":1,"label":2,"latitude":39.45535475049597,"longitude":-123.8529740098766,"near_healthy_bed":1,"priority_score":1.0,"priority_tier":"monitor","recommended_action":"no_action","region_id":"sonoma_mendocino","region_name":"Sonoma & Mendocino Counties, CA","state":"CA","status":2,"status_label":"healthy"}},{"type":"Feature","geometry":{"geodesic":false,"type":"Polygon","coordinates":[[[-123.85701642854727,38.853034353453424],[-123.85432148269491,38.853034353453424],[-123.85432148269491,38.855729299305786],[-123.85701642854727,38.855729299305786],[-123.85701642854727,38.853034353453424]]]},"id":"-45959+14417","properties":{"area_sq_km":0.0,"count":1,"label":2,"latitude":38.854381825620315,"longitude":-123.85566895554028,"near_healthy_bed":1,"priority_score":1.0,"priority_tier":"monitor","recommended_action":"no_action","region_id":"sonoma_mendocino","region_name":"Sonoma & Mendocino Counties, CA","state":"CA","status":2,"status_label":"healthy"}},{"type":"Feature","geometry":{"geodesic":false,"type":"Polygon","coordinates":[[[-123.85701642854727,39.43514265756288],[-123.85701642854727,39.432447711710516],[-123.85971137439962,39.432447711710516],[-123.85971137439962,39.43514265756288],[-123.86240632025199,39.43514265756288],[-123.86240632025199,39.4270578200058],[-123.85971137439962,39.4270578200058],[-123.85971137439962,39.424362874153445],[-123.85701642854727,39.424362874153445],[-123.85701642854727,39.42166792830108],[-123.85432148269491,39.42166792830108],[-123.85432148269491,39.42975276585816],[-123.85162653684256,39.42975276585816],[-123.85162653684256,39.432447711710516],[-123.85432148269491,39.432447711710516],[-123.85432148269491,39.43514265756288],[-123.85701642854727,39.43514265756288]]]},"id":"-45959+14632","properties":{"area_sq_km":1.0,"count":12,"label":2,"latitude":39.42930349021422,"longitude":-123.85746554566902,"near_healthy_bed":1,"priority_score":1.0,"priority_tier":"monitor","recommended_action":"no_action","region_id":"sonoma_mendocino","region_name":"Sonoma & Mendocino Counties, CA","state":"CA","status":2,"status_label":"healthy"}},{"type":"Feature","geometry":{"geodesic":false,"type":"Polygon","coordinates":[[[-123.85701642854727,39.44322749511995],[-123.85432148269491,39.44322749511995],[-123.85432148269491,39.44592244097231],[-123.85701642854727,39.44592244097231],[-123.85701642854727,39.44322749511995]]]},"id":"-45959+14636","properties":{"area_sq_km":0.0,"count":1,"label":2,"latitude":39.4445749671697,"longitude":-123.85566895553376,"near_healthy_bed":1,"priority_score":1.0,"priority_tier":"monitor","recommended_action":"no_action","region_id":"sonoma_mendocino","region_name":"Sonoma & Mendocino Counties, CA","state":"CA","status":2,"status_label":"healthy"}},{"type":"Feature","geometry":{"geodesic":false,"type":"Polygon","coordinates":[[[-123.86240632025199,39.47017695364354],[-123.86240632025199,39.46478706193882],[-123.85971137439962,39.46478706193882],[-123.85971137439962,39.467482007791176],[-123.85432148269491,39.467482007791176],[-123.85432148269491,39.47017695364354],[-123.86240632025199,39.47017695364354]]]},"id":"-45959+14645","properties":{"area_sq_km":0.0,"count":4,"label":0,"latitude":39.4681557702692,"longitude":-123.8590376751963,"near_healthy_bed":1,"priority_score":1.0,"priority_tier":"monitor","recommended_action":"urchin_removal_then_replant","region_id":"sonoma_mendocino","region_name":"Sonoma & Mendocino Counties, CA","state":"CA","status":0,"status_label":"barren"}},{"type":"Feature","geometry":{"geodesic":false,"type":"Polygon","coordinates":[[[-123.85971137439962,39.40819319903929],[-123.85701642854727,39.40819319903929],[-123.85701642854727,39.41088814489165],[-123.85971137439962,39.41088814489165],[-123.85971137439962,39.40819319903929]]]},"id":"-45960+14623","properties":{"area_sq_km":0.0,"count":1,"label":2,"latitude":39.40954067115617,"longitude":-123.85836390154405,"near_healthy_bed":1,"priority_score":1.0,"priority_tier":"monitor","recommended_action":"no_action","region_id":"sonoma_mendocino","region_name":"Sonoma & Mendocino Counties, CA","state":"CA","status":2,"status_label":"healthy"}},{"type":"Feature","geometry":{"geodesic":false,"type":"Polygon","coordinates":[[[-123.86240632025199,39.41088814489165],[-123.85971137439962,39.41088814489165],[-123.85971137439962,39.413583090744005],[-123.86240632025199,39.413583090744005],[-123.86240632025199,39.41088814489165]]]},"id":"-45961+14624","properties":{"area_sq_km":0.0,"count":1,"label":2,"latitude":39.41223561685067,"longitude":-123.86105884732319,"near_healthy_bed":1,"priority_score":1.0,"priority_tier":"monitor","recommended_action":"no_action","region_id":"sonoma_mendocino","region_name":"Sonoma & Mendocino Counties, CA","state":"CA","status":2,"status_label":"healthy"}},{"type":"Feature","geometry":{"geodesic":false,"type":"Polygon","coordinates":[[[-123.86510126610435,39.42166792830108],[-123.86510126610435,39.41897298244872],[-123.8677962119567,39.41897298244872],[-123.8677962119567,39.41627803659637],[-123.86510126610435,39.41627803659637],[-123.86510126610435,39.413583090744005],[-123.86240632025199,39.413583090744005],[-123.86240632025199,39.41627803659637],[-123.85971137439962,39.41627803659637],[-123.85971137439962,39.42166792830108],[-123.86510126610435,39.42166792830108]]]},"id":"-45961+14627","properties":{"area_sq_km":0.0,"count":6,"label":2,"latitude":39.41807463865868,"longitude":-123.86330466273611,"near_healthy_bed":1,"priority_score":1.0,"priority_tier":"monitor","recommended_action":"no_action","region_id":"sonoma_mendocino","region_name":"Sonoma & Mendocino Counties, CA","state":"CA","status":2,"status_label":"healthy"}},{"type":"Feature","geometry":{"geodesic":false,"type":"Polygon","coordinates":[[[-123.86510126610435,39.43783760341523],[-123.86240632025199,39.43783760341523],[-123.86240632025199,39.440532549267594],[-123.86510126610435,39.440532549267594],[-123.86510126610435,39.43783760341523]]]},"id":"-45962+14634","properties":{"area_sq_km":0.0,"count":1,"label":2,"latitude":39.43918507537809,"longitude":-123.86375379311424,"near_healthy_bed":1,"priority_score":1.0,"priority_tier":"monitor","recommended_action":"no_action","region_id":"sonoma_mendocino","region_name":"Sonoma & Mendocino Counties, CA","state":"CA","status":2,"status_label":"healthy"}},{"type":"Feature","geometry":{"geodesic":false,"type":"Polygon","coordinates":[[[-123.86510126610435,39.44322749511995],[-123.86240632025199,39.44322749511995],[-123.86240632025199,39.44592244097231],[-123.86510126610435,39.44592244097231],[-123.86510126610435,39.44322749511995]]]},"id":"-45962+14636","properties":{"area_sq_km":0.0,"count":1,"label":2,"latitude":39.44457496716748,"longitude":-123.86375379323269,"near_healthy_bed":1,"priority_score":1.0,"priority_tier":"monitor","recommended_action":"no_action","region_id":"sonoma_mendocino","region_name":"Sonoma & Mendocino Counties, CA","state":"CA","status":2,"status_label":"healthy"}},{"type":"Feature","geometry":{"geodesic":false,"type":"Polygon","coordinates":[[[-123.86510126610435,39.46209211608646],[-123.86240632025199,39.46209211608646],[-123.86240632025199,39.46478706193882],[-123.86510126610435,39.46478706193882],[-123.86510126610435,39.46209211608646]]]},"id":"-45962+14643","properties":{"area_sq_km":0.0,"count":1,"label":0,"latitude":39.46343958809587,"longitude":-123.86375379315918,"near_healthy_bed":1,"priority_score":1.0,"priority_tier":"monitor","recommended_action":"urchin_removal_then_replant","region_id":"sonoma_mendocino","region_name":"Sonoma & Mendocino Counties, CA","state":"CA","status":0,"status_label":"barren"}},{"type":"Feature","geometry":{"geodesic":false,"type":"Polygon","coordinates":[[[-123.8677962119567,39.41088814489165],[-123.86510126610435,39.41088814489165],[-123.86510126610435,39.413583090744005],[-123.8677962119567,39.413583090744005],[-123.8677962119567,39.41088814489165]]]},"id":"-45963+14624","properties":{"area_sq_km":0.0,"count":1,"label":2,"latitude":39.41223561681761,"longitude":-123.86644873895672,"near_healthy_bed":1,"priority_score":1.0,"priority_tier":"monitor","recommended_action":"no_action","region_id":"sonoma_mendocino","region_name":"Sonoma & Mendocino Counties, CA","state":"CA","status":2,"status_label":"healthy"}},{"type":"Feature","geometry":{"geodesic":false,"type":"Polygon","coordinates":[[[-123.87049115780907,39.405498253186934],[-123.8677962119567,39.405498253186934],[-123.8677962119567,39.40819319903929],[-123.87049115780907,39.40819319903929],[-123.87049115780907,39.405498253186934]]]},"id":"-45964+14622","properties":{"area_sq_km":0.0,"count":1,"label":2,"latitude":39.40684572522178,"longitude":-123.86914368480612,"near_healthy_bed":1,"priority_score":1.0,"priority_tier":"monitor","recommended_action":"no_action","region_id":"sonoma_mendocino","region_name":"Sonoma & Mendocino Counties, CA","state":"CA","status":2,"status_label":"healthy"}},{"type":"Feature","geometry":{"geodesic":false,"type":"Polygon","coordinates":[[[-123.87049115780907,39.46478706193882],[-123.8677962119567,39.46478706193882],[-123.8677962119567,39.467482007791176],[-123.87049115780907,39.467482007791176],[-123.87049115780907,39.46478706193882]]]},"id":"-45964+14644","properties":{"area_sq_km":0.0,"count":1,"label":0,"latitude":39.4661345338475,"longitude":-123.86914368488301,"near_healthy_bed":1,"priority_score":1.0,"priority_tier":"monitor","recommended_action":"urchin_removal_then_replant","region_id":"sonoma_mendocino","region_name":"Sonoma & Mendocino Counties, CA","state":"CA","status":0,"status_label":"barren"}},{"type":"Feature","geometry":{"geodesic":false,"type":"Polygon","coordinates":[[[-123.87049115780907,39.467482007791176],[-123.8677962119567,39.467482007791176],[-123.8677962119567,39.47017695364354],[-123.87049115780907,39.47017695364354],[-123.87049115780907,39.467482007791176]]]},"id":"-45964+14645","properties":{"area_sq_km":0.0,"count":1,"label":2,"latitude":39.46882947969309,"longitude":-123.86914368484909,"near_healthy_bed":1,"priority_score":1.0,"priority_tier":"monitor","recommended_action":"no_action","region_id":"sonoma_mendocino","region_name":"Sonoma & Mendocino Counties, CA","state":"CA","status":2,"status_label":"healthy"}},{"type":"Feature","geometry":{"geodesic":false,"type":"Polygon","coordinates":[[[-123.87318610366142,39.46478706193882],[-123.87049115780907,39.46478706193882],[-123.87049115780907,39.467482007791176],[-123.87318610366142,39.467482007791176],[-123.87318610366142,39.46478706193882]]]},"id":"-45965+14644","properties":{"area_sq_km":0.0,"count":1,"label":2,"latitude":39.46613453379657,"longitude":-123.87183863070804,"near_healthy_bed":1,"priority_score":1.0,"priority_tier":"monitor","recommended_action":"no_action","region_id":"sonoma_mendocino","region_name":"Sonoma & Mendocino Counties, CA","state":"CA","status":2,"status_label":"healthy"}},{"type":"Feature","geometry":{"geodesic":false,"type":"Polygon","coordinates":[[[-123.87318610366142,39.47017695364354],[-123.87049115780907,39.47017695364354],[-123.87049115780907,39.47287189949589],[-123.87318610366142,39.47287189949589],[-123.87318610366142,39.47017695364354]]]},"id":"-45965+14646","properties":{"area_sq_km":0.0,"count":1,"label":2,"latitude":39.47152442567491,"longitude":-123.87183863066261,"near_healthy_bed":1,"priority_score":1.0,"priority_tier":"monitor","recommended_action":"no_action","region_id":"sonoma_mendocino","region_name":"Sonoma & Mendocino Counties, CA","state":"CA","status":2,"status_label":"healthy"}},{"type":"Feature","geometry":{"geodesic":false,"type":"Polygon","coordinates":[[[-123.87318610366142,39.48904157461005],[-123.87049115780907,39.48904157461005],[-123.87049115780907,39.4917365204624],[-123.87318610366142,39.4917365204624],[-123.87318610366142,39.48904157461005]]]},"id":"-45965+14653","properties":{"area_sq_km":0.0,"count":1,"label":0,"latitude":39.49038904663242,"longitude":-123.87183863068205,"near_healthy_bed":1,"priority_score":1.0,"priority_tier":"monitor","recommended_action":"urchin_removal_then_replant","region_id":"sonoma_mendocino","region_name":"Sonoma & Mendocino Counties, CA","state":"CA","status":0,"status_label":"barren"}},{"type":"Feature","geometry":{"geodesic":false,"type":"Polygon","coordinates":[[[-123.87588104951378,39.494431466314765],[-123.87049115780907,39.494431466314765],[-123.87049115780907,39.49712641216712],[-123.87588104951378,39.49712641216712],[-123.87588104951378,39.494431466314765]]]},"id":"-45965+14655","properties":{"area_sq_km":0.0,"count":2,"label":0,"latitude":39.49577896163183,"longitude":-123.87318610370744,"near_healthy_bed":1,"priority_score":1.0,"priority_tier":"monitor","recommended_action":"urchin_removal_then_replant","region_id":"sonoma_mendocino","region_name":"Sonoma & Mendocino Counties, CA","state":"CA","status":0,"status_label":"barren"}},{"type":"Feature","geometry":{"geodesic":false,"type":"Polygon","coordinates":[[[-123.87588104951378,39.10635926357513],[-123.87318610366142,39.10635926357513],[-123.87318610366142,39.10905420942749],[-123.87588104951378,39.10905420942749],[-123.87588104951378,39.10635926357513]]]},"id":"-45966+14511","properties":{"area_sq_km":0.0,"count":1,"label":2,"latitude":39.1077067357447,"longitude":-123.87453357666656,"near_healthy_bed":1,"priority_score":1.0,"priority_tier":"monitor","recommended_action":"no_action","region_id":"sonoma_mendocino","region_name":"Sonoma & Mendocino Counties, CA","state":"CA","status":2,"status_label":"healthy"}},{"type":"Feature","geometry":{"geodesic":false,"type":"Polygon","coordinates":[[[-123.87588104951378,39.20068236840768],[-123.87318610366142,39.20068236840768],[-123.87318610366142,39.20337731426004],[-123.87588104951378,39.20337731426004],[-123.87588104951378,39.20068236840768]]]},"id":"-45966+14546","properties":{"area_sq_km":0.0,"count":1,"label":2,"latitude":39.20202984049625,"longitude":-123.87453357664681,"near_healthy_bed":1,"priority_score":1.0,"priority_tier":"monitor","recommended_action":"no_action","region_id":"sonoma_mendocino","region_name":"Sonoma & Mendocino Counties, CA","state":"CA","status":2,"status_label":"healthy"}},{"type":"Feature","geometry":{"geodesic":false,"type":"Polygon","coordinates":[[[-123.87588104951378,39.211462151817116],[-123.87318610366142,39.211462151817116],[-123.87318610366142,39.21415709766947],[-123.87588104951378,39.21415709766947],[-123.87588104951378,39.211462151817116]]]},"id":"-45966+14550","properties":{"area_sq_km":0.0,"count":1,"label":2,"latitude":39.2128096238267,"longitude":-123.87453357665824,"near_healthy_bed":1,"priority_score":1.0,"priority_tier":"monitor","recommended_action":"no_action","region_id":"sonoma_mendocino","region_name":"Sonoma & Mendocino Counties, CA","state":"CA","status":2,"status_label":"healthy"}},{"type":"Feature","geometry":{"geodesic":false,"type":"Polygon","coordinates":[[[-123.87857599536613,39.13330872209872],[-123.87588104951378,39.13330872209872],[-123.87588104951378,39.13600366795107],[-123.87857599536613,39.13600366795107],[-123.87857599536613,39.13330872209872]]]},"id":"-45967+14521","properties":{"area_sq_km":0.0,"count":1,"label":2,"latitude":39.13465619416917,"longitude":-123.8772285224747,"near_healthy_bed":1,"priority_score":1.0,"priority_tier":"monitor","recommended_action":"no_action","region_id":"sonoma_mendocino","region_name":"Sonoma & Mendocino Counties, CA","state":"CA","status":2,"status_label":"healthy"}},{"type":"Feature","geometry":{"geodesic":false,"type":"Polygon","coordinates":[[[-123.87857599536613,39.45131233267703],[-123.87588104951378,39.45131233267703],[-123.87588104951378,39.45400727852939],[-123.87857599536613,39.45400727852939],[-123.87857599536613,39.45131233267703]]]},"id":"-45967+14639","properties":{"area_sq_km":0.0,"count":1,"label":2,"latitude":39.452659804685624,"longitude":-123.87722852257906,"near_healthy_bed":1,"priority_score":1.0,"priority_tier":"monitor","recommended_action":"no_action","region_id":"sonoma_mendocino","region_name":"Sonoma & Mendocino Counties, CA","state":"CA","status":2,"status_label":"healthy"}},{"type":"Feature","geometry":{"geodesic":false,"type":"Polygon","coordinates":[[[-123.87857599536613,39.475566845348254],[-123.87588104951378,39.475566845348254],[-123.87588104951378,39.478261791200616],[-123.87857599536613,39.478261791200616],[-123.87857599536613,39.475566845348254]]]},"id":"-45967+14648","properties":{"area_sq_km":0.0,"count":1,"label":2,"latitude":39.47691431752017,"longitude":-123.87722852252926,"near_healthy_bed":1,"priority_score":1.0,"priority_tier":"monitor","recommended_action":"no_action","region_id":"sonoma_mendocino","region_name":"Sonoma & Mendocino Counties, CA","state":"CA","status":2,"status_label":"healthy"}},{"type":"Feature","geometry":{"geodesic":false,"type":"Polygon","coordinates":[[[-123.8812709412185,39.47287189949589],[-123.87857599536613,39.47287189949589],[-123.87857599536613,39.475566845348254],[-123.8812709412185,39.475566845348254],[-123.8812709412185,39.47287189949589]]]},"id":"-45968+14647","properties":{"area_sq_km":0.0,"count":1,"label":2,"latitude":39.47421937158987,"longitude":-123.87992346824315,"near_healthy_bed":1,"priority_score":1.0,"priority_tier":"monitor","recommended_action":"no_action","region_id":"sonoma_mendocino","region_name":"Sonoma & Mendocino Counties, CA","state":"CA","status":2,"status_label":"healthy"}},{"type":"Feature","geometry":{"geodesic":false,"type":"Polygon","coordinates":[[[-123.8812709412185,39.475566845348254],[-123.87857599536613,39.475566845348254],[-123.87857599536613,39.478261791200616],[-123.8812709412185,39.478261791200616],[-123.8812709412185,39.475566845348254]]]},"id":"-45968+14648","properties":{"area_sq_km":0.0,"count":1,"label":0,"latitude":39.47691431749597,"longitude":-123.87992346824817,"near_healthy_bed":1,"priority_score":1.0,"priority_tier":"monitor","recommended_action":"urchin_removal_then_replant","region_id":"sonoma_mendocino","region_name":"Sonoma & Mendocino Counties, CA","state":"CA","status":0,"status_label":"barren"}},{"type":"Feature","geometry":{"geodesic":false,"type":"Polygon","coordinates":[[[-123.88396588707086,39.45131233267703],[-123.8812709412185,39.45131233267703],[-123.8812709412185,39.45400727852939],[-123.88396588707086,39.45400727852939],[-123.88396588707086,39.45131233267703]]]},"id":"-45969+14639","properties":{"area_sq_km":0.0,"count":1,"label":2,"latitude":39.45265980466334,"longitude":-123.88261841427355,"near_healthy_bed":1,"priority_score":1.0,"priority_tier":"monitor","recommended_action":"no_action","region_id":"sonoma_mendocino","region_name":"Sonoma & Mendocino Counties, CA","state":"CA","status":2,"status_label":"healthy"}},{"type":"Feature","geometry":{"geodesic":false,"type":"Polygon","coordinates":[[[-123.88396588707086,39.467482007791176],[-123.88396588707086,39.46209211608646],[-123.88666083292321,39.46209211608646],[-123.88666083292321,39.467482007791176],[-123.88935577877557,39.467482007791176],[-123.88935577877557,39.46478706193882],[-123.89474567048029,39.46478706193882],[-123.89474567048029,39.46209211608646],[-123.90013556218501,39.46209211608646],[-123.90013556218501,39.459397170234105],[-123.89474567048029,39.459397170234105],[-123.89474567048029,39.45670222438174],[-123.89205072462794,39.45670222438174],[-123.89205072462794,39.46209211608646],[-123.88935577877557,39.46209211608646],[-123.88935577877557,39.45670222438174],[-123.88666083292321,39.45670222438174],[-123.88666083292321,39.459397170234105],[-123.87857599536613,39.459397170234105],[-123.87857599536613,39.46478706193882],[-123.8812709412185,39.46478706193882],[-123.8812709412185,39.467482007791176],[-123.88396588707086,39.467482007791176]]]},"id":"-45969+14644","properties":{"area_sq_km":1.0,"count":16,"label":2,"latitude":39.46192374846815,"longitude":-123.8881768688155,"near_healthy_bed":1,"priority_score":1.0,"priority_tier":"monitor","recommended_action":"no_action","region_id":"sonoma_mendocino","region_name":"Sonoma & Mendocino Counties, CA","state":"CA","status":2,"status_label":"healthy"}},{"type":"Feature","geometry":{"geodesic":false,"type":"Polygon","coordinates":[[[-123.88396588707086,39.48904157461005],[-123.8812709412185,39.48904157461005],[-123.8812709412185,39.4917365204624],[-123.88396588707086,39.4917365204624],[-123.88396588707086,39.48904157461005]]]},"id":"-45969+14653","properties":{"area_sq_km":0.0,"count":1,"label":2,"latitude":39.490389046603575,"longitude":-123.88261841413707,"near_healthy_bed":1,"priority_score":1.0,"priority_tier":"monitor","recommended_action":"no_action","region_id":"sonoma_mendocino","region_name":"Sonoma & Mendocino Counties, CA","state":"CA","status":2,"status_label":"healthy"}},{"type":"Feature","geometry":{"geodesic":false,"type":"Polygon","coordinates":[[[-123.88396588707086,39.49712641216712],[-123.8812709412185,39.49712641216712],[-123.8812709412185,39.49982135801948],[-123.88396588707086,39.49982135801948],[-123.88396588707086,39.49712641216712]]]},"id":"-45969+14656","properties":{"area_sq_km":0.0,"count":1,"label":2,"latitude":39.4984738841921,"longitude":-123.88261841427051,"near_healthy_bed":1,"priority_score":1.0,"priority_tier":"monitor","recommended_action":"no_action","region_id":"sonoma_mendocino","region_name":"Sonoma & Mendocino Counties, CA","state":"CA","status":2,"status_label":"healthy"}},{"type":"Feature","geometry":{"geodesic":false,"type":"Polygon","coordinates":[[[-123.88935577877557,39.14139355965579],[-123.88666083292321,39.14139355965579],[-123.88666083292321,39.14408850550815],[-123.88935577877557,39.14408850550815],[-123.88935577877557,39.14139355965579]]]},"id":"-45971+14524","properties":{"area_sq_km":0.0,"count":1,"label":2,"latitude":39.14274103162897,"longitude":-123.88800830578457,"near_healthy_bed":1,"priority_score":1.0,"priority_tier":"monitor","recommended_action":"no_action","region_id":"sonoma_mendocino","region_name":"Sonoma & Mendocino Counties, CA","state":"CA","status":2,"status_label":"healthy"}},{"type":"Feature","geometry":{"geodesic":false,"type":"Polygon","coordinates":[[[-123.88935577877557,39.21415709766947],[-123.88666083292321,39.21415709766947],[-123.88666083292321,39.21685204352183],[-123.88935577877557,39.21685204352183],[-123.88935577877557,39.21415709766947]]]},"id":"-45971+14551","properties":{"area_sq_km":0.0,"count":1,"label":2,"latitude":39.21550456982551,"longitude":-123.88800830580564,"near_healthy_bed":1,"priority_score":1.0,"priority_tier":"monitor","recommended_action":"no_action","region_id":"sonoma_mendocino","region_name":"Sonoma & Mendocino Counties, CA","state":"CA","status":2,"status_label":"healthy"}},{"type":"Feature","geometry":{"geodesic":false,"type":"Polygon","coordinates":[[[-123.88935577877557,39.4917365204624],[-123.88666083292321,39.4917365204624],[-123.88666083292321,39.494431466314765],[-123.88935577877557,39.494431466314765],[-123.88935577877557,39.4917365204624]]]},"id":"-45971+14654","properties":{"area_sq_km":0.0,"count":1,"label":2,"latitude":39.493083992524205,"longitude":-123.8880083058193,"near_healthy_bed":1,"priority_score":1.0,"priority_tier":"monitor","recommended_action":"no_action","region_id":"sonoma_mendocino","region_name":"Sonoma & Mendocino Counties, CA","state":"CA","status":2,"status_label":"healthy"}},{"type":"Feature","geometry":{"geodesic":false,"type":"Polygon","coordinates":[[[-123.89205072462794,39.475566845348254],[-123.89205072462794,39.47017695364354],[-123.8812709412185,39.47017695364354],[-123.8812709412185,39.47287189949589],[-123.88935577877557,39.47287189949589],[-123.88935577877557,39.475566845348254],[-123.89205072462794,39.475566845348254]]]},"id":"-45972+14647","properties":{"area_sq_km":0.0,"count":5,"label":2,"latitude":39.47206349130509,"longitude":-123.8874692654224,"near_healthy_bed":1,"priority_score":1.0,"priority_tier":"monitor","recommended_action":"no_action","region_id":"sonoma_mendocino","region_name":"Sonoma & Mendocino Counties, CA","state":"CA","status":2,"status_label":"healthy"}},{"type":"Feature","geometry":{"geodesic":false,"type":"Polygon","coordinates":[[[-123.89205072462794,39.475566845348254],[-123.88935577877557,39.475566845348254],[-123.88935577877557,39.478261791200616],[-123.89205072462794,39.478261791200616],[-123.89205072462794,39.475566845348254]]]},"id":"-45972+14648","properties":{"area_sq_km":0.0,"count":1,"label":0,"latitude":39.476914317462565,"longitude":-123.89070325174704,"near_healthy_bed":1,"priority_score":1.0,"priority_tier":"monitor","recommended_action":"urchin_removal_then_replant","region_id":"sonoma_mendocino","region_name":"Sonoma & Mendocino Counties, CA","state":"CA","status":0,"status_label":"barren"}},{"type":"Feature","geometry":{"geodesic":false,"type":"Polygon","coordinates":[[[-123.89744061633264,39.44322749511995],[-123.89744061633264,39.43783760341523],[-123.89474567048029,39.43783760341523],[-123.89474567048029,39.440532549267594],[-123.89205072462794,39.440532549267594],[-123.89205072462794,39.44322749511995],[-123.89744061633264,39.44322749511995]]]},"id":"-45973+14635","properties":{"area_sq_km":0.0,"count":3,"label":2,"latitude":39.440981698390765,"longitude":-123.89519484963647,"near_healthy_bed":1,"priority_score":1.0,"priority_tier":"monitor","recommended_action":"no_action","region_id":"sonoma_mendocino","region_name":"Sonoma & Mendocino Counties, CA","state":"CA","status":2,"status_label":"healthy"}},{"type":"Feature","geometry":{"geodesic":false,"type":"Polygon","coordinates":[[[-123.89474567048029,39.48095673705297],[-123.89205072462794,39.48095673705297],[-123.89205072462794,39.48365168290533],[-123.89474567048029,39.48365168290533],[-123.89474567048029,39.48095673705297]]]},"id":"-45973+14650","properties":{"area_sq_km":0.0,"count":1,"label":0,"latitude":39.48230420888746,"longitude":-123.89339819763603,"near_healthy_bed":1,"priority_score":1.0,"priority_tier":"monitor","recommended_action":"urchin_removal_then_replant","region_id":"sonoma_mendocino","region_name":"Sonoma & Mendocino Counties, CA","state":"CA","status":0,"status_label":"barren"}},{"type":"Feature","geometry":{"geodesic":false,"type":"Polygon","coordinates":[[[-123.89744061633264,39.49712641216712],[-123.89474567048029,39.49712641216712],[-123.89474567048029,39.49982135801948],[-123.89744061633264,39.49982135801948],[-123.89744061633264,39.49712641216712]]]},"id":"-45974+14656","properties":{"area_sq_km":0.0,"count":1,"label":2,"latitude":39.4984738842084,"longitude":-123.89609314340956,"near_healthy_bed":1,"priority_score":1.0,"priority_tier":"monitor","recommended_action":"no_action","region_id":"sonoma_mendocino","region_name":"Sonoma & Mendocino Counties, CA","state":"CA","status":2,"status_label":"healthy"}},{"type":"Feature","geometry":{"geodesic":false,"type":"Polygon","coordinates":[[[-123.90013556218501,39.47287189949589],[-123.89744061633264,39.47287189949589],[-123.89744061633264,39.478261791200616],[-123.90013556218501,39.478261791200616],[-123.90013556218501,39.47287189949589]]]},"id":"-45975+14648","properties":{"area_sq_km":0.0,"count":2,"label":2,"latitude":39.47556681844044,"longitude":-123.89878808931745,"near_healthy_bed":1,"priority_score":1.0,"priority_tier":"monitor","recommended_action":"no_action","region_id":"sonoma_mendocino","region_name":"Sonoma & Mendocino Counties, CA","state":"CA","status":2,"status_label":"healthy"}},{"type":"Feature","geometry":{"geodesic":false,"type":"Polygon","coordinates":[[[-123.90283050803737,39.1602581806223],[-123.90013556218501,39.1602581806223],[-123.90013556218501,39.16295312647466],[-123.90283050803737,39.16295312647466],[-123.90283050803737,39.1602581806223]]]},"id":"-45976+14531","properties":{"area_sq_km":0.0,"count":1,"label":2,"latitude":39.16160565262236,"longitude":-123.90148303516015,"near_healthy_bed":1,"priority_score":1.0,"priority_tier":"monitor","recommended_action":"no_action","region_id":"sonoma_mendocino","region_name":"Sonoma & Mendocino Counties, CA","state":"CA","status":2,"status_label":"healthy"}},{"type":"Feature","geometry":{"geodesic":false,"type":"Polygon","coordinates":[[[-123.90552545388972,39.49712641216712],[-123.90013556218501,39.49712641216712],[-123.90013556218501,39.49982135801948],[-123.90552545388972,39.49982135801948],[-123.90552545388972,39.49712641216712]]]},"id":"-45976+14656","properties":{"area_sq_km":0.0,"count":2,"label":2,"latitude":39.49847390754138,"longitude":-123.90283050809735,"near_healthy_bed":1,"priority_score":1.0,"priority_tier":"monitor","recommended_action":"no_action","region_id":"sonoma_mendocino","region_name":"Sonoma & Mendocino Counties, CA","state":"CA","status":2,"status_label":"healthy"}},{"type":"Feature","geometry":{"geodesic":false,"type":"Polygon","coordinates":[[[-123.89474567048029,39.48095673705297],[-123.89474567048029,39.475566845348254],[-123.89205072462794,39.475566845348254],[-123.89205072462794,39.478261791200616],[-123.88935577877558,39.478261791200616],[-123.88935577877558,39.475566845348254],[-123.88666083292321,39.475566845348254],[-123.88666083292321,39.48095673705297],[-123.88935577877558,39.48095673705297],[-123.88935577877558,39.48365168290533],[-123.88666083292321,39.48365168290533],[-123.88666083292321,39.48634662875769],[-123.88396588707086,39.48634662875769],[-123.88396588707086,39.48904157461005],[-123.88935577877558,39.48904157461005],[-123.88935577877558,39.48634662875769],[-123.89474567048029,39.48634662875769],[-123.89474567048029,39.4917365204624],[-123.90283050803737,39.4917365204624],[-123.90283050803737,39.494431466314765],[-123.90552545388972,39.494431466314765],[-123.90552545388972,39.4917365204624],[-123.9136102914468,39.4917365204624],[-123.9136102914468,39.48634662875769],[-123.90822039974208,39.48634662875769],[-123.90822039974208,39.48365168290533],[-123.90283050803737,39.48365168290533],[-123.90283050803737,39.48634662875769],[-123.90013556218501,39.48634662875769],[-123.90013556218501,39.48365168290533],[-123.89744061633264,39.48365168290533],[-123.89744061633264,39.48095673705297],[-123.89474567048029,39.48095673705297]],[[-123.89474567048029,39.48095673705297],[-123.89205072462794,39.48095673705297],[-123.89205072462794,39.48365168290533],[-123.89474567048029,39.48365168290533],[-123.89474567048029,39.48095673705297]]]},"id":"-45977+14654","properties":{"area_sq_km":2.0,"count":31,"label":2,"latitude":39.486042391171274,"longitude":-123.8985267506884,"near_healthy_bed":1,"priority_score":1.0,"priority_tier":"monitor","recommended_action":"no_action","region_id":"sonoma_mendocino","region_name":"Sonoma & Mendocino Counties, CA","state":"CA","status":2,"status_label":"healthy"}},{"type":"Feature","geometry":{"geodesic":false,"type":"Polygon","coordinates":[[[-123.90822039974208,39.49712641216712],[-123.90552545388972,39.49712641216712],[-123.90552545388972,39.49982135801948],[-123.90822039974208,39.49982135801948],[-123.90822039974208,39.49712641216712]]]},"id":"-45978+14656","properties":{"area_sq_km":0.0,"count":1,"label":0,"latitude":39.498473884215606,"longitude":-123.90687292668507,"near_healthy_bed":1,"priority_score":1.0,"priority_tier":"monitor","recommended_action":"urchin_removal_then_replant","region_id":"sonoma_mendocino","region_name":"Sonoma & Mendocino Counties, CA","state":"CA","status":0,"status_label":"barren"}},{"type":"Feature","geometry":{"geodesic":false,"type":"Polygon","coordinates":[[[-123.91091534559445,39.405498253186934],[-123.90822039974208,39.405498253186934],[-123.90822039974208,39.40819319903929],[-123.91091534559445,39.40819319903929],[-123.91091534559445,39.405498253186934]]]},"id":"-45979+14622","properties":{"area_sq_km":0.0,"count":1,"label":2,"latitude":39.406845725288356,"longitude":-123.90956787278152,"near_healthy_bed":1,"priority_score":1.0,"priority_tier":"monitor","recommended_action":"no_action","region_id":"sonoma_mendocino","region_name":"Sonoma & Mendocino Counties, CA","state":"CA","status":2,"status_label":"healthy"}},{"type":"Feature","geometry":{"geodesic":false,"type":"Polygon","coordinates":[[[-123.9136102914468,39.49982135801948],[-123.9136102914468,39.49712641216712],[-123.91091534559445,39.49712641216712],[-123.91091534559445,39.494431466314765],[-123.90552545388972,39.494431466314765],[-123.90552545388972,39.49712641216712],[-123.90822039974208,39.49712641216712],[-123.90822039974208,39.49982135801948],[-123.9136102914468,39.49982135801948]]]},"id":"-45979+14656","properties":{"area_sq_km":0.0,"count":4,"label":2,"latitude":39.49712641622541,"longitude":-123.90956782817005,"near_healthy_bed":1,"priority_score":1.0,"priority_tier":"monitor","recommended_action":"no_action","region_id":"sonoma_mendocino","region_name":"Sonoma & Mendocino Counties, CA","state":"CA","status":2,"status_label":"healthy"}},{"type":"Feature","geometry":{"geodesic":false,"type":"Polygon","coordinates":[[[-123.91630523729916,39.16295312647466],[-123.9136102914468,39.16295312647466],[-123.9136102914468,39.165648072327016],[-123.91630523729916,39.165648072327016],[-123.91630523729916,39.16295312647466]]]},"id":"-45981+14532","properties":{"area_sq_km":0.0,"count":1,"label":2,"latitude":39.16430059856451,"longitude":-123.91495776441543,"near_healthy_bed":1,"priority_score":1.0,"priority_tier":"monitor","recommended_action":"no_action","region_id":"sonoma_mendocino","region_name":"Sonoma & Mendocino Counties, CA","state":"CA","status":2,"status_label":"healthy"}},{"type":"Feature","geometry":{"geodesic":false,"type":"Polygon","coordinates":[[[-123.91630523729916,39.494431466314765],[-123.9136102914468,39.494431466314765],[-123.9136102914468,39.49712641216712],[-123.91630523729916,39.49712641216712],[-123.91630523729916,39.494431466314765]]]},"id":"-45981+14655","properties":{"area_sq_km":0.0,"count":1,"label":2,"latitude":39.49577893819154,"longitude":-123.91495776444475,"near_healthy_bed":1,"priority_score":1.0,"priority_tier":"monitor","recommended_action":"no_action","region_id":"sonoma_mendocino","region_name":"Sonoma & Mendocino Counties, CA","state":"CA","status":2,"status_label":"healthy"}},{"type":"Feature","geometry":{"geodesic":false,"type":"Polygon","coordinates":[[[-123.93516985826567,38.98239175436664],[-123.93247491241331,38.98239175436664],[-123.93247491241331,38.98508670021899],[-123.93516985826567,38.98508670021899],[-123.93516985826567,38.98239175436664]]]},"id":"-45988+14465","properties":{"area_sq_km":0.0,"count":1,"label":2,"latitude":38.98373922652938,"longitude":-123.93382238548081,"near_healthy_bed":1,"priority_score":1.0,"priority_tier":"monitor","recommended_action":"no_action","region_id":"sonoma_mendocino","region_name":"Sonoma & Mendocino Counties, CA","state":"CA","status":2,"status_label":"healthy"}},{"type":"Feature","geometry":{"geodesic":false,"type":"Polygon","coordinates":[[[-123.93786480411802,39.111749155279846],[-123.93516985826567,39.111749155279846],[-123.93516985826567,39.11444410113221],[-123.93786480411802,39.11444410113221],[-123.93786480411802,39.111749155279846]]]},"id":"-45989+14513","properties":{"area_sq_km":0.0,"count":1,"label":2,"latitude":39.11309662729125,"longitude":-123.93651733108172,"near_healthy_bed":1,"priority_score":1.0,"priority_tier":"monitor","recommended_action":"no_action","region_id":"sonoma_mendocino","region_name":"Sonoma & Mendocino Counties, CA","state":"CA","status":2,"status_label":"healthy"}},{"type":"Feature","geometry":{"geodesic":false,"type":"Polygon","coordinates":[[[-123.94055974997039,38.98239175436664],[-123.93786480411802,38.98239175436664],[-123.93786480411802,38.98508670021899],[-123.94055974997039,38.98508670021899],[-123.94055974997039,38.98239175436664]]]},"id":"-45990+14465","properties":{"area_sq_km":0.0,"count":1,"label":2,"latitude":38.98373922649898,"longitude":-123.93921227708266,"near_healthy_bed":1,"priority_score":1.0,"priority_tier":"monitor","recommended_action":"no_action","region_id":"sonoma_mendocino","region_name":"Sonoma & Mendocino Counties, CA","state":"CA","status":2,"status_label":"healthy"}},{"type":"Feature","geometry":{"geodesic":false,"type":"Polygon","coordinates":[[[-123.94325469582274,39.111749155279846],[-123.94055974997039,39.111749155279846],[-123.94055974997039,39.11444410113221],[-123.94325469582274,39.11444410113221],[-123.94325469582274,39.111749155279846]]]},"id":"-45991+14513","properties":{"area_sq_km":0.0,"count":1,"label":2,"latitude":39.11309662726242,"longitude":-123.94190722291735,"near_healthy_bed":1,"priority_score":1.0,"priority_tier":"monitor","recommended_action":"no_action","region_id":"sonoma_mendocino","region_name":"Sonoma & Mendocino Counties, CA","state":"CA","status":2,"status_label":"healthy"}},{"type":"Feature","geometry":{"geodesic":false,"type":"Polygon","coordinates":[[[-123.95403447923218,38.971611970957206],[-123.95133953337982,38.971611970957206],[-123.95133953337982,38.97430691680956],[-123.95403447923218,38.97430691680956],[-123.95403447923218,38.971611970957206]]]},"id":"-45995+14461","properties":{"area_sq_km":0.0,"count":1,"label":2,"latitude":38.972959443161145,"longitude":-123.95268700622759,"near_healthy_bed":1,"priority_score":1.0,"priority_tier":"monitor","recommended_action":"no_action","region_id":"sonoma_mendocino","region_name":"Sonoma & Mendocino Counties, CA","state":"CA","status":2,"status_label":"healthy"}},{"type":"Feature","geometry":{"geodesic":false,"type":"Polygon","coordinates":[[[-123.95403447923218,39.06593507578975],[-123.95133953337982,39.06593507578975],[-123.95133953337982,39.068630021642115],[-123.95403447923218,39.068630021642115],[-123.95403447923218,39.06593507578975]]]},"id":"-45995+14496","properties":{"area_sq_km":0.0,"count":1,"label":2,"latitude":39.067282547793745,"longitude":-123.95268700632046,"near_healthy_bed":1,"priority_score":1.0,"priority_tier":"monitor","recommended_action":"no_action","region_id":"sonoma_mendocino","region_name":"Sonoma & Mendocino Counties, CA","state":"CA","status":2,"status_label":"healthy"}},{"type":"Feature","geometry":{"geodesic":false,"type":"Polygon","coordinates":[[[-123.95403447923218,39.09288453431334],[-123.95133953337982,39.09288453431334],[-123.95133953337982,39.095579480165696],[-123.95403447923218,39.095579480165696],[-123.95403447923218,39.09288453431334]]]},"id":"-45995+14506","properties":{"area_sq_km":0.0,"count":1,"label":2,"latitude":39.09423200640781,"longitude":-123.95268700627832,"near_healthy_bed":1,"priority_score":1.0,"priority_tier":"monitor","recommended_action":"no_action","region_id":"sonoma_mendocino","region_name":"Sonoma & Mendocino Counties, CA","state":"CA","status":2,"status_label":"healthy"}},{"type":"Feature","geometry":{"geodesic":false,"type":"Polygon","coordinates":[[[-123.95672942508453,39.05246034652796],[-123.95403447923218,39.05246034652796],[-123.95403447923218,39.05515529238032],[-123.95672942508453,39.05515529238032],[-123.95672942508453,39.05246034652796]]]},"id":"-45996+14491","properties":{"area_sq_km":0.0,"count":1,"label":2,"latitude":39.05380781859538,"longitude":-123.95538195219935,"near_healthy_bed":1,"priority_score":1.0,"priority_tier":"monitor","recommended_action":"no_action","region_id":"sonoma_mendocino","region_name":"Sonoma & Mendocino Counties, CA","state":"CA","status":2,"status_label":"healthy"}},{"type":"Feature","geometry":{"geodesic":false,"type":"Polygon","coordinates":[[[-123.96211931678926,38.95813724169541],[-123.9594243709369,38.95813724169541],[-123.9594243709369,38.960832187547766],[-123.96211931678926,38.960832187547766],[-123.96211931678926,38.95813724169541]]]},"id":"-45998+14456","properties":{"area_sq_km":0.0,"count":1,"label":2,"latitude":38.959484713885644,"longitude":-123.96077184397157,"near_healthy_bed":1,"priority_score":1.0,"priority_tier":"monitor","recommended_action":"no_action","region_id":"sonoma_mendocino","region_name":"Sonoma & Mendocino Counties, CA","state":"CA","status":2,"status_label":"healthy"}},{"type":"Feature","geometry":{"geodesic":false,"type":"Polygon","coordinates":[[[-123.96750920849398,39.138698613803435],[-123.96481426264161,39.138698613803435],[-123.96481426264161,39.14139355965579],[-123.96750920849398,39.14139355965579],[-123.96750920849398,39.138698613803435]]]},"id":"-46000+14523","properties":{"area_sq_km":0.0,"count":1,"label":2,"latitude":39.14004608598481,"longitude":-123.96616173545866,"near_healthy_bed":1,"priority_score":1.0,"priority_tier":"monitor","recommended_action":"no_action","region_id":"sonoma_mendocino","region_name":"Sonoma & Mendocino Counties, CA","state":"CA","status":2,"status_label":"healthy"}},{"type":"Feature","geometry":{"geodesic":false,"type":"Polygon","coordinates":[[[-123.97020415434633,39.48904157461005],[-123.96750920849398,39.48904157461005],[-123.96750920849398,39.4917365204624],[-123.97020415434633,39.4917365204624],[-123.97020415434633,39.48904157461005]]]},"id":"-46001+14653","properties":{"area_sq_km":0.0,"count":1,"label":2,"latitude":39.4903890466419,"longitude":-123.96885668143833,"near_healthy_bed":1,"priority_score":1.0,"priority_tier":"monitor","recommended_action":"no_action","region_id":"sonoma_mendocino","region_name":"Sonoma & Mendocino Counties, CA","state":"CA","status":2,"status_label":"healthy"}},{"type":"Feature","geometry":{"geodesic":false,"type":"Polygon","coordinates":[[[-123.97289910019869,39.08749464260862],[-123.97020415434633,39.08749464260862],[-123.97020415434633,39.09018958846098],[-123.97289910019869,39.09018958846098],[-123.97289910019869,39.08749464260862]]]},"id":"-46002+14504","properties":{"area_sq_km":0.0,"count":1,"label":2,"latitude":39.08884211479234,"longitude":-123.97155162727655,"near_healthy_bed":1,"priority_score":1.0,"priority_tier":"monitor","recommended_action":"no_action","region_id":"sonoma_mendocino","region_name":"Sonoma & Mendocino Counties, CA","state":"CA","status":2,"status_label":"healthy"}},{"type":"Feature","geometry":{"geodesic":false,"type":"Polygon","coordinates":[[[-123.97559404605104,39.14408850550815],[-123.97289910019869,39.14408850550815],[-123.97289910019869,39.14678345136051],[-123.97559404605104,39.14678345136051],[-123.97559404605104,39.14408850550815]]]},"id":"-46003+14525","properties":{"area_sq_km":0.0,"count":1,"label":2,"latitude":39.14543597751694,"longitude":-123.97424657311063,"near_healthy_bed":1,"priority_score":1.0,"priority_tier":"monitor","recommended_action":"no_action","region_id":"sonoma_mendocino","region_name":"Sonoma & Mendocino Counties, CA","state":"CA","status":2,"status_label":"healthy"}},{"type":"Feature","geometry":{"geodesic":false,"type":"Polygon","coordinates":[[[-123.97828899190341,38.95544229584305],[-123.97559404605104,38.95544229584305],[-123.97559404605104,38.95813724169541],[-123.97828899190341,38.95813724169541],[-123.97828899190341,38.95544229584305]]]},"id":"-46004+14455","properties":{"area_sq_km":0.0,"count":1,"label":2,"latitude":38.95678976809251,"longitude":-123.9769415190199,"near_healthy_bed":1,"priority_score":1.0,"priority_tier":"monitor","recommended_action":"no_action","region_id":"sonoma_mendocino","region_name":"Sonoma & Mendocino Counties, CA","state":"CA","status":2,"status_label":"healthy"}},{"type":"Feature","geometry":{"geodesic":false,"type":"Polygon","coordinates":[[[-123.97828899190341,39.14947839721287],[-123.97559404605104,39.14947839721287],[-123.97559404605104,39.15217334306523],[-123.97828899190341,39.15217334306523],[-123.97828899190341,39.14947839721287]]]},"id":"-46004+14527","properties":{"area_sq_km":0.0,"count":1,"label":2,"latitude":39.15082586917974,"longitude":-123.97694151899769,"near_healthy_bed":1,"priority_score":1.0,"priority_tier":"monitor","recommended_action":"no_action","region_id":"sonoma_mendocino","region_name":"Sonoma & Mendocino Counties, CA","state":"CA","status":2,"status_label":"healthy"}},{"type":"Feature","geometry":{"geodesic":false,"type":"Polygon","coordinates":[[[-123.98098393775577,39.07401991334683],[-123.97828899190341,39.07401991334683],[-123.97828899190341,39.076714859199186],[-123.98098393775577,39.076714859199186],[-123.98098393775577,39.07401991334683]]]},"id":"-46005+14499","properties":{"area_sq_km":0.0,"count":1,"label":2,"latitude":39.07536738537002,"longitude":-123.9796364647759,"near_healthy_bed":1,"priority_score":1.0,"priority_tier":"monitor","recommended_action":"no_action","region_id":"sonoma_mendocino","region_name":"Sonoma & Mendocino Counties, CA","state":"CA","status":2,"status_label":"healthy"}},{"type":"Feature","geometry":{"geodesic":false,"type":"Polygon","coordinates":[[[-123.98098393775577,39.07940980505155],[-123.97828899190341,39.07940980505155],[-123.97828899190341,39.0821047509039],[-123.98098393775577,39.0821047509039],[-123.98098393775577,39.07940980505155]]]},"id":"-46005+14501","properties":{"area_sq_km":0.0,"count":1,"label":2,"latitude":39.08075727704981,"longitude":-123.97963646479599,"near_healthy_bed":1,"priority_score":1.0,"priority_tier":"monitor","recommended_action":"no_action","region_id":"sonoma_mendocino","region_name":"Sonoma & Mendocino Counties, CA","state":"CA","status":2,"status_label":"healthy"}},{"type":"Feature","geometry":{"geodesic":false,"type":"Polygon","coordinates":[[[-123.98098393775577,39.18720763914589],[-123.97828899190341,39.18720763914589],[-123.97828899190341,39.189902584998244],[-123.98098393775577,39.189902584998244],[-123.98098393775577,39.18720763914589]]]},"id":"-46005+14541","properties":{"area_sq_km":0.0,"count":1,"label":2,"latitude":39.18855511120346,"longitude":-123.97963646480409,"near_healthy_bed":1,"priority_score":1.0,"priority_tier":"monitor","recommended_action":"no_action","region_id":"sonoma_mendocino","region_name":"Sonoma & Mendocino Counties, CA","state":"CA","status":2,"status_label":"healthy"}},{"type":"Feature","geometry":{"geodesic":false,"type":"Polygon","coordinates":[[[-123.98367888360812,39.076714859199186],[-123.98098393775577,39.076714859199186],[-123.98098393775577,39.07940980505155],[-123.98367888360812,39.07940980505155],[-123.98367888360812,39.076714859199186]]]},"id":"-46006+14500","properties":{"area_sq_km":0.0,"count":1,"label":2,"latitude":39.0780623314507,"longitude":-123.98233141078599,"near_healthy_bed":1,"priority_score":1.0,"priority_tier":"monitor","recommended_action":"no_action","region_id":"sonoma_mendocino","region_name":"Sonoma & Mendocino Counties, CA","state":"CA","status":2,"status_label":"healthy"}},{"type":"Feature","geometry":{"geodesic":false,"type":"Polygon","coordinates":[[[-123.98637382946048,39.09288453431334],[-123.98637382946048,39.09018958846098],[-123.98367888360812,39.09018958846098],[-123.98367888360812,39.08749464260862],[-123.98098393775577,39.08749464260862],[-123.98098393775577,39.09288453431334],[-123.98637382946048,39.09288453431334]]]},"id":"-46006+14505","properties":{"area_sq_km":0.0,"count":3,"label":2,"latitude":39.090638737849645,"longitude":-123.98322970478877,"near_healthy_bed":1,"priority_score":1.0,"priority_tier":"monitor","recommended_action":"no_action","region_id":"sonoma_mendocino","region_name":"Sonoma & Mendocino Counties, CA","state":"CA","status":2,"status_label":"healthy"}},{"type":"Feature","geometry":{"geodesic":false,"type":"Polygon","coordinates":[[[-123.98367888360812,39.103664317722775],[-123.98098393775577,39.103664317722775],[-123.98098393775577,39.10635926357513],[-123.98367888360812,39.10635926357513],[-123.98367888360812,39.103664317722775]]]},"id":"-46006+14510","properties":{"area_sq_km":0.0,"count":1,"label":2,"latitude":39.10501178974023,"longitude":-123.9823314108125,"near_healthy_bed":1,"priority_score":1.0,"priority_tier":"monitor","recommended_action":"no_action","region_id":"sonoma_mendocino","region_name":"Sonoma & Mendocino Counties, CA","state":"CA","status":2,"status_label":"healthy"}},{"type":"Feature","geometry":{"geodesic":false,"type":"Polygon","coordinates":[[[-123.98637382946048,39.09827442601806],[-123.98367888360812,39.09827442601806],[-123.98367888360812,39.10096937187041],[-123.98637382946048,39.10096937187041],[-123.98637382946048,39.09827442601806]]]},"id":"-46007+14508","properties":{"area_sq_km":0.0,"count":1,"label":2,"latitude":39.09962189807857,"longitude":-123.9850263563972,"near_healthy_bed":1,"priority_score":1.0,"priority_tier":"monitor","recommended_action":"no_action","region_id":"sonoma_mendocino","region_name":"Sonoma & Mendocino Counties, CA","state":"CA","status":2,"status_label":"healthy"}},{"type":"Feature","geometry":{"geodesic":false,"type":"Polygon","coordinates":[[[-123.9917637211652,39.09288453431334],[-123.98637382946048,39.09288453431334],[-123.98637382946048,39.095579480165696],[-123.9917637211652,39.095579480165696],[-123.9917637211652,39.09288453431334]]]},"id":"-46008+14506","properties":{"area_sq_km":0.0,"count":2,"label":2,"latitude":39.09423202958808,"longitude":-123.98906877527898,"near_healthy_bed":1,"priority_score":1.0,"priority_tier":"monitor","recommended_action":"no_action","region_id":"sonoma_mendocino","region_name":"Sonoma & Mendocino Counties, CA","state":"CA","status":2,"status_label":"healthy"}},{"type":"Feature","geometry":{"geodesic":false,"type":"Polygon","coordinates":[[[-123.98906877531284,39.10096937187041],[-123.98637382946048,39.10096937187041],[-123.98637382946048,39.103664317722775],[-123.98906877531284,39.103664317722775],[-123.98906877531284,39.10096937187041]]]},"id":"-46008+14509","properties":{"area_sq_km":0.0,"count":1,"label":2,"latitude":39.102316844135366,"longitude":-123.98772130237815,"near_healthy_bed":1,"priority_score":1.0,"priority_tier":"monitor","recommended_action":"no_action","region_id":"sonoma_mendocino","region_name":"Sonoma & Mendocino Counties, CA","state":"CA","status":2,"status_label":"healthy"}},{"type":"Feature","geometry":{"geodesic":false,"type":"Polygon","coordinates":[[[-123.98906877531284,39.33812460687797],[-123.98637382946048,39.33812460687797],[-123.98637382946048,39.34081955273032],[-123.98906877531284,39.34081955273032],[-123.98906877531284,39.33812460687797]]]},"id":"-46008+14597","properties":{"area_sq_km":0.0,"count":1,"label":2,"latitude":39.339472078751896,"longitude":-123.98772130239067,"near_healthy_bed":1,"priority_score":1.0,"priority_tier":"monitor","recommended_action":"no_action","region_id":"sonoma_mendocino","region_name":"Sonoma & Mendocino Counties, CA","state":"CA","status":2,"status_label":"healthy"}},{"type":"Feature","geometry":{"geodesic":false,"type":"Polygon","coordinates":[[[-123.99445866701755,39.084799696756264],[-123.98906877531284,39.084799696756264],[-123.98906877531284,39.08749464260862],[-123.99445866701755,39.08749464260862],[-123.99445866701755,39.084799696756264]]]},"id":"-46009+14503","properties":{"area_sq_km":0.0,"count":2,"label":2,"latitude":39.086147192163494,"longitude":-123.99176372116635,"near_healthy_bed":1,"priority_score":1.0,"priority_tier":"monitor","recommended_action":"no_action","region_id":"sonoma_mendocino","region_name":"Sonoma & Mendocino Counties, CA","state":"CA","status":2,"status_label":"healthy"}},{"type":"Feature","geometry":{"geodesic":false,"type":"Polygon","coordinates":[[[-123.9917637211652,39.478261791200616],[-123.98906877531284,39.478261791200616],[-123.98906877531284,39.48095673705297],[-123.9917637211652,39.48095673705297],[-123.9917637211652,39.478261791200616]]]},"id":"-46009+14649","properties":{"area_sq_km":0.0,"count":1,"label":2,"latitude":39.479609263222464,"longitude":-123.99041624813088,"near_healthy_bed":1,"priority_score":1.0,"priority_tier":"monitor","recommended_action":"no_action","region_id":"sonoma_mendocino","region_name":"Sonoma & Mendocino Counties, CA","state":"CA","status":2,"status_label":"healthy"}},{"type":"Feature","geometry":{"geodesic":false,"type":"Polygon","coordinates":[[[-123.99715361286992,39.095579480165696],[-123.99445866701755,39.095579480165696],[-123.99445866701755,39.10096937187041],[-123.99715361286992,39.10096937187041],[-123.99715361286992,39.095579480165696]]]},"id":"-46011+14508","properties":{"area_sq_km":0.0,"count":2,"label":2,"latitude":39.098274399443326,"longitude":-123.99580613998528,"near_healthy_bed":1,"priority_score":1.0,"priority_tier":"monitor","recommended_action":"no_action","region_id":"sonoma_mendocino","region_name":"Sonoma & Mendocino Counties, CA","state":"CA","status":2,"status_label":"healthy"}},{"type":"Feature","geometry":{"geodesic":false,"type":"Polygon","coordinates":[[[-123.99715361286992,39.33542966102561],[-123.99445866701755,39.33542966102561],[-123.99445866701755,39.33812460687797],[-123.99715361286992,39.33812460687797],[-123.99715361286992,39.33542966102561]]]},"id":"-46011+14596","properties":{"area_sq_km":0.0,"count":1,"label":2,"latitude":39.336777133208045,"longitude":-123.99580613988856,"near_healthy_bed":1,"priority_score":1.0,"priority_tier":"monitor","recommended_action":"no_action","region_id":"sonoma_mendocino","region_name":"Sonoma & Mendocino Counties, CA","state":"CA","status":2,"status_label":"healthy"}},{"type":"Feature","geometry":{"geodesic":false,"type":"Polygon","coordinates":[[[-123.99984855872228,39.09018958846098],[-123.99715361286992,39.09018958846098],[-123.99715361286992,39.09288453431334],[-123.99984855872228,39.09288453431334],[-123.99984855872228,39.09018958846098]]]},"id":"-46012+14505","properties":{"area_sq_km":0.0,"count":1,"label":2,"latitude":39.0915370604893,"longitude":-123.99850108582457,"near_healthy_bed":1,"priority_score":1.0,"priority_tier":"monitor","recommended_action":"no_action","region_id":"sonoma_mendocino","region_name":"Sonoma & Mendocino Counties, CA","state":"CA","status":2,"status_label":"healthy"}},{"type":"Feature","geometry":{"geodesic":false,"type":"Polygon","coordinates":[[[-123.99984855872228,39.10635926357513],[-123.99715361286992,39.10635926357513],[-123.99715361286992,39.10905420942749],[-123.99984855872228,39.10905420942749],[-123.99984855872228,39.10635926357513]]]},"id":"-46012+14511","properties":{"area_sq_km":0.0,"count":1,"label":2,"latitude":39.1077067357305,"longitude":-123.99850108574249,"near_healthy_bed":1,"priority_score":1.0,"priority_tier":"monitor","recommended_action":"no_action","region_id":"sonoma_mendocino","region_name":"Sonoma & Mendocino Counties, CA","state":"CA","status":2,"status_label":"healthy"}},{"type":"Feature","geometry":{"geodesic":false,"type":"Polygon","coordinates":[[[-123.99984855872228,39.14139355965579],[-123.99715361286992,39.14139355965579],[-123.99715361286992,39.14408850550815],[-123.99984855872228,39.14408850550815],[-123.99984855872228,39.14139355965579]]]},"id":"-46012+14524","properties":{"area_sq_km":0.0,"count":1,"label":2,"latitude":39.14274103160134,"longitude":-123.99850108588815,"near_healthy_bed":1,"priority_score":1.0,"priority_tier":"monitor","recommended_action":"no_action","region_id":"sonoma_mendocino","region_name":"Sonoma & Mendocino Counties, CA","state":"CA","status":2,"status_label":"healthy"}},{"type":"Feature","geometry":{"geodesic":false,"type":"Polygon","coordinates":[[[-123.02697310602083,38.69133760231191],[-123.02427816016848,38.69133760231191],[-123.02427816016848,38.69403254816427],[-123.02697310602083,38.69403254816427],[-123.02697310602083,38.69133760231191]]]},"id":"-45651+14357","properties":{"area_sq_km":0.0,"count":1,"label":1,"latitude":38.69268507449105,"longitude":-123.02562563302708,"near_healthy_bed":0,"priority_score":0.0,"priority_tier":"monitor","recommended_action":"monitor_and_replant","region_id":"sonoma_mendocino","region_name":"Sonoma & Mendocino Counties, CA","state":"CA","status":1,"status_label":"recovering"}},{"type":"Feature","geometry":{"geodesic":false,"type":"Polygon","coordinates":[[[-123.03236299772556,38.720982006687855],[-123.02966805187319,38.720982006687855],[-123.02966805187319,38.72367695254022],[-123.03236299772556,38.72367695254022],[-123.03236299772556,38.720982006687855]]]},"id":"-45653+14368","properties":{"area_sq_km":0.0,"count":1,"label":1,"latitude":38.722329478739255,"longitude":-123.03101552479264,"near_healthy_bed":0,"priority_score":0.0,"priority_tier":"monitor","recommended_action":"monitor_and_replant","region_id":"sonoma_mendocino","region_name":"Sonoma & Mendocino Counties, CA","state":"CA","status":1,"status_label":"recovering"}},{"type":"Feature","geometry":{"geodesic":false,"type":"Polygon","coordinates":[[[-123.1778900737529,39.21954698937419],[-123.17519512790055,39.21954698937419],[-123.17519512790055,39.22224193522655],[-123.1778900737529,39.22224193522655],[-123.1778900737529,39.21954698937419]]]},"id":"-45707+14553","properties":{"area_sq_km":0.0,"count":1,"label":1,"latitude":39.22089446145931,"longitude":-123.17654260098745,"near_healthy_bed":0,"priority_score":0.0,"priority_tier":"monitor","recommended_action":"monitor_and_replant","region_id":"sonoma_mendocino","region_name":"Sonoma & Mendocino Counties, CA","state":"CA","status":1,"status_label":"recovering"}},{"type":"Feature","geometry":{"geodesic":false,"type":"Polygon","coordinates":[[[-123.24795866591424,38.51077623020389],[-123.24526372006187,38.51077623020389],[-123.24526372006187,38.51347117605625],[-123.24795866591424,38.51347117605625],[-123.24795866591424,38.51077623020389]]]},"id":"-45733+14290","properties":{"area_sq_km":0.0,"count":1,"label":1,"latitude":38.51212370250854,"longitude":-123.24661119305033,"near_healthy_bed":0,"priority_score":0.0,"priority_tier":"monitor","recommended_action":"monitor_and_replant","region_id":"sonoma_mendocino","region_name":"Sonoma & Mendocino Counties, CA","state":"CA","status":1,"status_label":"recovering"}},{"type":"Feature","geometry":{"geodesic":false,"type":"Polygon","coordinates":[[[-123.30994242051848,38.553895363841626],[-123.30724747466613,38.553895363841626],[-123.30724747466613,38.55659030969398],[-123.30994242051848,38.55659030969398],[-123.30994242051848,38.553895363841626]]]},"id":"-45756+14306","properties":{"area_sq_km":0.0,"count":1,"label":1,"latitude":38.55524283613108,"longitude":-123.30859494756795,"near_healthy_bed":0,"priority_score":0.0,"priority_tier":"monitor","recommended_action":"monitor_and_replant","region_id":"sonoma_mendocino","region_name":"Sonoma & Mendocino Counties, CA","state":"CA","status":1,"status_label":"recovering"}},{"type":"Feature","geometry":{"geodesic":false,"type":"Polygon","coordinates":[[[-123.36923122927037,38.6077942808888],[-123.36653628341801,38.6077942808888],[-123.36653628341801,38.61048922674116],[-123.36923122927037,38.61048922674116],[-123.36923122927037,38.6077942808888]]]},"id":"-45778+14326","properties":{"area_sq_km":0.0,"count":1,"label":1,"latitude":38.60914175292734,"longitude":-123.36788375632091,"near_healthy_bed":0,"priority_score":0.0,"priority_tier":"monitor","recommended_action":"monitor_and_replant","region_id":"sonoma_mendocino","region_name":"Sonoma & Mendocino Counties, CA","state":"CA","status":1,"status_label":"recovering"}},{"type":"Feature","geometry":{"geodesic":false,"type":"Polygon","coordinates":[[[-123.41774025461282,38.66438814378833],[-123.41504530876047,38.66438814378833],[-123.41504530876047,38.667083089640684],[-123.41774025461282,38.667083089640684],[-123.41774025461282,38.66438814378833]]]},"id":"-45796+14347","properties":{"area_sq_km":0.0,"count":1,"label":1,"latitude":38.6657356159913,"longitude":-123.41639278173412,"near_healthy_bed":0,"priority_score":0.0,"priority_tier":"monitor","recommended_action":"monitor_and_replant","region_id":"sonoma_mendocino","region_name":"Sonoma & Mendocino Counties, CA","state":"CA","status":1,"status_label":"recovering"}},{"type":"Feature","geometry":{"geodesic":false,"type":"Polygon","coordinates":[[[-123.5497926013784,38.77757586958739],[-123.54709765552603,38.77757586958739],[-123.54709765552603,38.78027081543974],[-123.5497926013784,38.78027081543974],[-123.5497926013784,38.77757586958739]]]},"id":"-45845+14389","properties":{"area_sq_km":0.0,"count":1,"label":1,"latitude":38.77892334171934,"longitude":-123.54844512848882,"near_healthy_bed":0,"priority_score":0.0,"priority_tier":"monitor","recommended_action":"monitor_and_replant","region_id":"sonoma_mendocino","region_name":"Sonoma & Mendocino Counties, CA","state":"CA","status":1,"status_label":"recovering"}},{"type":"Feature","geometry":{"geodesic":false,"type":"Polygon","coordinates":[[[-123.56596227649254,38.78566070714446],[-123.56326733064019,38.78566070714446],[-123.56326733064019,38.79105059884918],[-123.56596227649254,38.79105059884918],[-123.56596227649254,38.78566070714446]]]},"id":"-45851+14393","properties":{"area_sq_km":0.0,"count":2,"label":1,"latitude":38.788355626755795,"longitude":-123.5646148035243,"near_healthy_bed":0,"priority_score":0.0,"priority_tier":"monitor","recommended_action":"monitor_and_replant","region_id":"sonoma_mendocino","region_name":"Sonoma & Mendocino Counties, CA","state":"CA","status":1,"status_label":"recovering"}},{"type":"Feature","geometry":{"geodesic":false,"type":"Polygon","coordinates":[[[-123.61177635598264,38.82338994907748],[-123.60908141013029,38.82338994907748],[-123.60908141013029,38.82608489492984],[-123.61177635598264,38.82608489492984],[-123.61177635598264,38.82338994907748]]]},"id":"-45868+14406","properties":{"area_sq_km":0.0,"count":1,"label":1,"latitude":38.82473742131226,"longitude":-123.61042888315816,"near_healthy_bed":0,"priority_score":0.0,"priority_tier":"monitor","recommended_action":"monitor_and_replant","region_id":"sonoma_mendocino","region_name":"Sonoma & Mendocino Counties, CA","state":"CA","status":1,"status_label":"recovering"}},{"type":"Feature","geometry":{"geodesic":false,"type":"Polygon","coordinates":[[[-123.6279460310968,38.83147478663456],[-123.62525108524443,38.83147478663456],[-123.62525108524443,38.83416973248691],[-123.6279460310968,38.83416973248691],[-123.6279460310968,38.83147478663456]]]},"id":"-45874+14409","properties":{"area_sq_km":0.0,"count":1,"label":1,"latitude":38.83282225879252,"longitude":-123.6265985582305,"near_healthy_bed":0,"priority_score":0.0,"priority_tier":"monitor","recommended_action":"monitor_and_replant","region_id":"sonoma_mendocino","region_name":"Sonoma & Mendocino Counties, CA","state":"CA","status":1,"status_label":"recovering"}},{"type":"Feature","geometry":{"geodesic":false,"type":"Polygon","coordinates":[[[-123.64681065206331,38.84225457004399],[-123.64411570621094,38.84225457004399],[-123.64411570621094,38.84494951589635],[-123.64681065206331,38.84494951589635],[-123.64681065206331,38.84225457004399]]]},"id":"-45881+14413","properties":{"area_sq_km":0.0,"count":1,"label":1,"latitude":38.84360204229729,"longitude":-123.64546317919635,"near_healthy_bed":0,"priority_score":0.0,"priority_tier":"monitor","recommended_action":"monitor_and_replant","region_id":"sonoma_mendocino","region_name":"Sonoma & Mendocino Counties, CA","state":"CA","status":1,"status_label":"recovering"}},{"type":"Feature","geometry":{"geodesic":false,"type":"Polygon","coordinates":[[[-123.73304891933877,38.93657767487654],[-123.73035397348642,38.93657767487654],[-123.73035397348642,38.9392726207289],[-123.73304891933877,38.9392726207289],[-123.73304891933877,38.93657767487654]]]},"id":"-45913+14448","properties":{"area_sq_km":0.0,"count":1,"label":1,"latitude":38.93792514704583,"longitude":-123.7317014463856,"near_healthy_bed":0,"priority_score":0.0,"priority_tier":"monitor","recommended_action":"monitor_and_replant","region_id":"sonoma_mendocino","region_name":"Sonoma & Mendocino Counties, CA","state":"CA","status":1,"status_label":"recovering"}},{"type":"Feature","geometry":{"geodesic":false,"type":"Polygon","coordinates":[[[-123.7384388110435,39.138698613803435],[-123.73574386519114,39.138698613803435],[-123.73574386519114,39.14139355965579],[-123.7384388110435,39.14139355965579],[-123.7384388110435,39.138698613803435]]]},"id":"-45915+14523","properties":{"area_sq_km":0.0,"count":1,"label":1,"latitude":39.14004608598023,"longitude":-123.73709133810316,"near_healthy_bed":0,"priority_score":0.0,"priority_tier":"monitor","recommended_action":"monitor_and_replant","region_id":"sonoma_mendocino","region_name":"Sonoma & Mendocino Counties, CA","state":"CA","status":1,"status_label":"recovering"}},{"type":"Feature","geometry":{"geodesic":false,"type":"Polygon","coordinates":[[[-123.7384388110435,39.157563234769945],[-123.73574386519114,39.157563234769945],[-123.73574386519114,39.1602581806223],[-123.7384388110435,39.1602581806223],[-123.7384388110435,39.157563234769945]]]},"id":"-45915+14530","properties":{"area_sq_km":0.0,"count":1,"label":1,"latitude":39.15891070692789,"longitude":-123.73709133826661,"near_healthy_bed":0,"priority_score":0.0,"priority_tier":"monitor","recommended_action":"monitor_and_replant","region_id":"sonoma_mendocino","region_name":"Sonoma & Mendocino Counties, CA","state":"CA","status":1,"status_label":"recovering"}},{"type":"Feature","geometry":{"geodesic":false,"type":"Polygon","coordinates":[[[-123.74652364860057,39.157563234769945],[-123.74382870274822,39.157563234769945],[-123.74382870274822,39.1602581806223],[-123.74652364860057,39.1602581806223],[-123.74652364860057,39.157563234769945]]]},"id":"-45918+14530","properties":{"area_sq_km":0.0,"count":1,"label":1,"latitude":39.15891070691277,"longitude":-123.7451761756544,"near_healthy_bed":0,"priority_score":0.0,"priority_tier":"monitor","recommended_action":"monitor_and_replant","region_id":"sonoma_mendocino","region_name":"Sonoma & Mendocino Counties, CA","state":"CA","status":1,"status_label":"recovering"}},{"type":"Feature","geometry":{"geodesic":false,"type":"Polygon","coordinates":[[[-123.75999837786236,39.17912280158881],[-123.75730343201,39.17912280158881],[-123.75730343201,39.18181774744117],[-123.75999837786236,39.18181774744117],[-123.75999837786236,39.17912280158881]]]},"id":"-45923+14538","properties":{"area_sq_km":0.0,"count":1,"label":1,"latitude":39.18047027358399,"longitude":-123.7586509050167,"near_healthy_bed":0,"priority_score":0.0,"priority_tier":"monitor","recommended_action":"monitor_and_replant","region_id":"sonoma_mendocino","region_name":"Sonoma & Mendocino Counties, CA","state":"CA","status":1,"status_label":"recovering"}},{"type":"Feature","geometry":{"geodesic":false,"type":"Polygon","coordinates":[[[-123.77347310712416,39.19798742255532],[-123.77077816127179,39.19798742255532],[-123.77077816127179,39.20068236840768],[-123.77347310712416,39.20068236840768],[-123.77347310712416,39.19798742255532]]]},"id":"-45928+14545","properties":{"area_sq_km":0.0,"count":1,"label":1,"latitude":39.199334894491095,"longitude":-123.77212563422391,"near_healthy_bed":0,"priority_score":0.0,"priority_tier":"monitor","recommended_action":"monitor_and_replant","region_id":"sonoma_mendocino","region_name":"Sonoma & Mendocino Counties, CA","state":"CA","status":1,"status_label":"recovering"}},{"type":"Feature","geometry":{"geodesic":false,"type":"Polygon","coordinates":[[[-123.77886299882887,39.22493688107891],[-123.77616805297652,39.22493688107891],[-123.77616805297652,39.227631826931265],[-123.77886299882887,39.227631826931265],[-123.77886299882887,39.22493688107891]]]},"id":"-45930+14555","properties":{"area_sq_km":0.0,"count":1,"label":1,"latitude":39.22628435331368,"longitude":-123.77751552585099,"near_healthy_bed":0,"priority_score":0.0,"priority_tier":"monitor","recommended_action":"monitor_and_replant","region_id":"sonoma_mendocino","region_name":"Sonoma & Mendocino Counties, CA","state":"CA","status":1,"status_label":"recovering"}},{"type":"Feature","geometry":{"geodesic":false,"type":"Polygon","coordinates":[[[-123.79233772809067,39.26536106886429],[-123.7896427822383,39.26536106886429],[-123.7896427822383,39.26805601471664],[-123.79233772809067,39.26805601471664],[-123.79233772809067,39.26536106886429]]]},"id":"-45935+14570","properties":{"area_sq_km":0.0,"count":1,"label":1,"latitude":39.26670854077195,"longitude":-123.79099025522903,"near_healthy_bed":0,"priority_score":0.0,"priority_tier":"monitor","recommended_action":"monitor_and_replant","region_id":"sonoma_mendocino","region_name":"Sonoma & Mendocino Counties, CA","state":"CA","status":1,"status_label":"recovering"}},{"type":"Feature","geometry":{"geodesic":false,"type":"Polygon","coordinates":[[[-123.80850740320481,39.324649877616174],[-123.80581245735246,39.324649877616174],[-123.80581245735246,39.327344823468536],[-123.80850740320481,39.327344823468536],[-123.80850740320481,39.324649877616174]]]},"id":"-45941+14592","properties":{"area_sq_km":0.0,"count":1,"label":1,"latitude":39.32599734959577,"longitude":-123.80715993031356,"near_healthy_bed":0,"priority_score":0.0,"priority_tier":"monitor","recommended_action":"monitor_and_replant","region_id":"sonoma_mendocino","region_name":"Sonoma & Mendocino Counties, CA","state":"CA","status":1,"status_label":"recovering"}}]}