{"type":"FeatureCollection","features":[{"type":"Feature","geometry":{"geodesic":false,"type":"Polygon","coordinates":[[[-118.53719331599146,33.802705826133476],[-118.53719331599146,33.800010880281114],[-118.44287021115892,33.800010880281114],[-118.44287021115892,33.802705826133476],[-118.44556515701127,33.802705826133476],[-118.44556515701127,33.80540077198584],[-118.450955048716,33.80540077198584],[-118.450955048716,33.80809571783819],[-118.44826010286363,33.80809571783819],[-118.44826010286363,33.810790663690554],[-118.45364999456835,33.810790663690554],[-118.45364999456835,33.81348560954291],[-118.4563449404207,33.81348560954291],[-118.4563449404207,33.81618055539527],[-118.46173483212543,33.81618055539527],[-118.46173483212543,33.81348560954291],[-118.46442977797778,33.81348560954291],[-118.46442977797778,33.818875501247625],[-118.46712472383014,33.818875501247625],[-118.46712472383014,33.81348560954291],[-118.46981966968251,33.81348560954291],[-118.46981966968251,33.81618055539527],[-118.47251461553486,33.81618055539527],[-118.47251461553486,33.82157044709999],[-118.47520956138722,33.82157044709999],[-118.47520956138722,33.82426539295234],[-118.47251461553486,33.82426539295234],[-118.47251461553486,33.83235023050942],[-118.47520956138722,33.83235023050942],[-118.47520956138722,33.837740122214136],[-118.47251461553486,33.837740122214136],[-118.47251461553486,33.8404350680665],[-118.47520956138722,33.8404350680665],[-118.47520956138722,33.84313001391885],[-118.48059945309194,33.84313001391885],[-118.48059945309194,33.85121485147593],[-118.47790450723957,33.85121485147593],[-118.47790450723957,33.85390979732829],[-118.47520956138722,33.85390979732829],[-118.47520956138722,33.85660474318065],[-118.48059945309194,33.85660474318065],[-118.48059945309194,33.85390979732829],[-118.48598934479665,33.85390979732829],[-118.48598934479665,33.85660474318065],[-118.49137923650137,33.85660474318065],[-118.49137923650137,33.85390979732829],[-118.488684290649,33.85390979732829],[-118.488684290649,33.845824959771214],[-118.49137923650137,33.845824959771214],[-118.49137923650137,33.8404350680665],[-118.49407418235373,33.8404350680665],[-118.49407418235373,33.837740122214136],[-118.49676912820608,33.837740122214136],[-118.49676912820608,33.8404350680665],[-118.5021590199108,33.8404350680665],[-118.5021590199108,33.84313001391885],[-118.50485396576316,33.84313001391885],[-118.50485396576316,33.8404350680665],[-118.50754891161552,33.8404350680665],[-118.50754891161552,33.84313001391885],[-118.51293880332024,33.84313001391885],[-118.51293880332024,33.8404350680665],[-118.51832869502495,33.8404350680665],[-118.51832869502495,33.84313001391885],[-118.52102364087732,33.84313001391885],[-118.52102364087732,33.84851990562357],[-118.52371858672967,33.84851990562357],[-118.52371858672967,33.845824959771214],[-118.52641353258203,33.845824959771214],[-118.52641353258203,33.84851990562357],[-118.5291084784344,33.84851990562357],[-118.5291084784344,33.85121485147593],[-118.52371858672967,33.85121485147593],[-118.52371858672967,33.85390979732829],[-118.5156337491726,33.85390979732829],[-118.5156337491726,33.84851990562357],[-118.51293880332024,33.84851990562357],[-118.51293880332024,33.85121485147593],[-118.51024385746788,33.85121485147593],[-118.51024385746788,33.85390979732829],[-118.51293880332024,33.85390979732829],[-118.51293880332024,33.85929968903301],[-118.50754891161552,33.85929968903301],[-118.50754891161552,33.864689580737725],[-118.51024385746788,33.864689580737725],[-118.51024385746788,33.87816430999952],[-118.5156337491726,33.87816430999952],[-118.5156337491726,33.872774418294796],[-118.51832869502495,33.872774418294796],[-118.51832869502495,33.87546936414716],[-118.52102364087732,33.87546936414716],[-118.52102364087732,33.87816430999952],[-118.51832869502495,33.87816430999952],[-118.51832869502495,33.880859255851874],[-118.52102364087732,33.880859255851874],[-118.52102364087732,33.883554201704236],[-118.51832869502495,33.883554201704236],[-118.51832869502495,33.88894409340895],[-118.52102364087732,33.88894409340895],[-118.52102364087732,33.88624914755659],[-118.52371858672967,33.88624914755659],[-118.52371858672967,33.883554201704236],[-118.52641353258203,33.883554201704236],[-118.52641353258203,33.88624914755659],[-118.5291084784344,33.88624914755659],[-118.5291084784344,33.880859255851874],[-118.53180342428675,33.880859255851874],[-118.53180342428675,33.87816430999952],[-118.52371858672967,33.87816430999952],[-118.52371858672967,33.87007947244244],[-118.52102364087732,33.87007947244244],[-118.52102364087732,33.86738452659008],[-118.51832869502495,33.86738452659008],[-118.51832869502495,33.86199463488536],[-118.5156337491726,33.86199463488536],[-118.5156337491726,33.85660474318065],[-118.52641353258203,33.85660474318065],[-118.52641353258203,33.85929968903301],[-118.5291084784344,33.85929968903301],[-118.5291084784344,33.86199463488536],[-118.52371858672967,33.86199463488536],[-118.52371858672967,33.86738452659008],[-118.52641353258203,33.86738452659008],[-118.52641353258203,33.87007947244244],[-118.5291084784344,33.87007947244244],[-118.5291084784344,33.86738452659008],[-118.53180342428675,33.86738452659008],[-118.53180342428675,33.87007947244244],[-118.5344983701391,33.87007947244244],[-118.5344983701391,33.864689580737725],[-118.53719331599146,33.864689580737725],[-118.53719331599146,33.85929968903301],[-118.53988826184383,33.85929968903301],[-118.53988826184383,33.85390979732829],[-118.54258320769618,33.85390979732829],[-118.54258320769618,33.85929968903301],[-118.54527815354854,33.85929968903301],[-118.54527815354854,33.85660474318065],[-118.5479730994009,33.85660474318065],[-118.5479730994009,33.85929968903301],[-118.55066804525326,33.85929968903301],[-118.55066804525326,33.86199463488536],[-118.5479730994009,33.86199463488536],[-118.5479730994009,33.864689580737725],[-118.54258320769618,33.864689580737725],[-118.54258320769618,33.87007947244244],[-118.5479730994009,33.87007947244244],[-118.5479730994009,33.87546936414716],[-118.55066804525326,33.87546936414716],[-118.55066804525326,33.87816430999952],[-118.5479730994009,33.87816430999952],[-118.5479730994009,33.880859255851874],[-118.54527815354854,33.880859255851874],[-118.54527815354854,33.89163903926131],[-118.55066804525326,33.89163903926131],[-118.55066804525326,33.89433398511367],[-118.55336299110562,33.89433398511367],[-118.55336299110562,33.89163903926131],[-118.55875288281034,33.89163903926131],[-118.55875288281034,33.89433398511367],[-118.55605793695797,33.89433398511367],[-118.55605793695797,33.89702893096602],[-118.5614478286627,33.89702893096602],[-118.5614478286627,33.89163903926131],[-118.56414277451505,33.89163903926131],[-118.56414277451505,33.88894409340895],[-118.5614478286627,33.88894409340895],[-118.5614478286627,33.88624914755659],[-118.56414277451505,33.88624914755659],[-118.56414277451505,33.883554201704236],[-118.55605793695797,33.883554201704236],[-118.55605793695797,33.880859255851874],[-118.55875288281034,33.880859255851874],[-118.55875288281034,33.87816430999952],[-118.5614478286627,33.87816430999952],[-118.5614478286627,33.880859255851874],[-118.56414277451505,33.880859255851874],[-118.56414277451505,33.87816430999952],[-118.56953266621977,33.87816430999952],[-118.56953266621977,33.87546936414716],[-118.57222761207213,33.87546936414716],[-118.57222761207213,33.883554201704236],[-118.57492255792448,33.883554201704236],[-118.57492255792448,33.90241882267074],[-118.57222761207213,33.90241882267074],[-118.57222761207213,33.9051137685231],[-118.57492255792448,33.9051137685231],[-118.57492255792448,33.90780871437546],[-118.57761750377685,33.90780871437546],[-118.57761750377685,33.91050366022782],[-118.57492255792448,33.91050366022782],[-118.57492255792448,33.915893551932534],[-118.57761750377685,33.915893551932534],[-118.57761750377685,33.91319860608018],[-118.58300739548156,33.91319860608018],[-118.58300739548156,33.91050366022782],[-118.5803124496292,33.91050366022782],[-118.5803124496292,33.9051137685231],[-118.58570234133391,33.9051137685231],[-118.58570234133391,33.899723876818385],[-118.59648212474335,33.899723876818385],[-118.59648212474335,33.90241882267074],[-118.59917707059572,33.90241882267074],[-118.59917707059572,33.9051137685231],[-118.60187201644807,33.9051137685231],[-118.60187201644807,33.90780871437546],[-118.60456696230042,33.90780871437546],[-118.60456696230042,33.91319860608018],[-118.60187201644807,33.91319860608018],[-118.60187201644807,33.915893551932534],[-118.6072619081528,33.915893551932534],[-118.6072619081528,33.918588497784896],[-118.60995685400515,33.918588497784896],[-118.60995685400515,33.915893551932534],[-118.6126517998575,33.915893551932534],[-118.6126517998575,33.91319860608018],[-118.61804169156223,33.91319860608018],[-118.61804169156223,33.918588497784896],[-118.6126517998575,33.918588497784896],[-118.6126517998575,33.92397838948961],[-118.6072619081528,33.92397838948961],[-118.6072619081528,33.92667333534197],[-118.60456696230042,33.92667333534197],[-118.60456696230042,33.92936828119433],[-118.59648212474335,33.92936828119433],[-118.59648212474335,33.92667333534197],[-118.59378717889099,33.92667333534197],[-118.59378717889099,33.92936828119433],[-118.59109223303864,33.92936828119433],[-118.59109223303864,33.93206322704669],[-118.58839728718628,33.93206322704669],[-118.58839728718628,33.94014806460376],[-118.59378717889099,33.94014806460376],[-118.59378717889099,33.94823290216084],[-118.59109223303864,33.94823290216084],[-118.59109223303864,33.94284301045612],[-118.58839728718628,33.94284301045612],[-118.58839728718628,33.94553795630848],[-118.58570234133391,33.94553795630848],[-118.58570234133391,33.950927848013194],[-118.58300739548156,33.950927848013194],[-118.58300739548156,33.934758172899045],[-118.5803124496292,33.934758172899045],[-118.5803124496292,33.94014806460376],[-118.57761750377685,33.94014806460376],[-118.57761750377685,33.94284301045612],[-118.57222761207213,33.94284301045612],[-118.57222761207213,33.94823290216084],[-118.56953266621977,33.94823290216084],[-118.56953266621977,33.94014806460376],[-118.5668377203674,33.94014806460376],[-118.5668377203674,33.94284301045612],[-118.56414277451505,33.94284301045612],[-118.56414277451505,33.94014806460376],[-118.55875288281034,33.94014806460376],[-118.55875288281034,33.94284301045612],[-118.5614478286627,33.94284301045612],[-118.5614478286627,33.94553795630848],[-118.55875288281034,33.94553795630848],[-118.55875288281034,33.94823290216084],[-118.55336299110562,33.94823290216084],[-118.55336299110562,33.94553795630848],[-118.54527815354854,33.94553795630848],[-118.54527815354854,33.94284301045612],[-118.5479730994009,33.94284301045612],[-118.5479730994009,33.93206322704669],[-118.55336299110562,33.93206322704669],[-118.55336299110562,33.934758172899045],[-118.55605793695797,33.934758172899045],[-118.55605793695797,33.92936828119433],[-118.55875288281034,33.92936828119433],[-118.55875288281034,33.92397838948961],[-118.5614478286627,33.92397838948961],[-118.5614478286627,33.918588497784896],[-118.55875288281034,33.918588497784896],[-118.55875288281034,33.915893551932534],[-118.55336299110562,33.915893551932534],[-118.55336299110562,33.918588497784896],[-118.5479730994009,33.918588497784896],[-118.5479730994009,33.915893551932534],[-118.55066804525326,33.915893551932534],[-118.55066804525326,33.91319860608018],[-118.54527815354854,33.91319860608018],[-118.54527815354854,33.91050366022782],[-118.54258320769618,33.91050366022782],[-118.54258320769618,33.90780871437546],[-118.53988826184383,33.90780871437546],[-118.53988826184383,33.9051137685231],[-118.54258320769618,33.9051137685231],[-118.54258320769618,33.90241882267074],[-118.53719331599146,33.90241882267074],[-118.53719331599146,33.899723876818385],[-118.5344983701391,33.899723876818385],[-118.5344983701391,33.90241882267074],[-118.5291084784344,33.90241882267074],[-118.5291084784344,33.899723876818385],[-118.52371858672967,33.899723876818385],[-118.52371858672967,33.90241882267074],[-118.52641353258203,33.90241882267074],[-118.52641353258203,33.90780871437546],[-118.52371858672967,33.90780871437546],[-118.52371858672967,33.91050366022782],[-118.52102364087732,33.91050366022782],[-118.52102364087732,33.9051137685231],[-118.51832869502495,33.9051137685231],[-118.51832869502495,33.89702893096602],[-118.5156337491726,33.89702893096602],[-118.5156337491726,33.90241882267074],[-118.51293880332024,33.90241882267074],[-118.51293880332024,33.90780871437546],[-118.51024385746788,33.90780871437546],[-118.51024385746788,33.9051137685231],[-118.50754891161552,33.9051137685231],[-118.50754891161552,33.90241882267074],[-118.50485396576316,33.90241882267074],[-118.50485396576316,33.899723876818385],[-118.5021590199108,33.899723876818385],[-118.5021590199108,33.89702893096602],[-118.49946407405845,33.89702893096602],[-118.49946407405845,33.89433398511367],[-118.49676912820608,33.89433398511367],[-118.49676912820608,33.89702893096602],[-118.49137923650137,33.89702893096602],[-118.49137923650137,33.899723876818385],[-118.49946407405845,33.899723876818385],[-118.49946407405845,33.9051137685231],[-118.49407418235373,33.9051137685231],[-118.49407418235373,33.90780871437546],[-118.49137923650137,33.90780871437546],[-118.49137923650137,33.91050366022782],[-118.488684290649,33.91050366022782],[-118.488684290649,33.90780871437546],[-118.48598934479665,33.90780871437546],[-118.48598934479665,33.915893551932534],[-118.4832943989443,33.915893551932534],[-118.4832943989443,33.91050366022782],[-118.48059945309194,33.91050366022782],[-118.48059945309194,33.90780871437546],[-118.46981966968251,33.90780871437546],[-118.46981966968251,33.91050366022782],[-118.46712472383014,33.91050366022782],[-118.46712472383014,33.91319860608018],[-118.46442977797778,33.91319860608018],[-118.46442977797778,33.9051137685231],[-118.46173483212543,33.9051137685231],[-118.46173483212543,33.89702893096602],[-118.45903988627306,33.89702893096602],[-118.45903988627306,33.89433398511367],[-118.46173483212543,33.89433398511367],[-118.46173483212543,33.89163903926131],[-118.45903988627306,33.89163903926131],[-118.45903988627306,33.87816430999952],[-118.46712472383014,33.87816430999952],[-118.46712472383014,33.87546936414716],[-118.46981966968251,33.87546936414716],[-118.46981966968251,33.87007947244244],[-118.47251461553486,33.87007947244244],[-118.47251461553486,33.86738452659008],[-118.47520956138722,33.86738452659008],[-118.47520956138722,33.864689580737725],[-118.46981966968251,33.864689580737725],[-118.46981966968251,33.86199463488536],[-118.46712472383014,33.86199463488536],[-118.46712472383014,33.85929968903301],[-118.46442977797778,33.85929968903301],[-118.46442977797778,33.85390979732829],[-118.46712472383014,33.85390979732829],[-118.46712472383014,33.845824959771214],[-118.47251461553486,33.845824959771214],[-118.47251461553486,33.84313001391885],[-118.46981966968251,33.84313001391885],[-118.46981966968251,33.8404350680665],[-118.46173483212543,33.8404350680665],[-118.46173483212543,33.837740122214136],[-118.45903988627306,33.837740122214136],[-118.45903988627306,33.83504517636178],[-118.46442977797778,33.83504517636178],[-118.46442977797778,33.829655284657065],[-118.46173483212543,33.829655284657065],[-118.46173483212543,33.83235023050942],[-118.45364999456835,33.83235023050942],[-118.45364999456835,33.837740122214136],[-118.4563449404207,33.837740122214136],[-118.4563449404207,33.84313001391885],[-118.45903988627306,33.84313001391885],[-118.45903988627306,33.84851990562357],[-118.45364999456835,33.84851990562357],[-118.45364999456835,33.84313001391885],[-118.450955048716,33.84313001391885],[-118.450955048716,33.8404350680665],[-118.44556515701127,33.8404350680665],[-118.44556515701127,33.837740122214136],[-118.44287021115892,33.837740122214136],[-118.44287021115892,33.83504517636178],[-118.44017526530655,33.83504517636178],[-118.44017526530655,33.837740122214136],[-118.4374803194542,33.837740122214136],[-118.4374803194542,33.83504517636178],[-118.43478537360184,33.83504517636178],[-118.43478537360184,33.829655284657065],[-118.43209042774949,33.829655284657065],[-118.43209042774949,33.83504517636178],[-118.42670053604476,33.83504517636178],[-118.42670053604476,33.83235023050942],[-118.42131064434005,33.83235023050942],[-118.42131064434005,33.829655284657065],[-118.41592075263533,33.829655284657065],[-118.41592075263533,33.82426539295234],[-118.41322580678298,33.82426539295234],[-118.41322580678298,33.818875501247625],[-118.41592075263533,33.818875501247625],[-118.41592075263533,33.81618055539527],[-118.41861569848768,33.81618055539527],[-118.41861569848768,33.810790663690554],[-118.42670053604476,33.810790663690554],[-118.42670053604476,33.80809571783819],[-118.42939548189712,33.80809571783819],[-118.42939548189712,33.80540077198584],[-118.43209042774949,33.80540077198584],[-118.43209042774949,33.800010880281114],[-118.42939548189712,33.800010880281114],[-118.42939548189712,33.802705826133476],[-118.42670053604476,33.802705826133476],[-118.42670053604476,33.800010880281114],[-118.30003808098391,33.800010880281114],[-118.30003808098391,34.19886286643018],[-118.34585216047401,34.19886286643018],[-118.34585216047401,34.201557812282545],[-118.95221497725468,34.201557812282545],[-118.95221497725468,34.2042527581349],[-119.413050718008,34.2042527581349],[-119.413050718008,34.201557812282545],[-119.41574566386036,34.201557812282545],[-119.41574566386036,34.2042527581349],[-119.48042436431696,34.2042527581349],[-119.48042436431696,34.201557812282545],[-119.48311931016931,34.201557812282545],[-119.48311931016931,34.2042527581349],[-119.84963194609008,34.2042527581349],[-119.84963194609008,34.201557812282545],[-120.4532998170184,34.201557812282545],[-120.4532998170184,34.19886286643018],[-120.4991138965085,34.19886286643018],[-120.4991138965085,33.800010880281114],[-120.19458501519198,33.800010880281114],[-120.19458501519198,33.802705826133476],[-119.58552725255895,33.802705826133476],[-119.58552725255895,33.80540077198584],[-119.21362472493347,33.80540077198584],[-119.21362472493347,33.802705826133476],[-118.93604530214053,33.802705826133476],[-118.93604530214053,33.80540077198584],[-118.93335035628817,33.80540077198584],[-118.93335035628817,33.802705826133476],[-118.62073663741458,33.802705826133476],[-118.62073663741458,33.80540077198584],[-118.61804169156223,33.80540077198584],[-118.61804169156223,33.802705826133476],[-118.6072619081528,33.802705826133476],[-118.6072619081528,33.800010880281114],[-118.53988826184383,33.800010880281114],[-118.53988826184383,33.802705826133476],[-118.53719331599146,33.802705826133476]],[[-118.6126517998575,33.92397838948961],[-118.6126517998575,33.92667333534197],[-118.61534674570986,33.92667333534197],[-118.61534674570986,33.92397838948961],[-118.6126517998575,33.92397838948961]],[[-118.5614478286627,33.94553795630848],[-118.5614478286627,33.94823290216084],[-118.56414277451505,33.94823290216084],[-118.56414277451505,33.94553795630848],[-118.5614478286627,33.94553795630848]],[[-118.55875288281034,33.87816430999952],[-118.55875288281034,33.86738452659008],[-118.55605793695797,33.86738452659008],[-118.55605793695797,33.864689580737725],[-118.55875288281034,33.864689580737725],[-118.55875288281034,33.86199463488536],[-118.55336299110562,33.86199463488536],[-118.55336299110562,33.87546936414716],[-118.55605793695797,33.87546936414716],[-118.55605793695797,33.87816430999952],[-118.55875288281034,33.87816430999952]],[[-118.55605793695797,33.883554201704236],[-118.55336299110562,33.883554201704236],[-118.55336299110562,33.88624914755659],[-118.55605793695797,33.88624914755659],[-118.55605793695797,33.883554201704236]],[[-118.5291084784344,33.85121485147593],[-118.5291084784344,33.85660474318065],[-118.53180342428675,33.85660474318065],[-118.53180342428675,33.85929968903301],[-118.5344983701391,33.85929968903301],[-118.5344983701391,33.85390979732829],[-118.53180342428675,33.85390979732829],[-118.53180342428675,33.85121485147593],[-118.5291084784344,33.85121485147593]],[[-118.5291084784344,33.86199463488536],[-118.5291084784344,33.864689580737725],[-118.53180342428675,33.864689580737725],[-118.53180342428675,33.86199463488536],[-118.5291084784344,33.86199463488536]],[[-118.51832869502495,33.9051137685231],[-118.5156337491726,33.9051137685231],[-118.5156337491726,33.90780871437546],[-118.51832869502495,33.90780871437546],[-118.51832869502495,33.9051137685231]],[[-118.49137923650137,33.8404350680665],[-118.49137923650137,33.837740122214136],[-118.488684290649,33.837740122214136],[-118.488684290649,33.8404350680665],[-118.49137923650137,33.8404350680665]],[[-118.46173483212543,33.9051137685231],[-118.45903988627306,33.9051137685231],[-118.45903988627306,33.91050366022782],[-118.46173483212543,33.91050366022782],[-118.46173483212543,33.9051137685231]],[[-118.45903988627306,33.89702893096602],[-118.4563449404207,33.89702893096602],[-118.4563449404207,33.89433398511367],[-118.45364999456835,33.89433398511367],[-118.45364999456835,33.89702893096602],[-118.450955048716,33.89702893096602],[-118.450955048716,33.90241882267074],[-118.45364999456835,33.90241882267074],[-118.45364999456835,33.899723876818385],[-118.4563449404207,33.899723876818385],[-118.4563449404207,33.90241882267074],[-118.45903988627306,33.90241882267074],[-118.45903988627306,33.89702893096602]],[[-118.44556515701127,33.8404350680665],[-118.44287021115892,33.8404350680665],[-118.44287021115892,33.84313001391885],[-118.44556515701127,33.84313001391885],[-118.44556515701127,33.8404350680665]],[[-120.3562817663335,34.015606548469805],[-120.35358682048114,34.015606548469805],[-120.35358682048114,34.01830149432216],[-120.3562817663335,34.01830149432216],[-120.3562817663335,34.015606548469805]],[[-120.34550198292406,34.04525095284575],[-120.34280703707171,34.04525095284575],[-120.34280703707171,34.0479458986981],[-120.34550198292406,34.0479458986981],[-120.34550198292406,34.04525095284575]],[[-120.31855252440047,34.03986106114103],[-120.31585757854812,34.03986106114103],[-120.31585757854812,34.04255600699339],[-120.31855252440047,34.04255600699339],[-120.31855252440047,34.03986106114103]],[[-120.22961931127264,33.988657089946216],[-120.22692436542029,33.988657089946216],[-120.22692436542029,33.99135203579858],[-120.22961931127264,33.99135203579858],[-120.22961931127264,33.988657089946216]],[[-120.22692436542029,34.01021665676509],[-120.22422941956792,34.01021665676509],[-120.22422941956792,34.01291160261744],[-120.22692436542029,34.01291160261744],[-120.22692436542029,34.01021665676509]],[[-120.21614458201086,33.97248741483207],[-120.21344963615849,33.97248741483207],[-120.21344963615849,33.97518236068442],[-120.21614458201086,33.97518236068442],[-120.21614458201086,33.97248741483207]],[[-120.15685577325897,33.90780871437546],[-120.1541608274066,33.90780871437546],[-120.1541608274066,33.91050366022782],[-120.15685577325897,33.91050366022782],[-120.15685577325897,33.90780871437546]],[[-120.13799115229246,33.899723876818385],[-120.13529620644009,33.899723876818385],[-120.13529620644009,33.90241882267074],[-120.13799115229246,33.90241882267074],[-120.13799115229246,33.899723876818385]],[[-120.13260126058773,33.89702893096602],[-120.12990631473538,33.89702893096602],[-120.12990631473538,33.899723876818385],[-120.13260126058773,33.899723876818385],[-120.13260126058773,33.89702893096602]],[[-120.03827815575518,33.99135203579858],[-120.03558320990282,33.99135203579858],[-120.03558320990282,33.99404698165093],[-120.03827815575518,33.99404698165093],[-120.03827815575518,33.99135203579858]],[[-119.9978539679698,33.980572252389145],[-119.99515902211745,33.980572252389145],[-119.99515902211745,33.9832671982415],[-119.9978539679698,33.9832671982415],[-119.9978539679698,33.980572252389145]],[[-119.8873611880231,33.996741927503294],[-119.88466624217075,33.996741927503294],[-119.88466624217075,33.99943687335565],[-119.8873611880231,33.99943687335565],[-119.8873611880231,33.996741927503294]],[[-119.84963194609008,33.96440257727499],[-119.84693700023773,33.96440257727499],[-119.84693700023773,33.96709752312735],[-119.84963194609008,33.96709752312735],[-119.84963194609008,33.96440257727499]],[[-119.75530884125753,33.95901268557027],[-119.75261389540518,33.95901268557027],[-119.75261389540518,33.961707631422634],[-119.75530884125753,33.961707631422634],[-119.75530884125753,33.95901268557027]],[[-119.71757959932452,33.94284301045612],[-119.71488465347215,33.94284301045612],[-119.71488465347215,33.94553795630848],[-119.71757959932452,33.94553795630848],[-119.71757959932452,33.94284301045612]],[[-119.69602003250564,33.953622793865556],[-119.69332508665329,33.953622793865556],[-119.69332508665329,33.95631773971792],[-119.69602003250564,33.95631773971792],[-119.69602003250564,33.953622793865556]],[[-119.68793519494857,33.953622793865556],[-119.68524024909621,33.953622793865556],[-119.68524024909621,33.95631773971792],[-119.68793519494857,33.95631773971792],[-119.68793519494857,33.953622793865556]],[[-119.6798503573915,33.93745311875141],[-119.67715541153913,33.93745311875141],[-119.67715541153913,33.94014806460376],[-119.6798503573915,33.94014806460376],[-119.6798503573915,33.93745311875141]],[[-119.6798503573915,33.94553795630848],[-119.67715541153913,33.94553795630848],[-119.67715541153913,33.94823290216084],[-119.6798503573915,33.94823290216084],[-119.6798503573915,33.94553795630848]],[[-119.67176551983442,33.94284301045612],[-119.66907057398207,33.94284301045612],[-119.66907057398207,33.94553795630848],[-119.67176551983442,33.94553795630848],[-119.67176551983442,33.94284301045612]],[[-119.6663756281297,33.94553795630848],[-119.66368068227735,33.94553795630848],[-119.66368068227735,33.94823290216084],[-119.6663756281297,33.94823290216084],[-119.6663756281297,33.94553795630848]],[[-119.66368068227735,33.93745311875141],[-119.65829079057262,33.93745311875141],[-119.65829079057262,33.94014806460376],[-119.66368068227735,33.94014806460376],[-119.66368068227735,33.93745311875141]],[[-119.66098573642499,33.96440257727499],[-119.65829079057262,33.96440257727499],[-119.65829079057262,33.96709752312735],[-119.66098573642499,33.96709752312735],[-119.66098573642499,33.96440257727499]],[[-119.65559584472027,33.93745311875141],[-119.65290089886791,33.93745311875141],[-119.65290089886791,33.94284301045612],[-119.65559584472027,33.94284301045612],[-119.65559584472027,33.93745311875141]],[[-119.65020595301556,33.97518236068442],[-119.64751100716319,33.97518236068442],[-119.64751100716319,33.97787730653678],[-119.65020595301556,33.97787730653678],[-119.65020595301556,33.97518236068442]],[[-119.64751100716319,33.94284301045612],[-119.64481606131083,33.94284301045612],[-119.64481606131083,33.94553795630848],[-119.64751100716319,33.94553795630848],[-119.64751100716319,33.94284301045612]],[[-119.63942616960611,34.01291160261744],[-119.63673122375376,34.01291160261744],[-119.63673122375376,34.015606548469805],[-119.63942616960611,34.015606548469805],[-119.63942616960611,34.01291160261744]],[[-119.6340362779014,33.94014806460376],[-119.63134133204905,33.94014806460376],[-119.63134133204905,33.94284301045612],[-119.6340362779014,33.94284301045612],[-119.6340362779014,33.94014806460376]],[[-119.62056154863961,33.95631773971792],[-119.61786660278725,33.95631773971792],[-119.61786660278725,33.95901268557027],[-119.62056154863961,33.95901268557027],[-119.62056154863961,33.95631773971792]],[[-119.62056154863961,33.97787730653678],[-119.61786660278725,33.97787730653678],[-119.61786660278725,33.980572252389145],[-119.62056154863961,33.980572252389145],[-119.62056154863961,33.97787730653678]],[[-119.61247671108254,33.97518236068442],[-119.60978176523017,33.97518236068442],[-119.60978176523017,33.97787730653678],[-119.61247671108254,33.97787730653678],[-119.61247671108254,33.97518236068442]],[[-119.57744241500187,33.99135203579858],[-119.57474746914951,33.99135203579858],[-119.57474746914951,33.99404698165093],[-119.57744241500187,33.99404698165093],[-119.57744241500187,33.99135203579858]],[[-119.43730523067923,34.0614206279599],[-119.43461028482686,34.0614206279599],[-119.43461028482686,34.06411557381226],[-119.43730523067923,34.06411557381226],[-119.43730523067923,34.0614206279599]],[[-119.4319153389745,34.07759030307405],[-119.4265254472698,34.07759030307405],[-119.4265254472698,34.08028524892641],[-119.4319153389745,34.08028524892641],[-119.4319153389745,34.07759030307405]],[[-119.413050718008,34.0614206279599],[-119.41035577215564,34.0614206279599],[-119.41035577215564,34.06411557381226],[-119.413050718008,34.06411557381226],[-119.413050718008,34.0614206279599]],[[-119.40766082630329,34.03986106114103],[-119.40496588045092,34.03986106114103],[-119.40496588045092,34.04255600699339],[-119.40766082630329,34.04255600699339],[-119.40766082630329,34.03986106114103]],[[-119.40766082630329,34.05872568210754],[-119.40496588045092,34.05872568210754],[-119.40496588045092,34.0614206279599],[-119.40766082630329,34.0614206279599],[-119.40766082630329,34.05872568210754]],[[-119.40496588045092,33.918588497784896],[-119.39957598874621,33.918588497784896],[-119.39957598874621,33.92128344363725],[-119.40496588045092,33.92128344363725],[-119.40496588045092,33.918588497784896]],[[-119.40496588045092,33.953622793865556],[-119.40227093459856,33.953622793865556],[-119.40227093459856,33.95631773971792],[-119.40496588045092,33.95631773971792],[-119.40496588045092,33.953622793865556]],[[-119.40227093459856,33.91319860608018],[-119.39957598874621,33.91319860608018],[-119.39957598874621,33.915893551932534],[-119.40227093459856,33.915893551932534],[-119.40227093459856,33.91319860608018]],[[-119.39688104289385,33.91050366022782],[-119.39418609704148,33.91050366022782],[-119.39418609704148,33.91319860608018],[-119.39688104289385,33.91319860608018],[-119.39688104289385,33.91050366022782]],[[-119.39688104289385,34.034471169436316],[-119.39418609704148,34.034471169436316],[-119.39418609704148,34.03716611528867],[-119.39688104289385,34.03716611528867],[-119.39688104289385,34.034471169436316]],[[-119.39418609704148,34.05333579040282],[-119.39149115118913,34.05333579040282],[-119.39149115118913,34.05603073625518],[-119.39418609704148,34.05603073625518],[-119.39418609704148,34.05333579040282]],[[-119.39149115118913,34.01291160261744],[-119.38879620533677,34.01291160261744],[-119.38879620533677,34.015606548469805],[-119.39149115118913,34.015606548469805],[-119.39149115118913,34.01291160261744]],[[-119.38340631363205,34.01830149432216],[-119.3807113677797,34.01830149432216],[-119.3807113677797,34.02099644017452],[-119.38340631363205,34.02099644017452],[-119.38340631363205,34.01830149432216]],[[-119.3807113677797,34.01021665676509],[-119.37801642192734,34.01021665676509],[-119.37801642192734,34.01291160261744],[-119.3807113677797,34.01291160261744],[-119.3807113677797,34.01021665676509]],[[-119.37801642192734,34.03716611528867],[-119.37532147607497,34.03716611528867],[-119.37532147607497,34.04255600699339],[-119.37801642192734,34.04255600699339],[-119.37801642192734,34.03716611528867]],[[-119.37801642192734,34.069505465516976],[-119.37532147607497,34.069505465516976],[-119.37532147607497,34.07220041136933],[-119.37801642192734,34.07220041136933],[-119.37801642192734,34.069505465516976]],[[-119.37532147607497,34.05333579040282],[-119.37262653022262,34.05333579040282],[-119.37262653022262,34.050640844550465],[-119.36993158437026,34.050640844550465],[-119.36993158437026,34.0479458986981],[-119.36454169266554,34.0479458986981],[-119.36454169266554,34.05603073625518],[-119.36723663851791,34.05603073625518],[-119.36723663851791,34.05333579040282],[-119.36993158437026,34.05333579040282],[-119.36993158437026,34.05603073625518],[-119.37532147607497,34.05603073625518],[-119.37532147607497,34.05333579040282]],[[-119.37262653022262,33.95901268557027],[-119.36993158437026,33.95901268557027],[-119.36993158437026,33.961707631422634],[-119.37262653022262,33.961707631422634],[-119.37262653022262,33.95901268557027]],[[-119.37262653022262,34.0614206279599],[-119.36723663851791,34.0614206279599],[-119.36723663851791,34.06411557381226],[-119.37262653022262,34.06411557381226],[-119.37262653022262,34.0614206279599]],[[-119.37262653022262,34.069505465516976],[-119.36993158437026,34.069505465516976],[-119.36993158437026,34.07220041136933],[-119.37262653022262,34.07220041136933],[-119.37262653022262,34.069505465516976]],[[-119.36993158437026,33.90780871437546],[-119.36723663851791,33.90780871437546],[-119.36723663851791,33.91050366022782],[-119.36993158437026,33.91050366022782],[-119.36993158437026,33.90780871437546]],[[-119.36723663851791,33.915893551932534],[-119.36454169266554,33.915893551932534],[-119.36454169266554,33.918588497784896],[-119.36723663851791,33.918588497784896],[-119.36723663851791,33.915893551932534]],[[-119.36454169266554,34.03716611528867],[-119.36184674681319,34.03716611528867],[-119.36184674681319,34.03986106114103],[-119.36454169266554,34.03986106114103],[-119.36454169266554,34.03716611528867]],[[-119.36454169266554,34.05872568210754],[-119.36184674681319,34.05872568210754],[-119.36184674681319,34.06411557381226],[-119.36454169266554,34.06411557381226],[-119.36454169266554,34.05872568210754]],[[-119.36184674681319,33.95901268557027],[-119.35915180096083,33.95901268557027],[-119.35915180096083,33.961707631422634],[-119.36184674681319,33.961707631422634],[-119.36184674681319,33.95901268557027]],[[-119.35645685510846,34.050640844550465],[-119.35376190925611,34.050640844550465],[-119.35376190925611,34.05333579040282],[-119.35645685510846,34.05333579040282],[-119.35645685510846,34.050640844550465]],[[-119.35645685510846,34.05872568210754],[-119.35376190925611,34.05872568210754],[-119.35376190925611,34.0614206279599],[-119.35645685510846,34.0614206279599],[-119.35645685510846,34.05872568210754]],[[-119.35376190925611,33.95901268557027],[-119.35106696340375,33.95901268557027],[-119.35106696340375,33.961707631422634],[-119.35376190925611,33.961707631422634],[-119.35376190925611,33.95901268557027]],[[-119.35376190925611,34.01830149432216],[-119.35106696340375,34.01830149432216],[-119.35106696340375,34.02099644017452],[-119.35376190925611,34.02099644017452],[-119.35376190925611,34.01830149432216]],[[-119.3483720175514,33.953622793865556],[-119.34567707169903,33.953622793865556],[-119.34567707169903,33.95631773971792],[-119.3483720175514,33.95631773971792],[-119.3483720175514,33.953622793865556]],[[-119.3483720175514,34.05603073625518],[-119.34567707169903,34.05603073625518],[-119.34567707169903,34.0614206279599],[-119.3483720175514,34.0614206279599],[-119.3483720175514,34.05603073625518]],[[-119.34567707169903,33.94284301045612],[-119.34298212584667,33.94284301045612],[-119.34298212584667,33.94553795630848],[-119.34567707169903,33.94553795630848],[-119.34567707169903,33.94284301045612]],[[-119.33759223414197,34.02638633187924],[-119.3348972882896,34.02638633187924],[-119.3348972882896,34.02908127773159],[-119.33759223414197,34.02908127773159],[-119.33759223414197,34.02638633187924]],[[-119.3348972882896,33.94284301045612],[-119.33220234243724,33.94284301045612],[-119.33220234243724,33.94553795630848],[-119.3348972882896,33.94553795630848],[-119.3348972882896,33.94284301045612]],[[-119.32681245073252,33.95631773971792],[-119.32411750488016,33.95631773971792],[-119.32411750488016,33.95901268557027],[-119.32681245073252,33.95901268557027],[-119.32681245073252,33.95631773971792]],[[-119.32681245073252,34.0479458986981],[-119.32411750488016,34.0479458986981],[-119.32411750488016,34.050640844550465],[-119.32681245073252,34.050640844550465],[-119.32681245073252,34.0479458986981]],[[-119.32411750488016,33.94823290216084],[-119.32142255902781,33.94823290216084],[-119.32142255902781,33.950927848013194],[-119.32411750488016,33.950927848013194],[-119.32411750488016,33.94823290216084]],[[-119.32142255902781,34.04255600699339],[-119.31872761317545,34.04255600699339],[-119.31872761317545,34.04525095284575],[-119.32142255902781,34.04525095284575],[-119.32142255902781,34.04255600699339]],[[-119.16242075373866,33.87546936414716],[-119.15972580788629,33.87546936414716],[-119.15972580788629,33.87816430999952],[-119.16242075373866,33.87816430999952],[-119.16242075373866,33.87546936414716]],[[-119.15433591618158,33.87816430999952],[-119.15164097032921,33.87816430999952],[-119.15164097032921,33.880859255851874],[-119.15433591618158,33.880859255851874],[-119.15433591618158,33.87816430999952]],[[-119.05192797379195,34.00752171091273],[-119.0492330279396,34.00752171091273],[-119.0492330279396,34.01021665676509],[-119.05192797379195,34.01021665676509],[-119.05192797379195,34.00752171091273]],[[-119.04653808208724,33.89433398511367],[-119.04384313623487,33.89433398511367],[-119.04384313623487,33.89702893096602],[-119.04114819038251,33.89702893096602],[-119.04114819038251,33.9051137685231],[-119.04384313623487,33.9051137685231],[-119.04384313623487,33.899723876818385],[-119.04653808208724,33.899723876818385],[-119.04653808208724,33.89433398511367]],[[-119.04653808208724,34.00752171091273],[-119.04114819038251,34.00752171091273],[-119.04114819038251,34.01021665676509],[-119.04653808208724,34.01021665676509],[-119.04653808208724,34.00752171091273]],[[-119.04384313623487,33.93206322704669],[-119.04114819038251,33.93206322704669],[-119.04114819038251,33.93745311875141],[-119.04384313623487,33.93745311875141],[-119.04384313623487,33.93206322704669]],[[-119.0357582986778,33.880859255851874],[-119.03306335282544,33.880859255851874],[-119.03306335282544,33.883554201704236],[-119.0357582986778,33.883554201704236],[-119.0357582986778,33.880859255851874]],[[-119.02497851526836,33.92397838948961],[-119.01958862356365,33.92397838948961],[-119.01958862356365,33.92667333534197],[-119.022283569416,33.92667333534197],[-119.022283569416,33.93206322704669],[-119.02497851526836,33.93206322704669],[-119.02497851526836,33.92397838948961]],[[-119.0168936777113,33.92667333534197],[-119.01419873185893,33.92667333534197],[-119.01419873185893,33.92936828119433],[-119.0168936777113,33.92936828119433],[-119.0168936777113,33.92667333534197]],[[-119.00072400259714,33.86738452659008],[-118.99802905674478,33.86738452659008],[-118.99802905674478,33.87007947244244],[-119.00072400259714,33.87007947244244],[-119.00072400259714,33.86738452659008]],[[-118.99263916504006,34.05872568210754],[-118.9899442191877,34.05872568210754],[-118.9899442191877,34.06411557381226],[-118.99263916504006,34.06411557381226],[-118.99263916504006,34.05872568210754]],[[-118.98185938163063,34.050640844550465],[-118.97916443577827,34.050640844550465],[-118.97916443577827,34.05333579040282],[-118.98185938163063,34.05333579040282],[-118.98185938163063,34.050640844550465]],[[-118.94143519384525,33.85121485147593],[-118.9387402479929,33.85121485147593],[-118.9387402479929,33.85390979732829],[-118.94143519384525,33.85390979732829],[-118.94143519384525,33.85121485147593]],[[-118.9387402479929,34.02908127773159],[-118.93604530214053,34.02908127773159],[-118.93604530214053,34.031776223583954],[-118.9387402479929,34.031776223583954],[-118.9387402479929,34.02908127773159]],[[-118.93604530214053,34.015606548469805],[-118.93335035628817,34.015606548469805],[-118.93335035628817,34.01830149432216],[-118.93604530214053,34.01830149432216],[-118.93604530214053,34.015606548469805]],[[-118.91448573532166,34.03716611528867],[-118.91179078946931,34.03716611528867],[-118.91179078946931,34.03986106114103],[-118.91448573532166,34.03986106114103],[-118.91448573532166,34.03716611528867]],[[-118.90909584361695,33.829655284657065],[-118.90640089776458,33.829655284657065],[-118.90640089776458,33.83235023050942],[-118.90370595191223,33.83235023050942],[-118.90370595191223,33.83504517636178],[-118.90909584361695,33.83504517636178],[-118.90909584361695,33.829655284657065]],[[-118.90640089776458,33.864689580737725],[-118.90370595191223,33.864689580737725],[-118.90370595191223,33.86738452659008],[-118.90640089776458,33.86738452659008],[-118.90640089776458,33.864689580737725]],[[-118.90640089776458,33.872774418294796],[-118.90370595191223,33.872774418294796],[-118.90370595191223,33.87546936414716],[-118.90640089776458,33.87546936414716],[-118.90640089776458,33.872774418294796]],[[-118.90101100605987,34.03716611528867],[-118.8983160602075,34.03716611528867],[-118.8983160602075,34.03986106114103],[-118.90101100605987,34.03986106114103],[-118.90101100605987,34.03716611528867]],[[-118.8983160602075,34.031776223583954],[-118.89562111435515,34.031776223583954],[-118.89562111435515,34.034471169436316],[-118.8983160602075,34.034471169436316],[-118.8983160602075,34.031776223583954]],[[-118.8929261685028,34.023691386026876],[-118.89023122265044,34.023691386026876],[-118.89023122265044,34.02638633187924],[-118.8929261685028,34.02638633187924],[-118.8929261685028,34.023691386026876]],[[-118.89023122265044,34.034471169436316],[-118.88753627679807,34.034471169436316],[-118.88753627679807,34.03716611528867],[-118.89023122265044,34.03716611528867],[-118.89023122265044,34.034471169436316]],[[-118.87406154753629,34.01291160261744],[-118.87136660168393,34.01291160261744],[-118.87136660168393,34.015606548469805],[-118.87406154753629,34.015606548469805],[-118.87406154753629,34.01291160261744]],[[-118.86867165583156,34.01291160261744],[-118.86597670997921,34.01291160261744],[-118.86597670997921,34.015606548469805],[-118.86867165583156,34.015606548469805],[-118.86867165583156,34.01291160261744]],[[-118.86597670997921,34.00752171091273],[-118.86328176412685,34.00752171091273],[-118.86328176412685,34.01021665676509],[-118.86597670997921,34.01021665676509],[-118.86597670997921,34.00752171091273]],[[-118.84441714316034,33.97518236068442],[-118.84172219730799,33.97518236068442],[-118.84172219730799,33.97787730653678],[-118.84441714316034,33.97787730653678],[-118.84441714316034,33.97518236068442]],[[-118.83363735975091,33.84851990562357],[-118.83094241389855,33.84851990562357],[-118.83094241389855,33.85121485147593],[-118.82824746804619,33.85121485147593],[-118.82824746804619,33.85660474318065],[-118.83094241389855,33.85660474318065],[-118.83094241389855,33.85390979732829],[-118.83363735975091,33.85390979732829],[-118.83363735975091,33.84851990562357]],[[-118.82824746804619,33.80540077198584],[-118.82555252219383,33.80540077198584],[-118.82555252219383,33.80809571783819],[-118.82824746804619,33.80809571783819],[-118.82824746804619,33.80540077198584]],[[-118.82824746804619,33.8404350680665],[-118.82555252219383,33.8404350680665],[-118.82555252219383,33.845824959771214],[-118.82824746804619,33.845824959771214],[-118.82824746804619,33.8404350680665]],[[-118.82555252219383,33.84851990562357],[-118.82285757634148,33.84851990562357],[-118.82285757634148,33.85390979732829],[-118.8147727387844,33.85390979732829],[-118.8147727387844,33.85660474318065],[-118.82555252219383,33.85660474318065],[-118.82555252219383,33.84851990562357]],[[-118.82285757634148,33.93206322704669],[-118.82016263048911,33.93206322704669],[-118.82016263048911,33.934758172899045],[-118.82285757634148,33.934758172899045],[-118.82285757634148,33.93206322704669]],[[-118.82016263048911,33.845824959771214],[-118.81746768463675,33.845824959771214],[-118.81746768463675,33.84851990562357],[-118.82016263048911,33.84851990562357],[-118.82016263048911,33.845824959771214]],[[-118.82016263048911,33.915893551932534],[-118.81746768463675,33.915893551932534],[-118.81746768463675,33.918588497784896],[-118.82016263048911,33.918588497784896],[-118.82016263048911,33.915893551932534]],[[-118.8147727387844,33.837740122214136],[-118.81207779293204,33.837740122214136],[-118.81207779293204,33.8404350680665],[-118.8147727387844,33.8404350680665],[-118.8147727387844,33.837740122214136]],[[-118.8147727387844,33.845824959771214],[-118.81207779293204,33.845824959771214],[-118.81207779293204,33.84851990562357],[-118.8147727387844,33.84851990562357],[-118.8147727387844,33.845824959771214]],[[-118.81207779293204,33.85390979732829],[-118.80938284707968,33.85390979732829],[-118.80938284707968,33.85660474318065],[-118.81207779293204,33.85660474318065],[-118.81207779293204,33.85390979732829]],[[-118.80668790122732,33.82157044709999],[-118.80399295537497,33.82157044709999],[-118.80399295537497,33.82426539295234],[-118.80668790122732,33.82426539295234],[-118.80668790122732,33.82157044709999]],[[-118.80399295537497,33.8404350680665],[-118.80129800952261,33.8404350680665],[-118.80129800952261,33.84313001391885],[-118.80399295537497,33.84313001391885],[-118.80399295537497,33.8404350680665]],[[-118.80399295537497,34.00213181920801],[-118.80129800952261,34.00213181920801],[-118.80129800952261,34.00482676506037],[-118.80399295537497,34.00482676506037],[-118.80399295537497,34.00213181920801]],[[-118.80129800952261,33.8269603388047],[-118.79860306367024,33.8269603388047],[-118.79860306367024,33.829655284657065],[-118.80129800952261,33.829655284657065],[-118.80129800952261,33.8269603388047]],[[-118.79860306367024,33.92397838948961],[-118.79590811781789,33.92397838948961],[-118.79590811781789,33.92667333534197],[-118.79860306367024,33.92667333534197],[-118.79860306367024,33.92397838948961]],[[-118.79590811781789,33.80809571783819],[-118.79321317196553,33.80809571783819],[-118.79321317196553,33.810790663690554],[-118.79590811781789,33.810790663690554],[-118.79590811781789,33.80809571783819]],[[-118.79590811781789,33.82157044709999],[-118.79321317196553,33.82157044709999],[-118.79321317196553,33.82426539295234],[-118.79590811781789,33.82426539295234],[-118.79590811781789,33.82157044709999]],[[-118.79590811781789,33.845824959771214],[-118.79321317196553,33.845824959771214],[-118.79321317196553,33.84851990562357],[-118.79590811781789,33.84851990562357],[-118.79590811781789,33.845824959771214]],[[-118.79321317196553,33.83235023050942],[-118.79051822611316,33.83235023050942],[-118.79051822611316,33.83504517636178],[-118.79321317196553,33.83504517636178],[-118.79321317196553,33.83235023050942]],[[-118.79051822611316,33.84313001391885],[-118.78782328026081,33.84313001391885],[-118.78782328026081,33.845824959771214],[-118.79051822611316,33.845824959771214],[-118.79051822611316,33.84313001391885]],[[-118.78782328026081,33.83235023050942],[-118.78512833440845,33.83235023050942],[-118.78512833440845,33.83504517636178],[-118.78782328026081,33.83504517636178],[-118.78782328026081,33.83235023050942]],[[-118.78782328026081,33.837740122214136],[-118.78512833440845,33.837740122214136],[-118.78512833440845,33.8404350680665],[-118.78782328026081,33.8404350680665],[-118.78782328026081,33.837740122214136]],[[-118.7824333885561,33.88624914755659],[-118.77973844270373,33.88624914755659],[-118.77973844270373,33.88894409340895],[-118.7824333885561,33.88894409340895],[-118.7824333885561,33.88624914755659]],[[-118.77704349685138,33.85121485147593],[-118.77434855099902,33.85121485147593],[-118.77434855099902,33.85390979732829],[-118.77704349685138,33.85390979732829],[-118.77704349685138,33.85121485147593]],[[-118.77434855099902,33.85929968903301],[-118.77165360514665,33.85929968903301],[-118.77165360514665,33.86199463488536],[-118.77434855099902,33.86199463488536],[-118.77434855099902,33.85929968903301]],[[-118.77434855099902,33.88894409340895],[-118.77165360514665,33.88894409340895],[-118.77165360514665,33.89163903926131],[-118.77434855099902,33.89163903926131],[-118.77434855099902,33.88894409340895]],[[-118.77165360514665,33.85121485147593],[-118.7689586592943,33.85121485147593],[-118.7689586592943,33.85390979732829],[-118.77165360514665,33.85390979732829],[-118.77165360514665,33.85121485147593]],[[-118.76626371344194,33.87007947244244],[-118.76356876758959,33.87007947244244],[-118.76356876758959,33.872774418294796],[-118.76626371344194,33.872774418294796],[-118.76626371344194,33.87007947244244]],[[-118.76626371344194,33.88894409340895],[-118.76356876758959,33.88894409340895],[-118.76356876758959,33.89163903926131],[-118.76087382173722,33.89163903926131],[-118.76087382173722,33.89433398511367],[-118.76356876758959,33.89433398511367],[-118.76356876758959,33.89702893096602],[-118.76626371344194,33.89702893096602],[-118.76626371344194,33.88894409340895]],[[-118.76626371344194,33.90241882267074],[-118.76356876758959,33.90241882267074],[-118.76356876758959,33.9051137685231],[-118.76626371344194,33.9051137685231],[-118.76626371344194,33.90241882267074]],[[-118.75278898418016,33.87816430999952],[-118.75009403832779,33.87816430999952],[-118.75009403832779,33.880859255851874],[-118.75278898418016,33.880859255851874],[-118.75278898418016,33.87816430999952]],[[-118.74739909247543,33.87816430999952],[-118.74470414662308,33.87816430999952],[-118.74470414662308,33.880859255851874],[-118.74739909247543,33.880859255851874],[-118.74739909247543,33.87816430999952]],[[-118.74200920077071,33.94014806460376],[-118.73392436321365,33.94014806460376],[-118.73392436321365,33.94284301045612],[-118.74200920077071,33.94284301045612],[-118.74200920077071,33.94014806460376]],[[-118.72583952565657,33.99404698165093],[-118.7231445798042,33.99404698165093],[-118.7231445798042,33.996741927503294],[-118.72583952565657,33.996741927503294],[-118.72583952565657,33.99404698165093]],[[-118.71505974224713,34.00482676506037],[-118.71236479639477,34.00482676506037],[-118.71236479639477,34.00752171091273],[-118.71505974224713,34.00752171091273],[-118.71505974224713,34.00482676506037]],[[-118.71236479639477,33.934758172899045],[-118.70966985054241,33.934758172899045],[-118.70966985054241,33.93745311875141],[-118.71236479639477,33.93745311875141],[-118.71236479639477,33.934758172899045]],[[-118.71236479639477,33.94823290216084],[-118.70966985054241,33.94823290216084],[-118.70966985054241,33.950927848013194],[-118.71236479639477,33.950927848013194],[-118.71236479639477,33.94823290216084]],[[-118.70697490469006,33.99135203579858],[-118.7042799588377,33.99135203579858],[-118.7042799588377,33.996741927503294],[-118.70697490469006,33.996741927503294],[-118.70697490469006,33.99135203579858]],[[-118.70697490469006,34.00482676506037],[-118.7042799588377,34.00482676506037],[-118.7042799588377,34.00752171091273],[-118.70697490469006,34.00752171091273],[-118.70697490469006,34.00482676506037]],[[-118.7042799588377,33.883554201704236],[-118.70158501298533,33.883554201704236],[-118.70158501298533,33.88624914755659],[-118.7042799588377,33.88624914755659],[-118.7042799588377,33.883554201704236]],[[-118.70158501298533,34.01291160261744],[-118.69889006713298,34.01291160261744],[-118.69889006713298,34.015606548469805],[-118.70158501298533,34.015606548469805],[-118.70158501298533,34.01291160261744]],[[-118.6908052295759,33.97787730653678],[-118.68811028372355,33.97787730653678],[-118.68811028372355,33.980572252389145],[-118.6908052295759,33.980572252389145],[-118.6908052295759,33.97787730653678]],[[-118.68811028372355,33.97248741483207],[-118.68541533787119,33.97248741483207],[-118.68541533787119,33.97518236068442],[-118.68811028372355,33.97518236068442],[-118.68811028372355,33.97248741483207]],[[-118.68811028372355,33.9832671982415],[-118.68541533787119,33.9832671982415],[-118.68541533787119,33.98596214409386],[-118.68811028372355,33.98596214409386],[-118.68811028372355,33.9832671982415]],[[-118.68541533787119,33.94553795630848],[-118.68272039201882,33.94553795630848],[-118.68272039201882,33.94823290216084],[-118.68541533787119,33.94823290216084],[-118.68541533787119,33.94553795630848]],[[-118.68272039201882,33.90780871437546],[-118.68002544616647,33.90780871437546],[-118.68002544616647,33.91050366022782],[-118.68272039201882,33.91050366022782],[-118.68272039201882,33.90780871437546]],[[-118.68272039201882,33.953622793865556],[-118.68002544616647,33.953622793865556],[-118.68002544616647,33.95631773971792],[-118.68272039201882,33.95631773971792],[-118.68272039201882,33.953622793865556]],[[-118.68272039201882,33.980572252389145],[-118.68002544616647,33.980572252389145],[-118.68002544616647,33.98596214409386],[-118.68272039201882,33.98596214409386],[-118.68272039201882,33.980572252389145]],[[-118.67733050031411,33.89702893096602],[-118.67463555446176,33.89702893096602],[-118.67463555446176,33.90241882267074],[-118.67733050031411,33.90241882267074],[-118.67733050031411,33.89702893096602]],[[-118.67733050031411,33.934758172899045],[-118.67463555446176,33.934758172899045],[-118.67463555446176,33.93206322704669],[-118.67194060860939,33.93206322704669],[-118.67194060860939,33.93745311875141],[-118.67733050031411,33.93745311875141],[-118.67733050031411,33.934758172899045]],[[-118.66924566275704,33.93206322704669],[-118.66655071690468,33.93206322704669],[-118.66655071690468,33.92936828119433],[-118.66385577105231,33.92936828119433],[-118.66385577105231,33.93745311875141],[-118.66924566275704,33.93745311875141],[-118.66924566275704,33.93206322704669]],[[-118.66924566275704,33.950927848013194],[-118.66655071690468,33.950927848013194],[-118.66655071690468,33.953622793865556],[-118.66924566275704,33.953622793865556],[-118.66924566275704,33.950927848013194]],[[-118.66385577105231,33.89163903926131],[-118.66116082519996,33.89163903926131],[-118.66116082519996,33.89433398511367],[-118.66385577105231,33.89433398511367],[-118.66385577105231,33.89163903926131]],[[-118.66116082519996,33.80809571783819],[-118.6584658793476,33.80809571783819],[-118.6584658793476,33.810790663690554],[-118.66116082519996,33.810790663690554],[-118.66116082519996,33.80809571783819]],[[-118.6584658793476,33.82157044709999],[-118.65577093349525,33.82157044709999],[-118.65577093349525,33.82426539295234],[-118.6584658793476,33.82426539295234],[-118.6584658793476,33.82157044709999]],[[-118.6584658793476,33.86738452659008],[-118.65577093349525,33.86738452659008],[-118.65577093349525,33.87007947244244],[-118.6584658793476,33.87007947244244],[-118.6584658793476,33.86738452659008]],[[-118.65577093349525,33.81618055539527],[-118.65307598764288,33.81618055539527],[-118.65307598764288,33.818875501247625],[-118.65577093349525,33.818875501247625],[-118.65577093349525,33.81618055539527]],[[-118.65577093349525,33.86199463488536],[-118.65307598764288,33.86199463488536],[-118.65307598764288,33.864689580737725],[-118.65577093349525,33.864689580737725],[-118.65577093349525,33.86199463488536]],[[-118.65307598764288,33.83504517636178],[-118.65038104179052,33.83504517636178],[-118.65038104179052,33.837740122214136],[-118.65307598764288,33.837740122214136],[-118.65307598764288,33.83504517636178]],[[-118.65307598764288,33.89433398511367],[-118.65038104179052,33.89433398511367],[-118.65038104179052,33.89702893096602],[-118.65307598764288,33.89702893096602],[-118.65307598764288,33.89433398511367]],[[-118.65307598764288,33.90780871437546],[-118.65038104179052,33.90780871437546],[-118.65038104179052,33.91050366022782],[-118.65307598764288,33.91050366022782],[-118.65307598764288,33.90780871437546]],[[-118.63960125838109,33.883554201704236],[-118.63690631252874,33.883554201704236],[-118.63690631252874,33.88624914755659],[-118.63960125838109,33.88624914755659],[-118.63960125838109,33.883554201704236]],[[-118.63421136667637,33.880859255851874],[-118.63151642082401,33.880859255851874],[-118.63151642082401,33.88894409340895],[-118.63421136667637,33.88894409340895],[-118.63421136667637,33.880859255851874]],[[-118.62343158326694,33.883554201704236],[-118.61804169156223,33.883554201704236],[-118.61804169156223,33.88624914755659],[-118.62343158326694,33.88624914755659],[-118.62343158326694,33.883554201704236]],[[-118.62343158326694,33.934758172899045],[-118.62073663741458,33.934758172899045],[-118.62073663741458,33.93745311875141],[-118.62343158326694,33.93745311875141],[-118.62343158326694,33.934758172899045]],[[-118.62073663741458,33.85121485147593],[-118.61804169156223,33.85121485147593],[-118.61804169156223,33.85390979732829],[-118.62073663741458,33.85390979732829],[-118.62073663741458,33.85121485147593]],[[-118.62073663741458,33.92667333534197],[-118.61804169156223,33.92667333534197],[-118.61804169156223,33.92936828119433],[-118.62073663741458,33.92936828119433],[-118.62073663741458,33.92667333534197]],[[-118.61804169156223,33.94553795630848],[-118.6126517998575,33.94553795630848],[-118.6126517998575,33.94823290216084],[-118.61804169156223,33.94823290216084],[-118.61804169156223,33.94553795630848]],[[-118.60995685400515,34.031776223583954],[-118.59378717889099,34.031776223583954],[-118.59378717889099,34.02908127773159],[-118.60456696230042,34.02908127773159],[-118.60456696230042,34.02638633187924],[-118.59378717889099,34.02638633187924],[-118.59378717889099,34.023691386026876],[-118.59109223303864,34.023691386026876],[-118.59109223303864,34.02099644017452],[-118.58839728718628,34.02099644017452],[-118.58839728718628,34.023691386026876],[-118.58570234133391,34.023691386026876],[-118.58570234133391,34.01830149432216],[-118.58300739548156,34.01830149432216],[-118.58300739548156,34.023691386026876],[-118.5803124496292,34.023691386026876],[-118.5803124496292,34.015606548469805],[-118.57761750377685,34.015606548469805],[-118.57761750377685,34.01291160261744],[-118.57492255792448,34.01291160261744],[-118.57492255792448,34.01830149432216],[-118.5614478286627,34.01830149432216],[-118.5614478286627,34.015606548469805],[-118.56414277451505,34.015606548469805],[-118.56414277451505,34.01291160261744],[-118.5614478286627,34.01291160261744],[-118.5614478286627,34.00752171091273],[-118.56414277451505,34.00752171091273],[-118.56414277451505,34.00482676506037],[-118.55336299110562,34.00482676506037],[-118.55336299110562,34.01021665676509],[-118.55605793695797,34.01021665676509],[-118.55605793695797,34.02099644017452],[-118.55336299110562,34.02099644017452],[-118.55336299110562,34.02638633187924],[-118.55066804525326,34.02638633187924],[-118.55066804525326,34.02908127773159],[-118.5479730994009,34.02908127773159],[-118.5479730994009,34.031776223583954],[-118.54527815354854,34.031776223583954],[-118.54527815354854,34.034471169436316],[-118.5614478286627,34.034471169436316],[-118.5614478286627,34.03716611528867],[-118.5668377203674,34.03716611528867],[-118.5668377203674,34.03986106114103],[-118.56953266621977,34.03986106114103],[-118.56953266621977,34.03716611528867],[-118.57492255792448,34.03716611528867],[-118.57492255792448,34.034471169436316],[-118.57761750377685,34.034471169436316],[-118.57761750377685,34.031776223583954],[-118.5803124496292,34.031776223583954],[-118.5803124496292,34.034471169436316],[-118.58570234133391,34.034471169436316],[-118.58570234133391,34.031776223583954],[-118.58839728718628,34.031776223583954],[-118.58839728718628,34.03716611528867],[-118.60187201644807,34.03716611528867],[-118.60187201644807,34.034471169436316],[-118.60995685400515,34.034471169436316],[-118.60995685400515,34.031776223583954]],[[-118.6072619081528,33.94284301045612],[-118.60187201644807,33.94284301045612],[-118.60187201644807,33.94553795630848],[-118.6072619081528,33.94553795630848],[-118.6072619081528,33.94284301045612]],[[-118.60187201644807,33.94823290216084],[-118.59917707059572,33.94823290216084],[-118.59917707059572,33.950927848013194],[-118.60187201644807,33.950927848013194],[-118.60187201644807,33.94823290216084]],[[-118.60187201644807,33.953622793865556],[-118.59917707059572,33.953622793865556],[-118.59917707059572,33.95631773971792],[-118.60187201644807,33.95631773971792],[-118.60187201644807,33.953622793865556]],[[-118.59109223303864,34.01021665676509],[-118.58839728718628,34.01021665676509],[-118.58839728718628,34.015606548469805],[-118.59109223303864,34.015606548469805],[-118.59109223303864,34.01021665676509]],[[-118.58839728718628,33.961707631422634],[-118.58570234133391,33.961707631422634],[-118.58570234133391,33.96440257727499],[-118.58839728718628,33.96440257727499],[-118.58839728718628,33.961707631422634]],[[-118.5803124496292,33.86738452659008],[-118.57761750377685,33.86738452659008],[-118.57761750377685,33.87007947244244],[-118.5803124496292,33.87007947244244],[-118.5803124496292,33.86738452659008]],[[-118.5668377203674,33.950927848013194],[-118.56414277451505,33.950927848013194],[-118.56414277451505,33.953622793865556],[-118.5668377203674,33.953622793865556],[-118.5668377203674,33.950927848013194]],[[-118.55605793695797,33.996741927503294],[-118.55336299110562,33.996741927503294],[-118.55336299110562,33.99943687335565],[-118.55605793695797,33.99943687335565],[-118.55605793695797,33.996741927503294]],[[-118.5479730994009,34.023691386026876],[-118.54527815354854,34.023691386026876],[-118.54527815354854,34.02638633187924],[-118.5479730994009,34.02638633187924],[-118.5479730994009,34.023691386026876]],[[-118.54527815354854,33.96709752312735],[-118.54258320769618,33.96709752312735],[-118.54258320769618,33.969792468979705],[-118.53988826184383,33.969792468979705],[-118.53988826184383,33.97248741483207],[-118.54258320769618,33.97248741483207],[-118.54258320769618,33.97518236068442],[-118.54527815354854,33.97518236068442],[-118.54527815354854,33.96709752312735]],[[-118.54527815354854,33.97787730653678],[-118.54258320769618,33.97787730653678],[-118.54258320769618,33.980572252389145],[-118.54527815354854,33.980572252389145],[-118.54527815354854,33.97787730653678]],[[-118.53988826184383,33.810790663690554],[-118.53719331599146,33.810790663690554],[-118.53719331599146,33.81348560954291],[-118.53988826184383,33.81348560954291],[-118.53988826184383,33.810790663690554]],[[-118.53988826184383,33.84313001391885],[-118.53719331599146,33.84313001391885],[-118.53719331599146,33.845824959771214],[-118.53988826184383,33.845824959771214],[-118.53988826184383,33.84313001391885]],[[-118.53988826184383,33.996741927503294],[-118.5344983701391,33.996741927503294],[-118.5344983701391,34.00213181920801],[-118.53719331599146,34.00213181920801],[-118.53719331599146,33.99943687335565],[-118.53988826184383,33.99943687335565],[-118.53988826184383,33.996741927503294]],[[-118.53719331599146,33.918588497784896],[-118.5344983701391,33.918588497784896],[-118.5344983701391,33.92128344363725],[-118.53719331599146,33.92128344363725],[-118.53719331599146,33.918588497784896]],[[-118.53719331599146,34.015606548469805],[-118.5344983701391,34.015606548469805],[-118.5344983701391,34.01830149432216],[-118.53719331599146,34.01830149432216],[-118.53719331599146,34.015606548469805]],[[-118.53719331599146,34.02638633187924],[-118.5344983701391,34.02638633187924],[-118.5344983701391,34.02908127773159],[-118.53719331599146,34.02908127773159],[-118.53719331599146,34.02638633187924]],[[-118.5344983701391,33.80809571783819],[-118.53180342428675,33.80809571783819],[-118.53180342428675,33.810790663690554],[-118.5344983701391,33.810790663690554],[-118.5344983701391,33.80809571783819]],[[-118.5344983701391,33.97787730653678],[-118.53180342428675,33.97787730653678],[-118.53180342428675,33.980572252389145],[-118.5344983701391,33.980572252389145],[-118.5344983701391,33.97787730653678]],[[-118.53180342428675,33.91050366022782],[-118.52641353258203,33.91050366022782],[-118.52641353258203,33.91319860608018],[-118.53180342428675,33.91319860608018],[-118.53180342428675,33.91050366022782]],[[-118.5291084784344,33.961707631422634],[-118.52641353258203,33.961707631422634],[-118.52641353258203,33.95901268557027],[-118.52102364087732,33.95901268557027],[-118.52102364087732,33.961707631422634],[-118.52371858672967,33.961707631422634],[-118.52371858672967,33.96709752312735],[-118.52641353258203,33.96709752312735],[-118.52641353258203,33.96440257727499],[-118.5291084784344,33.96440257727499],[-118.5291084784344,33.961707631422634]],[[-118.52102364087732,33.83504517636178],[-118.51832869502495,33.83504517636178],[-118.51832869502495,33.837740122214136],[-118.52102364087732,33.837740122214136],[-118.52102364087732,33.83504517636178]],[[-118.52102364087732,33.96440257727499],[-118.51832869502495,33.96440257727499],[-118.51832869502495,33.96709752312735],[-118.52102364087732,33.96709752312735],[-118.52102364087732,33.96440257727499]],[[-118.51832869502495,34.00482676506037],[-118.5156337491726,34.00482676506037],[-118.5156337491726,34.00752171091273],[-118.51832869502495,34.00752171091273],[-118.51832869502495,34.00482676506037]],[[-118.51832869502495,34.01021665676509],[-118.51293880332024,34.01021665676509],[-118.51293880332024,34.01291160261744],[-118.51832869502495,34.01291160261744],[-118.51832869502495,34.01021665676509]],[[-118.5156337491726,33.953622793865556],[-118.51293880332024,33.953622793865556],[-118.51293880332024,33.95631773971792],[-118.5156337491726,33.95631773971792],[-118.5156337491726,33.953622793865556]],[[-118.5156337491726,33.95901268557027],[-118.51293880332024,33.95901268557027],[-118.51293880332024,33.961707631422634],[-118.5156337491726,33.961707631422634],[-118.5156337491726,33.95901268557027]],[[-118.5156337491726,33.99404698165093],[-118.51293880332024,33.99404698165093],[-118.51293880332024,33.99943687335565],[-118.5156337491726,33.99943687335565],[-118.5156337491726,33.99404698165093]],[[-118.51024385746788,34.01021665676509],[-118.50754891161552,34.01021665676509],[-118.50754891161552,34.01291160261744],[-118.51024385746788,34.01291160261744],[-118.51024385746788,34.01021665676509]],[[-118.50754891161552,33.98596214409386],[-118.50485396576316,33.98596214409386],[-118.50485396576316,33.988657089946216],[-118.50754891161552,33.988657089946216],[-118.50754891161552,33.98596214409386]],[[-118.5021590199108,33.980572252389145],[-118.49946407405845,33.980572252389145],[-118.49946407405845,33.9832671982415],[-118.5021590199108,33.9832671982415],[-118.5021590199108,33.980572252389145]],[[-118.5021590199108,33.99943687335565],[-118.49946407405845,33.99943687335565],[-118.49946407405845,34.00213181920801],[-118.5021590199108,34.00213181920801],[-118.5021590199108,33.99943687335565]],[[-118.49946407405845,33.82157044709999],[-118.49676912820608,33.82157044709999],[-118.49676912820608,33.82426539295234],[-118.49946407405845,33.82426539295234],[-118.49946407405845,33.82157044709999]],[[-118.49676912820608,33.99404698165093],[-118.49407418235373,33.99404698165093],[-118.49407418235373,33.996741927503294],[-118.49676912820608,33.996741927503294],[-118.49676912820608,33.99404698165093]],[[-118.4832943989443,33.95631773971792],[-118.48059945309194,33.95631773971792],[-118.48059945309194,33.95901268557027],[-118.4832943989443,33.95901268557027],[-118.4832943989443,33.95631773971792]],[[-118.4832943989443,33.97518236068442],[-118.48059945309194,33.97518236068442],[-118.48059945309194,33.97787730653678],[-118.4832943989443,33.97787730653678],[-118.4832943989443,33.97518236068442]],[[-118.48059945309194,33.91319860608018],[-118.47790450723957,33.91319860608018],[-118.47790450723957,33.915893551932534],[-118.48059945309194,33.915893551932534],[-118.48059945309194,33.91319860608018]],[[-118.48059945309194,33.92397838948961],[-118.47790450723957,33.92397838948961],[-118.47790450723957,33.92667333534197],[-118.48059945309194,33.92667333534197],[-118.48059945309194,33.92397838948961]],[[-118.47790450723957,33.934758172899045],[-118.47251461553486,33.934758172899045],[-118.47251461553486,33.93745311875141],[-118.46981966968251,33.93745311875141],[-118.46981966968251,33.93206322704669],[-118.46173483212543,33.93206322704669],[-118.46173483212543,33.934758172899045],[-118.46442977797778,33.934758172899045],[-118.46442977797778,33.94014806460376],[-118.47790450723957,33.94014806460376],[-118.47790450723957,33.934758172899045]],[[-118.47520956138722,33.92128344363725],[-118.47251461553486,33.92128344363725],[-118.47251461553486,33.92397838948961],[-118.47520956138722,33.92397838948961],[-118.47520956138722,33.92128344363725]],[[-118.47520956138722,33.94823290216084],[-118.47251461553486,33.94823290216084],[-118.47251461553486,33.950927848013194],[-118.47520956138722,33.950927848013194],[-118.47520956138722,33.94823290216084]],[[-118.47520956138722,33.97518236068442],[-118.47251461553486,33.97518236068442],[-118.47251461553486,33.97787730653678],[-118.47520956138722,33.97787730653678],[-118.47520956138722,33.97518236068442]],[[-118.47251461553486,33.96709752312735],[-118.46981966968251,33.96709752312735],[-118.46981966968251,33.97248741483207],[-118.47251461553486,33.97248741483207],[-118.47251461553486,33.96709752312735]],[[-118.46981966968251,33.92667333534197],[-118.46712472383014,33.92667333534197],[-118.46712472383014,33.92936828119433],[-118.46981966968251,33.92936828119433],[-118.46981966968251,33.92667333534197]],[[-118.46442977797778,33.872774418294796],[-118.45903988627306,33.872774418294796],[-118.45903988627306,33.87546936414716],[-118.46442977797778,33.87546936414716],[-118.46442977797778,33.872774418294796]],[[-118.45903988627306,33.93745311875141],[-118.4563449404207,33.93745311875141],[-118.4563449404207,33.934758172899045],[-118.450955048716,33.934758172899045],[-118.450955048716,33.93745311875141],[-118.45364999456835,33.93745311875141],[-118.45364999456835,33.94014806460376],[-118.45903988627306,33.94014806460376],[-118.45903988627306,33.93745311875141]],[[-118.4563449404207,33.85121485147593],[-118.45364999456835,33.85121485147593],[-118.45364999456835,33.85390979732829],[-118.4563449404207,33.85390979732829],[-118.4563449404207,33.85121485147593]],[[-118.4563449404207,33.85660474318065],[-118.45364999456835,33.85660474318065],[-118.45364999456835,33.85929968903301],[-118.4563449404207,33.85929968903301],[-118.4563449404207,33.85660474318065]],[[-118.4563449404207,33.88894409340895],[-118.45364999456835,33.88894409340895],[-118.45364999456835,33.89163903926131],[-118.4563449404207,33.89163903926131],[-118.4563449404207,33.88894409340895]],[[-118.45364999456835,33.96440257727499],[-118.450955048716,33.96440257727499],[-118.450955048716,33.96709752312735],[-118.45364999456835,33.96709752312735],[-118.45364999456835,33.96440257727499]],[[-118.42400559019241,33.802705826133476],[-118.42131064434005,33.802705826133476],[-118.42131064434005,33.80540077198584],[-118.42400559019241,33.80540077198584],[-118.42400559019241,33.802705826133476]],[[-119.41574566386036,34.05603073625518],[-119.413050718008,34.05603073625518],[-119.413050718008,34.05872568210754],[-119.41574566386036,34.05872568210754],[-119.41574566386036,34.05603073625518]],[[-118.99533411089241,34.023691386026876],[-118.99533411089241,34.01830149432216],[-118.9899442191877,34.01830149432216],[-118.9899442191877,34.023691386026876],[-118.99533411089241,34.023691386026876]],[[-119.65290089886791,33.97248741483207],[-119.65290089886791,33.97787730653678],[-119.65829079057262,33.97787730653678],[-119.65829079057262,33.97518236068442],[-119.65559584472027,33.97518236068442],[-119.65559584472027,33.97248741483207],[-119.65290089886791,33.97248741483207]],[[-118.7824333885561,33.92667333534197],[-118.78782328026081,33.92667333534197],[-118.78782328026081,33.92397838948961],[-118.7824333885561,33.92397838948961],[-118.7824333885561,33.92667333534197]],[[-118.79321317196553,33.88624914755659],[-118.79321317196553,33.883554201704236],[-118.78782328026081,33.883554201704236],[-118.78782328026081,33.87816430999952],[-118.7824333885561,33.87816430999952],[-118.7824333885561,33.880859255851874],[-118.77973844270373,33.880859255851874],[-118.77973844270373,33.883554201704236],[-118.78512833440845,33.883554201704236],[-118.78512833440845,33.88894409340895],[-118.78782328026081,33.88894409340895],[-118.78782328026081,33.88624914755659],[-118.79321317196553,33.88624914755659]],[[-119.67446046568678,33.96440257727499],[-119.68793519494857,33.96440257727499],[-119.68793519494857,33.95901268557027],[-119.68254530324386,33.95901268557027],[-119.68254530324386,33.950927848013194],[-119.6798503573915,33.950927848013194],[-119.6798503573915,33.953622793865556],[-119.67715541153913,33.953622793865556],[-119.67715541153913,33.95631773971792],[-119.6798503573915,33.95631773971792],[-119.6798503573915,33.961707631422634],[-119.67446046568678,33.961707631422634],[-119.67446046568678,33.96440257727499]],[[-119.65290089886791,33.97248741483207],[-119.65290089886791,33.969792468979705],[-119.65020595301556,33.969792468979705],[-119.65020595301556,33.97248741483207],[-119.65290089886791,33.97248741483207]],[[-118.8471120890127,34.02638633187924],[-118.8471120890127,34.02908127773159],[-118.84980703486505,34.02908127773159],[-118.84980703486505,34.02638633187924],[-118.8471120890127,34.02638633187924]],[[-118.69619512128062,33.988657089946216],[-118.69619512128062,33.98596214409386],[-118.6908052295759,33.98596214409386],[-118.6908052295759,33.988657089946216],[-118.69619512128062,33.988657089946216]],[[-118.61534674570986,33.93745311875141],[-118.61804169156223,33.93745311875141],[-118.61804169156223,33.934758172899045],[-118.61534674570986,33.934758172899045],[-118.61534674570986,33.93745311875141]],[[-118.53180342428675,33.82426539295234],[-118.53180342428675,33.82157044709999],[-118.5291084784344,33.82157044709999],[-118.5291084784344,33.82426539295234],[-118.53180342428675,33.82426539295234]],[[-118.4374803194542,33.9051137685231],[-118.44017526530655,33.9051137685231],[-118.44017526530655,33.899723876818385],[-118.43478537360184,33.899723876818385],[-118.43478537360184,33.90241882267074],[-118.4374803194542,33.90241882267074],[-118.4374803194542,33.9051137685231]],[[-118.68811028372355,33.99135203579858],[-118.68811028372355,33.988657089946216],[-118.68541533787119,33.988657089946216],[-118.68541533787119,33.99135203579858],[-118.68811028372355,33.99135203579858]],[[-118.65038104179052,33.81348560954291],[-118.64768609593817,33.81348560954291],[-118.64768609593817,33.81618055539527],[-118.65038104179052,33.81618055539527],[-118.65038104179052,33.81348560954291]],[[-118.55875288281034,33.84851990562357],[-118.55875288281034,33.845824959771214],[-118.55605793695797,33.845824959771214],[-118.55605793695797,33.84851990562357],[-118.55875288281034,33.84851990562357]],[[-118.64768609593817,33.84851990562357],[-118.6449911500858,33.84851990562357],[-118.6449911500858,33.85121485147593],[-118.64229620423345,33.85121485147593],[-118.64229620423345,33.84851990562357],[-118.63690631252874,33.84851990562357],[-118.63690631252874,33.85121485147593],[-118.63960125838109,33.85121485147593],[-118.63960125838109,33.85390979732829],[-118.64768609593817,33.85390979732829],[-118.64768609593817,33.84851990562357]],[[-118.62882147497166,33.93206322704669],[-118.63151642082401,33.93206322704669],[-118.63151642082401,33.92936828119433],[-118.62882147497166,33.92936828119433],[-118.62882147497166,33.93206322704669]],[[-118.7824333885561,33.92667333534197],[-118.77973844270373,33.92667333534197],[-118.77973844270373,33.92936828119433],[-118.7824333885561,33.92936828119433],[-118.7824333885561,33.92667333534197]],[[-119.34028717999432,33.95631773971792],[-119.34028717999432,33.95901268557027],[-119.34298212584667,33.95901268557027],[-119.34298212584667,33.95631773971792],[-119.34028717999432,33.95631773971792]],[[-119.39957598874621,34.050640844550465],[-119.39957598874621,34.05603073625518],[-119.40496588045092,34.05603073625518],[-119.40496588045092,34.05333579040282],[-119.40227093459856,34.05333579040282],[-119.40227093459856,34.050640844550465],[-119.39957598874621,34.050640844550465]],[[-118.64768609593817,33.969792468979705],[-118.65307598764288,33.969792468979705],[-118.65307598764288,33.96709752312735],[-118.64768609593817,33.96709752312735],[-118.64768609593817,33.969792468979705]],[[-118.53180342428675,33.82426539295234],[-118.53180342428675,33.8269603388047],[-118.5344983701391,33.8269603388047],[-118.5344983701391,33.82426539295234],[-118.53180342428675,33.82426539295234]],[[-119.59900198182073,33.97787730653678],[-119.59630703596838,33.97787730653678],[-119.59630703596838,33.980572252389145],[-119.59361209011603,33.980572252389145],[-119.59361209011603,33.9832671982415],[-119.59900198182073,33.9832671982415],[-119.59900198182073,33.97787730653678]],[[-118.82285757634148,33.87007947244244],[-118.82285757634148,33.87816430999952],[-118.82555252219383,33.87816430999952],[-118.82555252219383,33.87007947244244],[-118.82285757634148,33.87007947244244]],[[-118.50485396576316,33.92397838948961],[-118.50754891161552,33.92397838948961],[-118.50754891161552,33.92128344363725],[-118.50485396576316,33.92128344363725],[-118.50485396576316,33.92397838948961]],[[-118.61804169156223,33.87546936414716],[-118.61534674570986,33.87546936414716],[-118.61534674570986,33.87816430999952],[-118.61804169156223,33.87816430999952],[-118.61804169156223,33.87546936414716]],[[-118.62882147497166,33.8404350680665],[-118.62882147497166,33.84313001391885],[-118.63151642082401,33.84313001391885],[-118.63151642082401,33.8404350680665],[-118.62882147497166,33.8404350680665]],[[-118.50485396576316,33.91319860608018],[-118.50485396576316,33.91050366022782],[-118.5021590199108,33.91050366022782],[-118.5021590199108,33.91319860608018],[-118.50485396576316,33.91319860608018]],[[-118.61804169156223,34.031776223583954],[-118.61804169156223,34.034471169436316],[-118.62343158326694,34.034471169436316],[-118.62343158326694,34.031776223583954],[-118.61804169156223,34.031776223583954]],[[-118.79860306367024,33.91050366022782],[-118.79860306367024,33.91319860608018],[-118.80129800952261,33.91319860608018],[-118.80129800952261,33.91050366022782],[-118.79860306367024,33.91050366022782]],[[-118.99533411089241,34.023691386026876],[-118.99533411089241,34.02638633187924],[-119.00072400259714,34.02638633187924],[-119.00072400259714,34.023691386026876],[-118.99533411089241,34.023691386026876]],[[-118.75817887588487,33.88894409340895],[-118.76087382173722,33.88894409340895],[-118.76087382173722,33.88624914755659],[-118.75817887588487,33.88624914755659],[-118.75817887588487,33.88894409340895]],[[-118.64768609593817,33.84851990562357],[-118.65038104179052,33.84851990562357],[-118.65038104179052,33.845824959771214],[-118.64768609593817,33.845824959771214],[-118.64768609593817,33.84851990562357]],[[-118.63960125838109,33.934758172899045],[-118.63960125838109,33.93745311875141],[-118.64229620423345,33.93745311875141],[-118.64229620423345,33.934758172899045],[-118.63960125838109,33.934758172899045]],[[-118.8471120890127,34.02638633187924],[-118.8471120890127,34.023691386026876],[-118.84441714316034,34.023691386026876],[-118.84441714316034,34.02638633187924],[-118.8471120890127,34.02638633187924]],[[-119.06001281134903,33.883554201704236],[-119.06270775720138,33.883554201704236],[-119.06270775720138,33.880859255851874],[-119.06001281134903,33.880859255851874],[-119.06001281134903,33.883554201704236]],[[-119.59900198182073,33.97787730653678],[-119.6016969276731,33.97787730653678],[-119.6016969276731,33.97518236068442],[-119.59900198182073,33.97518236068442],[-119.59900198182073,33.97787730653678]],[[-118.57222761207213,33.961707631422634],[-118.57222761207213,33.96440257727499],[-118.57492255792448,33.96440257727499],[-118.57492255792448,33.961707631422634],[-118.57222761207213,33.961707631422634]],[[-118.77704349685138,33.87546936414716],[-118.77704349685138,33.87007947244244],[-118.7824333885561,33.87007947244244],[-118.7824333885561,33.86738452659008],[-118.78512833440845,33.86738452659008],[-118.78512833440845,33.864689580737725],[-118.77973844270373,33.864689580737725],[-118.77973844270373,33.86199463488536],[-118.7824333885561,33.86199463488536],[-118.7824333885561,33.85929968903301],[-118.78512833440845,33.85929968903301],[-118.78512833440845,33.86199463488536],[-118.78782328026081,33.86199463488536],[-118.78782328026081,33.86738452659008],[-118.79321317196553,33.86738452659008],[-118.79321317196553,33.864689580737725],[-118.79051822611316,33.864689580737725],[-118.79051822611316,33.86199463488536],[-118.79590811781789,33.86199463488536],[-118.79590811781789,33.85929968903301],[-118.79321317196553,33.85929968903301],[-118.79321317196553,33.85660474318065],[-118.79051822611316,33.85660474318065],[-118.79051822611316,33.85121485147593],[-118.78512833440845,33.85121485147593],[-118.78512833440845,33.845824959771214],[-118.77973844270373,33.845824959771214],[-118.77973844270373,33.85121485147593],[-118.7824333885561,33.85121485147593],[-118.7824333885561,33.85390979732829],[-118.77973844270373,33.85390979732829],[-118.77973844270373,33.85929968903301],[-118.77704349685138,33.85929968903301],[-118.77704349685138,33.864689580737725],[-118.77434855099902,33.864689580737725],[-118.77434855099902,33.86738452659008],[-118.77165360514665,33.86738452659008],[-118.77165360514665,33.87546936414716],[-118.77704349685138,33.87546936414716]],[[-118.69889006713298,33.94014806460376],[-118.69350017542826,33.94014806460376],[-118.69350017542826,33.94284301045612],[-118.69889006713298,33.94284301045612],[-118.69889006713298,33.94014806460376]],[[-118.75817887588487,33.88894409340895],[-118.75548393003251,33.88894409340895],[-118.75548393003251,33.89163903926131],[-118.75817887588487,33.89163903926131],[-118.75817887588487,33.88894409340895]],[[-119.06001281134903,33.883554201704236],[-119.0492330279396,33.883554201704236],[-119.0492330279396,33.88624914755659],[-119.04653808208724,33.88624914755659],[-119.04653808208724,33.88894409340895],[-119.0492330279396,33.88894409340895],[-119.0492330279396,33.89163903926131],[-119.05192797379195,33.89163903926131],[-119.05192797379195,33.89433398511367],[-119.0492330279396,33.89433398511367],[-119.0492330279396,33.89702893096602],[-119.05192797379195,33.89702893096602],[-119.05192797379195,33.9051137685231],[-119.0492330279396,33.9051137685231],[-119.0492330279396,33.90780871437546],[-119.04384313623487,33.90780871437546],[-119.04384313623487,33.91050366022782],[-119.03845324453016,33.91050366022782],[-119.03845324453016,33.90241882267074],[-119.0357582986778,33.90241882267074],[-119.0357582986778,33.899723876818385],[-119.03845324453016,33.899723876818385],[-119.03845324453016,33.89702893096602],[-119.03306335282544,33.89702893096602],[-119.03306335282544,33.88624914755659],[-119.03036840697308,33.88624914755659],[-119.03036840697308,33.89433398511367],[-119.02767346112073,33.89433398511367],[-119.02767346112073,33.9051137685231],[-119.02497851526836,33.9051137685231],[-119.02497851526836,33.90780871437546],[-119.01958862356365,33.90780871437546],[-119.01958862356365,33.92128344363725],[-119.02767346112073,33.92128344363725],[-119.02767346112073,33.92397838948961],[-119.03036840697308,33.92397838948961],[-119.03036840697308,33.92936828119433],[-119.03306335282544,33.92936828119433],[-119.03306335282544,33.92128344363725],[-119.0357582986778,33.92128344363725],[-119.0357582986778,33.92397838948961],[-119.03845324453016,33.92397838948961],[-119.03845324453016,33.92667333534197],[-119.04114819038251,33.92667333534197],[-119.04114819038251,33.92936828119433],[-119.0492330279396,33.92936828119433],[-119.0492330279396,33.92397838948961],[-119.04384313623487,33.92397838948961],[-119.04384313623487,33.92128344363725],[-119.05192797379195,33.92128344363725],[-119.05192797379195,33.91319860608018],[-119.0546229196443,33.91319860608018],[-119.0546229196443,33.89702893096602],[-119.06001281134903,33.89702893096602],[-119.06001281134903,33.883554201704236]],[[-118.61804169156223,33.87546936414716],[-118.62073663741458,33.87546936414716],[-118.62073663741458,33.880859255851874],[-118.6261265291193,33.880859255851874],[-118.6261265291193,33.88624914755659],[-118.62882147497166,33.88624914755659],[-118.62882147497166,33.87816430999952],[-118.63421136667637,33.87816430999952],[-118.63421136667637,33.87546936414716],[-118.6261265291193,33.87546936414716],[-118.6261265291193,33.872774418294796],[-118.63690631252874,33.872774418294796],[-118.63690631252874,33.87546936414716],[-118.63960125838109,33.87546936414716],[-118.63960125838109,33.872774418294796],[-118.64229620423345,33.872774418294796],[-118.64229620423345,33.87007947244244],[-118.63690631252874,33.87007947244244],[-118.63690631252874,33.86738452659008],[-118.64229620423345,33.86738452659008],[-118.64229620423345,33.86199463488536],[-118.63151642082401,33.86199463488536],[-118.63151642082401,33.85929968903301],[-118.62882147497166,33.85929968903301],[-118.62882147497166,33.86199463488536],[-118.62343158326694,33.86199463488536],[-118.62343158326694,33.864689580737725],[-118.62073663741458,33.864689580737725],[-118.62073663741458,33.87007947244244],[-118.61804169156223,33.87007947244244],[-118.61804169156223,33.87546936414716]],[[-119.63942616960611,33.980572252389145],[-119.63942616960611,33.9832671982415],[-119.64212111545848,33.9832671982415],[-119.64212111545848,33.980572252389145],[-119.63942616960611,33.980572252389145]],[[-118.48598934479665,33.969792468979705],[-118.4832943989443,33.969792468979705],[-118.4832943989443,33.97248741483207],[-118.48598934479665,33.97248741483207],[-118.48598934479665,33.969792468979705]],[[-118.79860306367024,33.85390979732829],[-118.80129800952261,33.85390979732829],[-118.80129800952261,33.845824959771214],[-118.79860306367024,33.845824959771214],[-118.79860306367024,33.85390979732829]],[[-118.52641353258203,33.99943687335565],[-118.52641353258203,34.00213181920801],[-118.5291084784344,34.00213181920801],[-118.5291084784344,33.99943687335565],[-118.52641353258203,33.99943687335565]],[[-118.4374803194542,33.9051137685231],[-118.43478537360184,33.9051137685231],[-118.43478537360184,33.90780871437546],[-118.4374803194542,33.90780871437546],[-118.4374803194542,33.9051137685231]],[[-118.5344983701391,33.81618055539527],[-118.5344983701391,33.81348560954291],[-118.5291084784344,33.81348560954291],[-118.5291084784344,33.81618055539527],[-118.5344983701391,33.81618055539527]],[[-118.62882147497166,33.93206322704669],[-118.6261265291193,33.93206322704669],[-118.6261265291193,33.934758172899045],[-118.62882147497166,33.934758172899045],[-118.62882147497166,33.93206322704669]],[[-118.48598934479665,33.92936828119433],[-118.488684290649,33.92936828119433],[-118.488684290649,33.92667333534197],[-118.48598934479665,33.92667333534197],[-118.48598934479665,33.92936828119433]],[[-118.98724927333535,34.0479458986981],[-118.98455432748298,34.0479458986981],[-118.98455432748298,34.050640844550465],[-118.98724927333535,34.050640844550465],[-118.98724927333535,34.0479458986981]],[[-118.50754891161552,34.00482676506037],[-118.50754891161552,33.99943687335565],[-118.50485396576316,33.99943687335565],[-118.50485396576316,34.00482676506037],[-118.50754891161552,34.00482676506037]],[[-118.53180342428675,33.83504517636178],[-118.53180342428675,33.83235023050942],[-118.5291084784344,33.83235023050942],[-118.5291084784344,33.83504517636178],[-118.53180342428675,33.83504517636178]],[[-119.34028717999432,33.95631773971792],[-119.34028717999432,33.953622793865556],[-119.33759223414197,33.953622793865556],[-119.33759223414197,33.95631773971792],[-119.34028717999432,33.95631773971792]],[[-118.55066804525326,34.01291160261744],[-118.55066804525326,34.01830149432216],[-118.55336299110562,34.01830149432216],[-118.55336299110562,34.01291160261744],[-118.55066804525326,34.01291160261744]],[[-118.54258320769618,33.80809571783819],[-118.54258320769618,33.810790663690554],[-118.54527815354854,33.810790663690554],[-118.54527815354854,33.80809571783819],[-118.54258320769618,33.80809571783819]],[[-118.5344983701391,33.81618055539527],[-118.5344983701391,33.818875501247625],[-118.53719331599146,33.818875501247625],[-118.53719331599146,33.81618055539527],[-118.5344983701391,33.81618055539527]],[[-118.63421136667637,33.91319860608018],[-118.63421136667637,33.918588497784896],[-118.63690631252874,33.918588497784896],[-118.63690631252874,33.91319860608018],[-118.63421136667637,33.91319860608018]],[[-118.79051822611316,33.89433398511367],[-118.79321317196553,33.89433398511367],[-118.79321317196553,33.89163903926131],[-118.79051822611316,33.89163903926131],[-118.79051822611316,33.89433398511367]],[[-119.6340362779014,33.97518236068442],[-119.6340362779014,33.97248741483207],[-119.63134133204905,33.97248741483207],[-119.63134133204905,33.97518236068442],[-119.6340362779014,33.97518236068442]],[[-118.75817887588487,33.87546936414716],[-118.75817887588487,33.872774418294796],[-118.75548393003251,33.872774418294796],[-118.75548393003251,33.87546936414716],[-118.75817887588487,33.87546936414716]],[[-118.65038104179052,33.81348560954291],[-118.65307598764288,33.81348560954291],[-118.65307598764288,33.80809571783819],[-118.65038104179052,33.80809571783819],[-118.65038104179052,33.81348560954291]],[[-118.5803124496292,33.96709752312735],[-118.5803124496292,33.96440257727499],[-118.57761750377685,33.96440257727499],[-118.57761750377685,33.96709752312735],[-118.5803124496292,33.96709752312735]],[[-118.4374803194542,33.89433398511367],[-118.44287021115892,33.89433398511367],[-118.44287021115892,33.89163903926131],[-118.4374803194542,33.89163903926131],[-118.4374803194542,33.89433398511367]],[[-118.70158501298533,33.94553795630848],[-118.69350017542826,33.94553795630848],[-118.69350017542826,33.94823290216084],[-118.70158501298533,33.94823290216084],[-118.70158501298533,33.94553795630848]],[[-118.77973844270373,33.915893551932534],[-118.77704349685138,33.915893551932534],[-118.77704349685138,33.918588497784896],[-118.77973844270373,33.918588497784896],[-118.77973844270373,33.915893551932534]],[[-118.49137923650137,33.93206322704669],[-118.49676912820608,33.93206322704669],[-118.49676912820608,33.92667333534197],[-118.49407418235373,33.92667333534197],[-118.49407418235373,33.918588497784896],[-118.49946407405845,33.918588497784896],[-118.49946407405845,33.91319860608018],[-118.49676912820608,33.91319860608018],[-118.49676912820608,33.915893551932534],[-118.488684290649,33.915893551932534],[-118.488684290649,33.918588497784896],[-118.49137923650137,33.918588497784896],[-118.49137923650137,33.92128344363725],[-118.488684290649,33.92128344363725],[-118.488684290649,33.92397838948961],[-118.49137923650137,33.92397838948961],[-118.49137923650137,33.93206322704669]],[[-118.50754891161552,34.00482676506037],[-118.50754891161552,34.00752171091273],[-118.51293880332024,34.00752171091273],[-118.51293880332024,34.00482676506037],[-118.50754891161552,34.00482676506037]],[[-118.55066804525326,34.01291160261744],[-118.55066804525326,34.01021665676509],[-118.5479730994009,34.01021665676509],[-118.5479730994009,34.01291160261744],[-118.55066804525326,34.01291160261744]],[[-118.6449911500858,33.83504517636178],[-118.64229620423345,33.83504517636178],[-118.64229620423345,33.837740122214136],[-118.6449911500858,33.837740122214136],[-118.6449911500858,33.83504517636178]],[[-119.42113555556507,34.07489535722169],[-119.42113555556507,34.07759030307405],[-119.42383050141743,34.07759030307405],[-119.42383050141743,34.07489535722169],[-119.42113555556507,34.07489535722169]],[[-118.70966985054241,33.92667333534197],[-118.70966985054241,33.92397838948961],[-118.7042799588377,33.92397838948961],[-118.7042799588377,33.92667333534197],[-118.70966985054241,33.92667333534197]],[[-119.42113555556507,34.07489535722169],[-119.42113555556507,34.07220041136933],[-119.41844060971272,34.07220041136933],[-119.41844060971272,34.07489535722169],[-119.42113555556507,34.07489535722169]],[[-118.63960125838109,33.93206322704669],[-118.64229620423345,33.93206322704669],[-118.64229620423345,33.92936828119433],[-118.63960125838109,33.92936828119433],[-118.63960125838109,33.93206322704669]],[[-118.79590811781789,33.915893551932534],[-118.79590811781789,33.918588497784896],[-118.79860306367024,33.918588497784896],[-118.79860306367024,33.915893551932534],[-118.79590811781789,33.915893551932534]],[[-118.62343158326694,33.83504517636178],[-118.62343158326694,33.83235023050942],[-118.62073663741458,33.83235023050942],[-118.62073663741458,33.83504517636178],[-118.62343158326694,33.83504517636178]],[[-118.81207779293204,33.83235023050942],[-118.81207779293204,33.83504517636178],[-118.8147727387844,33.83504517636178],[-118.8147727387844,33.83235023050942],[-118.81207779293204,33.83235023050942]],[[-118.52102364087732,33.91319860608018],[-118.52102364087732,33.915893551932534],[-118.52371858672967,33.915893551932534],[-118.52371858672967,33.91319860608018],[-118.52102364087732,33.91319860608018]],[[-118.81207779293204,33.83235023050942],[-118.81207779293204,33.829655284657065],[-118.80938284707968,33.829655284657065],[-118.80938284707968,33.83235023050942],[-118.81207779293204,33.83235023050942]],[[-118.49407418235373,33.969792468979705],[-118.49407418235373,33.97248741483207],[-118.49676912820608,33.97248741483207],[-118.49676912820608,33.969792468979705],[-118.49407418235373,33.969792468979705]],[[-118.59648212474335,33.93745311875141],[-118.59648212474335,33.93206322704669],[-118.59378717889099,33.93206322704669],[-118.59378717889099,33.93745311875141],[-118.59648212474335,33.93745311875141]],[[-118.80938284707968,33.86199463488536],[-118.81207779293204,33.86199463488536],[-118.81207779293204,33.85929968903301],[-118.80938284707968,33.85929968903301],[-118.80938284707968,33.86199463488536]],[[-118.57222761207213,33.95901268557027],[-118.5803124496292,33.95901268557027],[-118.5803124496292,33.95631773971792],[-118.57222761207213,33.95631773971792],[-118.57222761207213,33.95901268557027]],[[-118.60995685400515,33.92936828119433],[-118.60995685400515,33.93206322704669],[-118.6126517998575,33.93206322704669],[-118.6126517998575,33.92936828119433],[-118.60995685400515,33.92936828119433]],[[-118.77973844270373,33.87546936414716],[-118.7824333885561,33.87546936414716],[-118.7824333885561,33.872774418294796],[-118.77973844270373,33.872774418294796],[-118.77973844270373,33.87546936414716]],[[-118.6584658793476,33.97248741483207],[-118.66116082519996,33.97248741483207],[-118.66116082519996,33.969792468979705],[-118.6584658793476,33.969792468979705],[-118.6584658793476,33.97248741483207]],[[-118.4374803194542,33.89433398511367],[-118.43478537360184,33.89433398511367],[-118.43478537360184,33.89702893096602],[-118.4374803194542,33.89702893096602],[-118.4374803194542,33.89433398511367]],[[-118.79051822611316,33.872774418294796],[-118.79051822611316,33.87007947244244],[-118.78782328026081,33.87007947244244],[-118.78782328026081,33.872774418294796],[-118.79051822611316,33.872774418294796]],[[-118.6449911500858,33.83504517636178],[-118.64768609593817,33.83504517636178],[-118.64768609593817,33.8269603388047],[-118.6449911500858,33.8269603388047],[-118.6449911500858,33.83504517636178]],[[-118.79590811781789,33.85390979732829],[-118.79590811781789,33.85121485147593],[-118.79321317196553,33.85121485147593],[-118.79321317196553,33.85390979732829],[-118.79590811781789,33.85390979732829]],[[-118.59648212474335,33.93745311875141],[-118.59648212474335,33.94014806460376],[-118.59917707059572,33.94014806460376],[-118.59917707059572,33.93745311875141],[-118.59648212474335,33.93745311875141]],[[-118.61804169156223,33.89163903926131],[-118.61804169156223,33.88894409340895],[-118.6126517998575,33.88894409340895],[-118.6126517998575,33.88624914755659],[-118.61534674570986,33.88624914755659],[-118.61534674570986,33.883554201704236],[-118.60995685400515,33.883554201704236],[-118.60995685400515,33.88894409340895],[-118.6072619081528,33.88894409340895],[-118.6072619081528,33.89163903926131],[-118.61804169156223,33.89163903926131]],[[-118.7231445798042,33.92936828119433],[-118.7231445798042,33.92397838948961],[-118.71505974224713,33.92397838948961],[-118.71505974224713,33.92667333534197],[-118.72044963395184,33.92667333534197],[-118.72044963395184,33.92936828119433],[-118.7231445798042,33.92936828119433]],[[-118.55875288281034,33.961707631422634],[-118.55875288281034,33.95901268557027],[-118.5614478286627,33.95901268557027],[-118.5614478286627,33.95631773971792],[-118.55605793695797,33.95631773971792],[-118.55605793695797,33.961707631422634],[-118.55875288281034,33.961707631422634]],[[-118.71775468809949,33.93745311875141],[-118.71505974224713,33.93745311875141],[-118.71505974224713,33.94284301045612],[-118.71775468809949,33.94284301045612],[-118.71775468809949,33.93745311875141]],[[-118.99533411089241,34.03716611528867],[-118.99533411089241,34.034471169436316],[-118.9899442191877,34.034471169436316],[-118.9899442191877,34.03716611528867],[-118.99533411089241,34.03716611528867]],[[-118.76626371344194,33.880859255851874],[-118.76626371344194,33.883554201704236],[-118.7689586592943,33.883554201704236],[-118.7689586592943,33.880859255851874],[-118.76626371344194,33.880859255851874]],[[-118.70966985054241,33.92936828119433],[-118.70697490469006,33.92936828119433],[-118.70697490469006,33.93206322704669],[-118.70966985054241,33.93206322704669],[-118.70966985054241,33.92936828119433]],[[-118.60995685400515,33.93745311875141],[-118.60995685400515,33.934758172899045],[-118.6072619081528,33.934758172899045],[-118.6072619081528,33.93745311875141],[-118.60995685400515,33.93745311875141]],[[-118.52641353258203,33.99943687335565],[-118.52641353258203,33.996741927503294],[-118.52371858672967,33.996741927503294],[-118.52371858672967,33.99943687335565],[-118.52641353258203,33.99943687335565]],[[-119.66368068227735,33.97248741483207],[-119.66368068227735,33.969792468979705],[-119.66098573642499,33.969792468979705],[-119.66098573642499,33.97248741483207],[-119.66368068227735,33.97248741483207]],[[-119.41574566386036,34.05603073625518],[-119.41844060971272,34.05603073625518],[-119.41844060971272,34.05333579040282],[-119.41574566386036,34.05333579040282],[-119.41574566386036,34.05603073625518]],[[-119.39418609704148,34.04255600699339],[-119.39688104289385,34.04255600699339],[-119.39688104289385,34.03986106114103],[-119.39418609704148,34.03986106114103],[-119.39418609704148,34.04255600699339]],[[-119.66368068227735,33.97248741483207],[-119.66368068227735,33.97518236068442],[-119.6663756281297,33.97518236068442],[-119.6663756281297,33.97787730653678],[-119.67446046568678,33.97787730653678],[-119.67446046568678,33.97518236068442],[-119.6798503573915,33.97518236068442],[-119.6798503573915,33.97248741483207],[-119.68524024909621,33.97248741483207],[-119.68524024909621,33.96709752312735],[-119.67446046568678,33.96709752312735],[-119.67446046568678,33.96440257727499],[-119.6663756281297,33.96440257727499],[-119.6663756281297,33.96709752312735],[-119.66907057398207,33.96709752312735],[-119.66907057398207,33.97248741483207],[-119.66368068227735,33.97248741483207]],[[-119.63942616960611,33.980572252389145],[-119.63942616960611,33.97518236068442],[-119.6340362779014,33.97518236068442],[-119.6340362779014,33.980572252389145],[-119.63942616960611,33.980572252389145]],[[-119.39418609704148,34.0479458986981],[-119.39418609704148,34.04255600699339],[-119.39149115118913,34.04255600699339],[-119.39149115118913,34.03986106114103],[-119.38879620533677,34.03986106114103],[-119.38879620533677,34.04525095284575],[-119.38610125948442,34.04525095284575],[-119.38610125948442,34.04255600699339],[-119.38340631363205,34.04255600699339],[-119.38340631363205,34.03716611528867],[-119.3807113677797,34.03716611528867],[-119.3807113677797,34.04525095284575],[-119.37801642192734,34.04525095284575],[-119.37801642192734,34.05333579040282],[-119.38610125948442,34.05333579040282],[-119.38610125948442,34.05603073625518],[-119.38879620533677,34.05603073625518],[-119.38879620533677,34.050640844550465],[-119.39149115118913,34.050640844550465],[-119.39149115118913,34.0479458986981],[-119.39418609704148,34.0479458986981]],[[-119.39957598874621,34.050640844550465],[-119.39957598874621,34.04525095284575],[-119.39688104289385,34.04525095284575],[-119.39688104289385,34.0479458986981],[-119.39418609704148,34.0479458986981],[-119.39418609704148,34.050640844550465],[-119.39957598874621,34.050640844550465]],[[-118.99533411089241,34.03986106114103],[-118.99802905674478,34.03986106114103],[-118.99802905674478,34.03716611528867],[-118.99533411089241,34.03716611528867],[-118.99533411089241,34.03986106114103]],[[-118.98724927333535,34.0479458986981],[-118.9899442191877,34.0479458986981],[-118.9899442191877,34.04525095284575],[-118.99263916504006,34.04525095284575],[-118.99263916504006,34.0479458986981],[-118.99533411089241,34.0479458986981],[-118.99533411089241,34.03986106114103],[-118.9899442191877,34.03986106114103],[-118.9899442191877,34.04255600699339],[-118.98724927333535,34.04255600699339],[-118.98724927333535,34.0479458986981]],[[-118.79590811781789,33.88624914755659],[-118.79321317196553,33.88624914755659],[-118.79321317196553,33.88894409340895],[-118.79590811781789,33.88894409340895],[-118.79590811781789,33.88624914755659]],[[-118.80129800952261,33.88894409340895],[-118.80129800952261,33.89163903926131],[-118.80668790122732,33.89163903926131],[-118.80668790122732,33.89433398511367],[-118.80399295537497,33.89433398511367],[-118.80399295537497,33.899723876818385],[-118.80129800952261,33.899723876818385],[-118.80129800952261,33.89433398511367],[-118.79860306367024,33.89433398511367],[-118.79860306367024,33.89163903926131],[-118.79590811781789,33.89163903926131],[-118.79590811781789,33.89702893096602],[-118.79051822611316,33.89702893096602],[-118.79051822611316,33.89433398511367],[-118.78782328026081,33.89433398511367],[-118.78782328026081,33.89163903926131],[-118.77704349685138,33.89163903926131],[-118.77704349685138,33.899723876818385],[-118.77434855099902,33.899723876818385],[-118.77434855099902,33.90241882267074],[-118.77704349685138,33.90241882267074],[-118.77704349685138,33.9051137685231],[-118.7689586592943,33.9051137685231],[-118.7689586592943,33.90780871437546],[-118.77165360514665,33.90780871437546],[-118.77165360514665,33.91319860608018],[-118.77973844270373,33.91319860608018],[-118.77973844270373,33.915893551932534],[-118.78512833440845,33.915893551932534],[-118.78512833440845,33.918588497784896],[-118.78782328026081,33.918588497784896],[-118.78782328026081,33.92128344363725],[-118.79051822611316,33.92128344363725],[-118.79051822611316,33.918588497784896],[-118.79321317196553,33.918588497784896],[-118.79321317196553,33.915893551932534],[-118.79590811781789,33.915893551932534],[-118.79590811781789,33.91050366022782],[-118.79860306367024,33.91050366022782],[-118.79860306367024,33.90780871437546],[-118.80129800952261,33.90780871437546],[-118.80129800952261,33.90241882267074],[-118.80668790122732,33.90241882267074],[-118.80668790122732,33.9051137685231],[-118.80938284707968,33.9051137685231],[-118.80938284707968,33.90241882267074],[-118.8147727387844,33.90241882267074],[-118.8147727387844,33.899723876818385],[-118.80668790122732,33.899723876818385],[-118.80668790122732,33.89702893096602],[-118.80938284707968,33.89702893096602],[-118.80938284707968,33.88624914755659],[-118.80399295537497,33.88624914755659],[-118.80399295537497,33.88894409340895],[-118.80129800952261,33.88894409340895]],[[-118.82285757634148,33.87007947244244],[-118.82285757634148,33.86199463488536],[-118.81746768463675,33.86199463488536],[-118.81746768463675,33.86738452659008],[-118.8147727387844,33.86738452659008],[-118.8147727387844,33.864689580737725],[-118.80938284707968,33.864689580737725],[-118.80938284707968,33.86199463488536],[-118.80399295537497,33.86199463488536],[-118.80399295537497,33.85929968903301],[-118.80129800952261,33.85929968903301],[-118.80129800952261,33.86199463488536],[-118.79860306367024,33.86199463488536],[-118.79860306367024,33.87007947244244],[-118.79321317196553,33.87007947244244],[-118.79321317196553,33.872774418294796],[-118.79051822611316,33.872774418294796],[-118.79051822611316,33.87816430999952],[-118.79321317196553,33.87816430999952],[-118.79321317196553,33.87546936414716],[-118.79590811781789,33.87546936414716],[-118.79590811781789,33.88624914755659],[-118.79860306367024,33.88624914755659],[-118.79860306367024,33.88894409340895],[-118.80129800952261,33.88894409340895],[-118.80129800952261,33.883554201704236],[-118.81207779293204,33.883554201704236],[-118.81207779293204,33.880859255851874],[-118.81746768463675,33.880859255851874],[-118.81746768463675,33.87546936414716],[-118.82016263048911,33.87546936414716],[-118.82016263048911,33.87007947244244],[-118.82285757634148,33.87007947244244]],[[-118.79590811781789,33.85390979732829],[-118.79590811781789,33.85660474318065],[-118.79860306367024,33.85660474318065],[-118.79860306367024,33.85390979732829],[-118.79590811781789,33.85390979732829]],[[-118.77704349685138,33.87546936414716],[-118.77704349685138,33.87816430999952],[-118.77973844270373,33.87816430999952],[-118.77973844270373,33.87546936414716],[-118.77704349685138,33.87546936414716]],[[-118.76087382173722,33.87816430999952],[-118.76087382173722,33.87546936414716],[-118.75817887588487,33.87546936414716],[-118.75817887588487,33.87816430999952],[-118.76087382173722,33.87816430999952]],[[-118.76626371344194,33.880859255851874],[-118.76626371344194,33.87546936414716],[-118.76356876758959,33.87546936414716],[-118.76356876758959,33.87816430999952],[-118.76087382173722,33.87816430999952],[-118.76087382173722,33.880859255851874],[-118.76626371344194,33.880859255851874]],[[-118.7231445798042,33.93206322704669],[-118.72853447150892,33.93206322704669],[-118.72853447150892,33.93745311875141],[-118.736619309066,33.93745311875141],[-118.736619309066,33.934758172899045],[-118.73931425491836,33.934758172899045],[-118.73931425491836,33.92936828119433],[-118.73392436321365,33.92936828119433],[-118.73392436321365,33.93206322704669],[-118.73122941736128,33.93206322704669],[-118.73122941736128,33.92667333534197],[-118.72853447150892,33.92667333534197],[-118.72853447150892,33.92397838948961],[-118.72583952565657,33.92397838948961],[-118.72583952565657,33.92936828119433],[-118.7231445798042,33.92936828119433],[-118.7231445798042,33.93206322704669]],[[-118.71775468809949,33.93745311875141],[-118.72583952565657,33.93745311875141],[-118.72583952565657,33.934758172899045],[-118.7231445798042,33.934758172899045],[-118.7231445798042,33.93206322704669],[-118.71505974224713,33.93206322704669],[-118.71505974224713,33.934758172899045],[-118.71775468809949,33.934758172899045],[-118.71775468809949,33.93745311875141]],[[-118.70966985054241,33.92936828119433],[-118.71236479639477,33.92936828119433],[-118.71236479639477,33.92667333534197],[-118.70966985054241,33.92667333534197],[-118.70966985054241,33.92936828119433]],[[-118.7042799588377,33.94014806460376],[-118.7042799588377,33.93745311875141],[-118.69889006713298,33.93745311875141],[-118.69889006713298,33.94014806460376],[-118.7042799588377,33.94014806460376]],[[-118.7042799588377,33.94284301045612],[-118.70697490469006,33.94284301045612],[-118.70697490469006,33.94014806460376],[-118.7042799588377,33.94014806460376],[-118.7042799588377,33.94284301045612]],[[-118.70158501298533,33.94553795630848],[-118.7042799588377,33.94553795630848],[-118.7042799588377,33.94284301045612],[-118.70158501298533,33.94284301045612],[-118.70158501298533,33.94553795630848]],[[-118.69350017542826,33.99404698165093],[-118.69350017542826,33.99135203579858],[-118.68811028372355,33.99135203579858],[-118.68811028372355,33.99404698165093],[-118.69350017542826,33.99404698165093]],[[-118.5803124496292,33.969792468979705],[-118.58300739548156,33.969792468979705],[-118.58300739548156,33.96709752312735],[-118.5803124496292,33.96709752312735],[-118.5803124496292,33.969792468979705]],[[-118.61804169156223,34.031776223583954],[-118.61804169156223,34.02908127773159],[-118.6261265291193,34.02908127773159],[-118.6261265291193,34.034471169436316],[-118.64229620423345,34.034471169436316],[-118.64229620423345,34.03716611528867],[-118.65038104179052,34.03716611528867],[-118.65038104179052,34.034471169436316],[-118.66116082519996,34.034471169436316],[-118.66116082519996,34.03716611528867],[-118.67194060860939,34.03716611528867],[-118.67194060860939,34.034471169436316],[-118.67463555446176,34.034471169436316],[-118.67463555446176,34.02908127773159],[-118.67733050031411,34.02908127773159],[-118.67733050031411,34.01830149432216],[-118.68002544616647,34.01830149432216],[-118.68002544616647,34.015606548469805],[-118.68272039201882,34.015606548469805],[-118.68272039201882,34.01830149432216],[-118.68541533787119,34.01830149432216],[-118.68541533787119,34.015606548469805],[-118.6908052295759,34.015606548469805],[-118.6908052295759,34.01830149432216],[-118.69350017542826,34.01830149432216],[-118.69350017542826,34.01291160261744],[-118.68811028372355,34.01291160261744],[-118.68811028372355,34.01021665676509],[-118.69350017542826,34.01021665676509],[-118.69350017542826,33.99943687335565],[-118.69619512128062,33.99943687335565],[-118.69619512128062,33.996741927503294],[-118.69889006713298,33.996741927503294],[-118.69889006713298,33.99135203579858],[-118.70158501298533,33.99135203579858],[-118.70158501298533,33.988657089946216],[-118.7042799588377,33.988657089946216],[-118.7042799588377,33.98596214409386],[-118.70158501298533,33.98596214409386],[-118.70158501298533,33.9832671982415],[-118.69889006713298,33.9832671982415],[-118.69889006713298,33.988657089946216],[-118.69619512128062,33.988657089946216],[-118.69619512128062,33.99404698165093],[-118.69350017542826,33.99404698165093],[-118.69350017542826,33.996741927503294],[-118.68811028372355,33.996741927503294],[-118.68811028372355,34.00213181920801],[-118.6908052295759,34.00213181920801],[-118.6908052295759,34.00752171091273],[-118.68811028372355,34.00752171091273],[-118.68811028372355,34.00482676506037],[-118.68541533787119,34.00482676506037],[-118.68541533787119,34.00213181920801],[-118.68272039201882,34.00213181920801],[-118.68272039201882,34.00752171091273],[-118.67733050031411,34.00752171091273],[-118.67733050031411,34.01291160261744],[-118.67194060860939,34.01291160261744],[-118.67194060860939,34.01021665676509],[-118.67463555446176,34.01021665676509],[-118.67463555446176,34.00482676506037],[-118.66924566275704,34.00482676506037],[-118.66924566275704,34.00213181920801],[-118.66655071690468,34.00213181920801],[-118.66655071690468,34.00482676506037],[-118.66385577105231,34.00482676506037],[-118.66385577105231,34.00213181920801],[-118.66116082519996,34.00213181920801],[-118.66116082519996,33.99943687335565],[-118.6584658793476,33.99943687335565],[-118.6584658793476,33.996741927503294],[-118.65577093349525,33.996741927503294],[-118.65577093349525,33.99135203579858],[-118.65038104179052,33.99135203579858],[-118.65038104179052,33.9832671982415],[-118.65307598764288,33.9832671982415],[-118.65307598764288,33.97787730653678],[-118.6584658793476,33.97787730653678],[-118.6584658793476,33.97248741483207],[-118.64768609593817,33.97248741483207],[-118.64768609593817,33.969792468979705],[-118.63421136667637,33.969792468979705],[-118.63421136667637,33.97248741483207],[-118.63690631252874,33.97248741483207],[-118.63690631252874,33.97518236068442],[-118.63421136667637,33.97518236068442],[-118.63421136667637,33.97787730653678],[-118.63690631252874,33.97787730653678],[-118.63690631252874,33.980572252389145],[-118.63421136667637,33.980572252389145],[-118.63421136667637,33.98596214409386],[-118.6261265291193,33.98596214409386],[-118.6261265291193,33.9832671982415],[-118.62343158326694,33.9832671982415],[-118.62343158326694,33.980572252389145],[-118.62073663741458,33.980572252389145],[-118.62073663741458,33.97248741483207],[-118.6261265291193,33.97248741483207],[-118.6261265291193,33.969792468979705],[-118.62073663741458,33.969792468979705],[-118.62073663741458,33.96709752312735],[-118.6126517998575,33.96709752312735],[-118.6126517998575,33.96440257727499],[-118.60456696230042,33.96440257727499],[-118.60456696230042,33.961707631422634],[-118.59648212474335,33.961707631422634],[-118.59648212474335,33.96709752312735],[-118.59378717889099,33.96709752312735],[-118.59378717889099,33.96440257727499],[-118.59109223303864,33.96440257727499],[-118.59109223303864,33.96709752312735],[-118.58839728718628,33.96709752312735],[-118.58839728718628,33.969792468979705],[-118.58570234133391,33.969792468979705],[-118.58570234133391,33.97248741483207],[-118.5803124496292,33.97248741483207],[-118.5803124496292,33.969792468979705],[-118.57222761207213,33.969792468979705],[-118.57222761207213,33.96709752312735],[-118.5668377203674,33.96709752312735],[-118.5668377203674,33.96440257727499],[-118.56953266621977,33.96440257727499],[-118.56953266621977,33.961707631422634],[-118.57222761207213,33.961707631422634],[-118.57222761207213,33.95901268557027],[-118.5668377203674,33.95901268557027],[-118.5668377203674,33.961707631422634],[-118.55875288281034,33.961707631422634],[-118.55875288281034,33.96709752312735],[-118.55336299110562,33.96709752312735],[-118.55336299110562,33.97248741483207],[-118.55066804525326,33.97248741483207],[-118.55066804525326,33.96440257727499],[-118.55336299110562,33.96440257727499],[-118.55336299110562,33.950927848013194],[-118.55066804525326,33.950927848013194],[-118.55066804525326,33.95631773971792],[-118.54527815354854,33.95631773971792],[-118.54527815354854,33.961707631422634],[-118.5479730994009,33.961707631422634],[-118.5479730994009,33.97787730653678],[-118.55066804525326,33.97787730653678],[-118.55066804525326,33.97518236068442],[-118.55336299110562,33.97518236068442],[-118.55336299110562,33.97787730653678],[-118.55605793695797,33.97787730653678],[-118.55605793695797,33.980572252389145],[-118.5479730994009,33.980572252389145],[-118.5479730994009,33.98596214409386],[-118.55066804525326,33.98596214409386],[-118.55066804525326,33.9832671982415],[-118.55336299110562,33.9832671982415],[-118.55336299110562,33.988657089946216],[-118.55066804525326,33.988657089946216],[-118.55066804525326,33.99404698165093],[-118.55605793695797,33.99404698165093],[-118.55605793695797,33.99135203579858],[-118.55875288281034,33.99135203579858],[-118.55875288281034,33.996741927503294],[-118.5614478286627,33.996741927503294],[-118.5614478286627,34.00213181920801],[-118.56414277451505,34.00213181920801],[-118.56414277451505,33.99943687335565],[-118.5668377203674,33.99943687335565],[-118.5668377203674,34.00482676506037],[-118.56953266621977,34.00482676506037],[-118.56953266621977,34.00213181920801],[-118.57222761207213,34.00213181920801],[-118.57222761207213,34.00752171091273],[-118.56953266621977,34.00752171091273],[-118.56953266621977,34.01021665676509],[-118.57492255792448,34.01021665676509],[-118.57492255792448,34.00482676506037],[-118.57761750377685,34.00482676506037],[-118.57761750377685,34.01021665676509],[-118.58300739548156,34.01021665676509],[-118.58300739548156,34.00752171091273],[-118.58839728718628,34.00752171091273],[-118.58839728718628,34.00213181920801],[-118.59109223303864,34.00213181920801],[-118.59109223303864,34.00752171091273],[-118.59378717889099,34.00752171091273],[-118.59378717889099,34.01291160261744],[-118.59648212474335,34.01291160261744],[-118.59648212474335,34.01830149432216],[-118.60456696230042,34.01830149432216],[-118.60456696230042,34.023691386026876],[-118.6072619081528,34.023691386026876],[-118.6072619081528,34.02638633187924],[-118.6126517998575,34.02638633187924],[-118.6126517998575,34.034471169436316],[-118.61534674570986,34.034471169436316],[-118.61534674570986,34.031776223583954],[-118.61804169156223,34.031776223583954]],[[-118.63421136667637,33.91319860608018],[-118.63421136667637,33.91050366022782],[-118.64229620423345,33.91050366022782],[-118.64229620423345,33.9051137685231],[-118.6449911500858,33.9051137685231],[-118.6449911500858,33.899723876818385],[-118.64229620423345,33.899723876818385],[-118.64229620423345,33.89702893096602],[-118.63960125838109,33.89702893096602],[-118.63960125838109,33.89163903926131],[-118.63690631252874,33.89163903926131],[-118.63690631252874,33.89702893096602],[-118.63421136667637,33.89702893096602],[-118.63421136667637,33.90241882267074],[-118.63151642082401,33.90241882267074],[-118.63151642082401,33.899723876818385],[-118.62882147497166,33.899723876818385],[-118.62882147497166,33.89433398511367],[-118.6261265291193,33.89433398511367],[-118.6261265291193,33.89163903926131],[-118.62343158326694,33.89163903926131],[-118.62343158326694,33.88894409340895],[-118.62073663741458,33.88894409340895],[-118.62073663741458,33.89163903926131],[-118.61804169156223,33.89163903926131],[-118.61804169156223,33.89433398511367],[-118.62073663741458,33.89433398511367],[-118.62073663741458,33.89702893096602],[-118.61534674570986,33.89702893096602],[-118.61534674570986,33.89433398511367],[-118.6126517998575,33.89433398511367],[-118.6126517998575,33.89702893096602],[-118.59917707059572,33.89702893096602],[-118.59917707059572,33.90241882267074],[-118.60456696230042,33.90241882267074],[-118.60456696230042,33.9051137685231],[-118.60995685400515,33.9051137685231],[-118.60995685400515,33.899723876818385],[-118.61534674570986,33.899723876818385],[-118.61534674570986,33.90241882267074],[-118.61804169156223,33.90241882267074],[-118.61804169156223,33.90780871437546],[-118.62073663741458,33.90780871437546],[-118.62073663741458,33.91319860608018],[-118.62343158326694,33.91319860608018],[-118.62343158326694,33.915893551932534],[-118.6261265291193,33.915893551932534],[-118.6261265291193,33.918588497784896],[-118.63151642082401,33.918588497784896],[-118.63151642082401,33.91319860608018],[-118.63421136667637,33.91319860608018]],[[-118.63960125838109,33.934758172899045],[-118.63960125838109,33.93206322704669],[-118.63690631252874,33.93206322704669],[-118.63690631252874,33.934758172899045],[-118.63960125838109,33.934758172899045]],[[-118.6261265291193,33.837740122214136],[-118.6261265291193,33.83504517636178],[-118.62343158326694,33.83504517636178],[-118.62343158326694,33.837740122214136],[-118.6261265291193,33.837740122214136]],[[-118.62882147497166,33.8404350680665],[-118.62882147497166,33.837740122214136],[-118.6261265291193,33.837740122214136],[-118.6261265291193,33.8404350680665],[-118.62882147497166,33.8404350680665]],[[-118.60995685400515,33.93745311875141],[-118.60995685400515,33.94284301045612],[-118.61534674570986,33.94284301045612],[-118.61534674570986,33.93745311875141],[-118.60995685400515,33.93745311875141]],[[-118.60995685400515,33.92936828119433],[-118.60995685400515,33.92667333534197],[-118.6072619081528,33.92667333534197],[-118.6072619081528,33.92936828119433],[-118.60995685400515,33.92936828119433]],[[-118.55336299110562,33.85390979732829],[-118.55336299110562,33.85660474318065],[-118.5614478286627,33.85660474318065],[-118.5614478286627,33.86199463488536],[-118.56414277451505,33.86199463488536],[-118.56414277451505,33.84851990562357],[-118.55875288281034,33.84851990562357],[-118.55875288281034,33.85121485147593],[-118.55605793695797,33.85121485147593],[-118.55605793695797,33.85390979732829],[-118.55336299110562,33.85390979732829]],[[-118.55066804525326,33.85121485147593],[-118.55066804525326,33.84851990562357],[-118.54258320769618,33.84851990562357],[-118.54258320769618,33.85390979732829],[-118.5479730994009,33.85390979732829],[-118.5479730994009,33.85121485147593],[-118.55066804525326,33.85121485147593]],[[-118.55336299110562,33.85390979732829],[-118.55336299110562,33.85121485147593],[-118.55066804525326,33.85121485147593],[-118.55066804525326,33.85390979732829],[-118.55336299110562,33.85390979732829]],[[-118.53719331599146,33.80540077198584],[-118.53719331599146,33.802705826133476],[-118.53180342428675,33.802705826133476],[-118.53180342428675,33.80540077198584],[-118.53719331599146,33.80540077198584]],[[-118.54258320769618,33.80809571783819],[-118.54258320769618,33.80540077198584],[-118.53719331599146,33.80540077198584],[-118.53719331599146,33.80809571783819],[-118.54258320769618,33.80809571783819]],[[-118.51293880332024,33.915893551932534],[-118.51293880332024,33.91050366022782],[-118.51024385746788,33.91050366022782],[-118.51024385746788,33.91319860608018],[-118.50485396576316,33.91319860608018],[-118.50485396576316,33.915893551932534],[-118.51293880332024,33.915893551932534]],[[-118.49137923650137,33.96440257727499],[-118.49137923650137,33.961707631422634],[-118.49946407405845,33.961707631422634],[-118.49946407405845,33.95631773971792],[-118.50485396576316,33.95631773971792],[-118.50485396576316,33.953622793865556],[-118.50754891161552,33.953622793865556],[-118.50754891161552,33.950927848013194],[-118.51024385746788,33.950927848013194],[-118.51024385746788,33.94823290216084],[-118.52102364087732,33.94823290216084],[-118.52102364087732,33.94553795630848],[-118.52641353258203,33.94553795630848],[-118.52641353258203,33.94823290216084],[-118.5291084784344,33.94823290216084],[-118.5291084784344,33.94284301045612],[-118.53180342428675,33.94284301045612],[-118.53180342428675,33.94823290216084],[-118.53719331599146,33.94823290216084],[-118.53719331599146,33.94284301045612],[-118.5344983701391,33.94284301045612],[-118.5344983701391,33.93745311875141],[-118.53180342428675,33.93745311875141],[-118.53180342428675,33.93206322704669],[-118.5291084784344,33.93206322704669],[-118.5291084784344,33.92936828119433],[-118.52641353258203,33.92936828119433],[-118.52641353258203,33.934758172899045],[-118.52371858672967,33.934758172899045],[-118.52371858672967,33.92667333534197],[-118.52102364087732,33.92667333534197],[-118.52102364087732,33.92397838948961],[-118.5156337491726,33.92397838948961],[-118.5156337491726,33.915893551932534],[-118.51293880332024,33.915893551932534],[-118.51293880332024,33.92128344363725],[-118.51024385746788,33.92128344363725],[-118.51024385746788,33.92667333534197],[-118.50754891161552,33.92667333534197],[-118.50754891161552,33.934758172899045],[-118.50485396576316,33.934758172899045],[-118.50485396576316,33.92397838948961],[-118.5021590199108,33.92397838948961],[-118.5021590199108,33.92667333534197],[-118.49946407405845,33.92667333534197],[-118.49946407405845,33.92936828119433],[-118.5021590199108,33.92936828119433],[-118.5021590199108,33.934758172899045],[-118.49676912820608,33.934758172899045],[-118.49676912820608,33.93745311875141],[-118.49407418235373,33.93745311875141],[-118.49407418235373,33.934758172899045],[-118.49137923650137,33.934758172899045],[-118.49137923650137,33.93206322704669],[-118.488684290649,33.93206322704669],[-118.488684290649,33.934758172899045],[-118.48598934479665,33.934758172899045],[-118.48598934479665,33.92936828119433],[-118.48059945309194,33.92936828119433],[-118.48059945309194,33.93206322704669],[-118.4832943989443,33.93206322704669],[-118.4832943989443,33.93745311875141],[-118.48059945309194,33.93745311875141],[-118.48059945309194,33.94823290216084],[-118.4832943989443,33.94823290216084],[-118.4832943989443,33.953622793865556],[-118.48598934479665,33.953622793865556],[-118.48598934479665,33.95631773971792],[-118.488684290649,33.95631773971792],[-118.488684290649,33.961707631422634],[-118.48598934479665,33.961707631422634],[-118.48598934479665,33.96440257727499],[-118.49137923650137,33.96440257727499]],[[-118.52641353258203,33.845824959771214],[-118.5344983701391,33.845824959771214],[-118.5344983701391,33.84313001391885],[-118.53180342428675,33.84313001391885],[-118.53180342428675,33.8404350680665],[-118.5344983701391,33.8404350680665],[-118.5344983701391,33.83504517636178],[-118.53180342428675,33.83504517636178],[-118.53180342428675,33.837740122214136],[-118.5291084784344,33.837740122214136],[-118.5291084784344,33.84313001391885],[-118.52641353258203,33.84313001391885],[-118.52641353258203,33.845824959771214]],[[-118.52102364087732,33.91319860608018],[-118.52102364087732,33.91050366022782],[-118.5156337491726,33.91050366022782],[-118.5156337491726,33.91319860608018],[-118.52102364087732,33.91319860608018]],[[-118.488684290649,33.969792468979705],[-118.488684290649,33.96709752312735],[-118.48598934479665,33.96709752312735],[-118.48598934479665,33.969792468979705],[-118.488684290649,33.969792468979705]],[[-118.49137923650137,33.969792468979705],[-118.488684290649,33.969792468979705],[-118.488684290649,33.97248741483207],[-118.49137923650137,33.97248741483207],[-118.49137923650137,33.969792468979705]],[[-118.49407418235373,33.969792468979705],[-118.49407418235373,33.96440257727499],[-118.49137923650137,33.96440257727499],[-118.49137923650137,33.969792468979705],[-118.49407418235373,33.969792468979705]]]},"id":"-44140+12691","properties":{"area_sq_km":8767.0,"count":117762,"label":0,"latitude":34.005988421775356,"longitude":-119.42104203542105,"near_healthy_bed":0,"priority_score":26300.0,"priority_tier":"critical","recommended_action":"urchin_removal_then_replant","region_id":"channel_islands","region_name":"Channel Islands, CA","state":"CA","status":0,"status_label":"barren"}},{"type":"Feature","geometry":{"geodesic":false,"type":"Polygon","coordinates":[[[-118.6261265291193,34.02638633187924],[-118.6261265291193,34.023691386026876],[-118.62073663741458,34.023691386026876],[-118.62073663741458,34.01830149432216],[-118.61804169156223,34.01830149432216],[-118.61804169156223,34.015606548469805],[-118.61534674570986,34.015606548469805],[-118.61534674570986,34.01291160261744],[-118.61804169156223,34.01291160261744],[-118.61804169156223,34.004826765060365],[-118.61534674570986,34.004826765060365],[-118.61534674570986,34.01021665676509],[-118.6126517998575,34.01021665676509],[-118.6126517998575,34.015606548469805],[-118.60995685400515,34.015606548469805],[-118.60995685400515,34.01830149432216],[-118.6072619081528,34.01830149432216],[-118.6072619081528,34.023691386026876],[-118.6126517998575,34.023691386026876],[-118.6126517998575,34.02638633187924],[-118.6261265291193,34.02638633187924]]]},"id":"-44014+12625","properties":{"area_sq_km":2.0,"count":23,"label":0,"latitude":34.0190629055542,"longitude":-118.61552245277886,"near_healthy_bed":1,"priority_score":6.0,"priority_tier":"critical","recommended_action":"urchin_removal_then_replant","region_id":"channel_islands","region_name":"Channel Islands, CA","state":"CA","status":0,"status_label":"barren"}},{"type":"Feature","geometry":{"geodesic":false,"type":"Polygon","coordinates":[[[-118.66116082519996,34.00482676506037],[-118.66116082519996,34.00213181920801],[-118.65577093349525,34.00213181920801],[-118.65577093349525,33.99943687335565],[-118.65038104179052,33.99943687335565],[-118.65038104179052,34.00482676506037],[-118.64229620423345,34.00482676506037],[-118.64229620423345,34.00752171091273],[-118.64768609593817,34.00752171091273],[-118.64768609593817,34.01291160261744],[-118.65038104179052,34.01291160261744],[-118.65038104179052,34.015606548469805],[-118.65307598764288,34.015606548469805],[-118.65307598764288,34.01291160261744],[-118.65577093349525,34.01291160261744],[-118.65577093349525,34.01021665676509],[-118.66655071690468,34.01021665676509],[-118.66655071690468,34.00752171091273],[-118.66385577105231,34.00752171091273],[-118.66385577105231,34.00482676506037],[-118.66116082519996,34.00482676506037]],[[-118.66116082519996,34.00482676506037],[-118.6584658793476,34.00482676506037],[-118.6584658793476,34.00752171091273],[-118.66116082519996,34.00752171091273],[-118.66116082519996,34.00482676506037]],[[-118.65577093349525,34.00482676506037],[-118.65307598764288,34.00482676506037],[-118.65307598764288,34.00752171091273],[-118.65577093349525,34.00752171091273],[-118.65577093349525,34.00482676506037]]]},"id":"-44028+12621","properties":{"area_sq_km":2.0,"count":23,"label":0,"latitude":34.00711160973069,"longitude":-118.65418916922553,"near_healthy_bed":1,"priority_score":6.0,"priority_tier":"critical","recommended_action":"urchin_removal_then_replant","region_id":"channel_islands","region_name":"Channel Islands, CA","state":"CA","status":0,"status_label":"barren"}},{"type":"Feature","geometry":{"geodesic":false,"type":"Polygon","coordinates":[[[-118.49137923650137,33.90780871437546],[-118.49137923650137,33.899723876818385],[-118.488684290649,33.899723876818385],[-118.488684290649,33.89702893096602],[-118.4832943989443,33.89702893096602],[-118.4832943989443,33.899723876818385],[-118.47790450723957,33.899723876818385],[-118.47790450723957,33.89702893096602],[-118.47520956138722,33.89702893096602],[-118.47520956138722,33.90241882267074],[-118.47790450723957,33.90241882267074],[-118.47790450723957,33.9051137685231],[-118.488684290649,33.9051137685231],[-118.488684290649,33.90780871437546],[-118.49137923650137,33.90780871437546]]]},"id":"-43968+12581","properties":{"area_sq_km":1.0,"count":15,"label":0,"latitude":33.901790052117775,"longitude":-118.4841028007402,"near_healthy_bed":1,"priority_score":4.0,"priority_tier":"needs_help","recommended_action":"urchin_removal_then_replant","region_id":"channel_islands","region_name":"Channel Islands, CA","state":"CA","status":0,"status_label":"barren"}},{"type":"Feature","geometry":{"geodesic":false,"type":"Polygon","coordinates":[[[-118.7824333885561,33.91319860608018],[-118.7824333885561,33.91050366022782],[-118.78512833440845,33.91050366022782],[-118.78512833440845,33.90780871437546],[-118.79051822611316,33.90780871437546],[-118.79051822611316,33.91319860608018],[-118.79321317196553,33.91319860608018],[-118.79321317196553,33.9051137685231],[-118.79051822611316,33.9051137685231],[-118.79051822611316,33.90241882267074],[-118.78512833440845,33.90241882267074],[-118.78512833440845,33.899723876818385],[-118.7824333885561,33.899723876818385],[-118.7824333885561,33.9051137685231],[-118.77704349685138,33.9051137685231],[-118.77704349685138,33.91050366022782],[-118.77973844270373,33.91050366022782],[-118.77973844270373,33.91319860608018],[-118.7824333885561,33.91319860608018]]]},"id":"-44076+12583","properties":{"area_sq_km":1.0,"count":16,"label":0,"latitude":33.90696653146179,"longitude":-118.78512834335382,"near_healthy_bed":1,"priority_score":4.0,"priority_tier":"needs_help","recommended_action":"urchin_removal_then_replant","region_id":"channel_islands","region_name":"Channel Islands, CA","state":"CA","status":0,"status_label":"barren"}},{"type":"Feature","geometry":{"geodesic":false,"type":"Polygon","coordinates":[[[-118.60995685400515,34.00752171091273],[-118.60995685400515,33.99943687335565],[-118.6126517998575,33.99943687335565],[-118.6126517998575,33.996741927503294],[-118.60187201644807,33.996741927503294],[-118.60187201644807,34.00213181920801],[-118.59917707059572,34.00213181920801],[-118.59917707059572,34.004826765060365],[-118.6072619081528,34.004826765060365],[-118.6072619081528,34.00752171091273],[-118.60995685400515,34.00752171091273]]]},"id":"-44012+12618","properties":{"area_sq_km":1.0,"count":12,"label":0,"latitude":34.0012335114332,"longitude":-118.6061390240837,"near_healthy_bed":1,"priority_score":3.0,"priority_tier":"needs_help","recommended_action":"urchin_removal_then_replant","region_id":"channel_islands","region_name":"Channel Islands, CA","state":"CA","status":0,"status_label":"barren"}},{"type":"Feature","geometry":{"geodesic":false,"type":"Polygon","coordinates":[[[-118.80399295537497,33.880859255851874],[-118.80399295537497,33.87816430999951],[-118.80668790122732,33.87816430999951],[-118.80668790122732,33.87546936414716],[-118.80938284707968,33.87546936414716],[-118.80938284707968,33.87007947244244],[-118.80399295537497,33.87007947244244],[-118.80399295537497,33.872774418294796],[-118.79590811781789,33.872774418294796],[-118.79590811781789,33.87546936414716],[-118.79860306367024,33.87546936414716],[-118.79860306367024,33.87816430999951],[-118.8012980095226,33.87816430999951],[-118.8012980095226,33.880859255851874],[-118.80399295537497,33.880859255851874]]]},"id":"-44084+12571","properties":{"area_sq_km":1.0,"count":11,"label":0,"latitude":33.87485686950369,"longitude":-118.80338053706487,"near_healthy_bed":1,"priority_score":3.0,"priority_tier":"needs_help","recommended_action":"urchin_removal_then_replant","region_id":"channel_islands","region_name":"Channel Islands, CA","state":"CA","status":0,"status_label":"barren"}},{"type":"Feature","geometry":{"geodesic":false,"type":"Polygon","coordinates":[[[-118.49676912820608,33.88894409340895],[-118.49676912820608,33.883554201704236],[-118.49407418235373,33.883554201704236],[-118.49407418235373,33.87816430999951],[-118.49137923650137,33.87816430999951],[-118.49137923650137,33.88894409340895],[-118.49676912820608,33.88894409340895]]]},"id":"-43969+12574","properties":{"area_sq_km":0.0,"count":6,"label":0,"latitude":33.88445243491332,"longitude":-118.49362498773068,"near_healthy_bed":1,"priority_score":2.0,"priority_tier":"needs_help","recommended_action":"urchin_removal_then_replant","region_id":"channel_islands","region_name":"Channel Islands, CA","state":"CA","status":0,"status_label":"barren"}},{"type":"Feature","geometry":{"geodesic":false,"type":"Polygon","coordinates":[[[-118.51293880332024,33.89163903926131],[-118.51293880332024,33.88894409340895],[-118.50754891161552,33.88894409340895],[-118.50754891161552,33.88624914755659],[-118.51024385746788,33.88624914755659],[-118.51024385746788,33.880859255851874],[-118.50485396576316,33.880859255851874],[-118.50485396576316,33.89163903926131],[-118.51293880332024,33.89163903926131]]]},"id":"-43974+12575","properties":{"area_sq_km":1.0,"count":8,"label":0,"latitude":33.88658593594366,"longitude":-118.50788574267001,"near_healthy_bed":1,"priority_score":2.0,"priority_tier":"needs_help","recommended_action":"urchin_removal_then_replant","region_id":"channel_islands","region_name":"Channel Islands, CA","state":"CA","status":0,"status_label":"barren"}},{"type":"Feature","geometry":{"geodesic":false,"type":"Polygon","coordinates":[[[-118.51293880332024,33.90241882267074],[-118.51293880332024,33.89433398511367],[-118.50485396576316,33.89433398511367],[-118.50485396576316,33.899723876818385],[-118.51024385746788,33.899723876818385],[-118.51024385746788,33.90241882267074],[-118.51293880332024,33.90241882267074]]]},"id":"-43976+12579","properties":{"area_sq_km":1.0,"count":7,"label":0,"latitude":33.897606421906765,"longitude":-118.50928134520802,"near_healthy_bed":1,"priority_score":2.0,"priority_tier":"needs_help","recommended_action":"urchin_removal_then_replant","region_id":"channel_islands","region_name":"Channel Islands, CA","state":"CA","status":0,"status_label":"barren"}},{"type":"Feature","geometry":{"geodesic":false,"type":"Polygon","coordinates":[[[-118.54258320769618,33.87816430999951],[-118.54258320769618,33.87546936414716],[-118.53988826184383,33.87546936414716],[-118.53988826184383,33.872774418294796],[-118.53719331599146,33.872774418294796],[-118.53719331599146,33.87007947244244],[-118.5344983701391,33.87007947244244],[-118.5344983701391,33.87816430999951],[-118.54258320769618,33.87816430999951]]]},"id":"-43985+12570","properties":{"area_sq_km":0.0,"count":6,"label":0,"latitude":33.87502019856235,"longitude":-118.53764243284515,"near_healthy_bed":1,"priority_score":2.0,"priority_tier":"needs_help","recommended_action":"urchin_removal_then_replant","region_id":"channel_islands","region_name":"Channel Islands, CA","state":"CA","status":0,"status_label":"barren"}},{"type":"Feature","geometry":{"geodesic":false,"type":"Polygon","coordinates":[[[-118.53988826184383,33.89433398511367],[-118.53988826184383,33.89163903926131],[-118.54258320769618,33.89163903926131],[-118.54258320769618,33.88894409340895],[-118.5344983701391,33.88894409340895],[-118.5344983701391,33.89433398511367],[-118.53988826184383,33.89433398511367]]]},"id":"-43985+12576","properties":{"area_sq_km":0.0,"count":5,"label":0,"latitude":33.89136956847049,"longitude":-118.53800181367244,"near_healthy_bed":1,"priority_score":2.0,"priority_tier":"needs_help","recommended_action":"urchin_removal_then_replant","region_id":"channel_islands","region_name":"Channel Islands, CA","state":"CA","status":0,"status_label":"barren"}},{"type":"Feature","geometry":{"geodesic":false,"type":"Polygon","coordinates":[[[-118.55336299110562,33.91050366022782],[-118.55336299110562,33.9051137685231],[-118.55605793695797,33.9051137685231],[-118.55605793695797,33.90241882267074],[-118.55336299110562,33.90241882267074],[-118.55336299110562,33.899723876818385],[-118.54797309940089,33.899723876818385],[-118.54797309940089,33.90241882267074],[-118.55066804525326,33.90241882267074],[-118.55066804525326,33.9051137685231],[-118.54797309940089,33.9051137685231],[-118.54797309940089,33.90780871437546],[-118.55066804525326,33.90780871437546],[-118.55066804525326,33.91050366022782],[-118.55336299110562,33.91050366022782]]]},"id":"-43991+12582","properties":{"area_sq_km":1.0,"count":7,"label":0,"latitude":33.90453620937547,"longitude":-118.55163052053112,"near_healthy_bed":1,"priority_score":2.0,"priority_tier":"needs_help","recommended_action":"urchin_removal_then_replant","region_id":"channel_islands","region_name":"Channel Islands, CA","state":"CA","status":0,"status_label":"barren"}},{"type":"Feature","geometry":{"geodesic":false,"type":"Polygon","coordinates":[[[-118.5668377203674,33.91050366022782],[-118.5668377203674,33.90780871437546],[-118.56953266621977,33.90780871437546],[-118.56953266621977,33.9051137685231],[-118.5668377203674,33.9051137685231],[-118.5668377203674,33.90241882267074],[-118.5614478286627,33.90241882267074],[-118.5614478286627,33.899723876818385],[-118.55605793695797,33.899723876818385],[-118.55605793695797,33.90241882267074],[-118.55875288281034,33.90241882267074],[-118.55875288281034,33.9051137685231],[-118.56414277451505,33.9051137685231],[-118.56414277451505,33.91050366022782],[-118.5668377203674,33.91050366022782]]]},"id":"-43996+12582","properties":{"area_sq_km":1.0,"count":8,"label":0,"latitude":33.904440009713014,"longitude":-118.56313200699465,"near_healthy_bed":1,"priority_score":2.0,"priority_tier":"needs_help","recommended_action":"urchin_removal_then_replant","region_id":"channel_islands","region_name":"Channel Islands, CA","state":"CA","status":0,"status_label":"barren"}},{"type":"Feature","geometry":{"geodesic":false,"type":"Polygon","coordinates":[[[-118.56953266621977,33.99135203579858],[-118.56953266621977,33.980572252389145],[-118.5668377203674,33.980572252389145],[-118.5668377203674,33.988657089946216],[-118.56414277451505,33.988657089946216],[-118.56414277451505,33.99135203579858],[-118.56953266621977,33.99135203579858]]]},"id":"-43996+12612","properties":{"area_sq_km":0.0,"count":5,"label":0,"latitude":33.986770526585225,"longitude":-118.56764624336684,"near_healthy_bed":1,"priority_score":2.0,"priority_tier":"needs_help","recommended_action":"urchin_removal_then_replant","region_id":"channel_islands","region_name":"Channel Islands, CA","state":"CA","status":0,"status_label":"barren"}},{"type":"Feature","geometry":{"geodesic":false,"type":"Polygon","coordinates":[[[-118.57761750377685,33.98596214409386],[-118.57761750377685,33.980572252389145],[-118.58300739548156,33.980572252389145],[-118.58300739548156,33.97787730653678],[-118.57492255792448,33.97787730653678],[-118.57492255792448,33.98596214409386],[-118.57761750377685,33.98596214409386]]]},"id":"-44000+12610","properties":{"area_sq_km":0.0,"count":5,"label":0,"latitude":33.98084173662844,"longitude":-118.57788705583413,"near_healthy_bed":1,"priority_score":2.0,"priority_tier":"needs_help","recommended_action":"urchin_removal_then_replant","region_id":"channel_islands","region_name":"Channel Islands, CA","state":"CA","status":0,"status_label":"barren"}},{"type":"Feature","geometry":{"geodesic":false,"type":"Polygon","coordinates":[[[-118.58839728718628,33.97787730653678],[-118.58839728718628,33.97518236068442],[-118.59648212474335,33.97518236068442],[-118.59648212474335,33.97248741483207],[-118.59109223303864,33.97248741483207],[-118.59109223303864,33.969792468979705],[-118.58839728718628,33.969792468979705],[-118.58839728718628,33.97248741483207],[-118.58570234133391,33.97248741483207],[-118.58570234133391,33.97787730653678],[-118.58839728718628,33.97787730653678]]]},"id":"-44004+12607","properties":{"area_sq_km":0.0,"count":6,"label":0,"latitude":33.9738349051701,"longitude":-118.5901939559596,"near_healthy_bed":1,"priority_score":2.0,"priority_tier":"needs_help","recommended_action":"urchin_removal_then_replant","region_id":"channel_islands","region_name":"Channel Islands, CA","state":"CA","status":0,"status_label":"barren"}},{"type":"Feature","geometry":{"geodesic":false,"type":"Polygon","coordinates":[[[-118.63421136667637,33.87007947244244],[-118.63421136667637,33.864689580737725],[-118.63151642082401,33.864689580737725],[-118.63151642082401,33.86199463488536],[-118.62882147497166,33.86199463488536],[-118.62882147497166,33.864689580737725],[-118.62343158326694,33.864689580737725],[-118.62343158326694,33.86738452659008],[-118.62882147497166,33.86738452659008],[-118.62882147497166,33.87007947244244],[-118.63421136667637,33.87007947244244]]]},"id":"-44020+12567","properties":{"area_sq_km":1.0,"count":7,"label":0,"latitude":33.866422050028646,"longitude":-118.62978393060168,"near_healthy_bed":1,"priority_score":2.0,"priority_tier":"needs_help","recommended_action":"urchin_removal_then_replant","region_id":"channel_islands","region_name":"Channel Islands, CA","state":"CA","status":0,"status_label":"barren"}},{"type":"Feature","geometry":{"geodesic":false,"type":"Polygon","coordinates":[[[-118.66924566275704,34.031776223583954],[-118.66924566275704,34.023691386026876],[-118.66655071690468,34.023691386026876],[-118.66655071690468,34.02638633187924],[-118.66116082519996,34.02638633187924],[-118.66116082519996,34.023691386026876],[-118.65577093349525,34.023691386026876],[-118.65577093349525,34.02638633187924],[-118.6584658793476,34.02638633187924],[-118.6584658793476,34.02908127773159],[-118.66655071690468,34.02908127773159],[-118.66655071690468,34.031776223583954],[-118.66924566275704,34.031776223583954]]]},"id":"-44034+12627","properties":{"area_sq_km":1.0,"count":8,"label":0,"latitude":34.02706011332743,"longitude":-118.66351882353244,"near_healthy_bed":1,"priority_score":2.0,"priority_tier":"needs_help","recommended_action":"urchin_removal_then_replant","region_id":"channel_islands","region_name":"Channel Islands, CA","state":"CA","status":0,"status_label":"barren"}},{"type":"Feature","geometry":{"geodesic":false,"type":"Polygon","coordinates":[[[-118.42400559019241,33.802705826133476],[-118.42131064434004,33.802705826133476],[-118.42131064434004,33.80540077198584],[-118.42400559019241,33.80540077198584],[-118.42400559019241,33.802705826133476]]]},"id":"-43943+12543","properties":{"area_sq_km":0.0,"count":1,"label":2,"latitude":33.804053299119815,"longitude":-118.42265811730658,"near_healthy_bed":1,"priority_score":1.0,"priority_tier":"monitor","recommended_action":"no_action","region_id":"channel_islands","region_name":"Channel Islands, CA","state":"CA","status":2,"status_label":"healthy"}},{"type":"Feature","geometry":{"geodesic":false,"type":"Polygon","coordinates":[[[-118.42939548189712,33.800010880281114],[-118.42670053604476,33.800010880281114],[-118.42670053604476,33.802705826133476],[-118.42939548189712,33.802705826133476],[-118.42939548189712,33.800010880281114]]]},"id":"-43945+12542","properties":{"area_sq_km":0.0,"count":1,"label":2,"latitude":33.80135835357827,"longitude":-118.42804800907028,"near_healthy_bed":1,"priority_score":1.0,"priority_tier":"monitor","recommended_action":"no_action","region_id":"channel_islands","region_name":"Channel Islands, CA","state":"CA","status":2,"status_label":"healthy"}},{"type":"Feature","geometry":{"geodesic":false,"type":"Polygon","coordinates":[[[-118.43209042774949,33.810790663690554],[-118.42939548189712,33.810790663690554],[-118.42939548189712,33.81348560954291],[-118.43209042774949,33.81348560954291],[-118.43209042774949,33.810790663690554]]]},"id":"-43946+12546","properties":{"area_sq_km":0.0,"count":1,"label":0,"latitude":33.81213813702005,"longitude":-118.43074295473994,"near_healthy_bed":1,"priority_score":1.0,"priority_tier":"monitor","recommended_action":"urchin_removal_then_replant","region_id":"channel_islands","region_name":"Channel Islands, CA","state":"CA","status":0,"status_label":"barren"}},{"type":"Feature","geometry":{"geodesic":false,"type":"Polygon","coordinates":[[[-118.4374803194542,33.89433398511367],[-118.43478537360184,33.89433398511367],[-118.43478537360184,33.89702893096602],[-118.4374803194542,33.89702893096602],[-118.4374803194542,33.89433398511367]]]},"id":"-43948+12577","properties":{"area_sq_km":0.0,"count":1,"label":2,"latitude":33.895681458400524,"longitude":-118.43613284649636,"near_healthy_bed":1,"priority_score":1.0,"priority_tier":"monitor","recommended_action":"no_action","region_id":"channel_islands","region_name":"Channel Islands, CA","state":"CA","status":2,"status_label":"healthy"}},{"type":"Feature","geometry":{"geodesic":false,"type":"Polygon","coordinates":[[[-118.4374803194542,33.9051137685231],[-118.43478537360184,33.9051137685231],[-118.43478537360184,33.90780871437546],[-118.4374803194542,33.90780871437546],[-118.4374803194542,33.9051137685231]]]},"id":"-43948+12581","properties":{"area_sq_km":0.0,"count":1,"label":2,"latitude":33.906461241693826,"longitude":-118.43613284658828,"near_healthy_bed":1,"priority_score":1.0,"priority_tier":"monitor","recommended_action":"no_action","region_id":"channel_islands","region_name":"Channel Islands, CA","state":"CA","status":2,"status_label":"healthy"}},{"type":"Feature","geometry":{"geodesic":false,"type":"Polygon","coordinates":[[[-118.44287021115892,33.89163903926131],[-118.4374803194542,33.89163903926131],[-118.4374803194542,33.89433398511367],[-118.44287021115892,33.89433398511367],[-118.44287021115892,33.89163903926131]]]},"id":"-43949+12576","properties":{"area_sq_km":0.0,"count":2,"label":2,"latitude":33.892986534399114,"longitude":-118.44017526536672,"near_healthy_bed":1,"priority_score":1.0,"priority_tier":"monitor","recommended_action":"no_action","region_id":"channel_islands","region_name":"Channel Islands, CA","state":"CA","status":2,"status_label":"healthy"}},{"type":"Feature","geometry":{"geodesic":false,"type":"Polygon","coordinates":[[[-118.44017526530655,33.9051137685231],[-118.44017526530655,33.899723876818385],[-118.43478537360184,33.899723876818385],[-118.43478537360184,33.90241882267074],[-118.4374803194542,33.90241882267074],[-118.4374803194542,33.9051137685231],[-118.44017526530655,33.9051137685231]]]},"id":"-43949+12580","properties":{"area_sq_km":0.0,"count":3,"label":2,"latitude":33.90196966088902,"longitude":-118.43792945986553,"near_healthy_bed":1,"priority_score":1.0,"priority_tier":"monitor","recommended_action":"no_action","region_id":"channel_islands","region_name":"Channel Islands, CA","state":"CA","status":2,"status_label":"healthy"}},{"type":"Feature","geometry":{"geodesic":false,"type":"Polygon","coordinates":[[[-118.44556515701127,33.8404350680665],[-118.44287021115892,33.8404350680665],[-118.44287021115892,33.84313001391885],[-118.44556515701127,33.84313001391885],[-118.44556515701127,33.8404350680665]]]},"id":"-43951+12557","properties":{"area_sq_km":0.0,"count":1,"label":2,"latitude":33.84178254112167,"longitude":-118.444217684181,"near_healthy_bed":1,"priority_score":1.0,"priority_tier":"monitor","recommended_action":"no_action","region_id":"channel_islands","region_name":"Channel Islands, CA","state":"CA","status":2,"status_label":"healthy"}},{"type":"Feature","geometry":{"geodesic":false,"type":"Polygon","coordinates":[[[-118.44826010286363,33.810790663690554],[-118.44556515701127,33.810790663690554],[-118.44556515701127,33.81348560954291],[-118.44826010286363,33.81348560954291],[-118.44826010286363,33.810790663690554]]]},"id":"-43952+12546","properties":{"area_sq_km":0.0,"count":1,"label":0,"latitude":33.81213813704905,"longitude":-118.44691262979916,"near_healthy_bed":1,"priority_score":1.0,"priority_tier":"monitor","recommended_action":"urchin_removal_then_replant","region_id":"channel_islands","region_name":"Channel Islands, CA","state":"CA","status":0,"status_label":"barren"}},{"type":"Feature","geometry":{"geodesic":false,"type":"Polygon","coordinates":[[[-118.45364999456835,33.90241882267074],[-118.45364999456835,33.899723876818385],[-118.4563449404207,33.899723876818385],[-118.4563449404207,33.90241882267074],[-118.45903988627306,33.90241882267074],[-118.45903988627306,33.89702893096602],[-118.4563449404207,33.89702893096602],[-118.4563449404207,33.89433398511367],[-118.45364999456835,33.89433398511367],[-118.45364999456835,33.89702893096602],[-118.450955048716,33.89702893096602],[-118.450955048716,33.90241882267074],[-118.45364999456835,33.90241882267074]]]},"id":"-43954+12579","properties":{"area_sq_km":0.0,"count":6,"label":2,"latitude":33.89882554107875,"longitude":-118.45499746751905,"near_healthy_bed":1,"priority_score":1.0,"priority_tier":"monitor","recommended_action":"no_action","region_id":"channel_islands","region_name":"Channel Islands, CA","state":"CA","status":2,"status_label":"healthy"}},{"type":"Feature","geometry":{"geodesic":false,"type":"Polygon","coordinates":[[[-118.4563449404207,33.85121485147593],[-118.45364999456835,33.85121485147593],[-118.45364999456835,33.85390979732829],[-118.4563449404207,33.85390979732829],[-118.4563449404207,33.85121485147593]]]},"id":"-43955+12561","properties":{"area_sq_km":0.0,"count":1,"label":2,"latitude":33.85256232463845,"longitude":-118.45499746741534,"near_healthy_bed":1,"priority_score":1.0,"priority_tier":"monitor","recommended_action":"no_action","region_id":"channel_islands","region_name":"Channel Islands, CA","state":"CA","status":2,"status_label":"healthy"}},{"type":"Feature","geometry":{"geodesic":false,"type":"Polygon","coordinates":[[[-118.4563449404207,33.85660474318065],[-118.45364999456835,33.85660474318065],[-118.45364999456835,33.85929968903301],[-118.4563449404207,33.85929968903301],[-118.4563449404207,33.85660474318065]]]},"id":"-43955+12563","properties":{"area_sq_km":0.0,"count":1,"label":2,"latitude":33.85795221633541,"longitude":-118.4549974673162,"near_healthy_bed":1,"priority_score":1.0,"priority_tier":"monitor","recommended_action":"no_action","region_id":"channel_islands","region_name":"Channel Islands, CA","state":"CA","status":2,"status_label":"healthy"}},{"type":"Feature","geometry":{"geodesic":false,"type":"Polygon","coordinates":[[[-118.4563449404207,33.88894409340895],[-118.45364999456835,33.88894409340895],[-118.45364999456835,33.89163903926131],[-118.4563449404207,33.89163903926131],[-118.4563449404207,33.88894409340895]]]},"id":"-43955+12575","properties":{"area_sq_km":0.0,"count":1,"label":2,"latitude":33.89029156651162,"longitude":-118.45499746745584,"near_healthy_bed":1,"priority_score":1.0,"priority_tier":"monitor","recommended_action":"no_action","region_id":"channel_islands","region_name":"Channel Islands, CA","state":"CA","status":2,"status_label":"healthy"}},{"type":"Feature","geometry":{"geodesic":false,"type":"Polygon","coordinates":[[[-118.45903988627306,33.94014806460376],[-118.45903988627306,33.93745311875141],[-118.4563449404207,33.93745311875141],[-118.4563449404207,33.934758172899045],[-118.450955048716,33.934758172899045],[-118.450955048716,33.93745311875141],[-118.45364999456835,33.93745311875141],[-118.45364999456835,33.94014806460376],[-118.45903988627306,33.94014806460376]]]},"id":"-43955+12593","properties":{"area_sq_km":0.0,"count":4,"label":2,"latitude":33.93745312701243,"longitude":-118.4549974321832,"near_healthy_bed":1,"priority_score":1.0,"priority_tier":"monitor","recommended_action":"no_action","region_id":"channel_islands","region_name":"Channel Islands, CA","state":"CA","status":2,"status_label":"healthy"}},{"type":"Feature","geometry":{"geodesic":false,"type":"Polygon","coordinates":[[[-118.46442977797778,33.872774418294796],[-118.45903988627306,33.872774418294796],[-118.45903988627306,33.87546936414716],[-118.46442977797778,33.87546936414716],[-118.46442977797778,33.872774418294796]]]},"id":"-43957+12569","properties":{"area_sq_km":0.0,"count":2,"label":2,"latitude":33.874121913354024,"longitude":-118.46173483207437,"near_healthy_bed":1,"priority_score":1.0,"priority_tier":"monitor","recommended_action":"no_action","region_id":"channel_islands","region_name":"Channel Islands, CA","state":"CA","status":2,"status_label":"healthy"}},{"type":"Feature","geometry":{"geodesic":false,"type":"Polygon","coordinates":[[[-118.46173483212543,33.89433398511367],[-118.45903988627306,33.89433398511367],[-118.45903988627306,33.89702893096602],[-118.46173483212543,33.89702893096602],[-118.46173483212543,33.89433398511367]]]},"id":"-43957+12577","properties":{"area_sq_km":0.0,"count":1,"label":2,"latitude":33.89568145841802,"longitude":-118.46038735925242,"near_healthy_bed":1,"priority_score":1.0,"priority_tier":"monitor","recommended_action":"no_action","region_id":"channel_islands","region_name":"Channel Islands, CA","state":"CA","status":2,"status_label":"healthy"}},{"type":"Feature","geometry":{"geodesic":false,"type":"Polygon","coordinates":[[[-118.46173483212543,33.9051137685231],[-118.45903988627306,33.9051137685231],[-118.45903988627306,33.91050366022782],[-118.46173483212543,33.91050366022782],[-118.46173483212543,33.9051137685231]]]},"id":"-43957+12582","properties":{"area_sq_km":0.0,"count":2,"label":2,"latitude":33.90780869336878,"longitude":-118.4603873591611,"near_healthy_bed":1,"priority_score":1.0,"priority_tier":"monitor","recommended_action":"no_action","region_id":"channel_islands","region_name":"Channel Islands, CA","state":"CA","status":2,"status_label":"healthy"}},{"type":"Feature","geometry":{"geodesic":false,"type":"Polygon","coordinates":[[[-118.46442977797778,33.818875501247625],[-118.46173483212543,33.818875501247625],[-118.46173483212543,33.82157044709999],[-118.46442977797778,33.82157044709999],[-118.46442977797778,33.818875501247625]]]},"id":"-43958+12549","properties":{"area_sq_km":0.0,"count":1,"label":0,"latitude":33.82022297429526,"longitude":-118.46308230497166,"near_healthy_bed":1,"priority_score":1.0,"priority_tier":"monitor","recommended_action":"urchin_removal_then_replant","region_id":"channel_islands","region_name":"Channel Islands, CA","state":"CA","status":0,"status_label":"barren"}},{"type":"Feature","geometry":{"geodesic":false,"type":"Polygon","coordinates":[[[-118.46442977797778,33.82426539295234],[-118.46173483212543,33.82426539295234],[-118.46173483212543,33.8269603388047],[-118.46442977797778,33.8269603388047],[-118.46442977797778,33.82426539295234]]]},"id":"-43958+12551","properties":{"area_sq_km":0.0,"count":1,"label":0,"latitude":33.82561286618567,"longitude":-118.46308230497446,"near_healthy_bed":1,"priority_score":1.0,"priority_tier":"monitor","recommended_action":"urchin_removal_then_replant","region_id":"channel_islands","region_name":"Channel Islands, CA","state":"CA","status":0,"status_label":"barren"}},{"type":"Feature","geometry":{"geodesic":false,"type":"Polygon","coordinates":[[[-118.46442977797778,33.89433398511367],[-118.46173483212543,33.89433398511367],[-118.46173483212543,33.89702893096602],[-118.46442977797778,33.89702893096602],[-118.46442977797778,33.89433398511367]]]},"id":"-43958+12577","properties":{"area_sq_km":0.0,"count":1,"label":0,"latitude":33.895681458452145,"longitude":-118.46308230496291,"near_healthy_bed":1,"priority_score":1.0,"priority_tier":"monitor","recommended_action":"urchin_removal_then_replant","region_id":"channel_islands","region_name":"Channel Islands, CA","state":"CA","status":0,"status_label":"barren"}},{"type":"Feature","geometry":{"geodesic":false,"type":"Polygon","coordinates":[[[-118.46712472383014,33.85390979732829],[-118.46442977797778,33.85390979732829],[-118.46442977797778,33.85929968903301],[-118.46712472383014,33.85929968903301],[-118.46712472383014,33.85390979732829]]]},"id":"-43959+12563","properties":{"area_sq_km":0.0,"count":2,"label":2,"latitude":33.85660472214472,"longitude":-118.465777250949,"near_healthy_bed":1,"priority_score":1.0,"priority_tier":"monitor","recommended_action":"no_action","region_id":"channel_islands","region_name":"Channel Islands, CA","state":"CA","status":2,"status_label":"healthy"}},{"type":"Feature","geometry":{"geodesic":false,"type":"Polygon","coordinates":[[[-118.4698196696825,33.89702893096602],[-118.46442977797778,33.89702893096602],[-118.46442977797778,33.899723876818385],[-118.4698196696825,33.899723876818385],[-118.4698196696825,33.89702893096602]]]},"id":"-43959+12578","properties":{"area_sq_km":0.0,"count":2,"label":0,"latitude":33.89837642617142,"longitude":-118.46712472380004,"near_healthy_bed":1,"priority_score":1.0,"priority_tier":"monitor","recommended_action":"urchin_removal_then_replant","region_id":"channel_islands","region_name":"Channel Islands, CA","state":"CA","status":0,"status_label":"barren"}},{"type":"Feature","geometry":{"geodesic":false,"type":"Polygon","coordinates":[[[-118.47790450723957,33.94014806460376],[-118.47790450723957,33.934758172899045],[-118.47251461553486,33.934758172899045],[-118.47251461553486,33.93745311875141],[-118.4698196696825,33.93745311875141],[-118.4698196696825,33.93206322704669],[-118.46173483212543,33.93206322704669],[-118.46173483212543,33.934758172899045],[-118.46442977797778,33.934758172899045],[-118.46442977797778,33.94014806460376],[-118.47790450723957,33.94014806460376]]]},"id":"-43959+12593","properties":{"area_sq_km":1.0,"count":12,"label":2,"latitude":33.93655490820541,"longitude":-118.46981960446094,"near_healthy_bed":1,"priority_score":1.0,"priority_tier":"monitor","recommended_action":"no_action","region_id":"channel_islands","region_name":"Channel Islands, CA","state":"CA","status":2,"status_label":"healthy"}},{"type":"Feature","geometry":{"geodesic":false,"type":"Polygon","coordinates":[[[-118.4698196696825,33.85390979732829],[-118.46712472383014,33.85390979732829],[-118.46712472383014,33.85929968903301],[-118.4698196696825,33.85929968903301],[-118.4698196696825,33.85390979732829]]]},"id":"-43960+12563","properties":{"area_sq_km":0.0,"count":2,"label":0,"latitude":33.85660472213559,"longitude":-118.46847219682455,"near_healthy_bed":1,"priority_score":1.0,"priority_tier":"monitor","recommended_action":"urchin_removal_then_replant","region_id":"channel_islands","region_name":"Channel Islands, CA","state":"CA","status":0,"status_label":"barren"}},{"type":"Feature","geometry":{"geodesic":false,"type":"Polygon","coordinates":[[[-118.4698196696825,33.92667333534197],[-118.46712472383014,33.92667333534197],[-118.46712472383014,33.92936828119433],[-118.4698196696825,33.92936828119433],[-118.4698196696825,33.92667333534197]]]},"id":"-43960+12589","properties":{"area_sq_km":0.0,"count":1,"label":2,"latitude":33.928020808567,"longitude":-118.46847219680414,"near_healthy_bed":1,"priority_score":1.0,"priority_tier":"monitor","recommended_action":"no_action","region_id":"channel_islands","region_name":"Channel Islands, CA","state":"CA","status":2,"status_label":"healthy"}},{"type":"Feature","geometry":{"geodesic":false,"type":"Polygon","coordinates":[[[-118.47251461553486,33.87546936414716],[-118.4698196696825,33.87546936414716],[-118.4698196696825,33.87816430999951],[-118.47251461553486,33.87816430999951],[-118.47251461553486,33.87546936414716]]]},"id":"-43961+12570","properties":{"area_sq_km":0.0,"count":1,"label":0,"latitude":33.876816837454356,"longitude":-118.47116714260113,"near_healthy_bed":1,"priority_score":1.0,"priority_tier":"monitor","recommended_action":"urchin_removal_then_replant","region_id":"channel_islands","region_name":"Channel Islands, CA","state":"CA","status":0,"status_label":"barren"}},{"type":"Feature","geometry":{"geodesic":false,"type":"Polygon","coordinates":[[[-118.47251461553486,33.96709752312735],[-118.4698196696825,33.96709752312735],[-118.4698196696825,33.97248741483207],[-118.47251461553486,33.97248741483207],[-118.47251461553486,33.96709752312735]]]},"id":"-43961+12605","properties":{"area_sq_km":0.0,"count":2,"label":2,"latitude":33.969792447937785,"longitude":-118.47116714261986,"near_healthy_bed":1,"priority_score":1.0,"priority_tier":"monitor","recommended_action":"no_action","region_id":"channel_islands","region_name":"Channel Islands, CA","state":"CA","status":2,"status_label":"healthy"}},{"type":"Feature","geometry":{"geodesic":false,"type":"Polygon","coordinates":[[[-118.47520956138722,33.85121485147593],[-118.47251461553486,33.85121485147593],[-118.47251461553486,33.85390979732829],[-118.47520956138722,33.85390979732829],[-118.47520956138722,33.85121485147593]]]},"id":"-43962+12561","properties":{"area_sq_km":0.0,"count":1,"label":0,"latitude":33.85256232467913,"longitude":-118.47386208846376,"near_healthy_bed":1,"priority_score":1.0,"priority_tier":"monitor","recommended_action":"urchin_removal_then_replant","region_id":"channel_islands","region_name":"Channel Islands, CA","state":"CA","status":0,"status_label":"barren"}},{"type":"Feature","geometry":{"geodesic":false,"type":"Polygon","coordinates":[[[-118.47520956138722,33.86738452659008],[-118.47251461553486,33.86738452659008],[-118.47251461553486,33.87007947244244],[-118.47520956138722,33.87007947244244],[-118.47520956138722,33.86738452659008]]]},"id":"-43962+12567","properties":{"area_sq_km":0.0,"count":1,"label":2,"latitude":33.868731999751006,"longitude":-118.47386208844787,"near_healthy_bed":1,"priority_score":1.0,"priority_tier":"monitor","recommended_action":"no_action","region_id":"channel_islands","region_name":"Channel Islands, CA","state":"CA","status":2,"status_label":"healthy"}},{"type":"Feature","geometry":{"geodesic":false,"type":"Polygon","coordinates":[[[-118.47520956138722,33.87007947244244],[-118.47251461553486,33.87007947244244],[-118.47251461553486,33.872774418294796],[-118.47520956138722,33.872774418294796],[-118.47520956138722,33.87007947244244]]]},"id":"-43962+12568","properties":{"area_sq_km":0.0,"count":1,"label":0,"latitude":33.871426945788215,"longitude":-118.47386208849134,"near_healthy_bed":1,"priority_score":1.0,"priority_tier":"monitor","recommended_action":"urchin_removal_then_replant","region_id":"channel_islands","region_name":"Channel Islands, CA","state":"CA","status":0,"status_label":"barren"}},{"type":"Feature","geometry":{"geodesic":false,"type":"Polygon","coordinates":[[[-118.47520956138722,33.92128344363725],[-118.47251461553486,33.92128344363725],[-118.47251461553486,33.92397838948961],[-118.47520956138722,33.92397838948961],[-118.47520956138722,33.92128344363725]]]},"id":"-43962+12587","properties":{"area_sq_km":0.0,"count":1,"label":2,"latitude":33.92263091681511,"longitude":-118.47386208850239,"near_healthy_bed":1,"priority_score":1.0,"priority_tier":"monitor","recommended_action":"no_action","region_id":"channel_islands","region_name":"Channel Islands, CA","state":"CA","status":2,"status_label":"healthy"}},{"type":"Feature","geometry":{"geodesic":false,"type":"Polygon","coordinates":[[[-118.47520956138722,33.94823290216084],[-118.47251461553486,33.94823290216084],[-118.47251461553486,33.950927848013194],[-118.47520956138722,33.950927848013194],[-118.47520956138722,33.94823290216084]]]},"id":"-43962+12597","properties":{"area_sq_km":0.0,"count":1,"label":2,"latitude":33.949580375215,"longitude":-118.47386208851526,"near_healthy_bed":1,"priority_score":1.0,"priority_tier":"monitor","recommended_action":"no_action","region_id":"channel_islands","region_name":"Channel Islands, CA","state":"CA","status":2,"status_label":"healthy"}},{"type":"Feature","geometry":{"geodesic":false,"type":"Polygon","coordinates":[[[-118.47520956138722,33.97518236068442],[-118.47251461553486,33.97518236068442],[-118.47251461553486,33.97787730653678],[-118.47520956138722,33.97787730653678],[-118.47520956138722,33.97518236068442]]]},"id":"-43962+12607","properties":{"area_sq_km":0.0,"count":1,"label":2,"latitude":33.9765298338302,"longitude":-118.47386208855949,"near_healthy_bed":1,"priority_score":1.0,"priority_tier":"monitor","recommended_action":"no_action","region_id":"channel_islands","region_name":"Channel Islands, CA","state":"CA","status":2,"status_label":"healthy"}},{"type":"Feature","geometry":{"geodesic":false,"type":"Polygon","coordinates":[[[-118.48059945309194,33.85929968903301],[-118.47520956138722,33.85929968903301],[-118.47520956138722,33.86199463488536],[-118.48059945309194,33.86199463488536],[-118.48059945309194,33.85929968903301]]]},"id":"-43963+12564","properties":{"area_sq_km":0.0,"count":2,"label":0,"latitude":33.8606471842337,"longitude":-118.47790450714879,"near_healthy_bed":1,"priority_score":1.0,"priority_tier":"monitor","recommended_action":"urchin_removal_then_replant","region_id":"channel_islands","region_name":"Channel Islands, CA","state":"CA","status":0,"status_label":"barren"}},{"type":"Feature","geometry":{"geodesic":false,"type":"Polygon","coordinates":[[[-118.47790450723957,33.86738452659008],[-118.47520956138722,33.86738452659008],[-118.47520956138722,33.87007947244244],[-118.47790450723957,33.87007947244244],[-118.47790450723957,33.86738452659008]]]},"id":"-43963+12567","properties":{"area_sq_km":0.0,"count":1,"label":0,"latitude":33.86873199972786,"longitude":-118.47655703429402,"near_healthy_bed":1,"priority_score":1.0,"priority_tier":"monitor","recommended_action":"urchin_removal_then_replant","region_id":"channel_islands","region_name":"Channel Islands, CA","state":"CA","status":0,"status_label":"barren"}},{"type":"Feature","geometry":{"geodesic":false,"type":"Polygon","coordinates":[[[-118.48059945309194,33.87007947244244],[-118.47790450723957,33.87007947244244],[-118.47790450723957,33.872774418294796],[-118.48059945309194,33.872774418294796],[-118.48059945309194,33.87007947244244]]]},"id":"-43964+12568","properties":{"area_sq_km":0.0,"count":1,"label":0,"latitude":33.871426945740296,"longitude":-118.47925198020688,"near_healthy_bed":1,"priority_score":1.0,"priority_tier":"monitor","recommended_action":"urchin_removal_then_replant","region_id":"channel_islands","region_name":"Channel Islands, CA","state":"CA","status":0,"status_label":"barren"}},{"type":"Feature","geometry":{"geodesic":false,"type":"Polygon","coordinates":[[[-118.48059945309194,33.89433398511367],[-118.47790450723957,33.89433398511367],[-118.47790450723957,33.89702893096602],[-118.48059945309194,33.89702893096602],[-118.48059945309194,33.89433398511367]]]},"id":"-43964+12577","properties":{"area_sq_km":0.0,"count":1,"label":0,"latitude":33.89568145837768,"longitude":-118.47925198008022,"near_healthy_bed":1,"priority_score":1.0,"priority_tier":"monitor","recommended_action":"urchin_removal_then_replant","region_id":"channel_islands","region_name":"Channel Islands, CA","state":"CA","status":0,"status_label":"barren"}},{"type":"Feature","geometry":{"geodesic":false,"type":"Polygon","coordinates":[[[-118.48059945309194,33.91319860608018],[-118.47790450723957,33.91319860608018],[-118.47790450723957,33.915893551932534],[-118.48059945309194,33.915893551932534],[-118.48059945309194,33.91319860608018]]]},"id":"-43964+12584","properties":{"area_sq_km":0.0,"count":1,"label":2,"latitude":33.914546079323394,"longitude":-118.47925198018665,"near_healthy_bed":1,"priority_score":1.0,"priority_tier":"monitor","recommended_action":"no_action","region_id":"channel_islands","region_name":"Channel Islands, CA","state":"CA","status":2,"status_label":"healthy"}},{"type":"Feature","geometry":{"geodesic":false,"type":"Polygon","coordinates":[[[-118.48059945309194,33.92397838948961],[-118.47790450723957,33.92397838948961],[-118.47790450723957,33.92667333534197],[-118.48059945309194,33.92667333534197],[-118.48059945309194,33.92397838948961]]]},"id":"-43964+12588","properties":{"area_sq_km":0.0,"count":1,"label":2,"latitude":33.925325862481856,"longitude":-118.47925198010212,"near_healthy_bed":1,"priority_score":1.0,"priority_tier":"monitor","recommended_action":"no_action","region_id":"channel_islands","region_name":"Channel Islands, CA","state":"CA","status":2,"status_label":"healthy"}},{"type":"Feature","geometry":{"geodesic":false,"type":"Polygon","coordinates":[[[-118.4832943989443,33.86738452659008],[-118.48059945309194,33.86738452659008],[-118.48059945309194,33.87007947244244],[-118.4832943989443,33.87007947244244],[-118.4832943989443,33.86738452659008]]]},"id":"-43965+12567","properties":{"area_sq_km":0.0,"count":1,"label":0,"latitude":33.868731999782234,"longitude":-118.48194692614747,"near_healthy_bed":1,"priority_score":1.0,"priority_tier":"monitor","recommended_action":"urchin_removal_then_replant","region_id":"channel_islands","region_name":"Channel Islands, CA","state":"CA","status":0,"status_label":"barren"}},{"type":"Feature","geometry":{"geodesic":false,"type":"Polygon","coordinates":[[[-118.48598934479665,33.88894409340895],[-118.48059945309194,33.88894409340895],[-118.48059945309194,33.89163903926131],[-118.48598934479665,33.89163903926131],[-118.48598934479665,33.88894409340895]]]},"id":"-43965+12575","properties":{"area_sq_km":0.0,"count":2,"label":0,"latitude":33.89029158858276,"longitude":-118.48329439898323,"near_healthy_bed":1,"priority_score":1.0,"priority_tier":"monitor","recommended_action":"urchin_removal_then_replant","region_id":"channel_islands","region_name":"Channel Islands, CA","state":"CA","status":0,"status_label":"barren"}},{"type":"Feature","geometry":{"geodesic":false,"type":"Polygon","coordinates":[[[-118.4832943989443,33.95631773971792],[-118.48059945309194,33.95631773971792],[-118.48059945309194,33.95901268557027],[-118.4832943989443,33.95901268557027],[-118.4832943989443,33.95631773971792]]]},"id":"-43965+12600","properties":{"area_sq_km":0.0,"count":1,"label":2,"latitude":33.95766521292904,"longitude":-118.48194692618732,"near_healthy_bed":1,"priority_score":1.0,"priority_tier":"monitor","recommended_action":"no_action","region_id":"channel_islands","region_name":"Channel Islands, CA","state":"CA","status":2,"status_label":"healthy"}},{"type":"Feature","geometry":{"geodesic":false,"type":"Polygon","coordinates":[[[-118.4832943989443,33.97518236068442],[-118.48059945309194,33.97518236068442],[-118.48059945309194,33.97787730653678],[-118.4832943989443,33.97787730653678],[-118.4832943989443,33.97518236068442]]]},"id":"-43965+12607","properties":{"area_sq_km":0.0,"count":1,"label":2,"latitude":33.97652983387497,"longitude":-118.48194692618416,"near_healthy_bed":1,"priority_score":1.0,"priority_tier":"monitor","recommended_action":"no_action","region_id":"channel_islands","region_name":"Channel Islands, CA","state":"CA","status":2,"status_label":"healthy"}},{"type":"Feature","geometry":{"geodesic":false,"type":"Polygon","coordinates":[[[-118.48598934479665,33.864689580737725],[-118.4832943989443,33.864689580737725],[-118.4832943989443,33.86738452659008],[-118.48598934479665,33.86738452659008],[-118.48598934479665,33.864689580737725]]]},"id":"-43966+12566","properties":{"area_sq_km":0.0,"count":1,"label":0,"latitude":33.86603705391826,"longitude":-118.48464187183752,"near_healthy_bed":1,"priority_score":1.0,"priority_tier":"monitor","recommended_action":"urchin_removal_then_replant","region_id":"channel_islands","region_name":"Channel Islands, CA","state":"CA","status":0,"status_label":"barren"}},{"type":"Feature","geometry":{"geodesic":false,"type":"Polygon","coordinates":[[[-118.48598934479665,33.883554201704236],[-118.4832943989443,33.883554201704236],[-118.4832943989443,33.88624914755659],[-118.48598934479665,33.88624914755659],[-118.48598934479665,33.883554201704236]]]},"id":"-43966+12573","properties":{"area_sq_km":0.0,"count":1,"label":0,"latitude":33.8849016748034,"longitude":-118.48464187193488,"near_healthy_bed":1,"priority_score":1.0,"priority_tier":"monitor","recommended_action":"urchin_removal_then_replant","region_id":"channel_islands","region_name":"Channel Islands, CA","state":"CA","status":0,"status_label":"barren"}},{"type":"Feature","geometry":{"geodesic":false,"type":"Polygon","coordinates":[[[-118.48598934479665,33.969792468979705],[-118.4832943989443,33.969792468979705],[-118.4832943989443,33.97248741483207],[-118.48598934479665,33.97248741483207],[-118.48598934479665,33.969792468979705]]]},"id":"-43966+12605","properties":{"area_sq_km":0.0,"count":1,"label":2,"latitude":33.971139942160114,"longitude":-118.48464187186063,"near_healthy_bed":1,"priority_score":1.0,"priority_tier":"monitor","recommended_action":"no_action","region_id":"channel_islands","region_name":"Channel Islands, CA","state":"CA","status":2,"status_label":"healthy"}},{"type":"Feature","geometry":{"geodesic":false,"type":"Polygon","coordinates":[[[-118.488684290649,33.872774418294796],[-118.48598934479665,33.872774418294796],[-118.48598934479665,33.87546936414716],[-118.488684290649,33.87546936414716],[-118.488684290649,33.872774418294796]]]},"id":"-43967+12569","properties":{"area_sq_km":0.0,"count":1,"label":0,"latitude":33.87412189131162,"longitude":-118.4873368176953,"near_healthy_bed":1,"priority_score":1.0,"priority_tier":"monitor","recommended_action":"urchin_removal_then_replant","region_id":"channel_islands","region_name":"Channel Islands, CA","state":"CA","status":0,"status_label":"barren"}},{"type":"Feature","geometry":{"geodesic":false,"type":"Polygon","coordinates":[[[-118.488684290649,33.92667333534197],[-118.48598934479665,33.92667333534197],[-118.48598934479665,33.92936828119433],[-118.488684290649,33.92936828119433],[-118.488684290649,33.92667333534197]]]},"id":"-43967+12589","properties":{"area_sq_km":0.0,"count":1,"label":2,"latitude":33.928020808564746,"longitude":-118.48733681775639,"near_healthy_bed":1,"priority_score":1.0,"priority_tier":"monitor","recommended_action":"no_action","region_id":"channel_islands","region_name":"Channel Islands, CA","state":"CA","status":2,"status_label":"healthy"}},{"type":"Feature","geometry":{"geodesic":false,"type":"Polygon","coordinates":[[[-118.49137923650137,33.96440257727499],[-118.49137923650137,33.961707631422634],[-118.49946407405845,33.961707631422634],[-118.49946407405845,33.95631773971792],[-118.50485396576316,33.95631773971792],[-118.50485396576316,33.953622793865556],[-118.50754891161552,33.953622793865556],[-118.50754891161552,33.950927848013194],[-118.51024385746788,33.950927848013194],[-118.51024385746788,33.94823290216084],[-118.52102364087732,33.94823290216084],[-118.52102364087732,33.94553795630848],[-118.51832869502495,33.94553795630848],[-118.51832869502495,33.94284301045612],[-118.52102364087732,33.94284301045612],[-118.52102364087732,33.94014806460376],[-118.5291084784344,33.94014806460376],[-118.5291084784344,33.94284301045612],[-118.53180342428675,33.94284301045612],[-118.53180342428675,33.94823290216084],[-118.53719331599146,33.94823290216084],[-118.53719331599146,33.94284301045612],[-118.5344983701391,33.94284301045612],[-118.5344983701391,33.93745311875141],[-118.53180342428675,33.93745311875141],[-118.53180342428675,33.93206322704669],[-118.5291084784344,33.93206322704669],[-118.5291084784344,33.92936828119433],[-118.52641353258203,33.92936828119433],[-118.52641353258203,33.934758172899045],[-118.52371858672967,33.934758172899045],[-118.52371858672967,33.92667333534197],[-118.52102364087732,33.92667333534197],[-118.52102364087732,33.92397838948961],[-118.5156337491726,33.92397838948961],[-118.5156337491726,33.915893551932534],[-118.51293880332024,33.915893551932534],[-118.51293880332024,33.92128344363725],[-118.51024385746788,33.92128344363725],[-118.51024385746788,33.92667333534197],[-118.50754891161552,33.92667333534197],[-118.50754891161552,33.934758172899045],[-118.50485396576316,33.934758172899045],[-118.50485396576316,33.92397838948961],[-118.5021590199108,33.92397838948961],[-118.5021590199108,33.92667333534197],[-118.49946407405845,33.92667333534197],[-118.49946407405845,33.92936828119433],[-118.5021590199108,33.92936828119433],[-118.5021590199108,33.934758172899045],[-118.49676912820608,33.934758172899045],[-118.49676912820608,33.93745311875141],[-118.49407418235373,33.93745311875141],[-118.49407418235373,33.934758172899045],[-118.49137923650137,33.934758172899045],[-118.49137923650137,33.93206322704669],[-118.488684290649,33.93206322704669],[-118.488684290649,33.934758172899045],[-118.48598934479665,33.934758172899045],[-118.48598934479665,33.92936828119433],[-118.48059945309194,33.92936828119433],[-118.48059945309194,33.93206322704669],[-118.4832943989443,33.93206322704669],[-118.4832943989443,33.93745311875141],[-118.48059945309194,33.93745311875141],[-118.48059945309194,33.94823290216084],[-118.4832943989443,33.94823290216084],[-118.4832943989443,33.953622793865556],[-118.48598934479665,33.953622793865556],[-118.48598934479665,33.95631773971792],[-118.488684290649,33.95631773971792],[-118.488684290649,33.961707631422634],[-118.48598934479665,33.961707631422634],[-118.48598934479665,33.96440257727499],[-118.49137923650137,33.96440257727499]],[[-118.49407418235373,33.94553795630848],[-118.49676912820608,33.94553795630848],[-118.49676912820608,33.94284301045612],[-118.49407418235373,33.94284301045612],[-118.49407418235373,33.94553795630848]]]},"id":"-43967+12602","properties":{"area_sq_km":12.0,"count":160,"label":2,"latitude":33.94132688520156,"longitude":-118.50487206121039,"near_healthy_bed":1,"priority_score":1.0,"priority_tier":"monitor","recommended_action":"no_action","region_id":"channel_islands","region_name":"Channel Islands, CA","state":"CA","status":2,"status_label":"healthy"}},{"type":"Feature","geometry":{"geodesic":false,"type":"Polygon","coordinates":[[[-118.488684290649,33.96709752312735],[-118.48598934479665,33.96709752312735],[-118.48598934479665,33.969792468979705],[-118.488684290649,33.969792468979705],[-118.488684290649,33.96709752312735]]]},"id":"-43967+12604","properties":{"area_sq_km":0.0,"count":1,"label":2,"latitude":33.968444996313615,"longitude":-118.487336817725,"near_healthy_bed":1,"priority_score":1.0,"priority_tier":"monitor","recommended_action":"no_action","region_id":"channel_islands","region_name":"Channel Islands, CA","state":"CA","status":2,"status_label":"healthy"}},{"type":"Feature","geometry":{"geodesic":false,"type":"Polygon","coordinates":[[[-118.49137923650137,33.837740122214136],[-118.488684290649,33.837740122214136],[-118.488684290649,33.8404350680665],[-118.49137923650137,33.8404350680665],[-118.49137923650137,33.837740122214136]]]},"id":"-43968+12556","properties":{"area_sq_km":0.0,"count":1,"label":2,"latitude":33.83908759560667,"longitude":-118.49003176353874,"near_healthy_bed":1,"priority_score":1.0,"priority_tier":"monitor","recommended_action":"no_action","region_id":"channel_islands","region_name":"Channel Islands, CA","state":"CA","status":2,"status_label":"healthy"}},{"type":"Feature","geometry":{"geodesic":false,"type":"Polygon","coordinates":[[[-118.49137923650137,33.87546936414716],[-118.488684290649,33.87546936414716],[-118.488684290649,33.87816430999951],[-118.49137923650137,33.87816430999951],[-118.49137923650137,33.87546936414716]]]},"id":"-43968+12570","properties":{"area_sq_km":0.0,"count":1,"label":0,"latitude":33.876816837454754,"longitude":-118.49003176354884,"near_healthy_bed":1,"priority_score":1.0,"priority_tier":"monitor","recommended_action":"urchin_removal_then_replant","region_id":"channel_islands","region_name":"Channel Islands, CA","state":"CA","status":0,"status_label":"barren"}},{"type":"Feature","geometry":{"geodesic":false,"type":"Polygon","coordinates":[[[-118.49137923650137,33.90780871437546],[-118.488684290649,33.90780871437546],[-118.488684290649,33.91050366022782],[-118.49137923650137,33.91050366022782],[-118.49137923650137,33.90780871437546]]]},"id":"-43968+12582","properties":{"area_sq_km":0.0,"count":1,"label":2,"latitude":33.90915618763597,"longitude":-118.49003176361144,"near_healthy_bed":1,"priority_score":1.0,"priority_tier":"monitor","recommended_action":"no_action","region_id":"channel_islands","region_name":"Channel Islands, CA","state":"CA","status":2,"status_label":"healthy"}},{"type":"Feature","geometry":{"geodesic":false,"type":"Polygon","coordinates":[[[-118.49137923650137,33.969792468979705],[-118.488684290649,33.969792468979705],[-118.488684290649,33.97248741483207],[-118.49137923650137,33.97248741483207],[-118.49137923650137,33.969792468979705]]]},"id":"-43968+12605","properties":{"area_sq_km":0.0,"count":1,"label":2,"latitude":33.97113994217724,"longitude":-118.49003176355087,"near_healthy_bed":1,"priority_score":1.0,"priority_tier":"monitor","recommended_action":"no_action","region_id":"channel_islands","region_name":"Channel Islands, CA","state":"CA","status":2,"status_label":"healthy"}},{"type":"Feature","geometry":{"geodesic":false,"type":"Polygon","coordinates":[[[-118.49407418235373,33.87007947244244],[-118.49137923650137,33.87007947244244],[-118.49137923650137,33.872774418294796],[-118.49407418235373,33.872774418294796],[-118.49407418235373,33.87007947244244]]]},"id":"-43969+12568","properties":{"area_sq_km":0.0,"count":1,"label":0,"latitude":33.87142694578377,"longitude":-118.49272670948908,"near_healthy_bed":1,"priority_score":1.0,"priority_tier":"monitor","recommended_action":"urchin_removal_then_replant","region_id":"channel_islands","region_name":"Channel Islands, CA","state":"CA","status":0,"status_label":"barren"}},{"type":"Feature","geometry":{"geodesic":false,"type":"Polygon","coordinates":[[[-118.49407418235373,33.90780871437546],[-118.49407418235373,33.9051137685231],[-118.49946407405845,33.9051137685231],[-118.49946407405845,33.899723876818385],[-118.49137923650137,33.899723876818385],[-118.49137923650137,33.90780871437546],[-118.49407418235373,33.90780871437546]]]},"id":"-43969+12581","properties":{"area_sq_km":1.0,"count":7,"label":2,"latitude":33.90299631357608,"longitude":-118.49503669463195,"near_healthy_bed":1,"priority_score":1.0,"priority_tier":"monitor","recommended_action":"no_action","region_id":"channel_islands","region_name":"Channel Islands, CA","state":"CA","status":2,"status_label":"healthy"}},{"type":"Feature","geometry":{"geodesic":false,"type":"Polygon","coordinates":[[[-118.49676912820608,33.93206322704669],[-118.49676912820608,33.92667333534197],[-118.49407418235373,33.92667333534197],[-118.49407418235373,33.918588497784896],[-118.49946407405845,33.918588497784896],[-118.49946407405845,33.91319860608018],[-118.49676912820608,33.91319860608018],[-118.49676912820608,33.915893551932534],[-118.488684290649,33.915893551932534],[-118.488684290649,33.918588497784896],[-118.49137923650137,33.918588497784896],[-118.49137923650137,33.92128344363725],[-118.488684290649,33.92128344363725],[-118.488684290649,33.92397838948961],[-118.49137923650137,33.92397838948961],[-118.49137923650137,33.93206322704669],[-118.49676912820608,33.93206322704669]]]},"id":"-43969+12590","properties":{"area_sq_km":1.0,"count":13,"label":2,"latitude":33.922423317971386,"longitude":-118.49376329389074,"near_healthy_bed":1,"priority_score":1.0,"priority_tier":"monitor","recommended_action":"no_action","region_id":"channel_islands","region_name":"Channel Islands, CA","state":"CA","status":2,"status_label":"healthy"}},{"type":"Feature","geometry":{"geodesic":false,"type":"Polygon","coordinates":[[[-118.49407418235373,33.96440257727499],[-118.49137923650137,33.96440257727499],[-118.49137923650137,33.969792468979705],[-118.49407418235373,33.969792468979705],[-118.49407418235373,33.96440257727499]]]},"id":"-43969+12604","properties":{"area_sq_km":0.0,"count":2,"label":2,"latitude":33.96709750201065,"longitude":-118.4927267094134,"near_healthy_bed":1,"priority_score":1.0,"priority_tier":"monitor","recommended_action":"no_action","region_id":"channel_islands","region_name":"Channel Islands, CA","state":"CA","status":2,"status_label":"healthy"}},{"type":"Feature","geometry":{"geodesic":false,"type":"Polygon","coordinates":[[[-118.49676912820608,33.85929968903301],[-118.49407418235373,33.85929968903301],[-118.49407418235373,33.86199463488536],[-118.49676912820608,33.86199463488536],[-118.49676912820608,33.85929968903301]]]},"id":"-43970+12564","properties":{"area_sq_km":0.0,"count":1,"label":0,"latitude":33.86064716235848,"longitude":-118.49542165520342,"near_healthy_bed":1,"priority_score":1.0,"priority_tier":"monitor","recommended_action":"urchin_removal_then_replant","region_id":"channel_islands","region_name":"Channel Islands, CA","state":"CA","status":0,"status_label":"barren"}},{"type":"Feature","geometry":{"geodesic":false,"type":"Polygon","coordinates":[[[-118.49676912820608,33.89163903926131],[-118.49407418235373,33.89163903926131],[-118.49407418235373,33.89433398511367],[-118.49676912820608,33.89433398511367],[-118.49676912820608,33.89163903926131]]]},"id":"-43970+12576","properties":{"area_sq_km":0.0,"count":1,"label":0,"latitude":33.89298651236973,"longitude":-118.4954216552766,"near_healthy_bed":1,"priority_score":1.0,"priority_tier":"monitor","recommended_action":"urchin_removal_then_replant","region_id":"channel_islands","region_name":"Channel Islands, CA","state":"CA","status":0,"status_label":"barren"}},{"type":"Feature","geometry":{"geodesic":false,"type":"Polygon","coordinates":[[[-118.49676912820608,33.94284301045612],[-118.49407418235373,33.94284301045612],[-118.49407418235373,33.94553795630848],[-118.49676912820608,33.94553795630848],[-118.49676912820608,33.94284301045612]]]},"id":"-43970+12595","properties":{"area_sq_km":0.0,"count":1,"label":0,"latitude":33.94419048373238,"longitude":-118.49542165526161,"near_healthy_bed":1,"priority_score":1.0,"priority_tier":"monitor","recommended_action":"urchin_removal_then_replant","region_id":"channel_islands","region_name":"Channel Islands, CA","state":"CA","status":0,"status_label":"barren"}},{"type":"Feature","geometry":{"geodesic":false,"type":"Polygon","coordinates":[[[-118.49676912820608,33.969792468979705],[-118.49407418235373,33.969792468979705],[-118.49407418235373,33.97248741483207],[-118.49676912820608,33.97248741483207],[-118.49676912820608,33.969792468979705]]]},"id":"-43970+12605","properties":{"area_sq_km":0.0,"count":1,"label":2,"latitude":33.97113994212102,"longitude":-118.49542165523334,"near_healthy_bed":1,"priority_score":1.0,"priority_tier":"monitor","recommended_action":"no_action","region_id":"channel_islands","region_name":"Channel Islands, CA","state":"CA","status":2,"status_label":"healthy"}},{"type":"Feature","geometry":{"geodesic":false,"type":"Polygon","coordinates":[[[-118.49676912820608,33.99404698165093],[-118.49407418235373,33.99404698165093],[-118.49407418235373,33.996741927503294],[-118.49676912820608,33.996741927503294],[-118.49676912820608,33.99404698165093]]]},"id":"-43970+12614","properties":{"area_sq_km":0.0,"count":1,"label":2,"latitude":33.99539445474665,"longitude":-118.495421655277,"near_healthy_bed":1,"priority_score":1.0,"priority_tier":"monitor","recommended_action":"no_action","region_id":"channel_islands","region_name":"Channel Islands, CA","state":"CA","status":2,"status_label":"healthy"}},{"type":"Feature","geometry":{"geodesic":false,"type":"Polygon","coordinates":[[[-118.49946407405845,33.82157044709999],[-118.49676912820608,33.82157044709999],[-118.49676912820608,33.82426539295234],[-118.49946407405845,33.82426539295234],[-118.49946407405845,33.82157044709999]]]},"id":"-43971+12550","properties":{"area_sq_km":0.0,"count":1,"label":2,"latitude":33.82291792025654,"longitude":-118.49811660121067,"near_healthy_bed":1,"priority_score":1.0,"priority_tier":"monitor","recommended_action":"no_action","region_id":"channel_islands","region_name":"Channel Islands, CA","state":"CA","status":2,"status_label":"healthy"}},{"type":"Feature","geometry":{"geodesic":false,"type":"Polygon","coordinates":[[[-118.5021590199108,33.86738452659008],[-118.5021590199108,33.86199463488536],[-118.49946407405845,33.86199463488536],[-118.49946407405845,33.864689580737725],[-118.49676912820608,33.864689580737725],[-118.49676912820608,33.86738452659008],[-118.5021590199108,33.86738452659008]]]},"id":"-43971+12566","properties":{"area_sq_km":0.0,"count":3,"label":0,"latitude":33.865138734351,"longitude":-118.4999132489901,"near_healthy_bed":1,"priority_score":1.0,"priority_tier":"monitor","recommended_action":"urchin_removal_then_replant","region_id":"channel_islands","region_name":"Channel Islands, CA","state":"CA","status":0,"status_label":"barren"}},{"type":"Feature","geometry":{"geodesic":false,"type":"Polygon","coordinates":[[[-118.50485396576316,33.872774418294796],[-118.49946407405845,33.872774418294796],[-118.49946407405845,33.87546936414716],[-118.50485396576316,33.87546936414716],[-118.50485396576316,33.872774418294796]]]},"id":"-43972+12569","properties":{"area_sq_km":0.0,"count":2,"label":0,"latitude":33.87412191340601,"longitude":-118.50215901997252,"near_healthy_bed":1,"priority_score":1.0,"priority_tier":"monitor","recommended_action":"urchin_removal_then_replant","region_id":"channel_islands","region_name":"Channel Islands, CA","state":"CA","status":0,"status_label":"barren"}},{"type":"Feature","geometry":{"geodesic":false,"type":"Polygon","coordinates":[[[-118.5021590199108,33.88624914755659],[-118.49946407405845,33.88624914755659],[-118.49946407405845,33.88894409340895],[-118.5021590199108,33.88894409340895],[-118.5021590199108,33.88624914755659]]]},"id":"-43972+12574","properties":{"area_sq_km":0.0,"count":1,"label":0,"latitude":33.887596620852214,"longitude":-118.50081154689379,"near_healthy_bed":1,"priority_score":1.0,"priority_tier":"monitor","recommended_action":"urchin_removal_then_replant","region_id":"channel_islands","region_name":"Channel Islands, CA","state":"CA","status":0,"status_label":"barren"}},{"type":"Feature","geometry":{"geodesic":false,"type":"Polygon","coordinates":[[[-118.50485396576316,33.89163903926131],[-118.49946407405845,33.89163903926131],[-118.49946407405845,33.89433398511367],[-118.50485396576316,33.89433398511367],[-118.50485396576316,33.89163903926131]]]},"id":"-43972+12576","properties":{"area_sq_km":0.0,"count":2,"label":0,"latitude":33.89298653438725,"longitude":-118.50215901993475,"near_healthy_bed":1,"priority_score":1.0,"priority_tier":"monitor","recommended_action":"urchin_removal_then_replant","region_id":"channel_islands","region_name":"Channel Islands, CA","state":"CA","status":0,"status_label":"barren"}},{"type":"Feature","geometry":{"geodesic":false,"type":"Polygon","coordinates":[[[-118.5021590199108,33.980572252389145],[-118.49946407405845,33.980572252389145],[-118.49946407405845,33.9832671982415],[-118.5021590199108,33.9832671982415],[-118.5021590199108,33.980572252389145]]]},"id":"-43972+12609","properties":{"area_sq_km":0.0,"count":1,"label":2,"latitude":33.98191972565864,"longitude":-118.50081154694496,"near_healthy_bed":1,"priority_score":1.0,"priority_tier":"monitor","recommended_action":"no_action","region_id":"channel_islands","region_name":"Channel Islands, CA","state":"CA","status":2,"status_label":"healthy"}},{"type":"Feature","geometry":{"geodesic":false,"type":"Polygon","coordinates":[[[-118.5021590199108,33.99943687335565],[-118.49946407405845,33.99943687335565],[-118.49946407405845,34.00213181920801],[-118.5021590199108,34.00213181920801],[-118.5021590199108,33.99943687335565]]]},"id":"-43972+12616","properties":{"area_sq_km":0.0,"count":1,"label":2,"latitude":34.00078434652934,"longitude":-118.50081154690695,"near_healthy_bed":1,"priority_score":1.0,"priority_tier":"monitor","recommended_action":"no_action","region_id":"channel_islands","region_name":"Channel Islands, CA","state":"CA","status":2,"status_label":"healthy"}},{"type":"Feature","geometry":{"geodesic":false,"type":"Polygon","coordinates":[[[-118.50485396576316,33.84851990562357],[-118.5021590199108,33.84851990562357],[-118.5021590199108,33.85121485147593],[-118.50485396576316,33.85121485147593],[-118.50485396576316,33.84851990562357]]]},"id":"-43973+12560","properties":{"area_sq_km":0.0,"count":1,"label":0,"latitude":33.84986737888025,"longitude":-118.50350649301949,"near_healthy_bed":1,"priority_score":1.0,"priority_tier":"monitor","recommended_action":"urchin_removal_then_replant","region_id":"channel_islands","region_name":"Channel Islands, CA","state":"CA","status":0,"status_label":"barren"}},{"type":"Feature","geometry":{"geodesic":false,"type":"Polygon","coordinates":[[[-118.50485396576316,33.899723876818385],[-118.50485396576316,33.89433398511367],[-118.49946407405845,33.89433398511367],[-118.49946407405845,33.89702893096602],[-118.5021590199108,33.89702893096602],[-118.5021590199108,33.899723876818385],[-118.50485396576316,33.899723876818385]]]},"id":"-43973+12578","properties":{"area_sq_km":0.0,"count":3,"label":2,"latitude":33.896579769430865,"longitude":-118.50260816033376,"near_healthy_bed":1,"priority_score":1.0,"priority_tier":"monitor","recommended_action":"no_action","region_id":"channel_islands","region_name":"Channel Islands, CA","state":"CA","status":2,"status_label":"healthy"}},{"type":"Feature","geometry":{"geodesic":false,"type":"Polygon","coordinates":[[[-118.50485396576316,33.91050366022782],[-118.5021590199108,33.91050366022782],[-118.5021590199108,33.91319860608018],[-118.50485396576316,33.91319860608018],[-118.50485396576316,33.91050366022782]]]},"id":"-43973+12583","properties":{"area_sq_km":0.0,"count":1,"label":2,"latitude":33.911851133260846,"longitude":-118.50350649292182,"near_healthy_bed":1,"priority_score":1.0,"priority_tier":"monitor","recommended_action":"no_action","region_id":"channel_islands","region_name":"Channel Islands, CA","state":"CA","status":2,"status_label":"healthy"}},{"type":"Feature","geometry":{"geodesic":false,"type":"Polygon","coordinates":[[[-118.50754891161552,33.87007947244244],[-118.50485396576316,33.87007947244244],[-118.50485396576316,33.872774418294796],[-118.50754891161552,33.872774418294796],[-118.50754891161552,33.87007947244244]]]},"id":"-43974+12568","properties":{"area_sq_km":0.0,"count":1,"label":0,"latitude":33.87142694571747,"longitude":-118.50620143877988,"near_healthy_bed":1,"priority_score":1.0,"priority_tier":"monitor","recommended_action":"urchin_removal_then_replant","region_id":"channel_islands","region_name":"Channel Islands, CA","state":"CA","status":0,"status_label":"barren"}},{"type":"Feature","geometry":{"geodesic":false,"type":"Polygon","coordinates":[[[-118.51293880332024,33.915893551932534],[-118.51293880332024,33.91050366022782],[-118.51024385746788,33.91050366022782],[-118.51024385746788,33.91319860608018],[-118.50485396576316,33.91319860608018],[-118.50485396576316,33.915893551932534],[-118.51293880332024,33.915893551932534]]]},"id":"-43974+12584","properties":{"area_sq_km":0.0,"count":4,"label":2,"latitude":33.91387237079739,"longitude":-118.50957015116941,"near_healthy_bed":1,"priority_score":1.0,"priority_tier":"monitor","recommended_action":"no_action","region_id":"channel_islands","region_name":"Channel Islands, CA","state":"CA","status":2,"status_label":"healthy"}},{"type":"Feature","geometry":{"geodesic":false,"type":"Polygon","coordinates":[[[-118.50754891161552,33.92128344363725],[-118.50485396576316,33.92128344363725],[-118.50485396576316,33.92397838948961],[-118.50754891161552,33.92397838948961],[-118.50754891161552,33.92128344363725]]]},"id":"-43974+12587","properties":{"area_sq_km":0.0,"count":1,"label":2,"latitude":33.92263091681126,"longitude":-118.5062014387316,"near_healthy_bed":1,"priority_score":1.0,"priority_tier":"monitor","recommended_action":"no_action","region_id":"channel_islands","region_name":"Channel Islands, CA","state":"CA","status":2,"status_label":"healthy"}},{"type":"Feature","geometry":{"geodesic":false,"type":"Polygon","coordinates":[[[-118.50754891161552,33.98596214409386],[-118.50485396576316,33.98596214409386],[-118.50485396576316,33.988657089946216],[-118.50754891161552,33.988657089946216],[-118.50754891161552,33.98596214409386]]]},"id":"-43974+12611","properties":{"area_sq_km":0.0,"count":1,"label":2,"latitude":33.98730961716462,"longitude":-118.50620143872797,"near_healthy_bed":1,"priority_score":1.0,"priority_tier":"monitor","recommended_action":"no_action","region_id":"channel_islands","region_name":"Channel Islands, CA","state":"CA","status":2,"status_label":"healthy"}},{"type":"Feature","geometry":{"geodesic":false,"type":"Polygon","coordinates":[[[-118.50754891161552,33.99943687335565],[-118.50485396576316,33.99943687335565],[-118.50485396576316,34.004826765060365],[-118.50754891161552,34.004826765060365],[-118.50754891161552,33.99943687335565]]]},"id":"-43974+12617","properties":{"area_sq_km":0.0,"count":2,"label":2,"latitude":34.00213179800964,"longitude":-118.50620143871444,"near_healthy_bed":1,"priority_score":1.0,"priority_tier":"monitor","recommended_action":"no_action","region_id":"channel_islands","region_name":"Channel Islands, CA","state":"CA","status":2,"status_label":"healthy"}},{"type":"Feature","geometry":{"geodesic":false,"type":"Polygon","coordinates":[[[-118.51293880332024,34.004826765060365],[-118.50754891161552,34.004826765060365],[-118.50754891161552,34.00752171091273],[-118.51293880332024,34.00752171091273],[-118.51293880332024,34.004826765060365]]]},"id":"-43975+12618","properties":{"area_sq_km":0.0,"count":2,"label":2,"latitude":34.006174260307866,"longitude":-118.51024385744378,"near_healthy_bed":1,"priority_score":1.0,"priority_tier":"monitor","recommended_action":"no_action","region_id":"channel_islands","region_name":"Channel Islands, CA","state":"CA","status":2,"status_label":"healthy"}},{"type":"Feature","geometry":{"geodesic":false,"type":"Polygon","coordinates":[[[-118.51024385746788,34.01021665676509],[-118.50754891161552,34.01021665676509],[-118.50754891161552,34.01291160261744],[-118.51024385746788,34.01291160261744],[-118.51024385746788,34.01021665676509]]]},"id":"-43975+12620","properties":{"area_sq_km":0.0,"count":1,"label":2,"latitude":34.011564130034024,"longitude":-118.50889638453056,"near_healthy_bed":1,"priority_score":1.0,"priority_tier":"monitor","recommended_action":"no_action","region_id":"channel_islands","region_name":"Channel Islands, CA","state":"CA","status":2,"status_label":"healthy"}},{"type":"Feature","geometry":{"geodesic":false,"type":"Polygon","coordinates":[[[-118.51293880332024,33.845824959771214],[-118.51024385746788,33.845824959771214],[-118.51024385746788,33.84851990562357],[-118.51293880332024,33.84851990562357],[-118.51293880332024,33.845824959771214]]]},"id":"-43976+12559","properties":{"area_sq_km":0.0,"count":1,"label":0,"latitude":33.84717243284089,"longitude":-118.51159133040439,"near_healthy_bed":1,"priority_score":1.0,"priority_tier":"monitor","recommended_action":"urchin_removal_then_replant","region_id":"channel_islands","region_name":"Channel Islands, CA","state":"CA","status":0,"status_label":"barren"}},{"type":"Feature","geometry":{"geodesic":false,"type":"Polygon","coordinates":[[[-118.51293880332024,33.90780871437546],[-118.51293880332024,33.90241882267074],[-118.51024385746788,33.90241882267074],[-118.51024385746788,33.899723876818385],[-118.50485396576316,33.899723876818385],[-118.50485396576316,33.90241882267074],[-118.50754891161552,33.90241882267074],[-118.50754891161552,33.9051137685231],[-118.51024385746788,33.9051137685231],[-118.51024385746788,33.90780871437546],[-118.51293880332024,33.90780871437546]]]},"id":"-43976+12581","properties":{"area_sq_km":0.0,"count":5,"label":2,"latitude":33.903227282984986,"longitude":-118.50943530284707,"near_healthy_bed":1,"priority_score":1.0,"priority_tier":"monitor","recommended_action":"no_action","region_id":"channel_islands","region_name":"Channel Islands, CA","state":"CA","status":2,"status_label":"healthy"}},{"type":"Feature","geometry":{"geodesic":false,"type":"Polygon","coordinates":[[[-118.5156337491726,33.883554201704236],[-118.51293880332024,33.883554201704236],[-118.51293880332024,33.88624914755659],[-118.5156337491726,33.88624914755659],[-118.5156337491726,33.883554201704236]]]},"id":"-43977+12573","properties":{"area_sq_km":0.0,"count":1,"label":0,"latitude":33.884901674804055,"longitude":-118.51428627631621,"near_healthy_bed":1,"priority_score":1.0,"priority_tier":"monitor","recommended_action":"urchin_removal_then_replant","region_id":"channel_islands","region_name":"Channel Islands, CA","state":"CA","status":0,"status_label":"barren"}},{"type":"Feature","geometry":{"geodesic":false,"type":"Polygon","coordinates":[[[-118.5156337491726,33.953622793865556],[-118.51293880332024,33.953622793865556],[-118.51293880332024,33.95631773971792],[-118.5156337491726,33.95631773971792],[-118.5156337491726,33.953622793865556]]]},"id":"-43977+12599","properties":{"area_sq_km":0.0,"count":1,"label":2,"latitude":33.954970266994735,"longitude":-118.51428627636308,"near_healthy_bed":1,"priority_score":1.0,"priority_tier":"monitor","recommended_action":"no_action","region_id":"channel_islands","region_name":"Channel Islands, CA","state":"CA","status":2,"status_label":"healthy"}},{"type":"Feature","geometry":{"geodesic":false,"type":"Polygon","coordinates":[[[-118.5156337491726,33.95901268557027],[-118.51293880332024,33.95901268557027],[-118.51293880332024,33.961707631422634],[-118.5156337491726,33.961707631422634],[-118.5156337491726,33.95901268557027]]]},"id":"-43977+12601","properties":{"area_sq_km":0.0,"count":1,"label":2,"latitude":33.960360158691714,"longitude":-118.5142862762725,"near_healthy_bed":1,"priority_score":1.0,"priority_tier":"monitor","recommended_action":"no_action","region_id":"channel_islands","region_name":"Channel Islands, CA","state":"CA","status":2,"status_label":"healthy"}},{"type":"Feature","geometry":{"geodesic":false,"type":"Polygon","coordinates":[[[-118.5156337491726,33.99404698165093],[-118.51293880332024,33.99404698165093],[-118.51293880332024,33.99943687335565],[-118.5156337491726,33.99943687335565],[-118.5156337491726,33.99404698165093]]]},"id":"-43977+12615","properties":{"area_sq_km":0.0,"count":2,"label":2,"latitude":33.99674190634782,"longitude":-118.51428627633922,"near_healthy_bed":1,"priority_score":1.0,"priority_tier":"monitor","recommended_action":"no_action","region_id":"channel_islands","region_name":"Channel Islands, CA","state":"CA","status":2,"status_label":"healthy"}},{"type":"Feature","geometry":{"geodesic":false,"type":"Polygon","coordinates":[[[-118.51832869502495,34.01021665676509],[-118.51293880332024,34.01021665676509],[-118.51293880332024,34.01291160261744],[-118.51832869502495,34.01291160261744],[-118.51832869502495,34.01021665676509]]]},"id":"-43977+12620","properties":{"area_sq_km":0.0,"count":2,"label":2,"latitude":34.01156415189105,"longitude":-118.51563374919152,"near_healthy_bed":1,"priority_score":1.0,"priority_tier":"monitor","recommended_action":"no_action","region_id":"channel_islands","region_name":"Channel Islands, CA","state":"CA","status":2,"status_label":"healthy"}},{"type":"Feature","geometry":{"geodesic":false,"type":"Polygon","coordinates":[[[-118.51832869502495,33.9051137685231],[-118.5156337491726,33.9051137685231],[-118.5156337491726,33.90780871437546],[-118.51832869502495,33.90780871437546],[-118.51832869502495,33.9051137685231]]]},"id":"-43978+12581","properties":{"area_sq_km":0.0,"count":1,"label":2,"latitude":33.90646124169013,"longitude":-118.51698122207605,"near_healthy_bed":1,"priority_score":1.0,"priority_tier":"monitor","recommended_action":"no_action","region_id":"channel_islands","region_name":"Channel Islands, CA","state":"CA","status":2,"status_label":"healthy"}},{"type":"Feature","geometry":{"geodesic":false,"type":"Polygon","coordinates":[[[-118.52102364087732,33.91050366022782],[-118.5156337491726,33.91050366022782],[-118.5156337491726,33.91319860608018],[-118.52102364087732,33.91319860608018],[-118.52102364087732,33.91050366022782]]]},"id":"-43978+12583","properties":{"area_sq_km":0.0,"count":2,"label":2,"latitude":33.91185115533075,"longitude":-118.51832869502266,"near_healthy_bed":1,"priority_score":1.0,"priority_tier":"monitor","recommended_action":"no_action","region_id":"channel_islands","region_name":"Channel Islands, CA","state":"CA","status":2,"status_label":"healthy"}},{"type":"Feature","geometry":{"geodesic":false,"type":"Polygon","coordinates":[[[-118.51832869502495,34.004826765060365],[-118.5156337491726,34.004826765060365],[-118.5156337491726,34.00752171091273],[-118.51832869502495,34.00752171091273],[-118.51832869502495,34.004826765060365]]]},"id":"-43978+12618","properties":{"area_sq_km":0.0,"count":1,"label":2,"latitude":34.00617423836342,"longitude":-118.51698122202878,"near_healthy_bed":1,"priority_score":1.0,"priority_tier":"monitor","recommended_action":"no_action","region_id":"channel_islands","region_name":"Channel Islands, CA","state":"CA","status":2,"status_label":"healthy"}},{"type":"Feature","geometry":{"geodesic":false,"type":"Polygon","coordinates":[[[-118.52102364087732,33.83504517636178],[-118.51832869502495,33.83504517636178],[-118.51832869502495,33.837740122214136],[-118.52102364087732,33.837740122214136],[-118.52102364087732,33.83504517636178]]]},"id":"-43979+12555","properties":{"area_sq_km":0.0,"count":1,"label":2,"latitude":33.8363926494383,"longitude":-118.51967616796409,"near_healthy_bed":1,"priority_score":1.0,"priority_tier":"monitor","recommended_action":"no_action","region_id":"channel_islands","region_name":"Channel Islands, CA","state":"CA","status":2,"status_label":"healthy"}},{"type":"Feature","geometry":{"geodesic":false,"type":"Polygon","coordinates":[[[-118.52102364087732,33.94284301045612],[-118.51832869502495,33.94284301045612],[-118.51832869502495,33.94553795630848],[-118.52102364087732,33.94553795630848],[-118.52102364087732,33.94284301045612]]]},"id":"-43979+12595","properties":{"area_sq_km":0.0,"count":1,"label":0,"latitude":33.94419048374505,"longitude":-118.51967616794565,"near_healthy_bed":1,"priority_score":1.0,"priority_tier":"monitor","recommended_action":"urchin_removal_then_replant","region_id":"channel_islands","region_name":"Channel Islands, CA","state":"CA","status":0,"status_label":"barren"}},{"type":"Feature","geometry":{"geodesic":false,"type":"Polygon","coordinates":[[[-118.52102364087732,33.96440257727499],[-118.51832869502495,33.96440257727499],[-118.51832869502495,33.96709752312735],[-118.52102364087732,33.96709752312735],[-118.52102364087732,33.96440257727499]]]},"id":"-43979+12603","properties":{"area_sq_km":0.0,"count":1,"label":2,"latitude":33.965750050321425,"longitude":-118.5196761680159,"near_healthy_bed":1,"priority_score":1.0,"priority_tier":"monitor","recommended_action":"no_action","region_id":"channel_islands","region_name":"Channel Islands, CA","state":"CA","status":2,"status_label":"healthy"}},{"type":"Feature","geometry":{"geodesic":false,"type":"Polygon","coordinates":[[[-118.52371858672967,33.85929968903301],[-118.52102364087732,33.85929968903301],[-118.52102364087732,33.86199463488536],[-118.52371858672967,33.86199463488536],[-118.52371858672967,33.85929968903301]]]},"id":"-43980+12564","properties":{"area_sq_km":0.0,"count":1,"label":0,"latitude":33.86064716237368,"longitude":-118.52237111374431,"near_healthy_bed":1,"priority_score":1.0,"priority_tier":"monitor","recommended_action":"urchin_removal_then_replant","region_id":"channel_islands","region_name":"Channel Islands, CA","state":"CA","status":0,"status_label":"barren"}},{"type":"Feature","geometry":{"geodesic":false,"type":"Polygon","coordinates":[[[-118.52371858672967,33.90241882267074],[-118.52102364087732,33.90241882267074],[-118.52102364087732,33.9051137685231],[-118.52371858672967,33.9051137685231],[-118.52371858672967,33.90241882267074]]]},"id":"-43980+12580","properties":{"area_sq_km":0.0,"count":1,"label":0,"latitude":33.903766295816695,"longitude":-118.5223711137708,"near_healthy_bed":1,"priority_score":1.0,"priority_tier":"monitor","recommended_action":"urchin_removal_then_replant","region_id":"channel_islands","region_name":"Channel Islands, CA","state":"CA","status":0,"status_label":"barren"}},{"type":"Feature","geometry":{"geodesic":false,"type":"Polygon","coordinates":[[[-118.52371858672967,33.91050366022782],[-118.52371858672967,33.90780871437546],[-118.52641353258203,33.90780871437546],[-118.52641353258203,33.90241882267074],[-118.52371858672967,33.90241882267074],[-118.52371858672967,33.9051137685231],[-118.52102364087732,33.9051137685231],[-118.52102364087732,33.91050366022782],[-118.52371858672967,33.91050366022782]]]},"id":"-43980+12582","properties":{"area_sq_km":0.0,"count":4,"label":2,"latitude":33.906461206451475,"longitude":-118.52371862924176,"near_healthy_bed":1,"priority_score":1.0,"priority_tier":"monitor","recommended_action":"no_action","region_id":"channel_islands","region_name":"Channel Islands, CA","state":"CA","status":2,"status_label":"healthy"}},{"type":"Feature","geometry":{"geodesic":false,"type":"Polygon","coordinates":[[[-118.52371858672967,33.91319860608018],[-118.52102364087732,33.91319860608018],[-118.52102364087732,33.915893551932534],[-118.52371858672967,33.915893551932534],[-118.52371858672967,33.91319860608018]]]},"id":"-43980+12584","properties":{"area_sq_km":0.0,"count":1,"label":2,"latitude":33.914546079266245,"longitude":-118.52237111378052,"near_healthy_bed":1,"priority_score":1.0,"priority_tier":"monitor","recommended_action":"no_action","region_id":"channel_islands","region_name":"Channel Islands, CA","state":"CA","status":2,"status_label":"healthy"}},{"type":"Feature","geometry":{"geodesic":false,"type":"Polygon","coordinates":[[[-118.5291084784344,33.94014806460376],[-118.52102364087732,33.94014806460376],[-118.52102364087732,33.94284301045612],[-118.5291084784344,33.94284301045612],[-118.5291084784344,33.94014806460376]]]},"id":"-43980+12594","properties":{"area_sq_km":0.0,"count":3,"label":0,"latitude":33.94149559637083,"longitude":-118.52506605965394,"near_healthy_bed":1,"priority_score":1.0,"priority_tier":"monitor","recommended_action":"urchin_removal_then_replant","region_id":"channel_islands","region_name":"Channel Islands, CA","state":"CA","status":0,"status_label":"barren"}},{"type":"Feature","geometry":{"geodesic":false,"type":"Polygon","coordinates":[[[-118.52641353258203,33.96709752312735],[-118.52641353258203,33.96440257727499],[-118.5291084784344,33.96440257727499],[-118.5291084784344,33.961707631422634],[-118.52641353258203,33.961707631422634],[-118.52641353258203,33.95901268557027],[-118.52102364087732,33.95901268557027],[-118.52102364087732,33.961707631422634],[-118.52371858672967,33.961707631422634],[-118.52371858672967,33.96709752312735],[-118.52641353258203,33.96709752312735]]]},"id":"-43981+12603","properties":{"area_sq_km":0.0,"count":5,"label":2,"latitude":33.962516086927614,"longitude":-118.52506602839598,"near_healthy_bed":1,"priority_score":1.0,"priority_tier":"monitor","recommended_action":"no_action","region_id":"channel_islands","region_name":"Channel Islands, CA","state":"CA","status":2,"status_label":"healthy"}},{"type":"Feature","geometry":{"geodesic":false,"type":"Polygon","coordinates":[[[-118.52641353258203,33.996741927503294],[-118.52371858672967,33.996741927503294],[-118.52371858672967,33.99943687335565],[-118.52641353258203,33.99943687335565],[-118.52641353258203,33.996741927503294]]]},"id":"-43981+12615","properties":{"area_sq_km":0.0,"count":1,"label":2,"latitude":33.99808940078216,"longitude":-118.52506605965165,"near_healthy_bed":1,"priority_score":1.0,"priority_tier":"monitor","recommended_action":"no_action","region_id":"channel_islands","region_name":"Channel Islands, CA","state":"CA","status":2,"status_label":"healthy"}},{"type":"Feature","geometry":{"geodesic":false,"type":"Polygon","coordinates":[[[-118.5344983701391,33.845824959771214],[-118.5344983701391,33.84313001391885],[-118.53180342428675,33.84313001391885],[-118.53180342428675,33.8404350680665],[-118.5344983701391,33.8404350680665],[-118.5344983701391,33.83504517636178],[-118.53180342428675,33.83504517636178],[-118.53180342428675,33.837740122214136],[-118.5291084784344,33.837740122214136],[-118.5291084784344,33.84313001391885],[-118.52641353258203,33.84313001391885],[-118.52641353258203,33.845824959771214],[-118.5344983701391,33.845824959771214]]]},"id":"-43982+12558","properties":{"area_sq_km":1.0,"count":7,"label":2,"latitude":33.841397483335065,"longitude":-118.53122599706816,"near_healthy_bed":1,"priority_score":1.0,"priority_tier":"monitor","recommended_action":"no_action","region_id":"channel_islands","region_name":"Channel Islands, CA","state":"CA","status":2,"status_label":"healthy"}},{"type":"Feature","geometry":{"geodesic":false,"type":"Polygon","coordinates":[[[-118.5291084784344,33.872774418294796],[-118.52641353258203,33.872774418294796],[-118.52641353258203,33.87546936414716],[-118.5291084784344,33.87546936414716],[-118.5291084784344,33.872774418294796]]]},"id":"-43982+12569","properties":{"area_sq_km":0.0,"count":1,"label":0,"latitude":33.87412189139155,"longitude":-118.52776100549107,"near_healthy_bed":1,"priority_score":1.0,"priority_tier":"monitor","recommended_action":"urchin_removal_then_replant","region_id":"channel_islands","region_name":"Channel Islands, CA","state":"CA","status":0,"status_label":"barren"}},{"type":"Feature","geometry":{"geodesic":false,"type":"Polygon","coordinates":[[[-118.53180342428675,33.91050366022782],[-118.52641353258203,33.91050366022782],[-118.52641353258203,33.91319860608018],[-118.53180342428675,33.91319860608018],[-118.53180342428675,33.91050366022782]]]},"id":"-43982+12583","properties":{"area_sq_km":0.0,"count":2,"label":2,"latitude":33.911851155293284,"longitude":-118.5291084784316,"near_healthy_bed":1,"priority_score":1.0,"priority_tier":"monitor","recommended_action":"no_action","region_id":"channel_islands","region_name":"Channel Islands, CA","state":"CA","status":2,"status_label":"healthy"}},{"type":"Feature","geometry":{"geodesic":false,"type":"Polygon","coordinates":[[[-118.5291084784344,33.94823290216084],[-118.5291084784344,33.94284301045612],[-118.52102364087732,33.94284301045612],[-118.52102364087732,33.94553795630848],[-118.52641353258203,33.94553795630848],[-118.52641353258203,33.94823290216084],[-118.5291084784344,33.94823290216084]]]},"id":"-43982+12596","properties":{"area_sq_km":0.0,"count":4,"label":2,"latitude":33.94486424810387,"longitude":-118.52573976603743,"near_healthy_bed":1,"priority_score":1.0,"priority_tier":"monitor","recommended_action":"no_action","region_id":"channel_islands","region_name":"Channel Islands, CA","state":"CA","status":2,"status_label":"healthy"}},{"type":"Feature","geometry":{"geodesic":false,"type":"Polygon","coordinates":[[[-118.5291084784344,33.99943687335565],[-118.52641353258203,33.99943687335565],[-118.52641353258203,34.00213181920801],[-118.5291084784344,34.00213181920801],[-118.5291084784344,33.99943687335565]]]},"id":"-43982+12616","properties":{"area_sq_km":0.0,"count":1,"label":2,"latitude":34.00078434653627,"longitude":-118.52776100552632,"near_healthy_bed":1,"priority_score":1.0,"priority_tier":"monitor","recommended_action":"no_action","region_id":"channel_islands","region_name":"Channel Islands, CA","state":"CA","status":2,"status_label":"healthy"}},{"type":"Feature","geometry":{"geodesic":false,"type":"Polygon","coordinates":[[[-118.5344983701391,33.81348560954291],[-118.5291084784344,33.81348560954291],[-118.5291084784344,33.81618055539527],[-118.5344983701391,33.81618055539527],[-118.5344983701391,33.81348560954291]]]},"id":"-43983+12547","properties":{"area_sq_km":0.0,"count":2,"label":2,"latitude":33.81483310472226,"longitude":-118.53180342428325,"near_healthy_bed":1,"priority_score":1.0,"priority_tier":"monitor","recommended_action":"no_action","region_id":"channel_islands","region_name":"Channel Islands, CA","state":"CA","status":2,"status_label":"healthy"}},{"type":"Feature","geometry":{"geodesic":false,"type":"Polygon","coordinates":[[[-118.53180342428675,33.82157044709999],[-118.5291084784344,33.82157044709999],[-118.5291084784344,33.82426539295234],[-118.53180342428675,33.82426539295234],[-118.53180342428675,33.82157044709999]]]},"id":"-43983+12550","properties":{"area_sq_km":0.0,"count":1,"label":2,"latitude":33.82291792022681,"longitude":-118.53045595130574,"near_healthy_bed":1,"priority_score":1.0,"priority_tier":"monitor","recommended_action":"no_action","region_id":"channel_islands","region_name":"Channel Islands, CA","state":"CA","status":2,"status_label":"healthy"}},{"type":"Feature","geometry":{"geodesic":false,"type":"Polygon","coordinates":[[[-118.53180342428675,33.83235023050942],[-118.5291084784344,33.83235023050942],[-118.5291084784344,33.83504517636178],[-118.53180342428675,33.83504517636178],[-118.53180342428675,33.83235023050942]]]},"id":"-43983+12554","properties":{"area_sq_km":0.0,"count":1,"label":2,"latitude":33.83369770372452,"longitude":-118.53045595135434,"near_healthy_bed":1,"priority_score":1.0,"priority_tier":"monitor","recommended_action":"no_action","region_id":"channel_islands","region_name":"Channel Islands, CA","state":"CA","status":2,"status_label":"healthy"}},{"type":"Feature","geometry":{"geodesic":false,"type":"Polygon","coordinates":[[[-118.53180342428675,33.86199463488536],[-118.5291084784344,33.86199463488536],[-118.5291084784344,33.864689580737725],[-118.53180342428675,33.864689580737725],[-118.53180342428675,33.86199463488536]]]},"id":"-43983+12565","properties":{"area_sq_km":0.0,"count":1,"label":2,"latitude":33.8633421079615,"longitude":-118.53045595142677,"near_healthy_bed":1,"priority_score":1.0,"priority_tier":"monitor","recommended_action":"no_action","region_id":"channel_islands","region_name":"Channel Islands, CA","state":"CA","status":2,"status_label":"healthy"}},{"type":"Feature","geometry":{"geodesic":false,"type":"Polygon","coordinates":[[[-118.53719331599146,33.802705826133476],[-118.53180342428675,33.802705826133476],[-118.53180342428675,33.80540077198584],[-118.53719331599146,33.80540077198584],[-118.53719331599146,33.802705826133476]]]},"id":"-43984+12543","properties":{"area_sq_km":0.0,"count":2,"label":2,"latitude":33.80405332122825,"longitude":-118.53449837005492,"near_healthy_bed":1,"priority_score":1.0,"priority_tier":"monitor","recommended_action":"no_action","region_id":"channel_islands","region_name":"Channel Islands, CA","state":"CA","status":2,"status_label":"healthy"}},{"type":"Feature","geometry":{"geodesic":false,"type":"Polygon","coordinates":[[[-118.5344983701391,33.80809571783819],[-118.53180342428675,33.80809571783819],[-118.53180342428675,33.810790663690554],[-118.5344983701391,33.810790663690554],[-118.5344983701391,33.80809571783819]]]},"id":"-43984+12545","properties":{"area_sq_km":0.0,"count":1,"label":2,"latitude":33.80944319102242,"longitude":-118.53315089718183,"near_healthy_bed":1,"priority_score":1.0,"priority_tier":"monitor","recommended_action":"no_action","region_id":"channel_islands","region_name":"Channel Islands, CA","state":"CA","status":2,"status_label":"healthy"}},{"type":"Feature","geometry":{"geodesic":false,"type":"Polygon","coordinates":[[[-118.5344983701391,33.82426539295234],[-118.53180342428675,33.82426539295234],[-118.53180342428675,33.8269603388047],[-118.5344983701391,33.8269603388047],[-118.5344983701391,33.82426539295234]]]},"id":"-43984+12551","properties":{"area_sq_km":0.0,"count":1,"label":2,"latitude":33.82561286620246,"longitude":-118.5331508971985,"near_healthy_bed":1,"priority_score":1.0,"priority_tier":"monitor","recommended_action":"no_action","region_id":"channel_islands","region_name":"Channel Islands, CA","state":"CA","status":2,"status_label":"healthy"}},{"type":"Feature","geometry":{"geodesic":false,"type":"Polygon","coordinates":[[[-118.5344983701391,33.85929968903301],[-118.5344983701391,33.85390979732829],[-118.53180342428675,33.85390979732829],[-118.53180342428675,33.85121485147593],[-118.5291084784344,33.85121485147593],[-118.5291084784344,33.85660474318065],[-118.53180342428675,33.85660474318065],[-118.53180342428675,33.85929968903301],[-118.5344983701391,33.85929968903301]]]},"id":"-43984+12563","properties":{"area_sq_km":0.0,"count":4,"label":2,"latitude":33.85525723527321,"longitude":-118.53180338182356,"near_healthy_bed":1,"priority_score":1.0,"priority_tier":"monitor","recommended_action":"no_action","region_id":"channel_islands","region_name":"Channel Islands, CA","state":"CA","status":2,"status_label":"healthy"}},{"type":"Feature","geometry":{"geodesic":false,"type":"Polygon","coordinates":[[[-118.5344983701391,33.97787730653678],[-118.53180342428675,33.97787730653678],[-118.53180342428675,33.980572252389145],[-118.5344983701391,33.980572252389145],[-118.5344983701391,33.97787730653678]]]},"id":"-43984+12608","properties":{"area_sq_km":0.0,"count":1,"label":2,"latitude":33.97922477959592,"longitude":-118.53315089719808,"near_healthy_bed":1,"priority_score":1.0,"priority_tier":"monitor","recommended_action":"no_action","region_id":"channel_islands","region_name":"Channel Islands, CA","state":"CA","status":2,"status_label":"healthy"}},{"type":"Feature","geometry":{"geodesic":false,"type":"Polygon","coordinates":[[[-118.53719331599146,33.81618055539527],[-118.5344983701391,33.81618055539527],[-118.5344983701391,33.818875501247625],[-118.53719331599146,33.818875501247625],[-118.53719331599146,33.81618055539527]]]},"id":"-43985+12548","properties":{"area_sq_km":0.0,"count":1,"label":2,"latitude":33.81752802873171,"longitude":-118.53584584302664,"near_healthy_bed":1,"priority_score":1.0,"priority_tier":"monitor","recommended_action":"no_action","region_id":"channel_islands","region_name":"Channel Islands, CA","state":"CA","status":2,"status_label":"healthy"}},{"type":"Feature","geometry":{"geodesic":false,"type":"Polygon","coordinates":[[[-118.53719331599146,33.918588497784896],[-118.5344983701391,33.918588497784896],[-118.5344983701391,33.92128344363725],[-118.53719331599146,33.92128344363725],[-118.53719331599146,33.918588497784896]]]},"id":"-43985+12586","properties":{"area_sq_km":0.0,"count":1,"label":2,"latitude":33.9199359709371,"longitude":-118.53584584302988,"near_healthy_bed":1,"priority_score":1.0,"priority_tier":"monitor","recommended_action":"no_action","region_id":"channel_islands","region_name":"Channel Islands, CA","state":"CA","status":2,"status_label":"healthy"}},{"type":"Feature","geometry":{"geodesic":false,"type":"Polygon","coordinates":[[[-118.53719331599146,34.00213181920801],[-118.53719331599146,33.99943687335565],[-118.53988826184383,33.99943687335565],[-118.53988826184383,33.996741927503294],[-118.5344983701391,33.996741927503294],[-118.5344983701391,34.00213181920801],[-118.53719331599146,34.00213181920801]]]},"id":"-43985+12616","properties":{"area_sq_km":0.0,"count":3,"label":2,"latitude":33.9989877116579,"longitude":-118.53674417554721,"near_healthy_bed":1,"priority_score":1.0,"priority_tier":"monitor","recommended_action":"no_action","region_id":"channel_islands","region_name":"Channel Islands, CA","state":"CA","status":2,"status_label":"healthy"}},{"type":"Feature","geometry":{"geodesic":false,"type":"Polygon","coordinates":[[[-118.53719331599146,34.015606548469805],[-118.5344983701391,34.015606548469805],[-118.5344983701391,34.01830149432216],[-118.53719331599146,34.01830149432216],[-118.53719331599146,34.015606548469805]]]},"id":"-43985+12622","properties":{"area_sq_km":0.0,"count":1,"label":2,"latitude":34.01695402149331,"longitude":-118.53584584313094,"near_healthy_bed":1,"priority_score":1.0,"priority_tier":"monitor","recommended_action":"no_action","region_id":"channel_islands","region_name":"Channel Islands, CA","state":"CA","status":2,"status_label":"healthy"}},{"type":"Feature","geometry":{"geodesic":false,"type":"Polygon","coordinates":[[[-118.53719331599146,34.02638633187924],[-118.5344983701391,34.02638633187924],[-118.5344983701391,34.02908127773159],[-118.53719331599146,34.02908127773159],[-118.53719331599146,34.02638633187924]]]},"id":"-43985+12626","properties":{"area_sq_km":0.0,"count":1,"label":2,"latitude":34.027733805167415,"longitude":-118.53584584305557,"near_healthy_bed":1,"priority_score":1.0,"priority_tier":"monitor","recommended_action":"no_action","region_id":"channel_islands","region_name":"Channel Islands, CA","state":"CA","status":2,"status_label":"healthy"}},{"type":"Feature","geometry":{"geodesic":false,"type":"Polygon","coordinates":[[[-118.53988826184383,33.800010880281114],[-118.53719331599146,33.800010880281114],[-118.53719331599146,33.802705826133476],[-118.53988826184383,33.802705826133476],[-118.53988826184383,33.800010880281114]]]},"id":"-43986+12542","properties":{"area_sq_km":0.0,"count":1,"label":2,"latitude":33.80135835356323,"longitude":-118.53854078898311,"near_healthy_bed":1,"priority_score":1.0,"priority_tier":"monitor","recommended_action":"no_action","region_id":"channel_islands","region_name":"Channel Islands, CA","state":"CA","status":2,"status_label":"healthy"}},{"type":"Feature","geometry":{"geodesic":false,"type":"Polygon","coordinates":[[[-118.54258320769618,33.80540077198584],[-118.53719331599146,33.80540077198584],[-118.53719331599146,33.80809571783819],[-118.54258320769618,33.80809571783819],[-118.54258320769618,33.80540077198584]]]},"id":"-43986+12544","properties":{"area_sq_km":0.0,"count":2,"label":2,"latitude":33.80674826711934,"longitude":-118.53988826184629,"near_healthy_bed":1,"priority_score":1.0,"priority_tier":"monitor","recommended_action":"no_action","region_id":"channel_islands","region_name":"Channel Islands, CA","state":"CA","status":2,"status_label":"healthy"}},{"type":"Feature","geometry":{"geodesic":false,"type":"Polygon","coordinates":[[[-118.53988826184383,33.810790663690554],[-118.53719331599146,33.810790663690554],[-118.53719331599146,33.81348560954291],[-118.53988826184383,33.81348560954291],[-118.53988826184383,33.810790663690554]]]},"id":"-43986+12546","properties":{"area_sq_km":0.0,"count":1,"label":2,"latitude":33.81213813698755,"longitude":-118.53854078894562,"near_healthy_bed":1,"priority_score":1.0,"priority_tier":"monitor","recommended_action":"no_action","region_id":"channel_islands","region_name":"Channel Islands, CA","state":"CA","status":2,"status_label":"healthy"}},{"type":"Feature","geometry":{"geodesic":false,"type":"Polygon","coordinates":[[[-118.53988826184383,33.84313001391885],[-118.53719331599146,33.84313001391885],[-118.53719331599146,33.845824959771214],[-118.53988826184383,33.845824959771214],[-118.53988826184383,33.84313001391885]]]},"id":"-43986+12558","properties":{"area_sq_km":0.0,"count":1,"label":2,"latitude":33.844477487086586,"longitude":-118.53854078890136,"near_healthy_bed":1,"priority_score":1.0,"priority_tier":"monitor","recommended_action":"no_action","region_id":"channel_islands","region_name":"Channel Islands, CA","state":"CA","status":2,"status_label":"healthy"}},{"type":"Feature","geometry":{"geodesic":false,"type":"Polygon","coordinates":[[[-118.54258320769618,33.880859255851874],[-118.53988826184383,33.880859255851874],[-118.53988826184383,33.883554201704236],[-118.54258320769618,33.883554201704236],[-118.54258320769618,33.880859255851874]]]},"id":"-43987+12572","properties":{"area_sq_km":0.0,"count":1,"label":0,"latitude":33.88220672908583,"longitude":-118.5412357347246,"near_healthy_bed":1,"priority_score":1.0,"priority_tier":"monitor","recommended_action":"urchin_removal_then_replant","region_id":"channel_islands","region_name":"Channel Islands, CA","state":"CA","status":0,"status_label":"barren"}},{"type":"Feature","geometry":{"geodesic":false,"type":"Polygon","coordinates":[[[-118.54527815354854,33.80809571783819],[-118.54258320769618,33.80809571783819],[-118.54258320769618,33.810790663690554],[-118.54527815354854,33.810790663690554],[-118.54527815354854,33.80809571783819]]]},"id":"-43988+12545","properties":{"area_sq_km":0.0,"count":1,"label":2,"latitude":33.80944319099202,"longitude":-118.54393068062025,"near_healthy_bed":1,"priority_score":1.0,"priority_tier":"monitor","recommended_action":"no_action","region_id":"channel_islands","region_name":"Channel Islands, CA","state":"CA","status":2,"status_label":"healthy"}},{"type":"Feature","geometry":{"geodesic":false,"type":"Polygon","coordinates":[[[-118.54797309940089,33.85390979732829],[-118.54797309940089,33.85121485147593],[-118.55066804525326,33.85121485147593],[-118.55066804525326,33.84851990562357],[-118.54258320769618,33.84851990562357],[-118.54258320769618,33.85390979732829],[-118.54797309940089,33.85390979732829]]]},"id":"-43988+12561","properties":{"area_sq_km":0.0,"count":5,"label":2,"latitude":33.850945380740065,"longitude":-118.54608665117468,"near_healthy_bed":1,"priority_score":1.0,"priority_tier":"monitor","recommended_action":"no_action","region_id":"channel_islands","region_name":"Channel Islands, CA","state":"CA","status":2,"status_label":"healthy"}},{"type":"Feature","geometry":{"geodesic":false,"type":"Polygon","coordinates":[[[-118.54527815354854,33.872774418294796],[-118.54258320769618,33.872774418294796],[-118.54258320769618,33.87546936414716],[-118.54527815354854,33.87546936414716],[-118.54527815354854,33.872774418294796]]]},"id":"-43988+12569","properties":{"area_sq_km":0.0,"count":1,"label":0,"latitude":33.87412189132002,"longitude":-118.543930680626,"near_healthy_bed":1,"priority_score":1.0,"priority_tier":"monitor","recommended_action":"urchin_removal_then_replant","region_id":"channel_islands","region_name":"Channel Islands, CA","state":"CA","status":0,"status_label":"barren"}},{"type":"Feature","geometry":{"geodesic":false,"type":"Polygon","coordinates":[[[-118.54527815354854,33.87816430999951],[-118.54258320769618,33.87816430999951],[-118.54258320769618,33.880859255851874],[-118.54527815354854,33.880859255851874],[-118.54527815354854,33.87816430999951]]]},"id":"-43988+12571","properties":{"area_sq_km":0.0,"count":1,"label":0,"latitude":33.87951178297075,"longitude":-118.54393068065276,"near_healthy_bed":1,"priority_score":1.0,"priority_tier":"monitor","recommended_action":"urchin_removal_then_replant","region_id":"channel_islands","region_name":"Channel Islands, CA","state":"CA","status":0,"status_label":"barren"}},{"type":"Feature","geometry":{"geodesic":false,"type":"Polygon","coordinates":[[[-118.54527815354854,33.97518236068442],[-118.54527815354854,33.96709752312735],[-118.54258320769618,33.96709752312735],[-118.54258320769618,33.969792468979705],[-118.53988826184383,33.969792468979705],[-118.53988826184383,33.97248741483207],[-118.54258320769618,33.97248741483207],[-118.54258320769618,33.97518236068442],[-118.54527815354854,33.97518236068442]]]},"id":"-43988+12606","properties":{"area_sq_km":0.0,"count":4,"label":2,"latitude":33.971139904956985,"longitude":-118.54325694430109,"near_healthy_bed":1,"priority_score":1.0,"priority_tier":"monitor","recommended_action":"no_action","region_id":"channel_islands","region_name":"Channel Islands, CA","state":"CA","status":2,"status_label":"healthy"}},{"type":"Feature","geometry":{"geodesic":false,"type":"Polygon","coordinates":[[[-118.54527815354854,33.97787730653678],[-118.54258320769618,33.97787730653678],[-118.54258320769618,33.980572252389145],[-118.54527815354854,33.980572252389145],[-118.54527815354854,33.97787730653678]]]},"id":"-43988+12608","properties":{"area_sq_km":0.0,"count":1,"label":2,"latitude":33.979224779587284,"longitude":-118.54393068062514,"near_healthy_bed":1,"priority_score":1.0,"priority_tier":"monitor","recommended_action":"no_action","region_id":"channel_islands","region_name":"Channel Islands, CA","state":"CA","status":2,"status_label":"healthy"}},{"type":"Feature","geometry":{"geodesic":false,"type":"Polygon","coordinates":[[[-118.54258320769618,33.87546936414716],[-118.54258320769618,33.87816430999952],[-118.54527815354854,33.87816430999952],[-118.54527815354854,33.880859255851874],[-118.5479730994009,33.880859255851874],[-118.5479730994009,33.87816430999952],[-118.55066804525326,33.87816430999952],[-118.55066804525326,33.87546936414716],[-118.5479730994009,33.87546936414716],[-118.5479730994009,33.87007947244244],[-118.54258320769618,33.87007947244244],[-118.54258320769618,33.864689580737725],[-118.5479730994009,33.864689580737725],[-118.5479730994009,33.86199463488536],[-118.55066804525326,33.86199463488536],[-118.55066804525326,33.85929968903301],[-118.5479730994009,33.85929968903301],[-118.5479730994009,33.85660474318065],[-118.54527815354854,33.85660474318065],[-118.54527815354854,33.85929968903301],[-118.54258320769618,33.85929968903301],[-118.54258320769618,33.85390979732829],[-118.53988826184383,33.85390979732829],[-118.53988826184383,33.85929968903301],[-118.53719331599146,33.85929968903301],[-118.53719331599146,33.864689580737725],[-118.5344983701391,33.864689580737725],[-118.5344983701391,33.87007947244244],[-118.53719331599146,33.87007947244244],[-118.53719331599146,33.872774418294796],[-118.53988826184383,33.872774418294796],[-118.53988826184383,33.87546936414716],[-118.54258320769618,33.87546936414716]],[[-118.54258320769618,33.87546936414716],[-118.54527815354854,33.87546936414716],[-118.54527815354854,33.872774418294796],[-118.54258320769618,33.872774418294796],[-118.54258320769618,33.87546936414716]]]},"id":"-43989+12571","properties":{"area_sq_km":2.0,"count":28,"label":2,"latitude":33.86699909047118,"longitude":-118.54267934854914,"near_healthy_bed":1,"priority_score":1.0,"priority_tier":"monitor","recommended_action":"no_action","region_id":"channel_islands","region_name":"Channel Islands, CA","state":"CA","status":2,"status_label":"healthy"}},{"type":"Feature","geometry":{"geodesic":false,"type":"Polygon","coordinates":[[[-118.54797309940089,34.023691386026876],[-118.54527815354854,34.023691386026876],[-118.54527815354854,34.02638633187924],[-118.54797309940089,34.02638633187924],[-118.54797309940089,34.023691386026876]]]},"id":"-43989+12625","properties":{"area_sq_km":0.0,"count":1,"label":2,"latitude":34.025038859146676,"longitude":-118.54662562646988,"near_healthy_bed":1,"priority_score":1.0,"priority_tier":"monitor","recommended_action":"no_action","region_id":"channel_islands","region_name":"Channel Islands, CA","state":"CA","status":2,"status_label":"healthy"}},{"type":"Feature","geometry":{"geodesic":false,"type":"Polygon","coordinates":[[[-118.55066804525326,33.97787730653678],[-118.55066804525326,33.97518236068442],[-118.55336299110562,33.97518236068442],[-118.55336299110562,33.97248741483207],[-118.55066804525326,33.97248741483207],[-118.55066804525326,33.96440257727499],[-118.55336299110562,33.96440257727499],[-118.55336299110562,33.950927848013194],[-118.55066804525326,33.950927848013194],[-118.55066804525326,33.95631773971792],[-118.54527815354854,33.95631773971792],[-118.54527815354854,33.961707631422634],[-118.54797309940089,33.961707631422634],[-118.54797309940089,33.97787730653678],[-118.55066804525326,33.97787730653678]]]},"id":"-43990+12607","properties":{"area_sq_km":1.0,"count":16,"label":2,"latitude":33.96355983535553,"longitude":-118.54999435011605,"near_healthy_bed":1,"priority_score":1.0,"priority_tier":"monitor","recommended_action":"no_action","region_id":"channel_islands","region_name":"Channel Islands, CA","state":"CA","status":2,"status_label":"healthy"}},{"type":"Feature","geometry":{"geodesic":false,"type":"Polygon","coordinates":[[[-118.55066804525326,34.01021665676509],[-118.54797309940089,34.01021665676509],[-118.54797309940089,34.01291160261744],[-118.55066804525326,34.01291160261744],[-118.55066804525326,34.01021665676509]]]},"id":"-43990+12620","properties":{"area_sq_km":0.0,"count":1,"label":2,"latitude":34.01156412997083,"longitude":-118.5493205723044,"near_healthy_bed":1,"priority_score":1.0,"priority_tier":"monitor","recommended_action":"no_action","region_id":"channel_islands","region_name":"Channel Islands, CA","state":"CA","status":2,"status_label":"healthy"}},{"type":"Feature","geometry":{"geodesic":false,"type":"Polygon","coordinates":[[[-118.55336299110562,33.85121485147593],[-118.55066804525326,33.85121485147593],[-118.55066804525326,33.85390979732829],[-118.55336299110562,33.85390979732829],[-118.55336299110562,33.85121485147593]]]},"id":"-43991+12561","properties":{"area_sq_km":0.0,"count":1,"label":2,"latitude":33.85256232465681,"longitude":-118.55201551830432,"near_healthy_bed":1,"priority_score":1.0,"priority_tier":"monitor","recommended_action":"no_action","region_id":"channel_islands","region_name":"Channel Islands, CA","state":"CA","status":2,"status_label":"healthy"}},{"type":"Feature","geometry":{"geodesic":false,"type":"Polygon","coordinates":[[[-118.55336299110562,34.01291160261744],[-118.55066804525326,34.01291160261744],[-118.55066804525326,34.01830149432216],[-118.55336299110562,34.01830149432216],[-118.55336299110562,34.01291160261744]]]},"id":"-43991+12622","properties":{"area_sq_km":0.0,"count":2,"label":2,"latitude":34.015606527220406,"longitude":-118.55201551832396,"near_healthy_bed":1,"priority_score":1.0,"priority_tier":"monitor","recommended_action":"no_action","region_id":"channel_islands","region_name":"Channel Islands, CA","state":"CA","status":2,"status_label":"healthy"}},{"type":"Feature","geometry":{"geodesic":false,"type":"Polygon","coordinates":[[[-118.55605793695797,33.883554201704236],[-118.55336299110562,33.883554201704236],[-118.55336299110562,33.88624914755659],[-118.55605793695797,33.88624914755659],[-118.55605793695797,33.883554201704236]]]},"id":"-43992+12573","properties":{"area_sq_km":0.0,"count":1,"label":2,"latitude":33.884901674812845,"longitude":-118.55471046402857,"near_healthy_bed":1,"priority_score":1.0,"priority_tier":"monitor","recommended_action":"no_action","region_id":"channel_islands","region_name":"Channel Islands, CA","state":"CA","status":2,"status_label":"healthy"}},{"type":"Feature","geometry":{"geodesic":false,"type":"Polygon","coordinates":[[[-118.55605793695797,33.89702893096602],[-118.55336299110562,33.89702893096602],[-118.55336299110562,33.899723876818385],[-118.55605793695797,33.899723876818385],[-118.55605793695797,33.89702893096602]]]},"id":"-43992+12578","properties":{"area_sq_km":0.0,"count":1,"label":0,"latitude":33.8983764040855,"longitude":-118.554710464041,"near_healthy_bed":1,"priority_score":1.0,"priority_tier":"monitor","recommended_action":"urchin_removal_then_replant","region_id":"channel_islands","region_name":"Channel Islands, CA","state":"CA","status":0,"status_label":"barren"}},{"type":"Feature","geometry":{"geodesic":false,"type":"Polygon","coordinates":[[[-118.55605793695797,33.899723876818385],[-118.55336299110562,33.899723876818385],[-118.55336299110562,33.90241882267074],[-118.55605793695797,33.90241882267074],[-118.55605793695797,33.899723876818385]]]},"id":"-43992+12579","properties":{"area_sq_km":0.0,"count":1,"label":2,"latitude":33.90107134989669,"longitude":-118.55471046409741,"near_healthy_bed":1,"priority_score":1.0,"priority_tier":"monitor","recommended_action":"no_action","region_id":"channel_islands","region_name":"Channel Islands, CA","state":"CA","status":2,"status_label":"healthy"}},{"type":"Feature","geometry":{"geodesic":false,"type":"Polygon","coordinates":[[[-118.55605793695797,33.97248741483207],[-118.55336299110562,33.97248741483207],[-118.55336299110562,33.97518236068442],[-118.55605793695797,33.97518236068442],[-118.55605793695797,33.97248741483207]]]},"id":"-43992+12606","properties":{"area_sq_km":0.0,"count":1,"label":0,"latitude":33.97383488792473,"longitude":-118.55471046401772,"near_healthy_bed":1,"priority_score":1.0,"priority_tier":"monitor","recommended_action":"urchin_removal_then_replant","region_id":"channel_islands","region_name":"Channel Islands, CA","state":"CA","status":0,"status_label":"barren"}},{"type":"Feature","geometry":{"geodesic":false,"type":"Polygon","coordinates":[[[-118.55605793695797,33.996741927503294],[-118.55336299110562,33.996741927503294],[-118.55336299110562,33.99943687335565],[-118.55605793695797,33.99943687335565],[-118.55605793695797,33.996741927503294]]]},"id":"-43992+12615","properties":{"area_sq_km":0.0,"count":1,"label":2,"latitude":33.998089400662415,"longitude":-118.55471046400878,"near_healthy_bed":1,"priority_score":1.0,"priority_tier":"monitor","recommended_action":"no_action","region_id":"channel_islands","region_name":"Channel Islands, CA","state":"CA","status":2,"status_label":"healthy"}},{"type":"Feature","geometry":{"geodesic":false,"type":"Polygon","coordinates":[[[-118.55875288281034,33.845824959771214],[-118.55605793695797,33.845824959771214],[-118.55605793695797,33.84851990562357],[-118.55875288281034,33.84851990562357],[-118.55875288281034,33.845824959771214]]]},"id":"-43993+12559","properties":{"area_sq_km":0.0,"count":1,"label":2,"latitude":33.84717243284908,"longitude":-118.55740540987729,"near_healthy_bed":1,"priority_score":1.0,"priority_tier":"monitor","recommended_action":"no_action","region_id":"channel_islands","region_name":"Channel Islands, CA","state":"CA","status":2,"status_label":"healthy"}},{"type":"Feature","geometry":{"geodesic":false,"type":"Polygon","coordinates":[[[-118.55875288281034,33.87816430999951],[-118.55875288281034,33.86738452659008],[-118.55605793695797,33.86738452659008],[-118.55605793695797,33.864689580737725],[-118.55875288281034,33.864689580737725],[-118.55875288281034,33.86199463488536],[-118.55336299110562,33.86199463488536],[-118.55336299110562,33.87546936414716],[-118.55605793695797,33.87546936414716],[-118.55605793695797,33.87816430999951],[-118.55875288281034,33.87816430999951]]]},"id":"-43993+12570","properties":{"area_sq_km":1.0,"count":10,"label":2,"latitude":33.869809769324725,"longitude":-118.55605790292137,"near_healthy_bed":1,"priority_score":1.0,"priority_tier":"monitor","recommended_action":"no_action","region_id":"channel_islands","region_name":"Channel Islands, CA","state":"CA","status":2,"status_label":"healthy"}},{"type":"Feature","geometry":{"geodesic":false,"type":"Polygon","coordinates":[[[-118.55875288281034,33.90241882267074],[-118.55605793695797,33.90241882267074],[-118.55605793695797,33.9051137685231],[-118.55875288281034,33.9051137685231],[-118.55875288281034,33.90241882267074]]]},"id":"-43993+12580","properties":{"area_sq_km":0.0,"count":1,"label":2,"latitude":33.903766295792806,"longitude":-118.55740540978569,"near_healthy_bed":1,"priority_score":1.0,"priority_tier":"monitor","recommended_action":"no_action","region_id":"channel_islands","region_name":"Channel Islands, CA","state":"CA","status":2,"status_label":"healthy"}},{"type":"Feature","geometry":{"geodesic":false,"type":"Polygon","coordinates":[[[-118.55875288281034,33.9051137685231],[-118.55605793695797,33.9051137685231],[-118.55605793695797,33.91050366022782],[-118.55875288281034,33.91050366022782],[-118.55875288281034,33.9051137685231]]]},"id":"-43993+12582","properties":{"area_sq_km":0.0,"count":2,"label":0,"latitude":33.90780869335984,"longitude":-118.55740540978175,"near_healthy_bed":1,"priority_score":1.0,"priority_tier":"monitor","recommended_action":"urchin_removal_then_replant","region_id":"channel_islands","region_name":"Channel Islands, CA","state":"CA","status":0,"status_label":"barren"}},{"type":"Feature","geometry":{"geodesic":false,"type":"Polygon","coordinates":[[[-118.55875288281034,33.94284301045612],[-118.55605793695797,33.94284301045612],[-118.55605793695797,33.94553795630848],[-118.55875288281034,33.94553795630848],[-118.55875288281034,33.94284301045612]]]},"id":"-43993+12595","properties":{"area_sq_km":0.0,"count":1,"label":0,"latitude":33.9441904837197,"longitude":-118.55740540980703,"near_healthy_bed":1,"priority_score":1.0,"priority_tier":"monitor","recommended_action":"urchin_removal_then_replant","region_id":"channel_islands","region_name":"Channel Islands, CA","state":"CA","status":0,"status_label":"barren"}},{"type":"Feature","geometry":{"geodesic":false,"type":"Polygon","coordinates":[[[-118.55875288281034,33.961707631422634],[-118.55875288281034,33.95901268557027],[-118.5614478286627,33.95901268557027],[-118.5614478286627,33.95631773971792],[-118.55605793695797,33.95631773971792],[-118.55605793695797,33.961707631422634],[-118.55875288281034,33.961707631422634]]]},"id":"-43993+12601","properties":{"area_sq_km":0.0,"count":3,"label":2,"latitude":33.958563523935894,"longitude":-118.55830374236328,"near_healthy_bed":1,"priority_score":1.0,"priority_tier":"monitor","recommended_action":"no_action","region_id":"channel_islands","region_name":"Channel Islands, CA","state":"CA","status":2,"status_label":"healthy"}},{"type":"Feature","geometry":{"geodesic":false,"type":"Polygon","coordinates":[[[-118.55875288281034,33.969792468979705],[-118.55605793695797,33.969792468979705],[-118.55605793695797,33.97248741483207],[-118.55875288281034,33.97248741483207],[-118.55875288281034,33.969792468979705]]]},"id":"-43993+12605","properties":{"area_sq_km":0.0,"count":1,"label":0,"latitude":33.97113994216212,"longitude":-118.5574054098181,"near_healthy_bed":1,"priority_score":1.0,"priority_tier":"monitor","recommended_action":"urchin_removal_then_replant","region_id":"channel_islands","region_name":"Channel Islands, CA","state":"CA","status":0,"status_label":"barren"}},{"type":"Feature","geometry":{"geodesic":false,"type":"Polygon","coordinates":[[[-118.55875288281034,34.02099644017452],[-118.55605793695797,34.02099644017452],[-118.55605793695797,34.023691386026876],[-118.55875288281034,34.023691386026876],[-118.55875288281034,34.02099644017452]]]},"id":"-43993+12624","properties":{"area_sq_km":0.0,"count":1,"label":0,"latitude":34.022343913371806,"longitude":-118.55740540983452,"near_healthy_bed":1,"priority_score":1.0,"priority_tier":"monitor","recommended_action":"urchin_removal_then_replant","region_id":"channel_islands","region_name":"Channel Islands, CA","state":"CA","status":0,"status_label":"barren"}},{"type":"Feature","geometry":{"geodesic":false,"type":"Polygon","coordinates":[[[-118.56414277451505,33.934758172899045],[-118.55875288281034,33.934758172899045],[-118.55875288281034,33.93745311875141],[-118.56414277451505,33.93745311875141],[-118.56414277451505,33.934758172899045]]]},"id":"-43994+12592","properties":{"area_sq_km":0.0,"count":2,"label":0,"latitude":33.93610566811894,"longitude":-118.56144782870034,"near_healthy_bed":1,"priority_score":1.0,"priority_tier":"monitor","recommended_action":"urchin_removal_then_replant","region_id":"channel_islands","region_name":"Channel Islands, CA","state":"CA","status":0,"status_label":"barren"}},{"type":"Feature","geometry":{"geodesic":false,"type":"Polygon","coordinates":[[[-118.5614478286627,33.94284301045612],[-118.55875288281034,33.94284301045612],[-118.55875288281034,33.94553795630848],[-118.5614478286627,33.94553795630848],[-118.5614478286627,33.94284301045612]]]},"id":"-43994+12595","properties":{"area_sq_km":0.0,"count":1,"label":2,"latitude":33.94419048376466,"longitude":-118.56010035578,"near_healthy_bed":1,"priority_score":1.0,"priority_tier":"monitor","recommended_action":"no_action","region_id":"channel_islands","region_name":"Channel Islands, CA","state":"CA","status":2,"status_label":"healthy"}},{"type":"Feature","geometry":{"geodesic":false,"type":"Polygon","coordinates":[[[-118.56414277451505,33.86199463488536],[-118.56414277451505,33.84851990562357],[-118.55875288281034,33.84851990562357],[-118.55875288281034,33.85121485147593],[-118.55605793695797,33.85121485147593],[-118.55605793695797,33.85390979732829],[-118.55336299110562,33.85390979732829],[-118.55336299110562,33.85660474318065],[-118.5614478286627,33.85660474318065],[-118.5614478286627,33.86199463488536],[-118.56414277451505,33.86199463488536]]]},"id":"-43995+12564","properties":{"area_sq_km":1.0,"count":11,"label":2,"latitude":33.85427722172796,"longitude":-118.56034531703853,"near_healthy_bed":1,"priority_score":1.0,"priority_tier":"monitor","recommended_action":"no_action","region_id":"channel_islands","region_name":"Channel Islands, CA","state":"CA","status":2,"status_label":"healthy"}},{"type":"Feature","geometry":{"geodesic":false,"type":"Polygon","coordinates":[[[-118.56414277451505,33.92397838948961],[-118.5614478286627,33.92397838948961],[-118.5614478286627,33.92667333534197],[-118.56414277451505,33.92667333534197],[-118.56414277451505,33.92397838948961]]]},"id":"-43995+12588","properties":{"area_sq_km":0.0,"count":1,"label":0,"latitude":33.92532586250513,"longitude":-118.562795301614,"near_healthy_bed":1,"priority_score":1.0,"priority_tier":"monitor","recommended_action":"urchin_removal_then_replant","region_id":"channel_islands","region_name":"Channel Islands, CA","state":"CA","status":0,"status_label":"barren"}},{"type":"Feature","geometry":{"geodesic":false,"type":"Polygon","coordinates":[[[-118.56414277451505,33.94553795630848],[-118.5614478286627,33.94553795630848],[-118.5614478286627,33.94823290216084],[-118.56414277451505,33.94823290216084],[-118.56414277451505,33.94553795630848]]]},"id":"-43995+12596","properties":{"area_sq_km":0.0,"count":1,"label":2,"latitude":33.9468854293419,"longitude":-118.56279530154616,"near_healthy_bed":1,"priority_score":1.0,"priority_tier":"monitor","recommended_action":"no_action","region_id":"channel_islands","region_name":"Channel Islands, CA","state":"CA","status":2,"status_label":"healthy"}},{"type":"Feature","geometry":{"geodesic":false,"type":"Polygon","coordinates":[[[-118.56414277451505,33.96440257727499],[-118.5614478286627,33.96440257727499],[-118.5614478286627,33.97248741483207],[-118.56414277451505,33.97248741483207],[-118.56414277451505,33.96440257727499]]]},"id":"-43995+12605","properties":{"area_sq_km":0.0,"count":3,"label":0,"latitude":33.96844493935063,"longitude":-118.56279530162402,"near_healthy_bed":1,"priority_score":1.0,"priority_tier":"monitor","recommended_action":"urchin_removal_then_replant","region_id":"channel_islands","region_name":"Channel Islands, CA","state":"CA","status":0,"status_label":"barren"}},{"type":"Feature","geometry":{"geodesic":false,"type":"Polygon","coordinates":[[[-118.56414277451505,33.98596214409386],[-118.5614478286627,33.98596214409386],[-118.5614478286627,33.988657089946216],[-118.56414277451505,33.988657089946216],[-118.56414277451505,33.98596214409386]]]},"id":"-43995+12611","properties":{"area_sq_km":0.0,"count":1,"label":0,"latitude":33.98730961713656,"longitude":-118.56279530151541,"near_healthy_bed":1,"priority_score":1.0,"priority_tier":"monitor","recommended_action":"urchin_removal_then_replant","region_id":"channel_islands","region_name":"Channel Islands, CA","state":"CA","status":0,"status_label":"barren"}},{"type":"Feature","geometry":{"geodesic":false,"type":"Polygon","coordinates":[[[-118.5668377203674,33.92667333534197],[-118.56414277451505,33.92667333534197],[-118.56414277451505,33.92936828119433],[-118.5668377203674,33.92936828119433],[-118.5668377203674,33.92667333534197]]]},"id":"-43996+12589","properties":{"area_sq_km":0.0,"count":1,"label":0,"latitude":33.928020808576754,"longitude":-118.56549024735101,"near_healthy_bed":1,"priority_score":1.0,"priority_tier":"monitor","recommended_action":"urchin_removal_then_replant","region_id":"channel_islands","region_name":"Channel Islands, CA","state":"CA","status":0,"status_label":"barren"}},{"type":"Feature","geometry":{"geodesic":false,"type":"Polygon","coordinates":[[[-118.5668377203674,33.950927848013194],[-118.56414277451505,33.950927848013194],[-118.56414277451505,33.953622793865556],[-118.5668377203674,33.953622793865556],[-118.5668377203674,33.950927848013194]]]},"id":"-43996+12598","properties":{"area_sq_km":0.0,"count":1,"label":2,"latitude":33.95227532130833,"longitude":-118.56549024738993,"near_healthy_bed":1,"priority_score":1.0,"priority_tier":"monitor","recommended_action":"no_action","region_id":"channel_islands","region_name":"Channel Islands, CA","state":"CA","status":2,"status_label":"healthy"}},{"type":"Feature","geometry":{"geodesic":false,"type":"Polygon","coordinates":[[[-118.5668377203674,33.97787730653678],[-118.56414277451505,33.97787730653678],[-118.56414277451505,33.980572252389145],[-118.5668377203674,33.980572252389145],[-118.5668377203674,33.97787730653678]]]},"id":"-43996+12608","properties":{"area_sq_km":0.0,"count":1,"label":0,"latitude":33.97922477960823,"longitude":-118.56549024740963,"near_healthy_bed":1,"priority_score":1.0,"priority_tier":"monitor","recommended_action":"urchin_removal_then_replant","region_id":"channel_islands","region_name":"Channel Islands, CA","state":"CA","status":0,"status_label":"barren"}},{"type":"Feature","geometry":{"geodesic":false,"type":"Polygon","coordinates":[[[-118.56953266621977,33.89702893096602],[-118.5668377203674,33.89702893096602],[-118.5668377203674,33.899723876818385],[-118.56953266621977,33.899723876818385],[-118.56953266621977,33.89702893096602]]]},"id":"-43997+12578","properties":{"area_sq_km":0.0,"count":1,"label":0,"latitude":33.898376404044996,"longitude":-118.56818519321959,"near_healthy_bed":1,"priority_score":1.0,"priority_tier":"monitor","recommended_action":"urchin_removal_then_replant","region_id":"channel_islands","region_name":"Channel Islands, CA","state":"CA","status":0,"status_label":"barren"}},{"type":"Feature","geometry":{"geodesic":false,"type":"Polygon","coordinates":[[[-118.56953266621977,34.02908127773159],[-118.5668377203674,34.02908127773159],[-118.5668377203674,34.031776223583954],[-118.56953266621977,34.031776223583954],[-118.56953266621977,34.02908127773159]]]},"id":"-43997+12627","properties":{"area_sq_km":0.0,"count":1,"label":0,"latitude":34.0304287506502,"longitude":-118.56818519330199,"near_healthy_bed":1,"priority_score":1.0,"priority_tier":"monitor","recommended_action":"urchin_removal_then_replant","region_id":"channel_islands","region_name":"Channel Islands, CA","state":"CA","status":0,"status_label":"barren"}},{"type":"Feature","geometry":{"geodesic":false,"type":"Polygon","coordinates":[[[-118.57492255792448,34.01830149432216],[-118.5614478286627,34.01830149432216],[-118.5614478286627,34.015606548469805],[-118.56414277451505,34.015606548469805],[-118.56414277451505,34.01291160261744],[-118.5614478286627,34.01291160261744],[-118.5614478286627,34.00752171091273],[-118.56414277451505,34.00752171091273],[-118.56414277451505,34.00482676506037],[-118.55336299110562,34.00482676506037],[-118.55336299110562,34.01021665676509],[-118.55605793695797,34.01021665676509],[-118.55605793695797,34.02099644017452],[-118.55336299110562,34.02099644017452],[-118.55336299110562,34.02638633187924],[-118.55066804525326,34.02638633187924],[-118.55066804525326,34.02908127773159],[-118.5479730994009,34.02908127773159],[-118.5479730994009,34.031776223583954],[-118.54527815354854,34.031776223583954],[-118.54527815354854,34.034471169436316],[-118.5614478286627,34.034471169436316],[-118.5614478286627,34.03716611528867],[-118.5668377203674,34.03716611528867],[-118.5668377203674,34.03986106114103],[-118.56953266621977,34.03986106114103],[-118.56953266621977,34.03716611528867],[-118.57492255792448,34.03716611528867],[-118.57492255792448,34.034471169436316],[-118.57761750377685,34.034471169436316],[-118.57761750377685,34.031776223583954],[-118.5803124496292,34.031776223583954],[-118.5803124496292,34.034471169436316],[-118.58570234133391,34.034471169436316],[-118.58570234133391,34.031776223583954],[-118.58839728718628,34.031776223583954],[-118.58839728718628,34.03716611528867],[-118.60187201644807,34.03716611528867],[-118.60187201644807,34.034471169436316],[-118.60995685400515,34.034471169436316],[-118.60995685400515,34.031776223583954],[-118.59378717889099,34.031776223583954],[-118.59378717889099,34.02908127773159],[-118.59109223303864,34.02908127773159],[-118.59109223303864,34.02638633187924],[-118.59378717889099,34.02638633187924],[-118.59378717889099,34.023691386026876],[-118.59109223303864,34.023691386026876],[-118.59109223303864,34.02099644017452],[-118.58839728718628,34.02099644017452],[-118.58839728718628,34.023691386026876],[-118.58570234133391,34.023691386026876],[-118.58570234133391,34.01830149432216],[-118.58300739548156,34.01830149432216],[-118.58300739548156,34.023691386026876],[-118.5803124496292,34.023691386026876],[-118.5803124496292,34.015606548469805],[-118.57761750377685,34.015606548469805],[-118.57761750377685,34.01291160261744],[-118.57492255792448,34.01291160261744],[-118.57492255792448,34.01830149432216]],[[-118.57492255792448,34.01830149432216],[-118.57492255792448,34.02099644017452],[-118.57761750377685,34.02099644017452],[-118.57761750377685,34.01830149432216],[-118.57492255792448,34.01830149432216]],[[-118.55605793695797,34.02099644017452],[-118.55605793695797,34.023691386026876],[-118.55875288281034,34.023691386026876],[-118.55875288281034,34.02099644017452],[-118.55605793695797,34.02099644017452]],[[-118.56953266621977,34.02908127773159],[-118.5668377203674,34.02908127773159],[-118.5668377203674,34.031776223583954],[-118.56953266621977,34.031776223583954],[-118.56953266621977,34.02908127773159]]]},"id":"-43997+12630","properties":{"area_sq_km":9.0,"count":116,"label":2,"latitude":34.02608449737405,"longitude":-118.57194783339524,"near_healthy_bed":1,"priority_score":1.0,"priority_tier":"monitor","recommended_action":"no_action","region_id":"channel_islands","region_name":"Channel Islands, CA","state":"CA","status":2,"status_label":"healthy"}},{"type":"Feature","geometry":{"geodesic":false,"type":"Polygon","coordinates":[[[-118.57222761207213,33.89433398511367],[-118.56953266621977,33.89433398511367],[-118.56953266621977,33.89702893096602],[-118.57222761207213,33.89702893096602],[-118.57222761207213,33.89433398511367]]]},"id":"-43998+12577","properties":{"area_sq_km":0.0,"count":1,"label":0,"latitude":33.8956814584549,"longitude":-118.57088013914125,"near_healthy_bed":1,"priority_score":1.0,"priority_tier":"monitor","recommended_action":"urchin_removal_then_replant","region_id":"channel_islands","region_name":"Channel Islands, CA","state":"CA","status":0,"status_label":"barren"}},{"type":"Feature","geometry":{"geodesic":false,"type":"Polygon","coordinates":[[[-118.57492255792448,33.93206322704669],[-118.56953266621977,33.93206322704669],[-118.56953266621977,33.934758172899045],[-118.57492255792448,33.934758172899045],[-118.57492255792448,33.93206322704669]]]},"id":"-43998+12591","properties":{"area_sq_km":0.0,"count":2,"label":0,"latitude":33.933410722197294,"longitude":-118.57222761205925,"near_healthy_bed":1,"priority_score":1.0,"priority_tier":"monitor","recommended_action":"urchin_removal_then_replant","region_id":"channel_islands","region_name":"Channel Islands, CA","state":"CA","status":0,"status_label":"barren"}},{"type":"Feature","geometry":{"geodesic":false,"type":"Polygon","coordinates":[[[-118.57222761207213,33.93745311875141],[-118.56953266621977,33.93745311875141],[-118.56953266621977,33.94014806460376],[-118.57222761207213,33.94014806460376],[-118.57222761207213,33.93745311875141]]]},"id":"-43998+12593","properties":{"area_sq_km":0.0,"count":1,"label":0,"latitude":33.9388005919864,"longitude":-118.57088013917422,"near_healthy_bed":1,"priority_score":1.0,"priority_tier":"monitor","recommended_action":"urchin_removal_then_replant","region_id":"channel_islands","region_name":"Channel Islands, CA","state":"CA","status":0,"status_label":"barren"}},{"type":"Feature","geometry":{"geodesic":false,"type":"Polygon","coordinates":[[[-118.57222761207213,33.97248741483207],[-118.56953266621977,33.97248741483207],[-118.56953266621977,33.97518236068442],[-118.57222761207213,33.97518236068442],[-118.57222761207213,33.97248741483207]]]},"id":"-43998+12606","properties":{"area_sq_km":0.0,"count":1,"label":0,"latitude":33.97383488793911,"longitude":-118.57088013910283,"near_healthy_bed":1,"priority_score":1.0,"priority_tier":"monitor","recommended_action":"urchin_removal_then_replant","region_id":"channel_islands","region_name":"Channel Islands, CA","state":"CA","status":0,"status_label":"barren"}},{"type":"Feature","geometry":{"geodesic":false,"type":"Polygon","coordinates":[[[-118.57222761207213,33.99404698165093],[-118.56953266621977,33.99404698165093],[-118.56953266621977,33.996741927503294],[-118.57222761207213,33.996741927503294],[-118.57222761207213,33.99404698165093]]]},"id":"-43998+12614","properties":{"area_sq_km":0.0,"count":1,"label":0,"latitude":33.99539445474046,"longitude":-118.57088013909066,"near_healthy_bed":1,"priority_score":1.0,"priority_tier":"monitor","recommended_action":"urchin_removal_then_replant","region_id":"channel_islands","region_name":"Channel Islands, CA","state":"CA","status":0,"status_label":"barren"}},{"type":"Feature","geometry":{"geodesic":false,"type":"Polygon","coordinates":[[[-118.5803124496292,33.95631773971792],[-118.57222761207213,33.95631773971792],[-118.57222761207213,33.95901268557027],[-118.5803124496292,33.95901268557027],[-118.5803124496292,33.95631773971792]]]},"id":"-43999+12600","properties":{"area_sq_km":0.0,"count":3,"label":2,"latitude":33.9576652715273,"longitude":-118.57627003088197,"near_healthy_bed":1,"priority_score":1.0,"priority_tier":"monitor","recommended_action":"no_action","region_id":"channel_islands","region_name":"Channel Islands, CA","state":"CA","status":2,"status_label":"healthy"}},{"type":"Feature","geometry":{"geodesic":false,"type":"Polygon","coordinates":[[[-118.57492255792448,33.961707631422634],[-118.57222761207213,33.961707631422634],[-118.57222761207213,33.96440257727499],[-118.57492255792448,33.96440257727499],[-118.57492255792448,33.961707631422634]]]},"id":"-43999+12602","properties":{"area_sq_km":0.0,"count":1,"label":2,"latitude":33.963055104548786,"longitude":-118.57357508500235,"near_healthy_bed":1,"priority_score":1.0,"priority_tier":"monitor","recommended_action":"no_action","region_id":"channel_islands","region_name":"Channel Islands, CA","state":"CA","status":2,"status_label":"healthy"}},{"type":"Feature","geometry":{"geodesic":false,"type":"Polygon","coordinates":[[[-118.57492255792448,33.99943687335565],[-118.57222761207213,33.99943687335565],[-118.57222761207213,34.00213181920801],[-118.57492255792448,34.00213181920801],[-118.57492255792448,33.99943687335565]]]},"id":"-43999+12616","properties":{"area_sq_km":0.0,"count":1,"label":0,"latitude":34.000784346591644,"longitude":-118.57357508503176,"near_healthy_bed":1,"priority_score":1.0,"priority_tier":"monitor","recommended_action":"urchin_removal_then_replant","region_id":"channel_islands","region_name":"Channel Islands, CA","state":"CA","status":0,"status_label":"barren"}},{"type":"Feature","geometry":{"geodesic":false,"type":"Polygon","coordinates":[[[-118.57761750377685,33.996741927503294],[-118.57492255792448,33.996741927503294],[-118.57492255792448,33.99943687335565],[-118.57761750377685,33.99943687335565],[-118.57761750377685,33.996741927503294]]]},"id":"-44000+12615","properties":{"area_sq_km":0.0,"count":1,"label":0,"latitude":33.99808940072281,"longitude":-118.5762700309559,"near_healthy_bed":1,"priority_score":1.0,"priority_tier":"monitor","recommended_action":"urchin_removal_then_replant","region_id":"channel_islands","region_name":"Channel Islands, CA","state":"CA","status":0,"status_label":"barren"}},{"type":"Feature","geometry":{"geodesic":false,"type":"Polygon","coordinates":[[[-118.57761750377685,34.01830149432216],[-118.57492255792448,34.01830149432216],[-118.57492255792448,34.02099644017452],[-118.57761750377685,34.02099644017452],[-118.57761750377685,34.01830149432216]]]},"id":"-44000+12623","properties":{"area_sq_km":0.0,"count":1,"label":0,"latitude":34.01964896758998,"longitude":-118.57627003087597,"near_healthy_bed":1,"priority_score":1.0,"priority_tier":"monitor","recommended_action":"urchin_removal_then_replant","region_id":"channel_islands","region_name":"Channel Islands, CA","state":"CA","status":0,"status_label":"barren"}},{"type":"Feature","geometry":{"geodesic":false,"type":"Polygon","coordinates":[[[-118.5803124496292,33.86738452659008],[-118.57761750377685,33.86738452659008],[-118.57761750377685,33.87007947244244],[-118.5803124496292,33.87007947244244],[-118.5803124496292,33.86738452659008]]]},"id":"-44001+12567","properties":{"area_sq_km":0.0,"count":1,"label":2,"latitude":33.8687319997241,"longitude":-118.57896497669331,"near_healthy_bed":1,"priority_score":1.0,"priority_tier":"monitor","recommended_action":"no_action","region_id":"channel_islands","region_name":"Channel Islands, CA","state":"CA","status":2,"status_label":"healthy"}},{"type":"Feature","geometry":{"geodesic":false,"type":"Polygon","coordinates":[[[-118.5803124496292,33.915893551932534],[-118.57761750377685,33.915893551932534],[-118.57761750377685,33.918588497784896],[-118.5803124496292,33.918588497784896],[-118.5803124496292,33.915893551932534]]]},"id":"-44001+12585","properties":{"area_sq_km":0.0,"count":1,"label":0,"latitude":33.91724102503717,"longitude":-118.57896497672074,"near_healthy_bed":1,"priority_score":1.0,"priority_tier":"monitor","recommended_action":"urchin_removal_then_replant","region_id":"channel_islands","region_name":"Channel Islands, CA","state":"CA","status":0,"status_label":"barren"}},{"type":"Feature","geometry":{"geodesic":false,"type":"Polygon","coordinates":[[[-118.5803124496292,33.96440257727499],[-118.57761750377685,33.96440257727499],[-118.57761750377685,33.96709752312735],[-118.5803124496292,33.96709752312735],[-118.5803124496292,33.96440257727499]]]},"id":"-44001+12603","properties":{"area_sq_km":0.0,"count":1,"label":2,"latitude":33.96575005040724,"longitude":-118.57896497666731,"near_healthy_bed":1,"priority_score":1.0,"priority_tier":"monitor","recommended_action":"no_action","region_id":"channel_islands","region_name":"Channel Islands, CA","state":"CA","status":2,"status_label":"healthy"}},{"type":"Feature","geometry":{"geodesic":false,"type":"Polygon","coordinates":[[[-118.5803124496292,33.988657089946216],[-118.57761750377685,33.988657089946216],[-118.57761750377685,33.99135203579858],[-118.5803124496292,33.99135203579858],[-118.5803124496292,33.988657089946216]]]},"id":"-44001+12612","properties":{"area_sq_km":0.0,"count":1,"label":0,"latitude":33.99000456305877,"longitude":-118.57896497663616,"near_healthy_bed":1,"priority_score":1.0,"priority_tier":"monitor","recommended_action":"urchin_removal_then_replant","region_id":"channel_islands","region_name":"Channel Islands, CA","state":"CA","status":0,"status_label":"barren"}},{"type":"Feature","geometry":{"geodesic":false,"type":"Polygon","coordinates":[[[-118.5803124496292,34.00213181920801],[-118.57761750377685,34.00213181920801],[-118.57761750377685,34.004826765060365],[-118.5803124496292,34.004826765060365],[-118.5803124496292,34.00213181920801]]]},"id":"-44001+12617","properties":{"area_sq_km":0.0,"count":1,"label":0,"latitude":34.003479292139545,"longitude":-118.57896497669616,"near_healthy_bed":1,"priority_score":1.0,"priority_tier":"monitor","recommended_action":"urchin_removal_then_replant","region_id":"channel_islands","region_name":"Channel Islands, CA","state":"CA","status":0,"status_label":"barren"}},{"type":"Feature","geometry":{"geodesic":false,"type":"Polygon","coordinates":[[[-118.58300739548156,34.01021665676509],[-118.58300739548156,34.00752171091273],[-118.5803124496292,34.00752171091273],[-118.5803124496292,34.004826765060365],[-118.57761750377685,34.004826765060365],[-118.57761750377685,34.01021665676509],[-118.58300739548156,34.01021665676509]]]},"id":"-44001+12619","properties":{"area_sq_km":0.0,"count":3,"label":2,"latitude":34.00797086447602,"longitude":-118.57986327454608,"near_healthy_bed":1,"priority_score":1.0,"priority_tier":"monitor","recommended_action":"no_action","region_id":"channel_islands","region_name":"Channel Islands, CA","state":"CA","status":2,"status_label":"healthy"}},{"type":"Feature","geometry":{"geodesic":false,"type":"Polygon","coordinates":[[[-118.58300739548156,33.96709752312735],[-118.5803124496292,33.96709752312735],[-118.5803124496292,33.969792468979705],[-118.58300739548156,33.969792468979705],[-118.58300739548156,33.96709752312735]]]},"id":"-44002+12604","properties":{"area_sq_km":0.0,"count":1,"label":2,"latitude":33.9684449963352,"longitude":-118.58165992244474,"near_healthy_bed":1,"priority_score":1.0,"priority_tier":"monitor","recommended_action":"no_action","region_id":"channel_islands","region_name":"Channel Islands, CA","state":"CA","status":2,"status_label":"healthy"}},{"type":"Feature","geometry":{"geodesic":false,"type":"Polygon","coordinates":[[[-118.58300739548156,33.996741927503294],[-118.5803124496292,33.996741927503294],[-118.5803124496292,34.00213181920801],[-118.58300739548156,34.00213181920801],[-118.58300739548156,33.996741927503294]]]},"id":"-44002+12616","properties":{"area_sq_km":0.0,"count":2,"label":0,"latitude":33.999436852265276,"longitude":-118.58165992254185,"near_healthy_bed":1,"priority_score":1.0,"priority_tier":"monitor","recommended_action":"urchin_removal_then_replant","region_id":"channel_islands","region_name":"Channel Islands, CA","state":"CA","status":0,"status_label":"barren"}},{"type":"Feature","geometry":{"geodesic":false,"type":"Polygon","coordinates":[[[-118.58300739548156,34.004826765060365],[-118.5803124496292,34.004826765060365],[-118.5803124496292,34.00752171091273],[-118.58300739548156,34.00752171091273],[-118.58300739548156,34.004826765060365]]]},"id":"-44002+12618","properties":{"area_sq_km":0.0,"count":1,"label":0,"latitude":34.00617423835192,"longitude":-118.5816599225366,"near_healthy_bed":1,"priority_score":1.0,"priority_tier":"monitor","recommended_action":"urchin_removal_then_replant","region_id":"channel_islands","region_name":"Channel Islands, CA","state":"CA","status":0,"status_label":"barren"}},{"type":"Feature","geometry":{"geodesic":false,"type":"Polygon","coordinates":[[[-118.59648212474335,33.90241882267074],[-118.59648212474335,33.899723876818385],[-118.58570234133391,33.899723876818385],[-118.58570234133391,33.9051137685231],[-118.5803124496292,33.9051137685231],[-118.5803124496292,33.91050366022782],[-118.58300739548156,33.91050366022782],[-118.58300739548156,33.91319860608018],[-118.57761750377685,33.91319860608018],[-118.57761750377685,33.915893551932534],[-118.57492255792448,33.915893551932534],[-118.57492255792448,33.91050366022782],[-118.57761750377685,33.91050366022782],[-118.57761750377685,33.90780871437546],[-118.57492255792448,33.90780871437546],[-118.57492255792448,33.9051137685231],[-118.57222761207213,33.9051137685231],[-118.57222761207213,33.90241882267074],[-118.57492255792448,33.90241882267074],[-118.57492255792448,33.883554201704236],[-118.57222761207213,33.883554201704236],[-118.57222761207213,33.87546936414716],[-118.56953266621977,33.87546936414716],[-118.56953266621977,33.87816430999952],[-118.56414277451505,33.87816430999952],[-118.56414277451505,33.880859255851874],[-118.5614478286627,33.880859255851874],[-118.5614478286627,33.87816430999952],[-118.55875288281034,33.87816430999952],[-118.55875288281034,33.880859255851874],[-118.55605793695797,33.880859255851874],[-118.55605793695797,33.883554201704236],[-118.56414277451505,33.883554201704236],[-118.56414277451505,33.88624914755659],[-118.5614478286627,33.88624914755659],[-118.5614478286627,33.88894409340895],[-118.56414277451505,33.88894409340895],[-118.56414277451505,33.89163903926131],[-118.5614478286627,33.89163903926131],[-118.5614478286627,33.89702893096602],[-118.55605793695797,33.89702893096602],[-118.55605793695797,33.89433398511367],[-118.55875288281034,33.89433398511367],[-118.55875288281034,33.89163903926131],[-118.55336299110562,33.89163903926131],[-118.55336299110562,33.89433398511367],[-118.55066804525326,33.89433398511367],[-118.55066804525326,33.89163903926131],[-118.54527815354854,33.89163903926131],[-118.54527815354854,33.880859255851874],[-118.54258320769618,33.880859255851874],[-118.54258320769618,33.87816430999952],[-118.5344983701391,33.87816430999952],[-118.5344983701391,33.87007947244244],[-118.53180342428675,33.87007947244244],[-118.53180342428675,33.86738452659008],[-118.5291084784344,33.86738452659008],[-118.5291084784344,33.87007947244244],[-118.52641353258203,33.87007947244244],[-118.52641353258203,33.86738452659008],[-118.52371858672967,33.86738452659008],[-118.52371858672967,33.86199463488536],[-118.5291084784344,33.86199463488536],[-118.5291084784344,33.85929968903301],[-118.52641353258203,33.85929968903301],[-118.52641353258203,33.85660474318065],[-118.5156337491726,33.85660474318065],[-118.5156337491726,33.86199463488536],[-118.51832869502495,33.86199463488536],[-118.51832869502495,33.86738452659008],[-118.52102364087732,33.86738452659008],[-118.52102364087732,33.87007947244244],[-118.52371858672967,33.87007947244244],[-118.52371858672967,33.87816430999952],[-118.53180342428675,33.87816430999952],[-118.53180342428675,33.880859255851874],[-118.5291084784344,33.880859255851874],[-118.5291084784344,33.88624914755659],[-118.52641353258203,33.88624914755659],[-118.52641353258203,33.883554201704236],[-118.52371858672967,33.883554201704236],[-118.52371858672967,33.88624914755659],[-118.52102364087732,33.88624914755659],[-118.52102364087732,33.88894409340895],[-118.51832869502495,33.88894409340895],[-118.51832869502495,33.883554201704236],[-118.52102364087732,33.883554201704236],[-118.52102364087732,33.880859255851874],[-118.51832869502495,33.880859255851874],[-118.51832869502495,33.87816430999952],[-118.52102364087732,33.87816430999952],[-118.52102364087732,33.87546936414716],[-118.51832869502495,33.87546936414716],[-118.51832869502495,33.872774418294796],[-118.5156337491726,33.872774418294796],[-118.5156337491726,33.87816430999952],[-118.51024385746788,33.87816430999952],[-118.51024385746788,33.864689580737725],[-118.50754891161552,33.864689580737725],[-118.50754891161552,33.85929968903301],[-118.51293880332024,33.85929968903301],[-118.51293880332024,33.85390979732829],[-118.51024385746788,33.85390979732829],[-118.51024385746788,33.85121485147593],[-118.51293880332024,33.85121485147593],[-118.51293880332024,33.84851990562357],[-118.5156337491726,33.84851990562357],[-118.5156337491726,33.85390979732829],[-118.52371858672967,33.85390979732829],[-118.52371858672967,33.85121485147593],[-118.5291084784344,33.85121485147593],[-118.5291084784344,33.84851990562357],[-118.52641353258203,33.84851990562357],[-118.52641353258203,33.845824959771214],[-118.52371858672967,33.845824959771214],[-118.52371858672967,33.84851990562357],[-118.52102364087732,33.84851990562357],[-118.52102364087732,33.84313001391885],[-118.51832869502495,33.84313001391885],[-118.51832869502495,33.8404350680665],[-118.51293880332024,33.8404350680665],[-118.51293880332024,33.84313001391885],[-118.50754891161552,33.84313001391885],[-118.50754891161552,33.8404350680665],[-118.50485396576316,33.8404350680665],[-118.50485396576316,33.84313001391885],[-118.5021590199108,33.84313001391885],[-118.5021590199108,33.8404350680665],[-118.49676912820608,33.8404350680665],[-118.49676912820608,33.837740122214136],[-118.49407418235373,33.837740122214136],[-118.49407418235373,33.8404350680665],[-118.49137923650137,33.8404350680665],[-118.49137923650137,33.845824959771214],[-118.488684290649,33.845824959771214],[-118.488684290649,33.85390979732829],[-118.49137923650137,33.85390979732829],[-118.49137923650137,33.85660474318065],[-118.48598934479665,33.85660474318065],[-118.48598934479665,33.85390979732829],[-118.48059945309194,33.85390979732829],[-118.48059945309194,33.85660474318065],[-118.47520956138722,33.85660474318065],[-118.47520956138722,33.85390979732829],[-118.47790450723957,33.85390979732829],[-118.47790450723957,33.85121485147593],[-118.48059945309194,33.85121485147593],[-118.48059945309194,33.84313001391885],[-118.47520956138722,33.84313001391885],[-118.47520956138722,33.8404350680665],[-118.47251461553486,33.8404350680665],[-118.47251461553486,33.837740122214136],[-118.47520956138722,33.837740122214136],[-118.47520956138722,33.83235023050942],[-118.47251461553486,33.83235023050942],[-118.47251461553486,33.82426539295234],[-118.47520956138722,33.82426539295234],[-118.47520956138722,33.82157044709999],[-118.47251461553486,33.82157044709999],[-118.47251461553486,33.81618055539527],[-118.46981966968251,33.81618055539527],[-118.46981966968251,33.81348560954291],[-118.46712472383014,33.81348560954291],[-118.46712472383014,33.818875501247625],[-118.46442977797778,33.818875501247625],[-118.46442977797778,33.81348560954291],[-118.46173483212543,33.81348560954291],[-118.46173483212543,33.81618055539527],[-118.4563449404207,33.81618055539527],[-118.4563449404207,33.81348560954291],[-118.45364999456835,33.81348560954291],[-118.45364999456835,33.810790663690554],[-118.44826010286363,33.810790663690554],[-118.44826010286363,33.80809571783819],[-118.450955048716,33.80809571783819],[-118.450955048716,33.80540077198584],[-118.44556515701127,33.80540077198584],[-118.44556515701127,33.802705826133476],[-118.44287021115892,33.802705826133476],[-118.44287021115892,33.800010880281114],[-118.43209042774949,33.800010880281114],[-118.43209042774949,33.80540077198584],[-118.42939548189712,33.80540077198584],[-118.42939548189712,33.80809571783819],[-118.42670053604476,33.80809571783819],[-118.42670053604476,33.810790663690554],[-118.41861569848768,33.810790663690554],[-118.41861569848768,33.81618055539527],[-118.41592075263533,33.81618055539527],[-118.41592075263533,33.818875501247625],[-118.41322580678298,33.818875501247625],[-118.41322580678298,33.82426539295234],[-118.41592075263533,33.82426539295234],[-118.41592075263533,33.829655284657065],[-118.42131064434005,33.829655284657065],[-118.42131064434005,33.83235023050942],[-118.42670053604476,33.83235023050942],[-118.42670053604476,33.83504517636178],[-118.43209042774949,33.83504517636178],[-118.43209042774949,33.829655284657065],[-118.43478537360184,33.829655284657065],[-118.43478537360184,33.83504517636178],[-118.4374803194542,33.83504517636178],[-118.4374803194542,33.837740122214136],[-118.44017526530655,33.837740122214136],[-118.44017526530655,33.83504517636178],[-118.44287021115892,33.83504517636178],[-118.44287021115892,33.837740122214136],[-118.44556515701127,33.837740122214136],[-118.44556515701127,33.8404350680665],[-118.450955048716,33.8404350680665],[-118.450955048716,33.84313001391885],[-118.45364999456835,33.84313001391885],[-118.45364999456835,33.84851990562357],[-118.45903988627306,33.84851990562357],[-118.45903988627306,33.84313001391885],[-118.4563449404207,33.84313001391885],[-118.4563449404207,33.837740122214136],[-118.45364999456835,33.837740122214136],[-118.45364999456835,33.83235023050942],[-118.46173483212543,33.83235023050942],[-118.46173483212543,33.829655284657065],[-118.46442977797778,33.829655284657065],[-118.46442977797778,33.83504517636178],[-118.45903988627306,33.83504517636178],[-118.45903988627306,33.837740122214136],[-118.46173483212543,33.837740122214136],[-118.46173483212543,33.8404350680665],[-118.46981966968251,33.8404350680665],[-118.46981966968251,33.84313001391885],[-118.47251461553486,33.84313001391885],[-118.47251461553486,33.845824959771214],[-118.46712472383014,33.845824959771214],[-118.46712472383014,33.85390979732829],[-118.46981966968251,33.85390979732829],[-118.46981966968251,33.85929968903301],[-118.46712472383014,33.85929968903301],[-118.46712472383014,33.86199463488536],[-118.46981966968251,33.86199463488536],[-118.46981966968251,33.864689580737725],[-118.47520956138722,33.864689580737725],[-118.47520956138722,33.86738452659008],[-118.47790450723957,33.86738452659008],[-118.47790450723957,33.87007947244244],[-118.47520956138722,33.87007947244244],[-118.47520956138722,33.872774418294796],[-118.47251461553486,33.872774418294796],[-118.47251461553486,33.87007947244244],[-118.46981966968251,33.87007947244244],[-118.46981966968251,33.87546936414716],[-118.46712472383014,33.87546936414716],[-118.46712472383014,33.87816430999952],[-118.45903988627306,33.87816430999952],[-118.45903988627306,33.89163903926131],[-118.46173483212543,33.89163903926131],[-118.46173483212543,33.89433398511367],[-118.46442977797778,33.89433398511367],[-118.46442977797778,33.89702893096602],[-118.46173483212543,33.89702893096602],[-118.46173483212543,33.9051137685231],[-118.46442977797778,33.9051137685231],[-118.46442977797778,33.91319860608018],[-118.46712472383014,33.91319860608018],[-118.46712472383014,33.91050366022782],[-118.46981966968251,33.91050366022782],[-118.46981966968251,33.90780871437546],[-118.48059945309194,33.90780871437546],[-118.48059945309194,33.91050366022782],[-118.4832943989443,33.91050366022782],[-118.4832943989443,33.915893551932534],[-118.48598934479665,33.915893551932534],[-118.48598934479665,33.90780871437546],[-118.488684290649,33.90780871437546],[-118.488684290649,33.9051137685231],[-118.47790450723957,33.9051137685231],[-118.47790450723957,33.90241882267074],[-118.47520956138722,33.90241882267074],[-118.47520956138722,33.89702893096602],[-118.47790450723957,33.89702893096602],[-118.47790450723957,33.899723876818385],[-118.4832943989443,33.899723876818385],[-118.4832943989443,33.89702893096602],[-118.488684290649,33.89702893096602],[-118.488684290649,33.899723876818385],[-118.49137923650137,33.899723876818385],[-118.49137923650137,33.89702893096602],[-118.49676912820608,33.89702893096602],[-118.49676912820608,33.89433398511367],[-118.49946407405845,33.89433398511367],[-118.49946407405845,33.89163903926131],[-118.50485396576316,33.89163903926131],[-118.50485396576316,33.89433398511367],[-118.51293880332024,33.89433398511367],[-118.51293880332024,33.90241882267074],[-118.5156337491726,33.90241882267074],[-118.5156337491726,33.89702893096602],[-118.51832869502495,33.89702893096602],[-118.51832869502495,33.9051137685231],[-118.52102364087732,33.9051137685231],[-118.52102364087732,33.90241882267074],[-118.52371858672967,33.90241882267074],[-118.52371858672967,33.899723876818385],[-118.5291084784344,33.899723876818385],[-118.5291084784344,33.90241882267074],[-118.5344983701391,33.90241882267074],[-118.5344983701391,33.899723876818385],[-118.53719331599146,33.899723876818385],[-118.53719331599146,33.90241882267074],[-118.54258320769618,33.90241882267074],[-118.54258320769618,33.9051137685231],[-118.53988826184383,33.9051137685231],[-118.53988826184383,33.90780871437546],[-118.54258320769618,33.90780871437546],[-118.54258320769618,33.91050366022782],[-118.54527815354854,33.91050366022782],[-118.54527815354854,33.91319860608018],[-118.55066804525326,33.91319860608018],[-118.55066804525326,33.915893551932534],[-118.5479730994009,33.915893551932534],[-118.5479730994009,33.918588497784896],[-118.55336299110562,33.918588497784896],[-118.55336299110562,33.915893551932534],[-118.55875288281034,33.915893551932534],[-118.55875288281034,33.918588497784896],[-118.5614478286627,33.918588497784896],[-118.5614478286627,33.92397838948961],[-118.55875288281034,33.92397838948961],[-118.55875288281034,33.92936828119433],[-118.55605793695797,33.92936828119433],[-118.55605793695797,33.934758172899045],[-118.55336299110562,33.934758172899045],[-118.55336299110562,33.93206322704669],[-118.5479730994009,33.93206322704669],[-118.5479730994009,33.94284301045612],[-118.54527815354854,33.94284301045612],[-118.54527815354854,33.94553795630848],[-118.55336299110562,33.94553795630848],[-118.55336299110562,33.94823290216084],[-118.55875288281034,33.94823290216084],[-118.55875288281034,33.94553795630848],[-118.55605793695797,33.94553795630848],[-118.55605793695797,33.94284301045612],[-118.55875288281034,33.94284301045612],[-118.55875288281034,33.94014806460376],[-118.56414277451505,33.94014806460376],[-118.56414277451505,33.94284301045612],[-118.5668377203674,33.94284301045612],[-118.5668377203674,33.94014806460376],[-118.56953266621977,33.94014806460376],[-118.56953266621977,33.94823290216084],[-118.57222761207213,33.94823290216084],[-118.57222761207213,33.94284301045612],[-118.57761750377685,33.94284301045612],[-118.57761750377685,33.94014806460376],[-118.5803124496292,33.94014806460376],[-118.5803124496292,33.934758172899045],[-118.58300739548156,33.934758172899045],[-118.58300739548156,33.950927848013194],[-118.58570234133391,33.950927848013194],[-118.58570234133391,33.94553795630848],[-118.58839728718628,33.94553795630848],[-118.58839728718628,33.94284301045612],[-118.59109223303864,33.94284301045612],[-118.59109223303864,33.94823290216084],[-118.59378717889099,33.94823290216084],[-118.59378717889099,33.94014806460376],[-118.58839728718628,33.94014806460376],[-118.58839728718628,33.93206322704669],[-118.59109223303864,33.93206322704669],[-118.59109223303864,33.92936828119433],[-118.59378717889099,33.92936828119433],[-118.59378717889099,33.92667333534197],[-118.59648212474335,33.92667333534197],[-118.59648212474335,33.92936828119433],[-118.60456696230042,33.92936828119433],[-118.60456696230042,33.92667333534197],[-118.6072619081528,33.92667333534197],[-118.6072619081528,33.92397838948961],[-118.6126517998575,33.92397838948961],[-118.6126517998575,33.918588497784896],[-118.61804169156223,33.918588497784896],[-118.61804169156223,33.91319860608018],[-118.6126517998575,33.91319860608018],[-118.6126517998575,33.915893551932534],[-118.60995685400515,33.915893551932534],[-118.60995685400515,33.918588497784896],[-118.6072619081528,33.918588497784896],[-118.6072619081528,33.915893551932534],[-118.60187201644807,33.915893551932534],[-118.60187201644807,33.91319860608018],[-118.60456696230042,33.91319860608018],[-118.60456696230042,33.90780871437546],[-118.60187201644807,33.90780871437546],[-118.60187201644807,33.9051137685231],[-118.59917707059572,33.9051137685231],[-118.59917707059572,33.90241882267074],[-118.59648212474335,33.90241882267074]],[[-118.59648212474335,33.90241882267074],[-118.59109223303864,33.90241882267074],[-118.59109223303864,33.90780871437546],[-118.59378717889099,33.90780871437546],[-118.59378717889099,33.9051137685231],[-118.59648212474335,33.9051137685231],[-118.59648212474335,33.90241882267074]],[[-118.57761750377685,33.915893551932534],[-118.57761750377685,33.918588497784896],[-118.5803124496292,33.918588497784896],[-118.5803124496292,33.915893551932534],[-118.57761750377685,33.915893551932534]],[[-118.56953266621977,33.94014806460376],[-118.57222761207213,33.94014806460376],[-118.57222761207213,33.93745311875141],[-118.56953266621977,33.93745311875141],[-118.56953266621977,33.94014806460376]],[[-118.55605793695797,33.89702893096602],[-118.55336299110562,33.89702893096602],[-118.55336299110562,33.899723876818385],[-118.5479730994009,33.899723876818385],[-118.5479730994009,33.90241882267074],[-118.55066804525326,33.90241882267074],[-118.55066804525326,33.9051137685231],[-118.5479730994009,33.9051137685231],[-118.5479730994009,33.90780871437546],[-118.55066804525326,33.90780871437546],[-118.55066804525326,33.91050366022782],[-118.55336299110562,33.91050366022782],[-118.55336299110562,33.9051137685231],[-118.55605793695797,33.9051137685231],[-118.55605793695797,33.91050366022782],[-118.55875288281034,33.91050366022782],[-118.55875288281034,33.9051137685231],[-118.56414277451505,33.9051137685231],[-118.56414277451505,33.91050366022782],[-118.5668377203674,33.91050366022782],[-118.5668377203674,33.90780871437546],[-118.56953266621977,33.90780871437546],[-118.56953266621977,33.9051137685231],[-118.5668377203674,33.9051137685231],[-118.5668377203674,33.90241882267074],[-118.5614478286627,33.90241882267074],[-118.5614478286627,33.899723876818385],[-118.55605793695797,33.899723876818385],[-118.55605793695797,33.89702893096602]],[[-118.54258320769618,33.880859255851874],[-118.53988826184383,33.880859255851874],[-118.53988826184383,33.883554201704236],[-118.54258320769618,33.883554201704236],[-118.54258320769618,33.880859255851874]],[[-118.52371858672967,33.86199463488536],[-118.52371858672967,33.85929968903301],[-118.52102364087732,33.85929968903301],[-118.52102364087732,33.86199463488536],[-118.52371858672967,33.86199463488536]],[[-118.51293880332024,33.84851990562357],[-118.51293880332024,33.845824959771214],[-118.51024385746788,33.845824959771214],[-118.51024385746788,33.84851990562357],[-118.51293880332024,33.84851990562357]],[[-118.50485396576316,33.89163903926131],[-118.51293880332024,33.89163903926131],[-118.51293880332024,33.88894409340895],[-118.50754891161552,33.88894409340895],[-118.50754891161552,33.88624914755659],[-118.51024385746788,33.88624914755659],[-118.51024385746788,33.880859255851874],[-118.50485396576316,33.880859255851874],[-118.50485396576316,33.89163903926131]],[[-118.49676912820608,33.89433398511367],[-118.49676912820608,33.89163903926131],[-118.49407418235373,33.89163903926131],[-118.49407418235373,33.89433398511367],[-118.49676912820608,33.89433398511367]],[[-118.47790450723957,33.89702893096602],[-118.48059945309194,33.89702893096602],[-118.48059945309194,33.89433398511367],[-118.47790450723957,33.89433398511367],[-118.47790450723957,33.89702893096602]],[[-118.47520956138722,33.85390979732829],[-118.47520956138722,33.85121485147593],[-118.47251461553486,33.85121485147593],[-118.47251461553486,33.85390979732829],[-118.47520956138722,33.85390979732829]],[[-118.46981966968251,33.87546936414716],[-118.46981966968251,33.87816430999952],[-118.47251461553486,33.87816430999952],[-118.47251461553486,33.87546936414716],[-118.46981966968251,33.87546936414716]],[[-118.46442977797778,33.818875501247625],[-118.46173483212543,33.818875501247625],[-118.46173483212543,33.82157044709999],[-118.46442977797778,33.82157044709999],[-118.46442977797778,33.818875501247625]],[[-118.46442977797778,33.89702893096602],[-118.46442977797778,33.899723876818385],[-118.46981966968251,33.899723876818385],[-118.46981966968251,33.89702893096602],[-118.46442977797778,33.89702893096602]],[[-118.44826010286363,33.810790663690554],[-118.44556515701127,33.810790663690554],[-118.44556515701127,33.81348560954291],[-118.44826010286363,33.81348560954291],[-118.44826010286363,33.810790663690554]],[[-118.59917707059572,33.91319860608018],[-118.59648212474335,33.91319860608018],[-118.59648212474335,33.918588497784896],[-118.59917707059572,33.918588497784896],[-118.59917707059572,33.91319860608018]],[[-118.59378717889099,33.91050366022782],[-118.59109223303864,33.91050366022782],[-118.59109223303864,33.91319860608018],[-118.59378717889099,33.91319860608018],[-118.59378717889099,33.91050366022782]],[[-118.57492255792448,33.93206322704669],[-118.56953266621977,33.93206322704669],[-118.56953266621977,33.934758172899045],[-118.57492255792448,33.934758172899045],[-118.57492255792448,33.93206322704669]],[[-118.56414277451505,33.934758172899045],[-118.55875288281034,33.934758172899045],[-118.55875288281034,33.93745311875141],[-118.56414277451505,33.93745311875141],[-118.56414277451505,33.934758172899045]],[[-118.54258320769618,33.88894409340895],[-118.5344983701391,33.88894409340895],[-118.5344983701391,33.89433398511367],[-118.53988826184383,33.89433398511367],[-118.53988826184383,33.89163903926131],[-118.54258320769618,33.89163903926131],[-118.54258320769618,33.88894409340895]],[[-118.5291084784344,33.872774418294796],[-118.52641353258203,33.872774418294796],[-118.52641353258203,33.87546936414716],[-118.5291084784344,33.87546936414716],[-118.5291084784344,33.872774418294796]],[[-118.5156337491726,33.883554201704236],[-118.51293880332024,33.883554201704236],[-118.51293880332024,33.88624914755659],[-118.5156337491726,33.88624914755659],[-118.5156337491726,33.883554201704236]],[[-118.50485396576316,33.84851990562357],[-118.5021590199108,33.84851990562357],[-118.5021590199108,33.85121485147593],[-118.50485396576316,33.85121485147593],[-118.50485396576316,33.84851990562357]],[[-118.5021590199108,33.86199463488536],[-118.49946407405845,33.86199463488536],[-118.49946407405845,33.864689580737725],[-118.49676912820608,33.864689580737725],[-118.49676912820608,33.86738452659008],[-118.5021590199108,33.86738452659008],[-118.5021590199108,33.86199463488536]],[[-118.5021590199108,33.88624914755659],[-118.49946407405845,33.88624914755659],[-118.49946407405845,33.88894409340895],[-118.5021590199108,33.88894409340895],[-118.5021590199108,33.88624914755659]],[[-118.49676912820608,33.85929968903301],[-118.49407418235373,33.85929968903301],[-118.49407418235373,33.86199463488536],[-118.49676912820608,33.86199463488536],[-118.49676912820608,33.85929968903301]],[[-118.49407418235373,33.87007947244244],[-118.49137923650137,33.87007947244244],[-118.49137923650137,33.872774418294796],[-118.49407418235373,33.872774418294796],[-118.49407418235373,33.87007947244244]],[[-118.48598934479665,33.883554201704236],[-118.4832943989443,33.883554201704236],[-118.4832943989443,33.88624914755659],[-118.48598934479665,33.88624914755659],[-118.48598934479665,33.883554201704236]],[[-118.48598934479665,33.88894409340895],[-118.48059945309194,33.88894409340895],[-118.48059945309194,33.89163903926131],[-118.48598934479665,33.89163903926131],[-118.48598934479665,33.88894409340895]],[[-118.48059945309194,33.85929968903301],[-118.47520956138722,33.85929968903301],[-118.47520956138722,33.86199463488536],[-118.48059945309194,33.86199463488536],[-118.48059945309194,33.85929968903301]],[[-118.46442977797778,33.82426539295234],[-118.46173483212543,33.82426539295234],[-118.46173483212543,33.8269603388047],[-118.46442977797778,33.8269603388047],[-118.46442977797778,33.82426539295234]],[[-118.43209042774949,33.810790663690554],[-118.42939548189712,33.810790663690554],[-118.42939548189712,33.81348560954291],[-118.43209042774949,33.81348560954291],[-118.43209042774949,33.810790663690554]],[[-118.50485396576316,33.872774418294796],[-118.49946407405845,33.872774418294796],[-118.49946407405845,33.87546936414716],[-118.50485396576316,33.87546936414716],[-118.50485396576316,33.872774418294796]],[[-118.488684290649,33.87546936414716],[-118.488684290649,33.872774418294796],[-118.48598934479665,33.872774418294796],[-118.48598934479665,33.87546936414716],[-118.488684290649,33.87546936414716]],[[-118.56953266621977,33.89702893096602],[-118.5668377203674,33.89702893096602],[-118.5668377203674,33.899723876818385],[-118.56953266621977,33.899723876818385],[-118.56953266621977,33.89702893096602]],[[-118.49137923650137,33.87816430999952],[-118.49137923650137,33.88894409340895],[-118.49676912820608,33.88894409340895],[-118.49676912820608,33.883554201704236],[-118.49407418235373,33.883554201704236],[-118.49407418235373,33.87816430999952],[-118.49137923650137,33.87816430999952]],[[-118.56414277451505,33.92667333534197],[-118.56414277451505,33.92936828119433],[-118.5668377203674,33.92936828119433],[-118.5668377203674,33.92667333534197],[-118.56414277451505,33.92667333534197]],[[-118.56953266621977,33.89702893096602],[-118.57222761207213,33.89702893096602],[-118.57222761207213,33.89433398511367],[-118.56953266621977,33.89433398511367],[-118.56953266621977,33.89702893096602]],[[-118.50485396576316,33.872774418294796],[-118.50754891161552,33.872774418294796],[-118.50754891161552,33.87007947244244],[-118.50485396576316,33.87007947244244],[-118.50485396576316,33.872774418294796]],[[-118.4832943989443,33.86738452659008],[-118.48598934479665,33.86738452659008],[-118.48598934479665,33.864689580737725],[-118.4832943989443,33.864689580737725],[-118.4832943989443,33.86738452659008]],[[-118.56414277451505,33.92667333534197],[-118.56414277451505,33.92397838948961],[-118.5614478286627,33.92397838948961],[-118.5614478286627,33.92667333534197],[-118.56414277451505,33.92667333534197]],[[-118.49137923650137,33.87816430999952],[-118.49137923650137,33.87546936414716],[-118.488684290649,33.87546936414716],[-118.488684290649,33.87816430999952],[-118.49137923650137,33.87816430999952]],[[-118.48059945309194,33.87007947244244],[-118.4832943989443,33.87007947244244],[-118.4832943989443,33.86738452659008],[-118.48059945309194,33.86738452659008],[-118.48059945309194,33.87007947244244]],[[-118.47790450723957,33.87007947244244],[-118.47790450723957,33.872774418294796],[-118.48059945309194,33.872774418294796],[-118.48059945309194,33.87007947244244],[-118.47790450723957,33.87007947244244]]]},"id":"-44003+12597","properties":{"area_sq_km":71.0,"count":957,"label":2,"latitude":33.87736878202218,"longitude":-118.51086860385362,"near_healthy_bed":1,"priority_score":1.0,"priority_tier":"monitor","recommended_action":"no_action","region_id":"channel_islands","region_name":"Channel Islands, CA","state":"CA","status":2,"status_label":"healthy"}},{"type":"Feature","geometry":{"geodesic":false,"type":"Polygon","coordinates":[[[-118.58839728718628,33.961707631422634],[-118.58570234133391,33.961707631422634],[-118.58570234133391,33.96440257727499],[-118.58839728718628,33.96440257727499],[-118.58839728718628,33.961707631422634]]]},"id":"-44004+12602","properties":{"area_sq_km":0.0,"count":1,"label":2,"latitude":33.96305510450044,"longitude":-118.58704981420827,"near_healthy_bed":1,"priority_score":1.0,"priority_tier":"monitor","recommended_action":"no_action","region_id":"channel_islands","region_name":"Channel Islands, CA","state":"CA","status":2,"status_label":"healthy"}},{"type":"Feature","geometry":{"geodesic":false,"type":"Polygon","coordinates":[[[-118.58839728718628,33.969792468979705],[-118.58570234133391,33.969792468979705],[-118.58570234133391,33.97248741483207],[-118.58839728718628,33.97248741483207],[-118.58839728718628,33.969792468979705]]]},"id":"-44004+12605","properties":{"area_sq_km":0.0,"count":1,"label":2,"latitude":33.97113994216205,"longitude":-118.58704981420202,"near_healthy_bed":1,"priority_score":1.0,"priority_tier":"monitor","recommended_action":"no_action","region_id":"channel_islands","region_name":"Channel Islands, CA","state":"CA","status":2,"status_label":"healthy"}},{"type":"Feature","geometry":{"geodesic":false,"type":"Polygon","coordinates":[[[-118.59109223303864,34.01021665676509],[-118.58839728718628,34.01021665676509],[-118.58839728718628,34.015606548469805],[-118.59109223303864,34.015606548469805],[-118.59109223303864,34.01021665676509]]]},"id":"-44005+12621","properties":{"area_sq_km":0.0,"count":2,"label":2,"latitude":34.01291158146952,"longitude":-118.58974475996092,"near_healthy_bed":1,"priority_score":1.0,"priority_tier":"monitor","recommended_action":"no_action","region_id":"channel_islands","region_name":"Channel Islands, CA","state":"CA","status":2,"status_label":"healthy"}},{"type":"Feature","geometry":{"geodesic":false,"type":"Polygon","coordinates":[[[-118.59378717889099,33.90780871437546],[-118.59378717889099,33.9051137685231],[-118.59648212474335,33.9051137685231],[-118.59648212474335,33.90241882267074],[-118.59109223303864,33.90241882267074],[-118.59109223303864,33.90780871437546],[-118.59378717889099,33.90780871437546]]]},"id":"-44006+12581","properties":{"area_sq_km":0.0,"count":3,"label":0,"latitude":33.90466460679483,"longitude":-118.59333803854881,"near_healthy_bed":1,"priority_score":1.0,"priority_tier":"monitor","recommended_action":"urchin_removal_then_replant","region_id":"channel_islands","region_name":"Channel Islands, CA","state":"CA","status":0,"status_label":"barren"}},{"type":"Feature","geometry":{"geodesic":false,"type":"Polygon","coordinates":[[[-118.59378717889099,33.91050366022782],[-118.59109223303864,33.91050366022782],[-118.59109223303864,33.91319860608018],[-118.59378717889099,33.91319860608018],[-118.59378717889099,33.91050366022782]]]},"id":"-44006+12583","properties":{"area_sq_km":0.0,"count":1,"label":0,"latitude":33.91185113332688,"longitude":-118.5924397058952,"near_healthy_bed":1,"priority_score":1.0,"priority_tier":"monitor","recommended_action":"urchin_removal_then_replant","region_id":"channel_islands","region_name":"Channel Islands, CA","state":"CA","status":0,"status_label":"barren"}},{"type":"Feature","geometry":{"geodesic":false,"type":"Polygon","coordinates":[[[-118.59378717889099,34.02638633187924],[-118.59109223303864,34.02638633187924],[-118.59109223303864,34.02908127773159],[-118.59378717889099,34.02908127773159],[-118.59378717889099,34.02638633187924]]]},"id":"-44006+12626","properties":{"area_sq_km":0.0,"count":1,"label":0,"latitude":34.02773380516915,"longitude":-118.59243970598564,"near_healthy_bed":1,"priority_score":1.0,"priority_tier":"monitor","recommended_action":"urchin_removal_then_replant","region_id":"channel_islands","region_name":"Channel Islands, CA","state":"CA","status":0,"status_label":"barren"}},{"type":"Feature","geometry":{"geodesic":false,"type":"Polygon","coordinates":[[[-118.59648212474335,33.93206322704669],[-118.59378717889099,33.93206322704669],[-118.59378717889099,33.93745311875141],[-118.59648212474335,33.93745311875141],[-118.59648212474335,33.93206322704669]]]},"id":"-44007+12592","properties":{"area_sq_km":0.0,"count":2,"label":2,"latitude":33.93475815180119,"longitude":-118.59513465188412,"near_healthy_bed":1,"priority_score":1.0,"priority_tier":"monitor","recommended_action":"no_action","region_id":"channel_islands","region_name":"Channel Islands, CA","state":"CA","status":2,"status_label":"healthy"}},{"type":"Feature","geometry":{"geodesic":false,"type":"Polygon","coordinates":[[[-118.59648212474335,34.00752171091273],[-118.59648212474335,34.00213181920801],[-118.59917707059572,34.00213181920801],[-118.59917707059572,33.99943687335565],[-118.59378717889099,33.99943687335565],[-118.59378717889099,34.00752171091273],[-118.59648212474335,34.00752171091273]]]},"id":"-44007+12618","properties":{"area_sq_km":0.0,"count":4,"label":0,"latitude":34.002805511836456,"longitude":-118.59580841852494,"near_healthy_bed":1,"priority_score":1.0,"priority_tier":"monitor","recommended_action":"urchin_removal_then_replant","region_id":"channel_islands","region_name":"Channel Islands, CA","state":"CA","status":0,"status_label":"barren"}},{"type":"Feature","geometry":{"geodesic":false,"type":"Polygon","coordinates":[[[-118.60456696230042,34.02638633187924],[-118.59378717889099,34.02638633187924],[-118.59378717889099,34.02908127773159],[-118.60456696230042,34.02908127773159],[-118.60456696230042,34.02638633187924]]]},"id":"-44007+12626","properties":{"area_sq_km":0.0,"count":4,"label":2,"latitude":34.02773391544666,"longitude":-118.59917707061129,"near_healthy_bed":1,"priority_score":1.0,"priority_tier":"monitor","recommended_action":"no_action","region_id":"channel_islands","region_name":"Channel Islands, CA","state":"CA","status":2,"status_label":"healthy"}},{"type":"Feature","geometry":{"geodesic":false,"type":"Polygon","coordinates":[[[-118.59917707059572,33.91319860608018],[-118.59648212474335,33.91319860608018],[-118.59648212474335,33.918588497784896],[-118.59917707059572,33.918588497784896],[-118.59917707059572,33.91319860608018]]]},"id":"-44008+12585","properties":{"area_sq_km":0.0,"count":2,"label":0,"latitude":33.9158935308495,"longitude":-118.59782959761083,"near_healthy_bed":1,"priority_score":1.0,"priority_tier":"monitor","recommended_action":"urchin_removal_then_replant","region_id":"channel_islands","region_name":"Channel Islands, CA","state":"CA","status":0,"status_label":"barren"}},{"type":"Feature","geometry":{"geodesic":false,"type":"Polygon","coordinates":[[[-118.59917707059572,33.93745311875141],[-118.59648212474335,33.93745311875141],[-118.59648212474335,33.94014806460376],[-118.59917707059572,33.94014806460376],[-118.59917707059572,33.93745311875141]]]},"id":"-44008+12593","properties":{"area_sq_km":0.0,"count":1,"label":2,"latitude":33.938800591979295,"longitude":-118.59782959761199,"near_healthy_bed":1,"priority_score":1.0,"priority_tier":"monitor","recommended_action":"no_action","region_id":"channel_islands","region_name":"Channel Islands, CA","state":"CA","status":2,"status_label":"healthy"}},{"type":"Feature","geometry":{"geodesic":false,"type":"Polygon","coordinates":[[[-118.59917707059572,34.00752171091273],[-118.59648212474335,34.00752171091273],[-118.59648212474335,34.01021665676509],[-118.59917707059572,34.01021665676509],[-118.59917707059572,34.00752171091273]]]},"id":"-44008+12619","properties":{"area_sq_km":0.0,"count":1,"label":0,"latitude":34.008869183980984,"longitude":-118.5978295976151,"near_healthy_bed":1,"priority_score":1.0,"priority_tier":"monitor","recommended_action":"urchin_removal_then_replant","region_id":"channel_islands","region_name":"Channel Islands, CA","state":"CA","status":0,"status_label":"barren"}},{"type":"Feature","geometry":{"geodesic":false,"type":"Polygon","coordinates":[[[-118.60187201644807,33.94823290216084],[-118.59917707059572,33.94823290216084],[-118.59917707059572,33.950927848013194],[-118.60187201644807,33.950927848013194],[-118.60187201644807,33.94823290216084]]]},"id":"-44009+12597","properties":{"area_sq_km":0.0,"count":1,"label":2,"latitude":33.94958037528131,"longitude":-118.6005245435893,"near_healthy_bed":1,"priority_score":1.0,"priority_tier":"monitor","recommended_action":"no_action","region_id":"channel_islands","region_name":"Channel Islands, CA","state":"CA","status":2,"status_label":"healthy"}},{"type":"Feature","geometry":{"geodesic":false,"type":"Polygon","coordinates":[[[-118.60187201644807,33.953622793865556],[-118.59917707059572,33.953622793865556],[-118.59917707059572,33.95631773971792],[-118.60187201644807,33.95631773971792],[-118.60187201644807,33.953622793865556]]]},"id":"-44009+12599","properties":{"area_sq_km":0.0,"count":1,"label":2,"latitude":33.95497026695097,"longitude":-118.60052454362172,"near_healthy_bed":1,"priority_score":1.0,"priority_tier":"monitor","recommended_action":"no_action","region_id":"channel_islands","region_name":"Channel Islands, CA","state":"CA","status":2,"status_label":"healthy"}},{"type":"Feature","geometry":{"geodesic":false,"type":"Polygon","coordinates":[[[-118.60187201644807,33.96709752312735],[-118.59917707059572,33.96709752312735],[-118.59917707059572,33.97248741483207],[-118.60187201644807,33.97248741483207],[-118.60187201644807,33.96709752312735]]]},"id":"-44009+12605","properties":{"area_sq_km":0.0,"count":2,"label":0,"latitude":33.96979244791316,"longitude":-118.60052454360054,"near_healthy_bed":1,"priority_score":1.0,"priority_tier":"monitor","recommended_action":"urchin_removal_then_replant","region_id":"channel_islands","region_name":"Channel Islands, CA","state":"CA","status":0,"status_label":"barren"}},{"type":"Feature","geometry":{"geodesic":false,"type":"Polygon","coordinates":[[[-118.6072619081528,33.94284301045612],[-118.60187201644807,33.94284301045612],[-118.60187201644807,33.94553795630848],[-118.6072619081528,33.94553795630848],[-118.6072619081528,33.94284301045612]]]},"id":"-44010+12595","properties":{"area_sq_km":0.0,"count":2,"label":2,"latitude":33.94419050552605,"longitude":-118.60456696228088,"near_healthy_bed":1,"priority_score":1.0,"priority_tier":"monitor","recommended_action":"no_action","region_id":"channel_islands","region_name":"Channel Islands, CA","state":"CA","status":2,"status_label":"healthy"}},{"type":"Feature","geometry":{"geodesic":false,"type":"Polygon","coordinates":[[[-118.61804169156223,33.89163903926131],[-118.61804169156223,33.88894409340895],[-118.6126517998575,33.88894409340895],[-118.6126517998575,33.88624914755659],[-118.61534674570986,33.88624914755659],[-118.61534674570986,33.883554201704236],[-118.60995685400515,33.883554201704236],[-118.60995685400515,33.88894409340895],[-118.6072619081528,33.88894409340895],[-118.6072619081528,33.89163903926131],[-118.61804169156223,33.89163903926131]]]},"id":"-44012+12575","properties":{"area_sq_km":1.0,"count":7,"label":2,"latitude":33.88836662064438,"longitude":-118.61245929840202,"near_healthy_bed":1,"priority_score":1.0,"priority_tier":"monitor","recommended_action":"no_action","region_id":"channel_islands","region_name":"Channel Islands, CA","state":"CA","status":2,"status_label":"healthy"}},{"type":"Feature","geometry":{"geodesic":false,"type":"Polygon","coordinates":[[[-118.60995685400515,33.92667333534197],[-118.6072619081528,33.92667333534197],[-118.6072619081528,33.92936828119433],[-118.60995685400515,33.92936828119433],[-118.60995685400515,33.92667333534197]]]},"id":"-44012+12589","properties":{"area_sq_km":0.0,"count":1,"label":2,"latitude":33.928020808494,"longitude":-118.60860938112182,"near_healthy_bed":1,"priority_score":1.0,"priority_tier":"monitor","recommended_action":"no_action","region_id":"channel_islands","region_name":"Channel Islands, CA","state":"CA","status":2,"status_label":"healthy"}},{"type":"Feature","geometry":{"geodesic":false,"type":"Polygon","coordinates":[[[-118.60995685400515,33.934758172899045],[-118.6072619081528,33.934758172899045],[-118.6072619081528,33.93745311875141],[-118.60995685400515,33.93745311875141],[-118.60995685400515,33.934758172899045]]]},"id":"-44012+12592","properties":{"area_sq_km":0.0,"count":1,"label":2,"latitude":33.93610564603121,"longitude":-118.60860938112889,"near_healthy_bed":1,"priority_score":1.0,"priority_tier":"monitor","recommended_action":"no_action","region_id":"channel_islands","region_name":"Channel Islands, CA","state":"CA","status":2,"status_label":"healthy"}},{"type":"Feature","geometry":{"geodesic":false,"type":"Polygon","coordinates":[[[-118.60995685400515,33.98596214409386],[-118.6072619081528,33.98596214409386],[-118.6072619081528,33.988657089946216],[-118.60995685400515,33.988657089946216],[-118.60995685400515,33.98596214409386]]]},"id":"-44012+12611","properties":{"area_sq_km":0.0,"count":1,"label":0,"latitude":33.987309617103804,"longitude":-118.60860938108368,"near_healthy_bed":1,"priority_score":1.0,"priority_tier":"monitor","recommended_action":"urchin_removal_then_replant","region_id":"channel_islands","region_name":"Channel Islands, CA","state":"CA","status":0,"status_label":"barren"}},{"type":"Feature","geometry":{"geodesic":false,"type":"Polygon","coordinates":[[[-118.6126517998575,34.023691386026876],[-118.6072619081528,34.023691386026876],[-118.6072619081528,34.02638633187924],[-118.6126517998575,34.02638633187924],[-118.6126517998575,34.023691386026876]]]},"id":"-44012+12625","properties":{"area_sq_km":0.0,"count":2,"label":2,"latitude":34.02503888110717,"longitude":-118.60995685402087,"near_healthy_bed":1,"priority_score":1.0,"priority_tier":"monitor","recommended_action":"no_action","region_id":"channel_islands","region_name":"Channel Islands, CA","state":"CA","status":2,"status_label":"healthy"}},{"type":"Feature","geometry":{"geodesic":false,"type":"Polygon","coordinates":[[[-118.6126517998575,33.92936828119433],[-118.60995685400515,33.92936828119433],[-118.60995685400515,33.93206322704669],[-118.6126517998575,33.93206322704669],[-118.6126517998575,33.92936828119433]]]},"id":"-44013+12590","properties":{"area_sq_km":0.0,"count":1,"label":2,"latitude":33.93071575441146,"longitude":-118.61130432685987,"near_healthy_bed":1,"priority_score":1.0,"priority_tier":"monitor","recommended_action":"no_action","region_id":"channel_islands","region_name":"Channel Islands, CA","state":"CA","status":2,"status_label":"healthy"}},{"type":"Feature","geometry":{"geodesic":false,"type":"Polygon","coordinates":[[[-118.61534674570986,33.93745311875141],[-118.60995685400515,33.93745311875141],[-118.60995685400515,33.94284301045612],[-118.61534674570986,33.94284301045612],[-118.61534674570986,33.93745311875141]]]},"id":"-44013+12594","properties":{"area_sq_km":0.0,"count":4,"label":2,"latitude":33.94014806550442,"longitude":-118.61265179985118,"near_healthy_bed":1,"priority_score":1.0,"priority_tier":"monitor","recommended_action":"no_action","region_id":"channel_islands","region_name":"Channel Islands, CA","state":"CA","status":2,"status_label":"healthy"}},{"type":"Feature","geometry":{"geodesic":false,"type":"Polygon","coordinates":[[[-118.6126517998575,33.99404698165093],[-118.6126517998575,33.99135203579858],[-118.61804169156223,33.99135203579858],[-118.61804169156223,33.988657089946216],[-118.60995685400515,33.988657089946216],[-118.60995685400515,33.99404698165093],[-118.6126517998575,33.99404698165093]]]},"id":"-44013+12613","properties":{"area_sq_km":0.0,"count":4,"label":0,"latitude":33.990678327665954,"longitude":-118.61332556646177,"near_healthy_bed":1,"priority_score":1.0,"priority_tier":"monitor","recommended_action":"urchin_removal_then_replant","region_id":"channel_islands","region_name":"Channel Islands, CA","state":"CA","status":0,"status_label":"barren"}},{"type":"Feature","geometry":{"geodesic":false,"type":"Polygon","coordinates":[[[-118.61534674570986,33.92397838948961],[-118.6126517998575,33.92397838948961],[-118.6126517998575,33.92667333534197],[-118.61534674570986,33.92667333534197],[-118.61534674570986,33.92397838948961]]]},"id":"-44014+12588","properties":{"area_sq_km":0.0,"count":1,"label":2,"latitude":33.92532586253514,"longitude":-118.61399927275126,"near_healthy_bed":1,"priority_score":1.0,"priority_tier":"monitor","recommended_action":"no_action","region_id":"channel_islands","region_name":"Channel Islands, CA","state":"CA","status":2,"status_label":"healthy"}},{"type":"Feature","geometry":{"geodesic":false,"type":"Polygon","coordinates":[[[-118.61804169156223,33.94553795630848],[-118.6126517998575,33.94553795630848],[-118.6126517998575,33.94823290216084],[-118.61804169156223,33.94823290216084],[-118.61804169156223,33.94553795630848]]]},"id":"-44014+12596","properties":{"area_sq_km":0.0,"count":2,"label":2,"latitude":33.94688545148004,"longitude":-118.61534674574101,"near_healthy_bed":1,"priority_score":1.0,"priority_tier":"monitor","recommended_action":"no_action","region_id":"channel_islands","region_name":"Channel Islands, CA","state":"CA","status":2,"status_label":"healthy"}},{"type":"Feature","geometry":{"geodesic":false,"type":"Polygon","coordinates":[[[-118.61804169156223,33.99404698165093],[-118.6126517998575,33.99404698165093],[-118.6126517998575,33.996741927503294],[-118.61804169156223,33.996741927503294],[-118.61804169156223,33.99404698165093]]]},"id":"-44014+12614","properties":{"area_sq_km":0.0,"count":2,"label":0,"latitude":33.99539447677144,"longitude":-118.61534674574911,"near_healthy_bed":1,"priority_score":1.0,"priority_tier":"monitor","recommended_action":"urchin_removal_then_replant","region_id":"channel_islands","region_name":"Channel Islands, CA","state":"CA","status":0,"status_label":"barren"}},{"type":"Feature","geometry":{"geodesic":false,"type":"Polygon","coordinates":[[[-118.61534674570986,34.00213181920801],[-118.6126517998575,34.00213181920801],[-118.6126517998575,34.004826765060365],[-118.61534674570986,34.004826765060365],[-118.61534674570986,34.00213181920801]]]},"id":"-44014+12617","properties":{"area_sq_km":0.0,"count":1,"label":0,"latitude":34.00347929219047,"longitude":-118.61399927275039,"near_healthy_bed":1,"priority_score":1.0,"priority_tier":"monitor","recommended_action":"urchin_removal_then_replant","region_id":"channel_islands","region_name":"Channel Islands, CA","state":"CA","status":0,"status_label":"barren"}},{"type":"Feature","geometry":{"geodesic":false,"type":"Polygon","coordinates":[[[-118.61804169156223,33.87546936414716],[-118.61534674570986,33.87546936414716],[-118.61534674570986,33.87816430999951],[-118.61804169156223,33.87816430999951],[-118.61804169156223,33.87546936414716]]]},"id":"-44015+12570","properties":{"area_sq_km":0.0,"count":1,"label":2,"latitude":33.876816837461256,"longitude":-118.61669421867627,"near_healthy_bed":1,"priority_score":1.0,"priority_tier":"monitor","recommended_action":"no_action","region_id":"channel_islands","region_name":"Channel Islands, CA","state":"CA","status":2,"status_label":"healthy"}},{"type":"Feature","geometry":{"geodesic":false,"type":"Polygon","coordinates":[[[-118.61804169156223,33.934758172899045],[-118.61534674570986,33.934758172899045],[-118.61534674570986,33.93745311875141],[-118.61804169156223,33.93745311875141],[-118.61804169156223,33.934758172899045]]]},"id":"-44015+12592","properties":{"area_sq_km":0.0,"count":1,"label":2,"latitude":33.93610564603005,"longitude":-118.6166942186809,"near_healthy_bed":1,"priority_score":1.0,"priority_tier":"monitor","recommended_action":"no_action","region_id":"channel_islands","region_name":"Channel Islands, CA","state":"CA","status":2,"status_label":"healthy"}},{"type":"Feature","geometry":{"geodesic":false,"type":"Polygon","coordinates":[[[-118.61804169156223,33.9832671982415],[-118.61534674570986,33.9832671982415],[-118.61534674570986,33.98596214409386],[-118.61804169156223,33.98596214409386],[-118.61804169156223,33.9832671982415]]]},"id":"-44015+12610","properties":{"area_sq_km":0.0,"count":1,"label":0,"latitude":33.98461467151142,"longitude":-118.61669421864711,"near_healthy_bed":1,"priority_score":1.0,"priority_tier":"monitor","recommended_action":"urchin_removal_then_replant","region_id":"channel_islands","region_name":"Channel Islands, CA","state":"CA","status":0,"status_label":"barren"}},{"type":"Feature","geometry":{"geodesic":false,"type":"Polygon","coordinates":[[[-118.62073663741458,33.802705826133476],[-118.61804169156223,33.802705826133476],[-118.61804169156223,33.80540077198584],[-118.62073663741458,33.80540077198584],[-118.62073663741458,33.802705826133476]]]},"id":"-44016+12543","properties":{"area_sq_km":0.0,"count":1,"label":2,"latitude":33.8040532991221,"longitude":-118.61938916449442,"near_healthy_bed":1,"priority_score":1.0,"priority_tier":"monitor","recommended_action":"no_action","region_id":"channel_islands","region_name":"Channel Islands, CA","state":"CA","status":2,"status_label":"healthy"}},{"type":"Feature","geometry":{"geodesic":false,"type":"Polygon","coordinates":[[[-118.62073663741458,33.85121485147593],[-118.61804169156223,33.85121485147593],[-118.61804169156223,33.85390979732829],[-118.62073663741458,33.85390979732829],[-118.62073663741458,33.85121485147593]]]},"id":"-44016+12561","properties":{"area_sq_km":0.0,"count":1,"label":2,"latitude":33.852562324606794,"longitude":-118.61938916448261,"near_healthy_bed":1,"priority_score":1.0,"priority_tier":"monitor","recommended_action":"no_action","region_id":"channel_islands","region_name":"Channel Islands, CA","state":"CA","status":2,"status_label":"healthy"}},{"type":"Feature","geometry":{"geodesic":false,"type":"Polygon","coordinates":[[[-118.62343158326694,33.883554201704236],[-118.61804169156223,33.883554201704236],[-118.61804169156223,33.88624914755659],[-118.62343158326694,33.88624914755659],[-118.62343158326694,33.883554201704236]]]},"id":"-44016+12573","properties":{"area_sq_km":0.0,"count":2,"label":2,"latitude":33.88490169687243,"longitude":-118.62073663738704,"near_healthy_bed":1,"priority_score":1.0,"priority_tier":"monitor","recommended_action":"no_action","region_id":"channel_islands","region_name":"Channel Islands, CA","state":"CA","status":2,"status_label":"healthy"}},{"type":"Feature","geometry":{"geodesic":false,"type":"Polygon","coordinates":[[[-118.62073663741458,33.92667333534197],[-118.61804169156223,33.92667333534197],[-118.61804169156223,33.92936828119433],[-118.62073663741458,33.92936828119433],[-118.62073663741458,33.92667333534197]]]},"id":"-44016+12589","properties":{"area_sq_km":0.0,"count":1,"label":2,"latitude":33.92802080853918,"longitude":-118.6193891644305,"near_healthy_bed":1,"priority_score":1.0,"priority_tier":"monitor","recommended_action":"no_action","region_id":"channel_islands","region_name":"Channel Islands, CA","state":"CA","status":2,"status_label":"healthy"}},{"type":"Feature","geometry":{"geodesic":false,"type":"Polygon","coordinates":[[[-118.62343158326694,33.98596214409386],[-118.61804169156223,33.98596214409386],[-118.61804169156223,33.988657089946216],[-118.62343158326694,33.988657089946216],[-118.62343158326694,33.98596214409386]]]},"id":"-44016+12611","properties":{"area_sq_km":0.0,"count":2,"label":0,"latitude":33.9873096391471,"longitude":-118.62073663741563,"near_healthy_bed":1,"priority_score":1.0,"priority_tier":"monitor","recommended_action":"urchin_removal_then_replant","region_id":"channel_islands","region_name":"Channel Islands, CA","state":"CA","status":0,"status_label":"barren"}},{"type":"Feature","geometry":{"geodesic":false,"type":"Polygon","coordinates":[[[-118.62343158326694,34.031776223583954],[-118.61804169156223,34.031776223583954],[-118.61804169156223,34.034471169436316],[-118.62343158326694,34.034471169436316],[-118.62343158326694,34.031776223583954]]]},"id":"-44016+12628","properties":{"area_sq_km":0.0,"count":2,"label":2,"latitude":34.03312371872475,"longitude":-118.62073663735734,"near_healthy_bed":1,"priority_score":1.0,"priority_tier":"monitor","recommended_action":"no_action","region_id":"channel_islands","region_name":"Channel Islands, CA","state":"CA","status":2,"status_label":"healthy"}},{"type":"Feature","geometry":{"geodesic":false,"type":"Polygon","coordinates":[[[-118.62343158326694,33.83235023050942],[-118.62073663741458,33.83235023050942],[-118.62073663741458,33.83504517636178],[-118.62343158326694,33.83504517636178],[-118.62343158326694,33.83235023050942]]]},"id":"-44017+12554","properties":{"area_sq_km":0.0,"count":1,"label":2,"latitude":33.833697703755455,"longitude":-118.6220841103827,"near_healthy_bed":1,"priority_score":1.0,"priority_tier":"monitor","recommended_action":"no_action","region_id":"channel_islands","region_name":"Channel Islands, CA","state":"CA","status":2,"status_label":"healthy"}},{"type":"Feature","geometry":{"geodesic":false,"type":"Polygon","coordinates":[[[-118.62343158326694,33.934758172899045],[-118.62073663741458,33.934758172899045],[-118.62073663741458,33.93745311875141],[-118.62343158326694,33.93745311875141],[-118.62343158326694,33.934758172899045]]]},"id":"-44017+12592","properties":{"area_sq_km":0.0,"count":1,"label":2,"latitude":33.9361056460675,"longitude":-118.6220841103285,"near_healthy_bed":1,"priority_score":1.0,"priority_tier":"monitor","recommended_action":"no_action","region_id":"channel_islands","region_name":"Channel Islands, CA","state":"CA","status":2,"status_label":"healthy"}},{"type":"Feature","geometry":{"geodesic":false,"type":"Polygon","coordinates":[[[-118.62343158326694,33.99135203579858],[-118.62073663741458,33.99135203579858],[-118.62073663741458,33.99404698165093],[-118.62343158326694,33.99404698165093],[-118.62343158326694,33.99135203579858]]]},"id":"-44017+12613","properties":{"area_sq_km":0.0,"count":1,"label":0,"latitude":33.992699509009746,"longitude":-118.62208411030046,"near_healthy_bed":1,"priority_score":1.0,"priority_tier":"monitor","recommended_action":"urchin_removal_then_replant","region_id":"channel_islands","region_name":"Channel Islands, CA","state":"CA","status":0,"status_label":"barren"}},{"type":"Feature","geometry":{"geodesic":false,"type":"Polygon","coordinates":[[[-118.6261265291193,33.83504517636178],[-118.62343158326694,33.83504517636178],[-118.62343158326694,33.837740122214136],[-118.6261265291193,33.837740122214136],[-118.6261265291193,33.83504517636178]]]},"id":"-44018+12555","properties":{"area_sq_km":0.0,"count":1,"label":2,"latitude":33.836392649393474,"longitude":-118.62477905626548,"near_healthy_bed":1,"priority_score":1.0,"priority_tier":"monitor","recommended_action":"no_action","region_id":"channel_islands","region_name":"Channel Islands, CA","state":"CA","status":2,"status_label":"healthy"}},{"type":"Feature","geometry":{"geodesic":false,"type":"Polygon","coordinates":[[[-118.62882147497166,33.86199463488536],[-118.62343158326694,33.86199463488536],[-118.62343158326694,33.864689580737725],[-118.62882147497166,33.864689580737725],[-118.62882147497166,33.86199463488536]]]},"id":"-44018+12565","properties":{"area_sq_km":0.0,"count":2,"label":2,"latitude":33.86334212998464,"longitude":-118.62612652920247,"near_healthy_bed":1,"priority_score":1.0,"priority_tier":"monitor","recommended_action":"no_action","region_id":"channel_islands","region_name":"Channel Islands, CA","state":"CA","status":2,"status_label":"healthy"}},{"type":"Feature","geometry":{"geodesic":false,"type":"Polygon","coordinates":[[[-118.6261265291193,33.87546936414716],[-118.62343158326694,33.87546936414716],[-118.62343158326694,33.87816430999951],[-118.6261265291193,33.87816430999951],[-118.6261265291193,33.87546936414716]]]},"id":"-44018+12570","properties":{"area_sq_km":0.0,"count":1,"label":0,"latitude":33.876816837447514,"longitude":-118.62477905632298,"near_healthy_bed":1,"priority_score":1.0,"priority_tier":"monitor","recommended_action":"urchin_removal_then_replant","region_id":"channel_islands","region_name":"Channel Islands, CA","state":"CA","status":0,"status_label":"barren"}},{"type":"Feature","geometry":{"geodesic":false,"type":"Polygon","coordinates":[[[-118.6261265291193,33.899723876818385],[-118.62343158326694,33.899723876818385],[-118.62343158326694,33.90241882267074],[-118.6261265291193,33.90241882267074],[-118.6261265291193,33.899723876818385]]]},"id":"-44018+12579","properties":{"area_sq_km":0.0,"count":1,"label":0,"latitude":33.901071349853446,"longitude":-118.62477905622085,"near_healthy_bed":1,"priority_score":1.0,"priority_tier":"monitor","recommended_action":"urchin_removal_then_replant","region_id":"channel_islands","region_name":"Channel Islands, CA","state":"CA","status":0,"status_label":"barren"}},{"type":"Feature","geometry":{"geodesic":false,"type":"Polygon","coordinates":[[[-118.62882147497166,34.00752171091273],[-118.62343158326694,34.00752171091273],[-118.62343158326694,34.01021665676509],[-118.62882147497166,34.01021665676509],[-118.62882147497166,34.00752171091273]]]},"id":"-44018+12619","properties":{"area_sq_km":0.0,"count":2,"label":0,"latitude":34.008869206096605,"longitude":-118.62612652919137,"near_healthy_bed":1,"priority_score":1.0,"priority_tier":"monitor","recommended_action":"urchin_removal_then_replant","region_id":"channel_islands","region_name":"Channel Islands, CA","state":"CA","status":0,"status_label":"barren"}},{"type":"Feature","geometry":{"geodesic":false,"type":"Polygon","coordinates":[[[-118.62882147497166,33.837740122214136],[-118.6261265291193,33.837740122214136],[-118.6261265291193,33.8404350680665],[-118.62882147497166,33.8404350680665],[-118.62882147497166,33.837740122214136]]]},"id":"-44019+12556","properties":{"area_sq_km":0.0,"count":1,"label":2,"latitude":33.8390875955728,"longitude":-118.62747400207336,"near_healthy_bed":1,"priority_score":1.0,"priority_tier":"monitor","recommended_action":"no_action","region_id":"channel_islands","region_name":"Channel Islands, CA","state":"CA","status":2,"status_label":"healthy"}},{"type":"Feature","geometry":{"geodesic":false,"type":"Polygon","coordinates":[[[-118.6261265291193,33.87546936414716],[-118.6261265291193,33.872774418294796],[-118.63690631252874,33.872774418294796],[-118.63690631252874,33.87546936414716],[-118.63960125838109,33.87546936414716],[-118.63960125838109,33.872774418294796],[-118.64229620423345,33.872774418294796],[-118.64229620423345,33.87007947244244],[-118.63690631252874,33.87007947244244],[-118.63690631252874,33.86738452659008],[-118.64229620423345,33.86738452659008],[-118.64229620423345,33.86199463488536],[-118.63151642082401,33.86199463488536],[-118.63151642082401,33.864689580737725],[-118.63421136667637,33.864689580737725],[-118.63421136667637,33.87007947244244],[-118.62882147497166,33.87007947244244],[-118.62882147497166,33.86738452659008],[-118.62343158326694,33.86738452659008],[-118.62343158326694,33.864689580737725],[-118.62073663741458,33.864689580737725],[-118.62073663741458,33.87007947244244],[-118.61804169156223,33.87007947244244],[-118.61804169156223,33.87546936414716],[-118.62073663741458,33.87546936414716],[-118.62073663741458,33.880859255851874],[-118.6261265291193,33.880859255851874],[-118.6261265291193,33.88624914755659],[-118.62882147497166,33.88624914755659],[-118.62882147497166,33.87816430999952],[-118.63421136667637,33.87816430999952],[-118.63421136667637,33.87546936414716],[-118.6261265291193,33.87546936414716]],[[-118.6261265291193,33.87546936414716],[-118.62343158326694,33.87546936414716],[-118.62343158326694,33.87816430999952],[-118.6261265291193,33.87816430999952],[-118.6261265291193,33.87546936414716]]]},"id":"-44019+12573","properties":{"area_sq_km":3.0,"count":34,"label":2,"latitude":33.87190238392635,"longitude":-118.62977299464511,"near_healthy_bed":1,"priority_score":1.0,"priority_tier":"monitor","recommended_action":"no_action","region_id":"channel_islands","region_name":"Channel Islands, CA","state":"CA","status":2,"status_label":"healthy"}},{"type":"Feature","geometry":{"geodesic":false,"type":"Polygon","coordinates":[[[-118.63151642082401,33.918588497784896],[-118.63151642082401,33.91319860608018],[-118.63421136667637,33.91319860608018],[-118.63421136667637,33.91050366022782],[-118.64229620423345,33.91050366022782],[-118.64229620423345,33.9051137685231],[-118.6449911500858,33.9051137685231],[-118.6449911500858,33.899723876818385],[-118.64229620423345,33.899723876818385],[-118.64229620423345,33.89702893096602],[-118.63960125838109,33.89702893096602],[-118.63960125838109,33.89163903926131],[-118.63690631252874,33.89163903926131],[-118.63690631252874,33.89702893096602],[-118.63421136667637,33.89702893096602],[-118.63421136667637,33.90241882267074],[-118.63151642082401,33.90241882267074],[-118.63151642082401,33.899723876818385],[-118.62882147497166,33.899723876818385],[-118.62882147497166,33.89433398511367],[-118.6261265291193,33.89433398511367],[-118.6261265291193,33.89163903926131],[-118.62343158326694,33.89163903926131],[-118.62343158326694,33.88894409340895],[-118.62073663741458,33.88894409340895],[-118.62073663741458,33.89163903926131],[-118.61804169156223,33.89163903926131],[-118.61804169156223,33.89433398511367],[-118.62073663741458,33.89433398511367],[-118.62073663741458,33.89702893096602],[-118.61534674570986,33.89702893096602],[-118.61534674570986,33.89433398511367],[-118.6126517998575,33.89433398511367],[-118.6126517998575,33.89702893096602],[-118.59917707059572,33.89702893096602],[-118.59917707059572,33.90241882267074],[-118.60456696230042,33.90241882267074],[-118.60456696230042,33.9051137685231],[-118.60995685400515,33.9051137685231],[-118.60995685400515,33.899723876818385],[-118.61534674570986,33.899723876818385],[-118.61534674570986,33.90241882267074],[-118.61804169156223,33.90241882267074],[-118.61804169156223,33.90780871437546],[-118.62073663741458,33.90780871437546],[-118.62073663741458,33.91319860608018],[-118.62343158326694,33.91319860608018],[-118.62343158326694,33.915893551932534],[-118.6261265291193,33.915893551932534],[-118.6261265291193,33.918588497784896],[-118.63151642082401,33.918588497784896]],[[-118.62343158326694,33.90241882267074],[-118.6261265291193,33.90241882267074],[-118.6261265291193,33.899723876818385],[-118.62343158326694,33.899723876818385],[-118.62343158326694,33.90241882267074]]]},"id":"-44019+12585","properties":{"area_sq_km":6.0,"count":76,"label":2,"latitude":33.903234474686194,"longitude":-118.62559431366348,"near_healthy_bed":1,"priority_score":1.0,"priority_tier":"monitor","recommended_action":"no_action","region_id":"channel_islands","region_name":"Channel Islands, CA","state":"CA","status":2,"status_label":"healthy"}},{"type":"Feature","geometry":{"geodesic":false,"type":"Polygon","coordinates":[[[-118.62882147497166,33.93206322704669],[-118.6261265291193,33.93206322704669],[-118.6261265291193,33.934758172899045],[-118.62882147497166,33.934758172899045],[-118.62882147497166,33.93206322704669]]]},"id":"-44019+12591","properties":{"area_sq_km":0.0,"count":1,"label":2,"latitude":33.93341070016961,"longitude":-118.62747400214006,"near_healthy_bed":1,"priority_score":1.0,"priority_tier":"monitor","recommended_action":"no_action","region_id":"channel_islands","region_name":"Channel Islands, CA","state":"CA","status":2,"status_label":"healthy"}},{"type":"Feature","geometry":{"geodesic":false,"type":"Polygon","coordinates":[[[-118.63151642082401,33.8404350680665],[-118.62882147497166,33.8404350680665],[-118.62882147497166,33.84313001391885],[-118.63151642082401,33.84313001391885],[-118.63151642082401,33.8404350680665]]]},"id":"-44020+12557","properties":{"area_sq_km":0.0,"count":1,"label":2,"latitude":33.84178254112784,"longitude":-118.63016894784283,"near_healthy_bed":1,"priority_score":1.0,"priority_tier":"monitor","recommended_action":"no_action","region_id":"channel_islands","region_name":"Channel Islands, CA","state":"CA","status":2,"status_label":"healthy"}},{"type":"Feature","geometry":{"geodesic":false,"type":"Polygon","coordinates":[[[-118.63151642082401,33.85929968903301],[-118.62882147497166,33.85929968903301],[-118.62882147497166,33.86199463488536],[-118.63151642082401,33.86199463488536],[-118.63151642082401,33.85929968903301]]]},"id":"-44020+12564","properties":{"area_sq_km":0.0,"count":1,"label":2,"latitude":33.860647162390336,"longitude":-118.63016894794738,"near_healthy_bed":1,"priority_score":1.0,"priority_tier":"monitor","recommended_action":"no_action","region_id":"channel_islands","region_name":"Channel Islands, CA","state":"CA","status":2,"status_label":"healthy"}},{"type":"Feature","geometry":{"geodesic":false,"type":"Polygon","coordinates":[[[-118.63151642082401,33.92936828119433],[-118.62882147497166,33.92936828119433],[-118.62882147497166,33.93206322704669],[-118.63151642082401,33.93206322704669],[-118.63151642082401,33.92936828119433]]]},"id":"-44020+12590","properties":{"area_sq_km":0.0,"count":1,"label":2,"latitude":33.9307157543669,"longitude":-118.63016894792219,"near_healthy_bed":1,"priority_score":1.0,"priority_tier":"monitor","recommended_action":"no_action","region_id":"channel_islands","region_name":"Channel Islands, CA","state":"CA","status":2,"status_label":"healthy"}},{"type":"Feature","geometry":{"geodesic":false,"type":"Polygon","coordinates":[[[-118.63421136667637,33.880859255851874],[-118.63151642082401,33.880859255851874],[-118.63151642082401,33.88894409340895],[-118.63421136667637,33.88894409340895],[-118.63421136667637,33.880859255851874]]]},"id":"-44021+12574","properties":{"area_sq_km":0.0,"count":3,"label":2,"latitude":33.88490161816999,"longitude":-118.63286389367653,"near_healthy_bed":1,"priority_score":1.0,"priority_tier":"monitor","recommended_action":"no_action","region_id":"channel_islands","region_name":"Channel Islands, CA","state":"CA","status":2,"status_label":"healthy"}},{"type":"Feature","geometry":{"geodesic":false,"type":"Polygon","coordinates":[[[-118.63421136667637,34.01291160261744],[-118.63151642082401,34.01291160261744],[-118.63151642082401,34.015606548469805],[-118.63421136667637,34.015606548469805],[-118.63421136667637,34.01291160261744]]]},"id":"-44021+12621","properties":{"area_sq_km":0.0,"count":1,"label":0,"latitude":34.014259075625496,"longitude":-118.63286389364688,"near_healthy_bed":1,"priority_score":1.0,"priority_tier":"monitor","recommended_action":"urchin_removal_then_replant","region_id":"channel_islands","region_name":"Channel Islands, CA","state":"CA","status":0,"status_label":"barren"}},{"type":"Feature","geometry":{"geodesic":false,"type":"Polygon","coordinates":[[[-118.63690631252874,33.91319860608018],[-118.63421136667637,33.91319860608018],[-118.63421136667637,33.918588497784896],[-118.63690631252874,33.918588497784896],[-118.63690631252874,33.91319860608018]]]},"id":"-44022+12585","properties":{"area_sq_km":0.0,"count":2,"label":2,"latitude":33.9158935308519,"longitude":-118.63555883969029,"near_healthy_bed":1,"priority_score":1.0,"priority_tier":"monitor","recommended_action":"no_action","region_id":"channel_islands","region_name":"Channel Islands, CA","state":"CA","status":2,"status_label":"healthy"}},{"type":"Feature","geometry":{"geodesic":false,"type":"Polygon","coordinates":[[[-118.63690631252874,33.97518236068442],[-118.63421136667637,33.97518236068442],[-118.63421136667637,33.97787730653678],[-118.63690631252874,33.97787730653678],[-118.63690631252874,33.97518236068442]]]},"id":"-44022+12607","properties":{"area_sq_km":0.0,"count":1,"label":2,"latitude":33.976529833841774,"longitude":-118.63555883960892,"near_healthy_bed":1,"priority_score":1.0,"priority_tier":"monitor","recommended_action":"no_action","region_id":"channel_islands","region_name":"Channel Islands, CA","state":"CA","status":2,"status_label":"healthy"}},{"type":"Feature","geometry":{"geodesic":false,"type":"Polygon","coordinates":[[[-118.64229620423345,34.01291160261744],[-118.64229620423345,34.01021665676509],[-118.63690631252874,34.01021665676509],[-118.63690631252874,34.00752171091273],[-118.63421136667637,34.00752171091273],[-118.63421136667637,34.01291160261744],[-118.64229620423345,34.01291160261744]]]},"id":"-44022+12620","properties":{"area_sq_km":0.0,"count":4,"label":0,"latitude":34.01089042146323,"longitude":-118.63758001865436,"near_healthy_bed":1,"priority_score":1.0,"priority_tier":"monitor","recommended_action":"urchin_removal_then_replant","region_id":"channel_islands","region_name":"Channel Islands, CA","state":"CA","status":0,"status_label":"barren"}},{"type":"Feature","geometry":{"geodesic":false,"type":"Polygon","coordinates":[[[-118.63960125838109,33.883554201704236],[-118.63690631252874,33.883554201704236],[-118.63690631252874,33.88624914755659],[-118.63960125838109,33.88624914755659],[-118.63960125838109,33.883554201704236]]]},"id":"-44023+12573","properties":{"area_sq_km":0.0,"count":1,"label":2,"latitude":33.8849016748162,"longitude":-118.63825378550875,"near_healthy_bed":1,"priority_score":1.0,"priority_tier":"monitor","recommended_action":"no_action","region_id":"channel_islands","region_name":"Channel Islands, CA","state":"CA","status":2,"status_label":"healthy"}},{"type":"Feature","geometry":{"geodesic":false,"type":"Polygon","coordinates":[[[-118.63960125838109,33.93206322704669],[-118.63690631252874,33.93206322704669],[-118.63690631252874,33.934758172899045],[-118.63960125838109,33.934758172899045],[-118.63960125838109,33.93206322704669]]]},"id":"-44023+12591","properties":{"area_sq_km":0.0,"count":1,"label":2,"latitude":33.933410700226595,"longitude":-118.6382537854753,"near_healthy_bed":1,"priority_score":1.0,"priority_tier":"monitor","recommended_action":"no_action","region_id":"channel_islands","region_name":"Channel Islands, CA","state":"CA","status":2,"status_label":"healthy"}},{"type":"Feature","geometry":{"geodesic":false,"type":"Polygon","coordinates":[[[-118.63960125838109,33.97518236068442],[-118.63690631252874,33.97518236068442],[-118.63690631252874,33.97787730653678],[-118.63960125838109,33.97787730653678],[-118.63960125838109,33.97518236068442]]]},"id":"-44023+12607","properties":{"area_sq_km":0.0,"count":1,"label":0,"latitude":33.976529833851195,"longitude":-118.63825378550251,"near_healthy_bed":1,"priority_score":1.0,"priority_tier":"monitor","recommended_action":"urchin_removal_then_replant","region_id":"channel_islands","region_name":"Channel Islands, CA","state":"CA","status":0,"status_label":"barren"}},{"type":"Feature","geometry":{"geodesic":false,"type":"Polygon","coordinates":[[[-118.63960125838109,33.98596214409386],[-118.63690631252874,33.98596214409386],[-118.63690631252874,33.988657089946216],[-118.63960125838109,33.988657089946216],[-118.63960125838109,33.98596214409386]]]},"id":"-44023+12611","properties":{"area_sq_km":0.0,"count":1,"label":0,"latitude":33.98730961714678,"longitude":-118.63825378554834,"near_healthy_bed":1,"priority_score":1.0,"priority_tier":"monitor","recommended_action":"urchin_removal_then_replant","region_id":"channel_islands","region_name":"Channel Islands, CA","state":"CA","status":0,"status_label":"barren"}},{"type":"Feature","geometry":{"geodesic":false,"type":"Polygon","coordinates":[[[-118.63960125838109,33.99135203579858],[-118.63690631252874,33.99135203579858],[-118.63690631252874,33.99404698165093],[-118.63960125838109,33.99404698165093],[-118.63960125838109,33.99135203579858]]]},"id":"-44023+12613","properties":{"area_sq_km":0.0,"count":1,"label":0,"latitude":33.99269950895617,"longitude":-118.63825378547811,"near_healthy_bed":1,"priority_score":1.0,"priority_tier":"monitor","recommended_action":"urchin_removal_then_replant","region_id":"channel_islands","region_name":"Channel Islands, CA","state":"CA","status":0,"status_label":"barren"}},{"type":"Feature","geometry":{"geodesic":false,"type":"Polygon","coordinates":[[[-118.64768609593817,33.85390979732829],[-118.64768609593817,33.84851990562357],[-118.6449911500858,33.84851990562357],[-118.6449911500858,33.85121485147593],[-118.64229620423345,33.85121485147593],[-118.64229620423345,33.84851990562357],[-118.63690631252874,33.84851990562357],[-118.63690631252874,33.85121485147593],[-118.63960125838109,33.85121485147593],[-118.63960125838109,33.85390979732829],[-118.64768609593817,33.85390979732829]]]},"id":"-44024+12561","properties":{"area_sq_km":0.0,"count":6,"label":2,"latitude":33.851214890793194,"longitude":-118.64274534579465,"near_healthy_bed":1,"priority_score":1.0,"priority_tier":"monitor","recommended_action":"no_action","region_id":"channel_islands","region_name":"Channel Islands, CA","state":"CA","status":2,"status_label":"healthy"}},{"type":"Feature","geometry":{"geodesic":false,"type":"Polygon","coordinates":[[[-118.64229620423345,33.92936828119433],[-118.63960125838109,33.92936828119433],[-118.63960125838109,33.93206322704669],[-118.64229620423345,33.93206322704669],[-118.64229620423345,33.92936828119433]]]},"id":"-44024+12590","properties":{"area_sq_km":0.0,"count":1,"label":2,"latitude":33.9307157543714,"longitude":-118.64094873134634,"near_healthy_bed":1,"priority_score":1.0,"priority_tier":"monitor","recommended_action":"no_action","region_id":"channel_islands","region_name":"Channel Islands, CA","state":"CA","status":2,"status_label":"healthy"}},{"type":"Feature","geometry":{"geodesic":false,"type":"Polygon","coordinates":[[[-118.64229620423345,33.934758172899045],[-118.63960125838109,33.934758172899045],[-118.63960125838109,33.93745311875141],[-118.64229620423345,33.93745311875141],[-118.64229620423345,33.934758172899045]]]},"id":"-44024+12592","properties":{"area_sq_km":0.0,"count":1,"label":2,"latitude":33.936105646025645,"longitude":-118.64094873125535,"near_healthy_bed":1,"priority_score":1.0,"priority_tier":"monitor","recommended_action":"no_action","region_id":"channel_islands","region_name":"Channel Islands, CA","state":"CA","status":2,"status_label":"healthy"}},{"type":"Feature","geometry":{"geodesic":false,"type":"Polygon","coordinates":[[[-118.6449911500858,33.83504517636178],[-118.64229620423345,33.83504517636178],[-118.64229620423345,33.837740122214136],[-118.6449911500858,33.837740122214136],[-118.6449911500858,33.83504517636178]]]},"id":"-44025+12555","properties":{"area_sq_km":0.0,"count":1,"label":2,"latitude":33.83639264937351,"longitude":-118.64364367721645,"near_healthy_bed":1,"priority_score":1.0,"priority_tier":"monitor","recommended_action":"no_action","region_id":"channel_islands","region_name":"Channel Islands, CA","state":"CA","status":2,"status_label":"healthy"}},{"type":"Feature","geometry":{"geodesic":false,"type":"Polygon","coordinates":[[[-118.6449911500858,33.9832671982415],[-118.64229620423345,33.9832671982415],[-118.64229620423345,33.98596214409386],[-118.6449911500858,33.98596214409386],[-118.6449911500858,33.9832671982415]]]},"id":"-44025+12610","properties":{"area_sq_km":0.0,"count":1,"label":0,"latitude":33.984614671543014,"longitude":-118.64364367723208,"near_healthy_bed":1,"priority_score":1.0,"priority_tier":"monitor","recommended_action":"urchin_removal_then_replant","region_id":"channel_islands","region_name":"Channel Islands, CA","state":"CA","status":0,"status_label":"barren"}},{"type":"Feature","geometry":{"geodesic":false,"type":"Polygon","coordinates":[[[-118.64768609593817,33.99135203579858],[-118.64229620423345,33.99135203579858],[-118.64229620423345,33.99404698165093],[-118.64768609593817,33.99404698165093],[-118.64768609593817,33.99135203579858]]]},"id":"-44025+12613","properties":{"area_sq_km":0.0,"count":2,"label":0,"latitude":33.99269953098617,"longitude":-118.64499115007665,"near_healthy_bed":1,"priority_score":1.0,"priority_tier":"monitor","recommended_action":"urchin_removal_then_replant","region_id":"channel_islands","region_name":"Channel Islands, CA","state":"CA","status":0,"status_label":"barren"}},{"type":"Feature","geometry":{"geodesic":false,"type":"Polygon","coordinates":[[[-118.6449911500858,34.015606548469805],[-118.64229620423345,34.015606548469805],[-118.64229620423345,34.01830149432216],[-118.6449911500858,34.01830149432216],[-118.6449911500858,34.015606548469805]]]},"id":"-44025+12622","properties":{"area_sq_km":0.0,"count":1,"label":0,"latitude":34.0169540215364,"longitude":-118.6436436771018,"near_healthy_bed":1,"priority_score":1.0,"priority_tier":"monitor","recommended_action":"urchin_removal_then_replant","region_id":"channel_islands","region_name":"Channel Islands, CA","state":"CA","status":0,"status_label":"barren"}},{"type":"Feature","geometry":{"geodesic":false,"type":"Polygon","coordinates":[[[-118.65038104179052,34.015606548469805],[-118.65038104179052,34.01291160261744],[-118.64768609593817,34.01291160261744],[-118.64768609593817,34.00752171091273],[-118.64229620423345,34.00752171091273],[-118.64229620423345,34.00482676506037],[-118.65038104179052,34.00482676506037],[-118.65038104179052,33.99943687335565],[-118.65577093349525,33.99943687335565],[-118.65577093349525,34.00213181920801],[-118.66116082519996,34.00213181920801],[-118.66116082519996,33.99943687335565],[-118.6584658793476,33.99943687335565],[-118.6584658793476,33.996741927503294],[-118.65577093349525,33.996741927503294],[-118.65577093349525,33.99135203579858],[-118.65038104179052,33.99135203579858],[-118.65038104179052,33.9832671982415],[-118.65307598764288,33.9832671982415],[-118.65307598764288,33.97787730653678],[-118.6584658793476,33.97787730653678],[-118.6584658793476,33.97248741483207],[-118.64768609593817,33.97248741483207],[-118.64768609593817,33.969792468979705],[-118.63421136667637,33.969792468979705],[-118.63421136667637,33.97248741483207],[-118.63690631252874,33.97248741483207],[-118.63690631252874,33.97518236068442],[-118.63960125838109,33.97518236068442],[-118.63960125838109,33.97787730653678],[-118.63690631252874,33.97787730653678],[-118.63690631252874,33.980572252389145],[-118.63421136667637,33.980572252389145],[-118.63421136667637,33.98596214409386],[-118.6261265291193,33.98596214409386],[-118.6261265291193,33.9832671982415],[-118.62343158326694,33.9832671982415],[-118.62343158326694,33.980572252389145],[-118.62073663741458,33.980572252389145],[-118.62073663741458,33.97248741483207],[-118.6261265291193,33.97248741483207],[-118.6261265291193,33.969792468979705],[-118.62073663741458,33.969792468979705],[-118.62073663741458,33.96709752312735],[-118.6126517998575,33.96709752312735],[-118.6126517998575,33.96440257727499],[-118.60456696230042,33.96440257727499],[-118.60456696230042,33.961707631422634],[-118.59648212474335,33.961707631422634],[-118.59648212474335,33.96709752312735],[-118.59378717889099,33.96709752312735],[-118.59378717889099,33.96440257727499],[-118.59109223303864,33.96440257727499],[-118.59109223303864,33.96709752312735],[-118.58839728718628,33.96709752312735],[-118.58839728718628,33.969792468979705],[-118.59109223303864,33.969792468979705],[-118.59109223303864,33.97248741483207],[-118.59648212474335,33.97248741483207],[-118.59648212474335,33.97518236068442],[-118.58839728718628,33.97518236068442],[-118.58839728718628,33.97787730653678],[-118.58570234133391,33.97787730653678],[-118.58570234133391,33.97248741483207],[-118.5803124496292,33.97248741483207],[-118.5803124496292,33.969792468979705],[-118.57222761207213,33.969792468979705],[-118.57222761207213,33.96709752312735],[-118.5668377203674,33.96709752312735],[-118.5668377203674,33.96440257727499],[-118.56953266621977,33.96440257727499],[-118.56953266621977,33.961707631422634],[-118.57222761207213,33.961707631422634],[-118.57222761207213,33.95901268557027],[-118.5668377203674,33.95901268557027],[-118.5668377203674,33.961707631422634],[-118.55875288281034,33.961707631422634],[-118.55875288281034,33.96709752312735],[-118.55336299110562,33.96709752312735],[-118.55336299110562,33.97248741483207],[-118.55605793695797,33.97248741483207],[-118.55605793695797,33.97518236068442],[-118.55336299110562,33.97518236068442],[-118.55336299110562,33.97787730653678],[-118.55605793695797,33.97787730653678],[-118.55605793695797,33.980572252389145],[-118.5479730994009,33.980572252389145],[-118.5479730994009,33.98596214409386],[-118.55066804525326,33.98596214409386],[-118.55066804525326,33.9832671982415],[-118.55336299110562,33.9832671982415],[-118.55336299110562,33.988657089946216],[-118.55066804525326,33.988657089946216],[-118.55066804525326,33.99404698165093],[-118.55605793695797,33.99404698165093],[-118.55605793695797,33.99135203579858],[-118.55875288281034,33.99135203579858],[-118.55875288281034,33.996741927503294],[-118.5614478286627,33.996741927503294],[-118.5614478286627,34.00213181920801],[-118.56414277451505,34.00213181920801],[-118.56414277451505,33.99943687335565],[-118.5668377203674,33.99943687335565],[-118.5668377203674,34.00482676506037],[-118.56953266621977,34.00482676506037],[-118.56953266621977,34.00213181920801],[-118.57222761207213,34.00213181920801],[-118.57222761207213,34.00752171091273],[-118.56953266621977,34.00752171091273],[-118.56953266621977,34.01021665676509],[-118.57492255792448,34.01021665676509],[-118.57492255792448,34.00482676506037],[-118.57761750377685,34.00482676506037],[-118.57761750377685,34.00213181920801],[-118.5803124496292,34.00213181920801],[-118.5803124496292,34.00482676506037],[-118.58300739548156,34.00482676506037],[-118.58300739548156,34.00752171091273],[-118.58839728718628,34.00752171091273],[-118.58839728718628,34.00213181920801],[-118.59109223303864,34.00213181920801],[-118.59109223303864,34.00752171091273],[-118.59378717889099,34.00752171091273],[-118.59378717889099,34.01291160261744],[-118.59648212474335,34.01291160261744],[-118.59648212474335,34.01830149432216],[-118.60456696230042,34.01830149432216],[-118.60456696230042,34.023691386026876],[-118.6072619081528,34.023691386026876],[-118.6072619081528,34.01830149432216],[-118.60995685400515,34.01830149432216],[-118.60995685400515,34.015606548469805],[-118.6126517998575,34.015606548469805],[-118.6126517998575,34.01021665676509],[-118.61534674570986,34.01021665676509],[-118.61534674570986,34.00482676506037],[-118.61804169156223,34.00482676506037],[-118.61804169156223,34.01291160261744],[-118.61534674570986,34.01291160261744],[-118.61534674570986,34.015606548469805],[-118.61804169156223,34.015606548469805],[-118.61804169156223,34.01830149432216],[-118.62073663741458,34.01830149432216],[-118.62073663741458,34.023691386026876],[-118.6261265291193,34.023691386026876],[-118.6261265291193,34.02638633187924],[-118.6126517998575,34.02638633187924],[-118.6126517998575,34.034471169436316],[-118.61534674570986,34.034471169436316],[-118.61534674570986,34.031776223583954],[-118.61804169156223,34.031776223583954],[-118.61804169156223,34.02908127773159],[-118.6261265291193,34.02908127773159],[-118.6261265291193,34.034471169436316],[-118.64229620423345,34.034471169436316],[-118.64229620423345,34.03716611528867],[-118.65038104179052,34.03716611528867],[-118.65038104179052,34.034471169436316],[-118.66116082519996,34.034471169436316],[-118.66116082519996,34.03716611528867],[-118.67194060860939,34.03716611528867],[-118.67194060860939,34.034471169436316],[-118.67463555446176,34.034471169436316],[-118.67463555446176,34.02908127773159],[-118.67733050031411,34.02908127773159],[-118.67733050031411,34.01830149432216],[-118.68002544616647,34.01830149432216],[-118.68002544616647,34.015606548469805],[-118.68272039201882,34.015606548469805],[-118.68272039201882,34.01830149432216],[-118.68541533787119,34.01830149432216],[-118.68541533787119,34.015606548469805],[-118.6908052295759,34.015606548469805],[-118.6908052295759,34.01830149432216],[-118.69350017542826,34.01830149432216],[-118.69350017542826,34.01291160261744],[-118.68811028372355,34.01291160261744],[-118.68811028372355,34.01021665676509],[-118.69350017542826,34.01021665676509],[-118.69350017542826,33.99943687335565],[-118.69619512128062,33.99943687335565],[-118.69619512128062,33.996741927503294],[-118.69889006713298,33.996741927503294],[-118.69889006713298,33.99135203579858],[-118.70158501298533,33.99135203579858],[-118.70158501298533,33.988657089946216],[-118.7042799588377,33.988657089946216],[-118.7042799588377,33.98596214409386],[-118.70158501298533,33.98596214409386],[-118.70158501298533,33.9832671982415],[-118.69889006713298,33.9832671982415],[-118.69889006713298,33.988657089946216],[-118.69619512128062,33.988657089946216],[-118.69619512128062,33.99404698165093],[-118.69350017542826,33.99404698165093],[-118.69350017542826,33.996741927503294],[-118.68811028372355,33.996741927503294],[-118.68811028372355,34.00213181920801],[-118.6908052295759,34.00213181920801],[-118.6908052295759,34.00752171091273],[-118.68811028372355,34.00752171091273],[-118.68811028372355,34.00482676506037],[-118.68541533787119,34.00482676506037],[-118.68541533787119,34.00213181920801],[-118.68272039201882,34.00213181920801],[-118.68272039201882,34.00752171091273],[-118.67733050031411,34.00752171091273],[-118.67733050031411,34.01291160261744],[-118.67194060860939,34.01291160261744],[-118.67194060860939,34.01021665676509],[-118.67463555446176,34.01021665676509],[-118.67463555446176,34.00482676506037],[-118.66924566275704,34.00482676506037],[-118.66924566275704,34.00213181920801],[-118.66655071690468,34.00213181920801],[-118.66655071690468,34.00482676506037],[-118.66385577105231,34.00482676506037],[-118.66385577105231,34.00752171091273],[-118.66655071690468,34.00752171091273],[-118.66655071690468,34.01021665676509],[-118.65577093349525,34.01021665676509],[-118.65577093349525,34.01291160261744],[-118.65307598764288,34.01291160261744],[-118.65307598764288,34.015606548469805],[-118.65038104179052,34.015606548469805]],[[-118.66116082519996,34.034471169436316],[-118.66385577105231,34.034471169436316],[-118.66385577105231,34.031776223583954],[-118.66116082519996,34.031776223583954],[-118.66116082519996,34.034471169436316]],[[-118.65038104179052,33.9832671982415],[-118.65038104179052,33.980572252389145],[-118.64768609593817,33.980572252389145],[-118.64768609593817,33.9832671982415],[-118.65038104179052,33.9832671982415]],[[-118.65038104179052,34.015606548469805],[-118.64768609593817,34.015606548469805],[-118.64768609593817,34.01830149432216],[-118.65038104179052,34.01830149432216],[-118.65038104179052,34.015606548469805]],[[-118.61534674570986,34.00482676506037],[-118.61534674570986,34.00213181920801],[-118.6126517998575,34.00213181920801],[-118.6126517998575,34.00482676506037],[-118.61534674570986,34.00482676506037]],[[-118.5803124496292,34.00213181920801],[-118.58300739548156,34.00213181920801],[-118.58300739548156,33.996741927503294],[-118.5803124496292,33.996741927503294],[-118.5803124496292,34.00213181920801]],[[-118.55605793695797,33.97248741483207],[-118.55875288281034,33.97248741483207],[-118.55875288281034,33.969792468979705],[-118.55605793695797,33.969792468979705],[-118.55605793695797,33.97248741483207]],[[-118.67463555446176,34.015606548469805],[-118.67194060860939,34.015606548469805],[-118.67194060860939,34.01830149432216],[-118.67463555446176,34.01830149432216],[-118.67463555446176,34.015606548469805]],[[-118.66385577105231,34.01830149432216],[-118.66116082519996,34.01830149432216],[-118.66116082519996,34.02099644017452],[-118.66385577105231,34.02099644017452],[-118.66385577105231,34.01830149432216]],[[-118.64768609593817,33.99135203579858],[-118.64229620423345,33.99135203579858],[-118.64229620423345,33.99404698165093],[-118.64768609593817,33.99404698165093],[-118.64768609593817,33.99135203579858]],[[-118.6449911500858,34.015606548469805],[-118.64229620423345,34.015606548469805],[-118.64229620423345,34.01830149432216],[-118.6449911500858,34.01830149432216],[-118.6449911500858,34.015606548469805]],[[-118.63960125838109,33.98596214409386],[-118.63690631252874,33.98596214409386],[-118.63690631252874,33.988657089946216],[-118.63960125838109,33.988657089946216],[-118.63960125838109,33.98596214409386]],[[-118.63960125838109,33.99135203579858],[-118.63690631252874,33.99135203579858],[-118.63690631252874,33.99404698165093],[-118.63960125838109,33.99404698165093],[-118.63960125838109,33.99135203579858]],[[-118.62882147497166,34.00752171091273],[-118.62343158326694,34.00752171091273],[-118.62343158326694,34.01021665676509],[-118.62882147497166,34.01021665676509],[-118.62882147497166,34.00752171091273]],[[-118.62343158326694,33.99135203579858],[-118.62073663741458,33.99135203579858],[-118.62073663741458,33.99404698165093],[-118.62343158326694,33.99404698165093],[-118.62343158326694,33.99135203579858]],[[-118.60187201644807,33.96709752312735],[-118.59917707059572,33.96709752312735],[-118.59917707059572,33.97248741483207],[-118.60187201644807,33.97248741483207],[-118.60187201644807,33.96709752312735]],[[-118.58300739548156,33.97787730653678],[-118.57492255792448,33.97787730653678],[-118.57492255792448,33.98596214409386],[-118.57761750377685,33.98596214409386],[-118.57761750377685,33.980572252389145],[-118.58300739548156,33.980572252389145],[-118.58300739548156,33.97787730653678]],[[-118.5803124496292,33.988657089946216],[-118.57761750377685,33.988657089946216],[-118.57761750377685,33.99135203579858],[-118.5803124496292,33.99135203579858],[-118.5803124496292,33.988657089946216]],[[-118.57222761207213,33.97248741483207],[-118.56953266621977,33.97248741483207],[-118.56953266621977,33.97518236068442],[-118.57222761207213,33.97518236068442],[-118.57222761207213,33.97248741483207]],[[-118.57222761207213,33.99404698165093],[-118.56953266621977,33.99404698165093],[-118.56953266621977,33.996741927503294],[-118.57222761207213,33.996741927503294],[-118.57222761207213,33.99404698165093]],[[-118.56414277451505,33.96440257727499],[-118.5614478286627,33.96440257727499],[-118.5614478286627,33.97248741483207],[-118.56414277451505,33.97248741483207],[-118.56414277451505,33.96440257727499]],[[-118.64768609593817,33.97518236068442],[-118.64768609593817,33.97787730653678],[-118.65038104179052,33.97787730653678],[-118.65038104179052,33.97518236068442],[-118.64768609593817,33.97518236068442]],[[-118.6449911500858,33.98596214409386],[-118.6449911500858,33.988657089946216],[-118.64768609593817,33.988657089946216],[-118.64768609593817,33.98596214409386],[-118.6449911500858,33.98596214409386]],[[-118.63421136667637,34.01291160261744],[-118.63151642082401,34.01291160261744],[-118.63151642082401,34.015606548469805],[-118.63421136667637,34.015606548469805],[-118.63421136667637,34.01291160261744]],[[-118.56414277451505,33.988657089946216],[-118.56414277451505,33.98596214409386],[-118.5614478286627,33.98596214409386],[-118.5614478286627,33.988657089946216],[-118.56414277451505,33.988657089946216]],[[-118.59648212474335,34.00752171091273],[-118.59648212474335,34.01021665676509],[-118.59917707059572,34.01021665676509],[-118.59917707059572,34.00752171091273],[-118.59648212474335,34.00752171091273]],[[-118.6449911500858,33.98596214409386],[-118.6449911500858,33.9832671982415],[-118.64229620423345,33.9832671982415],[-118.64229620423345,33.98596214409386],[-118.6449911500858,33.98596214409386]],[[-118.60995685400515,33.988657089946216],[-118.60995685400515,33.98596214409386],[-118.6072619081528,33.98596214409386],[-118.6072619081528,33.988657089946216],[-118.60995685400515,33.988657089946216]],[[-118.63421136667637,34.01291160261744],[-118.64229620423345,34.01291160261744],[-118.64229620423345,34.01021665676509],[-118.63690631252874,34.01021665676509],[-118.63690631252874,34.00752171091273],[-118.63421136667637,34.00752171091273],[-118.63421136667637,34.01291160261744]],[[-118.65577093349525,34.02638633187924],[-118.65307598764288,34.02638633187924],[-118.65307598764288,34.02908127773159],[-118.65577093349525,34.02908127773159],[-118.65577093349525,34.02638633187924]],[[-118.57492255792448,33.99943687335565],[-118.57761750377685,33.99943687335565],[-118.57761750377685,33.996741927503294],[-118.57492255792448,33.996741927503294],[-118.57492255792448,33.99943687335565]],[[-118.65577093349525,34.02638633187924],[-118.6584658793476,34.02638633187924],[-118.6584658793476,34.02908127773159],[-118.66655071690468,34.02908127773159],[-118.66655071690468,34.031776223583954],[-118.66924566275704,34.031776223583954],[-118.66924566275704,34.023691386026876],[-118.66655071690468,34.023691386026876],[-118.66655071690468,34.02638633187924],[-118.66116082519996,34.02638633187924],[-118.66116082519996,34.023691386026876],[-118.65577093349525,34.023691386026876],[-118.65577093349525,34.02638633187924]],[[-118.5668377203674,33.980572252389145],[-118.5668377203674,33.97787730653678],[-118.56414277451505,33.97787730653678],[-118.56414277451505,33.980572252389145],[-118.5668377203674,33.980572252389145]],[[-118.61804169156223,33.98596214409386],[-118.61804169156223,33.9832671982415],[-118.61534674570986,33.9832671982415],[-118.61534674570986,33.98596214409386],[-118.61804169156223,33.98596214409386]],[[-118.65038104179052,34.023691386026876],[-118.64768609593817,34.023691386026876],[-118.64768609593817,34.02638633187924],[-118.65038104179052,34.02638633187924],[-118.65038104179052,34.023691386026876]],[[-118.65038104179052,34.023691386026876],[-118.65307598764288,34.023691386026876],[-118.65307598764288,34.02099644017452],[-118.65038104179052,34.02099644017452],[-118.65038104179052,34.023691386026876]],[[-118.64768609593817,33.97518236068442],[-118.64768609593817,33.97248741483207],[-118.6449911500858,33.97248741483207],[-118.6449911500858,33.97518236068442],[-118.64768609593817,33.97518236068442]],[[-118.61804169156223,33.988657089946216],[-118.62343158326694,33.988657089946216],[-118.62343158326694,33.98596214409386],[-118.61804169156223,33.98596214409386],[-118.61804169156223,33.988657089946216]],[[-118.6126517998575,33.99404698165093],[-118.6126517998575,33.99135203579858],[-118.61804169156223,33.99135203579858],[-118.61804169156223,33.988657089946216],[-118.60995685400515,33.988657089946216],[-118.60995685400515,33.99404698165093],[-118.6126517998575,33.99404698165093]],[[-118.6126517998575,33.996741927503294],[-118.61804169156223,33.996741927503294],[-118.61804169156223,33.99404698165093],[-118.6126517998575,33.99404698165093],[-118.6126517998575,33.996741927503294]],[[-118.59917707059572,34.00213181920801],[-118.59917707059572,34.00482676506037],[-118.6072619081528,34.00482676506037],[-118.6072619081528,34.00752171091273],[-118.60995685400515,34.00752171091273],[-118.60995685400515,33.99943687335565],[-118.6126517998575,33.99943687335565],[-118.6126517998575,33.996741927503294],[-118.60187201644807,33.996741927503294],[-118.60187201644807,34.00213181920801],[-118.59917707059572,34.00213181920801]],[[-118.59917707059572,34.00213181920801],[-118.59917707059572,33.99943687335565],[-118.59378717889099,33.99943687335565],[-118.59378717889099,34.00752171091273],[-118.59648212474335,34.00752171091273],[-118.59648212474335,34.00213181920801],[-118.59917707059572,34.00213181920801]],[[-118.57222761207213,34.00213181920801],[-118.57492255792448,34.00213181920801],[-118.57492255792448,33.99943687335565],[-118.57222761207213,33.99943687335565],[-118.57222761207213,34.00213181920801]],[[-118.56414277451505,33.988657089946216],[-118.56414277451505,33.99135203579858],[-118.56953266621977,33.99135203579858],[-118.56953266621977,33.980572252389145],[-118.5668377203674,33.980572252389145],[-118.5668377203674,33.988657089946216],[-118.56414277451505,33.988657089946216]]]},"id":"-44025+12629","properties":{"area_sq_km":51.0,"count":682,"label":2,"latitude":33.99831169649738,"longitude":-118.61989450965599,"near_healthy_bed":1,"priority_score":1.0,"priority_tier":"monitor","recommended_action":"no_action","region_id":"channel_islands","region_name":"Channel Islands, CA","state":"CA","status":2,"status_label":"healthy"}},{"type":"Feature","geometry":{"geodesic":false,"type":"Polygon","coordinates":[[[-118.64768609593817,33.8269603388047],[-118.6449911500858,33.8269603388047],[-118.6449911500858,33.83504517636178],[-118.64768609593817,33.83504517636178],[-118.64768609593817,33.8269603388047]]]},"id":"-44026+12554","properties":{"area_sq_km":0.0,"count":3,"label":2,"latitude":33.83100270121797,"longitude":-118.64633862294626,"near_healthy_bed":1,"priority_score":1.0,"priority_tier":"monitor","recommended_action":"no_action","region_id":"channel_islands","region_name":"Channel Islands, CA","state":"CA","status":2,"status_label":"healthy"}},{"type":"Feature","geometry":{"geodesic":false,"type":"Polygon","coordinates":[[[-118.64768609593817,33.97248741483207],[-118.6449911500858,33.97248741483207],[-118.6449911500858,33.97518236068442],[-118.64768609593817,33.97518236068442],[-118.64768609593817,33.97248741483207]]]},"id":"-44026+12606","properties":{"area_sq_km":0.0,"count":1,"label":0,"latitude":33.97383488797831,"longitude":-118.6463386230425,"near_healthy_bed":1,"priority_score":1.0,"priority_tier":"monitor","recommended_action":"urchin_removal_then_replant","region_id":"channel_islands","region_name":"Channel Islands, CA","state":"CA","status":0,"status_label":"barren"}},{"type":"Feature","geometry":{"geodesic":false,"type":"Polygon","coordinates":[[[-118.64768609593817,33.98596214409386],[-118.6449911500858,33.98596214409386],[-118.6449911500858,33.988657089946216],[-118.64768609593817,33.988657089946216],[-118.64768609593817,33.98596214409386]]]},"id":"-44026+12611","properties":{"area_sq_km":0.0,"count":1,"label":0,"latitude":33.987309617130215,"longitude":-118.64633862305602,"near_healthy_bed":1,"priority_score":1.0,"priority_tier":"monitor","recommended_action":"urchin_removal_then_replant","region_id":"channel_islands","region_name":"Channel Islands, CA","state":"CA","status":0,"status_label":"barren"}},{"type":"Feature","geometry":{"geodesic":false,"type":"Polygon","coordinates":[[[-118.65038104179052,33.81348560954291],[-118.64768609593817,33.81348560954291],[-118.64768609593817,33.81618055539527],[-118.65038104179052,33.81618055539527],[-118.65038104179052,33.81348560954291]]]},"id":"-44027+12547","properties":{"area_sq_km":0.0,"count":1,"label":2,"latitude":33.814833082572136,"longitude":-118.64903356883917,"near_healthy_bed":1,"priority_score":1.0,"priority_tier":"monitor","recommended_action":"no_action","region_id":"channel_islands","region_name":"Channel Islands, CA","state":"CA","status":2,"status_label":"healthy"}},{"type":"Feature","geometry":{"geodesic":false,"type":"Polygon","coordinates":[[[-118.65038104179052,33.845824959771214],[-118.64768609593817,33.845824959771214],[-118.64768609593817,33.84851990562357],[-118.65038104179052,33.84851990562357],[-118.65038104179052,33.845824959771214]]]},"id":"-44027+12559","properties":{"area_sq_km":0.0,"count":1,"label":2,"latitude":33.847172432874814,"longitude":-118.64903356882243,"near_healthy_bed":1,"priority_score":1.0,"priority_tier":"monitor","recommended_action":"no_action","region_id":"channel_islands","region_name":"Channel Islands, CA","state":"CA","status":2,"status_label":"healthy"}},{"type":"Feature","geometry":{"geodesic":false,"type":"Polygon","coordinates":[[[-118.65307598764288,33.96709752312735],[-118.64768609593817,33.96709752312735],[-118.64768609593817,33.969792468979705],[-118.65307598764288,33.969792468979705],[-118.65307598764288,33.96709752312735]]]},"id":"-44027+12604","properties":{"area_sq_km":0.0,"count":2,"label":2,"latitude":33.96844501825396,"longitude":-118.65038104183606,"near_healthy_bed":1,"priority_score":1.0,"priority_tier":"monitor","recommended_action":"no_action","region_id":"channel_islands","region_name":"Channel Islands, CA","state":"CA","status":2,"status_label":"healthy"}},{"type":"Feature","geometry":{"geodesic":false,"type":"Polygon","coordinates":[[[-118.65038104179052,33.97518236068442],[-118.64768609593817,33.97518236068442],[-118.64768609593817,33.97787730653678],[-118.65038104179052,33.97787730653678],[-118.65038104179052,33.97518236068442]]]},"id":"-44027+12607","properties":{"area_sq_km":0.0,"count":1,"label":0,"latitude":33.97652983383151,"longitude":-118.64903356885235,"near_healthy_bed":1,"priority_score":1.0,"priority_tier":"monitor","recommended_action":"urchin_removal_then_replant","region_id":"channel_islands","region_name":"Channel Islands, CA","state":"CA","status":0,"status_label":"barren"}},{"type":"Feature","geometry":{"geodesic":false,"type":"Polygon","coordinates":[[[-118.65038104179052,33.980572252389145],[-118.64768609593817,33.980572252389145],[-118.64768609593817,33.9832671982415],[-118.65038104179052,33.9832671982415],[-118.65038104179052,33.980572252389145]]]},"id":"-44027+12609","properties":{"area_sq_km":0.0,"count":1,"label":0,"latitude":33.98191972557073,"longitude":-118.64903356879444,"near_healthy_bed":1,"priority_score":1.0,"priority_tier":"monitor","recommended_action":"urchin_removal_then_replant","region_id":"channel_islands","region_name":"Channel Islands, CA","state":"CA","status":0,"status_label":"barren"}},{"type":"Feature","geometry":{"geodesic":false,"type":"Polygon","coordinates":[[[-118.65038104179052,34.015606548469805],[-118.64768609593817,34.015606548469805],[-118.64768609593817,34.01830149432216],[-118.65038104179052,34.01830149432216],[-118.65038104179052,34.015606548469805]]]},"id":"-44027+12622","properties":{"area_sq_km":0.0,"count":1,"label":0,"latitude":34.01695402152151,"longitude":-118.64903356879098,"near_healthy_bed":1,"priority_score":1.0,"priority_tier":"monitor","recommended_action":"urchin_removal_then_replant","region_id":"channel_islands","region_name":"Channel Islands, CA","state":"CA","status":0,"status_label":"barren"}},{"type":"Feature","geometry":{"geodesic":false,"type":"Polygon","coordinates":[[[-118.65038104179052,34.023691386026876],[-118.64768609593817,34.023691386026876],[-118.64768609593817,34.02638633187924],[-118.65038104179052,34.02638633187924],[-118.65038104179052,34.023691386026876]]]},"id":"-44027+12625","properties":{"area_sq_km":0.0,"count":1,"label":0,"latitude":34.02503885911015,"longitude":-118.64903356883168,"near_healthy_bed":1,"priority_score":1.0,"priority_tier":"monitor","recommended_action":"urchin_removal_then_replant","region_id":"channel_islands","region_name":"Channel Islands, CA","state":"CA","status":0,"status_label":"barren"}},{"type":"Feature","geometry":{"geodesic":false,"type":"Polygon","coordinates":[[[-118.65307598764288,33.80809571783819],[-118.65038104179052,33.80809571783819],[-118.65038104179052,33.81348560954291],[-118.65307598764288,33.81348560954291],[-118.65307598764288,33.80809571783819]]]},"id":"-44028+12546","properties":{"area_sq_km":0.0,"count":2,"label":2,"latitude":33.81079064279099,"longitude":-118.65172851478138,"near_healthy_bed":1,"priority_score":1.0,"priority_tier":"monitor","recommended_action":"no_action","region_id":"channel_islands","region_name":"Channel Islands, CA","state":"CA","status":2,"status_label":"healthy"}},{"type":"Feature","geometry":{"geodesic":false,"type":"Polygon","coordinates":[[[-118.65307598764288,33.83504517636178],[-118.65038104179052,33.83504517636178],[-118.65038104179052,33.837740122214136],[-118.65307598764288,33.837740122214136],[-118.65307598764288,33.83504517636178]]]},"id":"-44028+12555","properties":{"area_sq_km":0.0,"count":1,"label":2,"latitude":33.836392649425854,"longitude":-118.65172851482535,"near_healthy_bed":1,"priority_score":1.0,"priority_tier":"monitor","recommended_action":"no_action","region_id":"channel_islands","region_name":"Channel Islands, CA","state":"CA","status":2,"status_label":"healthy"}},{"type":"Feature","geometry":{"geodesic":false,"type":"Polygon","coordinates":[[[-118.65307598764288,33.89433398511367],[-118.65038104179052,33.89433398511367],[-118.65038104179052,33.89702893096602],[-118.65307598764288,33.89702893096602],[-118.65307598764288,33.89433398511367]]]},"id":"-44028+12577","properties":{"area_sq_km":0.0,"count":1,"label":2,"latitude":33.89568145841666,"longitude":-118.65172851479194,"near_healthy_bed":1,"priority_score":1.0,"priority_tier":"monitor","recommended_action":"no_action","region_id":"channel_islands","region_name":"Channel Islands, CA","state":"CA","status":2,"status_label":"healthy"}},{"type":"Feature","geometry":{"geodesic":false,"type":"Polygon","coordinates":[[[-118.65307598764288,33.90780871437546],[-118.65038104179052,33.90780871437546],[-118.65038104179052,33.91050366022782],[-118.65307598764288,33.91050366022782],[-118.65307598764288,33.90780871437546]]]},"id":"-44028+12582","properties":{"area_sq_km":0.0,"count":1,"label":2,"latitude":33.90915618754455,"longitude":-118.65172851484307,"near_healthy_bed":1,"priority_score":1.0,"priority_tier":"monitor","recommended_action":"no_action","region_id":"channel_islands","region_name":"Channel Islands, CA","state":"CA","status":2,"status_label":"healthy"}},{"type":"Feature","geometry":{"geodesic":false,"type":"Polygon","coordinates":[[[-118.65307598764288,34.02099644017452],[-118.65038104179052,34.02099644017452],[-118.65038104179052,34.023691386026876],[-118.65307598764288,34.023691386026876],[-118.65307598764288,34.02099644017452]]]},"id":"-44028+12624","properties":{"area_sq_km":0.0,"count":1,"label":0,"latitude":34.02234391334874,"longitude":-118.65172851482727,"near_healthy_bed":1,"priority_score":1.0,"priority_tier":"monitor","recommended_action":"urchin_removal_then_replant","region_id":"channel_islands","region_name":"Channel Islands, CA","state":"CA","status":0,"status_label":"barren"}},{"type":"Feature","geometry":{"geodesic":false,"type":"Polygon","coordinates":[[[-118.65577093349525,33.81618055539527],[-118.65307598764288,33.81618055539527],[-118.65307598764288,33.818875501247625],[-118.65577093349525,33.818875501247625],[-118.65577093349525,33.81618055539527]]]},"id":"-44029+12548","properties":{"area_sq_km":0.0,"count":1,"label":2,"latitude":33.81752802866016,"longitude":-118.65442346047888,"near_healthy_bed":1,"priority_score":1.0,"priority_tier":"monitor","recommended_action":"no_action","region_id":"channel_islands","region_name":"Channel Islands, CA","state":"CA","status":2,"status_label":"healthy"}},{"type":"Feature","geometry":{"geodesic":false,"type":"Polygon","coordinates":[[[-118.65577093349525,33.86199463488536],[-118.65307598764288,33.86199463488536],[-118.65307598764288,33.864689580737725],[-118.65577093349525,33.864689580737725],[-118.65577093349525,33.86199463488536]]]},"id":"-44029+12565","properties":{"area_sq_km":0.0,"count":1,"label":2,"latitude":33.86334210794969,"longitude":-118.65442346048977,"near_healthy_bed":1,"priority_score":1.0,"priority_tier":"monitor","recommended_action":"no_action","region_id":"channel_islands","region_name":"Channel Islands, CA","state":"CA","status":2,"status_label":"healthy"}},{"type":"Feature","geometry":{"geodesic":false,"type":"Polygon","coordinates":[[[-118.65577093349525,34.004826765060365],[-118.65307598764288,34.004826765060365],[-118.65307598764288,34.00752171091273],[-118.65577093349525,34.00752171091273],[-118.65577093349525,34.004826765060365]]]},"id":"-44029+12618","properties":{"area_sq_km":0.0,"count":1,"label":2,"latitude":34.00617423832941,"longitude":-118.6544234605288,"near_healthy_bed":1,"priority_score":1.0,"priority_tier":"monitor","recommended_action":"no_action","region_id":"channel_islands","region_name":"Channel Islands, CA","state":"CA","status":2,"status_label":"healthy"}},{"type":"Feature","geometry":{"geodesic":false,"type":"Polygon","coordinates":[[[-118.65577093349525,34.02638633187924],[-118.65307598764288,34.02638633187924],[-118.65307598764288,34.02908127773159],[-118.65577093349525,34.02908127773159],[-118.65577093349525,34.02638633187924]]]},"id":"-44029+12626","properties":{"area_sq_km":0.0,"count":1,"label":0,"latitude":34.02773380515195,"longitude":-118.65442346046244,"near_healthy_bed":1,"priority_score":1.0,"priority_tier":"monitor","recommended_action":"urchin_removal_then_replant","region_id":"channel_islands","region_name":"Channel Islands, CA","state":"CA","status":0,"status_label":"barren"}},{"type":"Feature","geometry":{"geodesic":false,"type":"Polygon","coordinates":[[[-118.6584658793476,33.82157044709999],[-118.65577093349525,33.82157044709999],[-118.65577093349525,33.82426539295234],[-118.6584658793476,33.82426539295234],[-118.6584658793476,33.82157044709999]]]},"id":"-44030+12550","properties":{"area_sq_km":0.0,"count":1,"label":2,"latitude":33.82291792016786,"longitude":-118.65711840644278,"near_healthy_bed":1,"priority_score":1.0,"priority_tier":"monitor","recommended_action":"no_action","region_id":"channel_islands","region_name":"Channel Islands, CA","state":"CA","status":2,"status_label":"healthy"}},{"type":"Feature","geometry":{"geodesic":false,"type":"Polygon","coordinates":[[[-118.6584658793476,33.86738452659008],[-118.65577093349525,33.86738452659008],[-118.65577093349525,33.87007947244244],[-118.6584658793476,33.87007947244244],[-118.6584658793476,33.86738452659008]]]},"id":"-44030+12567","properties":{"area_sq_km":0.0,"count":1,"label":2,"latitude":33.86873199970003,"longitude":-118.65711840645868,"near_healthy_bed":1,"priority_score":1.0,"priority_tier":"monitor","recommended_action":"no_action","region_id":"channel_islands","region_name":"Channel Islands, CA","state":"CA","status":2,"status_label":"healthy"}},{"type":"Feature","geometry":{"geodesic":false,"type":"Polygon","coordinates":[[[-118.66116082519996,33.80809571783819],[-118.6584658793476,33.80809571783819],[-118.6584658793476,33.810790663690554],[-118.66116082519996,33.810790663690554],[-118.66116082519996,33.80809571783819]]]},"id":"-44031+12545","properties":{"area_sq_km":0.0,"count":1,"label":2,"latitude":33.80944319100574,"longitude":-118.6598133522304,"near_healthy_bed":1,"priority_score":1.0,"priority_tier":"monitor","recommended_action":"no_action","region_id":"channel_islands","region_name":"Channel Islands, CA","state":"CA","status":2,"status_label":"healthy"}},{"type":"Feature","geometry":{"geodesic":false,"type":"Polygon","coordinates":[[[-118.66116082519996,33.969792468979705],[-118.6584658793476,33.969792468979705],[-118.6584658793476,33.97248741483207],[-118.66116082519996,33.97248741483207],[-118.66116082519996,33.969792468979705]]]},"id":"-44031+12605","properties":{"area_sq_km":0.0,"count":1,"label":2,"latitude":33.97113994211046,"longitude":-118.65981335221112,"near_healthy_bed":1,"priority_score":1.0,"priority_tier":"monitor","recommended_action":"no_action","region_id":"channel_islands","region_name":"Channel Islands, CA","state":"CA","status":2,"status_label":"healthy"}},{"type":"Feature","geometry":{"geodesic":false,"type":"Polygon","coordinates":[[[-118.66116082519996,34.004826765060365],[-118.6584658793476,34.004826765060365],[-118.6584658793476,34.00752171091273],[-118.66116082519996,34.00752171091273],[-118.66116082519996,34.004826765060365]]]},"id":"-44031+12618","properties":{"area_sq_km":0.0,"count":1,"label":2,"latitude":34.00617423835567,"longitude":-118.65981335224963,"near_healthy_bed":1,"priority_score":1.0,"priority_tier":"monitor","recommended_action":"no_action","region_id":"channel_islands","region_name":"Channel Islands, CA","state":"CA","status":2,"status_label":"healthy"}},{"type":"Feature","geometry":{"geodesic":false,"type":"Polygon","coordinates":[[[-118.66385577105231,33.89163903926131],[-118.66116082519996,33.89163903926131],[-118.66116082519996,33.89433398511367],[-118.66385577105231,33.89433398511367],[-118.66385577105231,33.89163903926131]]]},"id":"-44032+12576","properties":{"area_sq_km":0.0,"count":1,"label":2,"latitude":33.89298651238686,"longitude":-118.66250829815526,"near_healthy_bed":1,"priority_score":1.0,"priority_tier":"monitor","recommended_action":"no_action","region_id":"channel_islands","region_name":"Channel Islands, CA","state":"CA","status":2,"status_label":"healthy"}},{"type":"Feature","geometry":{"geodesic":false,"type":"Polygon","coordinates":[[[-118.66385577105231,34.00213181920801],[-118.66116082519996,34.00213181920801],[-118.66116082519996,34.004826765060365],[-118.66385577105231,34.004826765060365],[-118.66385577105231,34.00213181920801]]]},"id":"-44032+12617","properties":{"area_sq_km":0.0,"count":1,"label":2,"latitude":34.00347929216364,"longitude":-118.6625082980996,"near_healthy_bed":1,"priority_score":1.0,"priority_tier":"monitor","recommended_action":"no_action","region_id":"channel_islands","region_name":"Channel Islands, CA","state":"CA","status":2,"status_label":"healthy"}},{"type":"Feature","geometry":{"geodesic":false,"type":"Polygon","coordinates":[[[-118.66385577105231,34.01830149432216],[-118.66116082519996,34.01830149432216],[-118.66116082519996,34.02099644017452],[-118.66385577105231,34.02099644017452],[-118.66385577105231,34.01830149432216]]]},"id":"-44032+12623","properties":{"area_sq_km":0.0,"count":1,"label":0,"latitude":34.01964896753639,"longitude":-118.66250829814489,"near_healthy_bed":1,"priority_score":1.0,"priority_tier":"monitor","recommended_action":"urchin_removal_then_replant","region_id":"channel_islands","region_name":"Channel Islands, CA","state":"CA","status":0,"status_label":"barren"}},{"type":"Feature","geometry":{"geodesic":false,"type":"Polygon","coordinates":[[[-118.66385577105231,34.031776223583954],[-118.66116082519996,34.031776223583954],[-118.66116082519996,34.034471169436316],[-118.66385577105231,34.034471169436316],[-118.66385577105231,34.031776223583954]]]},"id":"-44032+12628","properties":{"area_sq_km":0.0,"count":1,"label":0,"latitude":34.03312369671737,"longitude":-118.66250829812745,"near_healthy_bed":1,"priority_score":1.0,"priority_tier":"monitor","recommended_action":"urchin_removal_then_replant","region_id":"channel_islands","region_name":"Channel Islands, CA","state":"CA","status":0,"status_label":"barren"}},{"type":"Feature","geometry":{"geodesic":false,"type":"Polygon","coordinates":[[[-118.66924566275704,33.93745311875141],[-118.66924566275704,33.93206322704669],[-118.66655071690468,33.93206322704669],[-118.66655071690468,33.92936828119433],[-118.66385577105231,33.92936828119433],[-118.66385577105231,33.93745311875141],[-118.66924566275704,33.93745311875141]]]},"id":"-44033+12592","properties":{"area_sq_km":0.0,"count":5,"label":2,"latitude":33.933949656313445,"longitude":-118.66628120238734,"near_healthy_bed":1,"priority_score":1.0,"priority_tier":"monitor","recommended_action":"no_action","region_id":"channel_islands","region_name":"Channel Islands, CA","state":"CA","status":2,"status_label":"healthy"}},{"type":"Feature","geometry":{"geodesic":false,"type":"Polygon","coordinates":[[[-118.66924566275704,33.950927848013194],[-118.66655071690468,33.950927848013194],[-118.66655071690468,33.953622793865556],[-118.66924566275704,33.953622793865556],[-118.66924566275704,33.950927848013194]]]},"id":"-44034+12598","properties":{"area_sq_km":0.0,"count":1,"label":2,"latitude":33.95227532126709,"longitude":-118.66789818972852,"near_healthy_bed":1,"priority_score":1.0,"priority_tier":"monitor","recommended_action":"no_action","region_id":"channel_islands","region_name":"Channel Islands, CA","state":"CA","status":2,"status_label":"healthy"}},{"type":"Feature","geometry":{"geodesic":false,"type":"Polygon","coordinates":[[[-118.67733050031411,33.93745311875141],[-118.67733050031411,33.934758172899045],[-118.67463555446174,33.934758172899045],[-118.67463555446174,33.93206322704669],[-118.67194060860939,33.93206322704669],[-118.67194060860939,33.93745311875141],[-118.67733050031411,33.93745311875141]]]},"id":"-44036+12592","properties":{"area_sq_km":0.0,"count":3,"label":2,"latitude":33.93520732655399,"longitude":-118.67418637937423,"near_healthy_bed":1,"priority_score":1.0,"priority_tier":"monitor","recommended_action":"no_action","region_id":"channel_islands","region_name":"Channel Islands, CA","state":"CA","status":2,"status_label":"healthy"}},{"type":"Feature","geometry":{"geodesic":false,"type":"Polygon","coordinates":[[[-118.67463555446174,34.015606548469805],[-118.67194060860939,34.015606548469805],[-118.67194060860939,34.01830149432216],[-118.67463555446174,34.01830149432216],[-118.67463555446174,34.015606548469805]]]},"id":"-44036+12622","properties":{"area_sq_km":0.0,"count":1,"label":0,"latitude":34.01695402149088,"longitude":-118.67328808148395,"near_healthy_bed":1,"priority_score":1.0,"priority_tier":"monitor","recommended_action":"urchin_removal_then_replant","region_id":"channel_islands","region_name":"Channel Islands, CA","state":"CA","status":0,"status_label":"barren"}},{"type":"Feature","geometry":{"geodesic":false,"type":"Polygon","coordinates":[[[-118.67733050031411,33.89702893096602],[-118.67463555446174,33.89702893096602],[-118.67463555446174,33.90241882267074],[-118.67733050031411,33.90241882267074],[-118.67733050031411,33.89702893096602]]]},"id":"-44037+12579","properties":{"area_sq_km":0.0,"count":2,"label":2,"latitude":33.899723855673294,"longitude":-118.6759830274679,"near_healthy_bed":1,"priority_score":1.0,"priority_tier":"monitor","recommended_action":"no_action","region_id":"channel_islands","region_name":"Channel Islands, CA","state":"CA","status":2,"status_label":"healthy"}},{"type":"Feature","geometry":{"geodesic":false,"type":"Polygon","coordinates":[[[-118.68272039201882,33.90780871437546],[-118.68002544616647,33.90780871437546],[-118.68002544616647,33.91050366022782],[-118.68272039201882,33.91050366022782],[-118.68272039201882,33.90780871437546]]]},"id":"-44039+12582","properties":{"area_sq_km":0.0,"count":1,"label":2,"latitude":33.909156187610414,"longitude":-118.68137291905718,"near_healthy_bed":1,"priority_score":1.0,"priority_tier":"monitor","recommended_action":"no_action","region_id":"channel_islands","region_name":"Channel Islands, CA","state":"CA","status":2,"status_label":"healthy"}},{"type":"Feature","geometry":{"geodesic":false,"type":"Polygon","coordinates":[[[-118.68272039201882,33.953622793865556],[-118.68002544616647,33.953622793865556],[-118.68002544616647,33.95631773971792],[-118.68272039201882,33.95631773971792],[-118.68272039201882,33.953622793865556]]]},"id":"-44039+12599","properties":{"area_sq_km":0.0,"count":1,"label":2,"latitude":33.95497026688928,"longitude":-118.68137291912369,"near_healthy_bed":1,"priority_score":1.0,"priority_tier":"monitor","recommended_action":"no_action","region_id":"channel_islands","region_name":"Channel Islands, CA","state":"CA","status":2,"status_label":"healthy"}},{"type":"Feature","geometry":{"geodesic":false,"type":"Polygon","coordinates":[[[-118.68272039201882,33.980572252389145],[-118.68002544616647,33.980572252389145],[-118.68002544616647,33.98596214409386],[-118.68272039201882,33.98596214409386],[-118.68272039201882,33.980572252389145]]]},"id":"-44039+12610","properties":{"area_sq_km":0.0,"count":2,"label":2,"latitude":33.9832671772027,"longitude":-118.6813729190243,"near_healthy_bed":1,"priority_score":1.0,"priority_tier":"monitor","recommended_action":"no_action","region_id":"channel_islands","region_name":"Channel Islands, CA","state":"CA","status":2,"status_label":"healthy"}},{"type":"Feature","geometry":{"geodesic":false,"type":"Polygon","coordinates":[[[-118.68541533787119,33.94553795630848],[-118.68272039201882,33.94553795630848],[-118.68272039201882,33.94823290216084],[-118.68541533787119,33.94823290216084],[-118.68541533787119,33.94553795630848]]]},"id":"-44040+12596","properties":{"area_sq_km":0.0,"count":1,"label":2,"latitude":33.94688542932882,"longitude":-118.68406786491485,"near_healthy_bed":1,"priority_score":1.0,"priority_tier":"monitor","recommended_action":"no_action","region_id":"channel_islands","region_name":"Channel Islands, CA","state":"CA","status":2,"status_label":"healthy"}},{"type":"Feature","geometry":{"geodesic":false,"type":"Polygon","coordinates":[[[-118.68811028372355,33.97248741483207],[-118.68541533787119,33.97248741483207],[-118.68541533787119,33.97518236068442],[-118.68811028372355,33.97518236068442],[-118.68811028372355,33.97248741483207]]]},"id":"-44041+12606","properties":{"area_sq_km":0.0,"count":1,"label":2,"latitude":33.97383488799939,"longitude":-118.68676281078126,"near_healthy_bed":1,"priority_score":1.0,"priority_tier":"monitor","recommended_action":"no_action","region_id":"channel_islands","region_name":"Channel Islands, CA","state":"CA","status":2,"status_label":"healthy"}},{"type":"Feature","geometry":{"geodesic":false,"type":"Polygon","coordinates":[[[-118.68811028372355,33.9832671982415],[-118.68541533787119,33.9832671982415],[-118.68541533787119,33.98596214409386],[-118.68811028372355,33.98596214409386],[-118.68811028372355,33.9832671982415]]]},"id":"-44041+12610","properties":{"area_sq_km":0.0,"count":1,"label":2,"latitude":33.98461467153701,"longitude":-118.68676281082195,"near_healthy_bed":1,"priority_score":1.0,"priority_tier":"monitor","recommended_action":"no_action","region_id":"channel_islands","region_name":"Channel Islands, CA","state":"CA","status":2,"status_label":"healthy"}},{"type":"Feature","geometry":{"geodesic":false,"type":"Polygon","coordinates":[[[-118.68811028372355,33.988657089946216],[-118.68541533787119,33.988657089946216],[-118.68541533787119,33.99135203579858],[-118.68811028372355,33.99135203579858],[-118.68811028372355,33.988657089946216]]]},"id":"-44041+12612","properties":{"area_sq_km":0.0,"count":1,"label":2,"latitude":33.99000456307035,"longitude":-118.68676281080727,"near_healthy_bed":1,"priority_score":1.0,"priority_tier":"monitor","recommended_action":"no_action","region_id":"channel_islands","region_name":"Channel Islands, CA","state":"CA","status":2,"status_label":"healthy"}},{"type":"Feature","geometry":{"geodesic":false,"type":"Polygon","coordinates":[[[-118.6908052295759,33.97787730653678],[-118.68811028372355,33.97787730653678],[-118.68811028372355,33.980572252389145],[-118.6908052295759,33.980572252389145],[-118.6908052295759,33.97787730653678]]]},"id":"-44042+12608","properties":{"area_sq_km":0.0,"count":1,"label":2,"latitude":33.979224779601786,"longitude":-118.68945775670326,"near_healthy_bed":1,"priority_score":1.0,"priority_tier":"monitor","recommended_action":"no_action","region_id":"channel_islands","region_name":"Channel Islands, CA","state":"CA","status":2,"status_label":"healthy"}},{"type":"Feature","geometry":{"geodesic":false,"type":"Polygon","coordinates":[[[-118.69350017542826,33.99135203579858],[-118.68811028372355,33.99135203579858],[-118.68811028372355,33.99404698165093],[-118.69350017542826,33.99404698165093],[-118.69350017542826,33.99135203579858]]]},"id":"-44042+12613","properties":{"area_sq_km":0.0,"count":2,"label":2,"latitude":33.99269953100478,"longitude":-118.6908052296232,"near_healthy_bed":1,"priority_score":1.0,"priority_tier":"monitor","recommended_action":"no_action","region_id":"channel_islands","region_name":"Channel Islands, CA","state":"CA","status":2,"status_label":"healthy"}},{"type":"Feature","geometry":{"geodesic":false,"type":"Polygon","coordinates":[[[-118.69619512128062,33.98596214409386],[-118.6908052295759,33.98596214409386],[-118.6908052295759,33.988657089946216],[-118.69619512128062,33.988657089946216],[-118.69619512128062,33.98596214409386]]]},"id":"-44043+12611","properties":{"area_sq_km":0.0,"count":2,"label":2,"latitude":33.98730963915244,"longitude":-118.69350017537242,"near_healthy_bed":1,"priority_score":1.0,"priority_tier":"monitor","recommended_action":"no_action","region_id":"channel_islands","region_name":"Channel Islands, CA","state":"CA","status":2,"status_label":"healthy"}},{"type":"Feature","geometry":{"geodesic":false,"type":"Polygon","coordinates":[[[-118.69889006713298,33.94014806460376],[-118.69350017542826,33.94014806460376],[-118.69350017542826,33.94284301045612],[-118.69889006713298,33.94284301045612],[-118.69889006713298,33.94014806460376]]]},"id":"-44044+12594","properties":{"area_sq_km":0.0,"count":2,"label":2,"latitude":33.941495559882426,"longitude":-118.69619512128064,"near_healthy_bed":1,"priority_score":1.0,"priority_tier":"monitor","recommended_action":"no_action","region_id":"channel_islands","region_name":"Channel Islands, CA","state":"CA","status":2,"status_label":"healthy"}},{"type":"Feature","geometry":{"geodesic":false,"type":"Polygon","coordinates":[[[-118.70158501298533,33.94553795630848],[-118.69350017542826,33.94553795630848],[-118.69350017542826,33.94823290216084],[-118.70158501298533,33.94823290216084],[-118.70158501298533,33.94553795630848]]]},"id":"-44044+12596","properties":{"area_sq_km":0.0,"count":3,"label":2,"latitude":33.94688548805422,"longitude":-118.69754259418191,"near_healthy_bed":1,"priority_score":1.0,"priority_tier":"monitor","recommended_action":"no_action","region_id":"channel_islands","region_name":"Channel Islands, CA","state":"CA","status":2,"status_label":"healthy"}},{"type":"Feature","geometry":{"geodesic":false,"type":"Polygon","coordinates":[[[-118.7042799588377,33.93745311875141],[-118.69889006713298,33.93745311875141],[-118.69889006713298,33.94014806460376],[-118.7042799588377,33.94014806460376],[-118.7042799588377,33.93745311875141]]]},"id":"-44046+12593","properties":{"area_sq_km":0.0,"count":2,"label":2,"latitude":33.93880061387196,"longitude":-118.70158501301715,"near_healthy_bed":1,"priority_score":1.0,"priority_tier":"monitor","recommended_action":"no_action","region_id":"channel_islands","region_name":"Channel Islands, CA","state":"CA","status":2,"status_label":"healthy"}},{"type":"Feature","geometry":{"geodesic":false,"type":"Polygon","coordinates":[[[-118.70158501298533,34.01291160261744],[-118.69889006713298,34.01291160261744],[-118.69889006713298,34.015606548469805],[-118.70158501298533,34.015606548469805],[-118.70158501298533,34.01291160261744]]]},"id":"-44046+12621","properties":{"area_sq_km":0.0,"count":1,"label":2,"latitude":34.01425907564259,"longitude":-118.70023753991579,"near_healthy_bed":1,"priority_score":1.0,"priority_tier":"monitor","recommended_action":"no_action","region_id":"channel_islands","region_name":"Channel Islands, CA","state":"CA","status":2,"status_label":"healthy"}},{"type":"Feature","geometry":{"geodesic":false,"type":"Polygon","coordinates":[[[-118.7042799588377,33.883554201704236],[-118.70158501298533,33.883554201704236],[-118.70158501298533,33.88624914755659],[-118.7042799588377,33.88624914755659],[-118.7042799588377,33.883554201704236]]]},"id":"-44047+12573","properties":{"area_sq_km":0.0,"count":1,"label":2,"latitude":33.88490167475247,"longitude":-118.70293248598823,"near_healthy_bed":1,"priority_score":1.0,"priority_tier":"monitor","recommended_action":"no_action","region_id":"channel_islands","region_name":"Channel Islands, CA","state":"CA","status":2,"status_label":"healthy"}},{"type":"Feature","geometry":{"geodesic":false,"type":"Polygon","coordinates":[[[-118.7042799588377,33.94284301045612],[-118.70158501298533,33.94284301045612],[-118.70158501298533,33.94553795630848],[-118.7042799588377,33.94553795630848],[-118.7042799588377,33.94284301045612]]]},"id":"-44047+12595","properties":{"area_sq_km":0.0,"count":1,"label":2,"latitude":33.94419048369989,"longitude":-118.7029324858991,"near_healthy_bed":1,"priority_score":1.0,"priority_tier":"monitor","recommended_action":"no_action","region_id":"channel_islands","region_name":"Channel Islands, CA","state":"CA","status":2,"status_label":"healthy"}},{"type":"Feature","geometry":{"geodesic":false,"type":"Polygon","coordinates":[[[-118.70966985054241,33.92397838948961],[-118.7042799588377,33.92397838948961],[-118.7042799588377,33.92667333534197],[-118.70966985054241,33.92667333534197],[-118.70966985054241,33.92397838948961]]]},"id":"-44048+12588","properties":{"area_sq_km":0.0,"count":2,"label":2,"latitude":33.92532588473541,"longitude":-118.70697490470734,"near_healthy_bed":1,"priority_score":1.0,"priority_tier":"monitor","recommended_action":"no_action","region_id":"channel_islands","region_name":"Channel Islands, CA","state":"CA","status":2,"status_label":"healthy"}},{"type":"Feature","geometry":{"geodesic":false,"type":"Polygon","coordinates":[[[-118.70697490469006,33.94014806460376],[-118.7042799588377,33.94014806460376],[-118.7042799588377,33.94284301045612],[-118.70697490469006,33.94284301045612],[-118.70697490469006,33.94014806460376]]]},"id":"-44048+12594","properties":{"area_sq_km":0.0,"count":1,"label":2,"latitude":33.94149553762485,"longitude":-118.7056274317547,"near_healthy_bed":1,"priority_score":1.0,"priority_tier":"monitor","recommended_action":"no_action","region_id":"channel_islands","region_name":"Channel Islands, CA","state":"CA","status":2,"status_label":"healthy"}},{"type":"Feature","geometry":{"geodesic":false,"type":"Polygon","coordinates":[[[-118.70697490469006,33.99135203579858],[-118.7042799588377,33.99135203579858],[-118.7042799588377,33.996741927503294],[-118.70697490469006,33.996741927503294],[-118.70697490469006,33.99135203579858]]]},"id":"-44048+12614","properties":{"area_sq_km":0.0,"count":2,"label":2,"latitude":33.99404696050538,"longitude":-118.70562743169951,"near_healthy_bed":1,"priority_score":1.0,"priority_tier":"monitor","recommended_action":"no_action","region_id":"channel_islands","region_name":"Channel Islands, CA","state":"CA","status":2,"status_label":"healthy"}},{"type":"Feature","geometry":{"geodesic":false,"type":"Polygon","coordinates":[[[-118.70697490469006,34.004826765060365],[-118.7042799588377,34.004826765060365],[-118.7042799588377,34.00752171091273],[-118.70697490469006,34.00752171091273],[-118.70697490469006,34.004826765060365]]]},"id":"-44048+12618","properties":{"area_sq_km":0.0,"count":1,"label":2,"latitude":34.006174238335134,"longitude":-118.70562743181866,"near_healthy_bed":1,"priority_score":1.0,"priority_tier":"monitor","recommended_action":"no_action","region_id":"channel_islands","region_name":"Channel Islands, CA","state":"CA","status":2,"status_label":"healthy"}},{"type":"Feature","geometry":{"geodesic":false,"type":"Polygon","coordinates":[[[-118.70966985054241,33.92936828119433],[-118.70697490469006,33.92936828119433],[-118.70697490469006,33.93206322704669],[-118.70966985054241,33.93206322704669],[-118.70966985054241,33.92936828119433]]]},"id":"-44049+12590","properties":{"area_sq_km":0.0,"count":1,"label":2,"latitude":33.93071575438039,"longitude":-118.70832237759879,"near_healthy_bed":1,"priority_score":1.0,"priority_tier":"monitor","recommended_action":"no_action","region_id":"channel_islands","region_name":"Channel Islands, CA","state":"CA","status":2,"status_label":"healthy"}},{"type":"Feature","geometry":{"geodesic":false,"type":"Polygon","coordinates":[[[-118.71236479639477,33.92667333534197],[-118.70966985054241,33.92667333534197],[-118.70966985054241,33.92936828119433],[-118.71236479639477,33.92936828119433],[-118.71236479639477,33.92667333534197]]]},"id":"-44050+12589","properties":{"area_sq_km":0.0,"count":1,"label":2,"latitude":33.92802080851355,"longitude":-118.71101732348457,"near_healthy_bed":1,"priority_score":1.0,"priority_tier":"monitor","recommended_action":"no_action","region_id":"channel_islands","region_name":"Channel Islands, CA","state":"CA","status":2,"status_label":"healthy"}},{"type":"Feature","geometry":{"geodesic":false,"type":"Polygon","coordinates":[[[-118.71236479639477,33.934758172899045],[-118.70966985054241,33.934758172899045],[-118.70966985054241,33.93745311875141],[-118.71236479639477,33.93745311875141],[-118.71236479639477,33.934758172899045]]]},"id":"-44050+12592","properties":{"area_sq_km":0.0,"count":1,"label":2,"latitude":33.93610564606282,"longitude":-118.71101732341225,"near_healthy_bed":1,"priority_score":1.0,"priority_tier":"monitor","recommended_action":"no_action","region_id":"channel_islands","region_name":"Channel Islands, CA","state":"CA","status":2,"status_label":"healthy"}},{"type":"Feature","geometry":{"geodesic":false,"type":"Polygon","coordinates":[[[-118.71236479639477,33.94823290216084],[-118.70966985054241,33.94823290216084],[-118.70966985054241,33.950927848013194],[-118.71236479639477,33.950927848013194],[-118.71236479639477,33.94823290216084]]]},"id":"-44050+12597","properties":{"area_sq_km":0.0,"count":1,"label":2,"latitude":33.94958037529413,"longitude":-118.71101732348258,"near_healthy_bed":1,"priority_score":1.0,"priority_tier":"monitor","recommended_action":"no_action","region_id":"channel_islands","region_name":"Channel Islands, CA","state":"CA","status":2,"status_label":"healthy"}},{"type":"Feature","geometry":{"geodesic":false,"type":"Polygon","coordinates":[[[-118.71505974224713,34.004826765060365],[-118.71236479639477,34.004826765060365],[-118.71236479639477,34.00752171091273],[-118.71505974224713,34.00752171091273],[-118.71505974224713,34.004826765060365]]]},"id":"-44051+12618","properties":{"area_sq_km":0.0,"count":1,"label":2,"latitude":34.006174238364366,"longitude":-118.71371226935376,"near_healthy_bed":1,"priority_score":1.0,"priority_tier":"monitor","recommended_action":"no_action","region_id":"channel_islands","region_name":"Channel Islands, CA","state":"CA","status":2,"status_label":"healthy"}},{"type":"Feature","geometry":{"geodesic":false,"type":"Polygon","coordinates":[[[-118.71775468809949,33.93745311875141],[-118.71505974224713,33.93745311875141],[-118.71505974224713,33.94284301045612],[-118.71775468809949,33.94284301045612],[-118.71775468809949,33.93745311875141]]]},"id":"-44052+12594","properties":{"area_sq_km":0.0,"count":2,"label":2,"latitude":33.94014804354043,"longitude":-118.71640721513235,"near_healthy_bed":1,"priority_score":1.0,"priority_tier":"monitor","recommended_action":"no_action","region_id":"channel_islands","region_name":"Channel Islands, CA","state":"CA","status":2,"status_label":"healthy"}},{"type":"Feature","geometry":{"geodesic":false,"type":"Polygon","coordinates":[[[-118.72583952565657,33.93745311875141],[-118.72583952565657,33.934758172899045],[-118.7231445798042,33.934758172899045],[-118.7231445798042,33.93206322704669],[-118.71505974224713,33.93206322704669],[-118.71505974224713,33.934758172899045],[-118.71775468809949,33.934758172899045],[-118.71775468809949,33.93745311875141],[-118.72583952565657,33.93745311875141]]]},"id":"-44053+12592","properties":{"area_sq_km":0.0,"count":6,"label":2,"latitude":33.93475821793137,"longitude":-118.72044961091852,"near_healthy_bed":1,"priority_score":1.0,"priority_tier":"monitor","recommended_action":"no_action","region_id":"channel_islands","region_name":"Channel Islands, CA","state":"CA","status":2,"status_label":"healthy"}},{"type":"Feature","geometry":{"geodesic":false,"type":"Polygon","coordinates":[[[-118.7231445798042,33.92936828119433],[-118.7231445798042,33.92397838948961],[-118.71505974224713,33.92397838948961],[-118.71505974224713,33.92667333534197],[-118.72044963395184,33.92667333534197],[-118.72044963395184,33.92936828119433],[-118.7231445798042,33.92936828119433]]]},"id":"-44054+12589","properties":{"area_sq_km":0.0,"count":4,"label":2,"latitude":33.92599962714079,"longitude":-118.71977586745585,"near_healthy_bed":1,"priority_score":1.0,"priority_tier":"monitor","recommended_action":"no_action","region_id":"channel_islands","region_name":"Channel Islands, CA","state":"CA","status":2,"status_label":"healthy"}},{"type":"Feature","geometry":{"geodesic":false,"type":"Polygon","coordinates":[[[-118.72583952565657,33.99404698165093],[-118.7231445798042,33.99404698165093],[-118.7231445798042,33.996741927503294],[-118.72583952565657,33.996741927503294],[-118.72583952565657,33.99404698165093]]]},"id":"-44055+12614","properties":{"area_sq_km":0.0,"count":1,"label":2,"latitude":33.99539445473583,"longitude":-118.7244920527345,"near_healthy_bed":1,"priority_score":1.0,"priority_tier":"monitor","recommended_action":"no_action","region_id":"channel_islands","region_name":"Channel Islands, CA","state":"CA","status":2,"status_label":"healthy"}},{"type":"Feature","geometry":{"geodesic":false,"type":"Polygon","coordinates":[[[-118.736619309066,33.93745311875141],[-118.736619309066,33.934758172899045],[-118.73392436321365,33.934758172899045],[-118.73392436321365,33.93206322704669],[-118.73122941736128,33.93206322704669],[-118.73122941736128,33.92667333534197],[-118.72853447150892,33.92667333534197],[-118.72853447150892,33.92397838948961],[-118.72583952565657,33.92397838948961],[-118.72583952565657,33.92936828119433],[-118.7231445798042,33.92936828119433],[-118.7231445798042,33.93206322704669],[-118.72853447150892,33.93206322704669],[-118.72853447150892,33.93745311875141],[-118.736619309066,33.93745311875141]]]},"id":"-44057+12592","properties":{"area_sq_km":1.0,"count":11,"label":2,"latitude":33.93169564853456,"longitude":-118.72963679647286,"near_healthy_bed":1,"priority_score":1.0,"priority_tier":"monitor","recommended_action":"no_action","region_id":"channel_islands","region_name":"Channel Islands, CA","state":"CA","status":2,"status_label":"healthy"}},{"type":"Feature","geometry":{"geodesic":false,"type":"Polygon","coordinates":[[[-118.736619309066,33.93206322704669],[-118.73392436321365,33.93206322704669],[-118.73392436321365,33.934758172899045],[-118.736619309066,33.934758172899045],[-118.736619309066,33.93206322704669]]]},"id":"-44059+12591","properties":{"area_sq_km":0.0,"count":1,"label":0,"latitude":33.93341070014947,"longitude":-118.73527183607948,"near_healthy_bed":1,"priority_score":1.0,"priority_tier":"monitor","recommended_action":"urchin_removal_then_replant","region_id":"channel_islands","region_name":"Channel Islands, CA","state":"CA","status":0,"status_label":"barren"}},{"type":"Feature","geometry":{"geodesic":false,"type":"Polygon","coordinates":[[[-118.74200920077071,33.94014806460376],[-118.73392436321365,33.94014806460376],[-118.73392436321365,33.94284301045612],[-118.74200920077071,33.94284301045612],[-118.74200920077071,33.94014806460376]]]},"id":"-44059+12594","properties":{"area_sq_km":0.0,"count":3,"label":2,"latitude":33.94149559640414,"longitude":-118.73796678197692,"near_healthy_bed":1,"priority_score":1.0,"priority_tier":"monitor","recommended_action":"no_action","region_id":"channel_islands","region_name":"Channel Islands, CA","state":"CA","status":2,"status_label":"healthy"}},{"type":"Feature","geometry":{"geodesic":false,"type":"Polygon","coordinates":[[[-118.73931425491836,33.934758172899045],[-118.73931425491836,33.92936828119433],[-118.73392436321365,33.92936828119433],[-118.73392436321365,33.93206322704669],[-118.736619309066,33.93206322704669],[-118.736619309066,33.934758172899045],[-118.73931425491836,33.934758172899045]]]},"id":"-44060+12591","properties":{"area_sq_km":0.0,"count":3,"label":2,"latitude":33.93161406533777,"longitude":-118.73706844945329,"near_healthy_bed":1,"priority_score":1.0,"priority_tier":"monitor","recommended_action":"no_action","region_id":"channel_islands","region_name":"Channel Islands, CA","state":"CA","status":2,"status_label":"healthy"}},{"type":"Feature","geometry":{"geodesic":false,"type":"Polygon","coordinates":[[[-118.74739909247543,33.87816430999951],[-118.74470414662308,33.87816430999951],[-118.74470414662308,33.880859255851874],[-118.74739909247543,33.880859255851874],[-118.74739909247543,33.87816430999951]]]},"id":"-44063+12571","properties":{"area_sq_km":0.0,"count":1,"label":2,"latitude":33.87951178302478,"longitude":-118.74605161955874,"near_healthy_bed":1,"priority_score":1.0,"priority_tier":"monitor","recommended_action":"no_action","region_id":"channel_islands","region_name":"Channel Islands, CA","state":"CA","status":2,"status_label":"healthy"}},{"type":"Feature","geometry":{"geodesic":false,"type":"Polygon","coordinates":[[[-118.75278898418014,33.87816430999951],[-118.75009403832779,33.87816430999951],[-118.75009403832779,33.880859255851874],[-118.75278898418014,33.880859255851874],[-118.75278898418014,33.87816430999951]]]},"id":"-44065+12571","properties":{"area_sq_km":0.0,"count":1,"label":2,"latitude":33.87951178296806,"longitude":-118.75144151128822,"near_healthy_bed":1,"priority_score":1.0,"priority_tier":"monitor","recommended_action":"no_action","region_id":"channel_islands","region_name":"Channel Islands, CA","state":"CA","status":2,"status_label":"healthy"}},{"type":"Feature","geometry":{"geodesic":false,"type":"Polygon","coordinates":[[[-118.75817887588487,33.872774418294796],[-118.75548393003251,33.872774418294796],[-118.75548393003251,33.87546936414716],[-118.75817887588487,33.87546936414716],[-118.75817887588487,33.872774418294796]]]},"id":"-44067+12569","properties":{"area_sq_km":0.0,"count":1,"label":2,"latitude":33.87412189130596,"longitude":-118.75683140292367,"near_healthy_bed":1,"priority_score":1.0,"priority_tier":"monitor","recommended_action":"no_action","region_id":"channel_islands","region_name":"Channel Islands, CA","state":"CA","status":2,"status_label":"healthy"}},{"type":"Feature","geometry":{"geodesic":false,"type":"Polygon","coordinates":[[[-118.75817887588487,33.88894409340895],[-118.75548393003251,33.88894409340895],[-118.75548393003251,33.89163903926131],[-118.75817887588487,33.89163903926131],[-118.75817887588487,33.88894409340895]]]},"id":"-44067+12575","properties":{"area_sq_km":0.0,"count":1,"label":2,"latitude":33.890291566605,"longitude":-118.7568314028684,"near_healthy_bed":1,"priority_score":1.0,"priority_tier":"monitor","recommended_action":"no_action","region_id":"channel_islands","region_name":"Channel Islands, CA","state":"CA","status":2,"status_label":"healthy"}},{"type":"Feature","geometry":{"geodesic":false,"type":"Polygon","coordinates":[[[-118.76087382173722,33.87546936414716],[-118.75817887588487,33.87546936414716],[-118.75817887588487,33.87816430999951],[-118.76087382173722,33.87816430999951],[-118.76087382173722,33.87546936414716]]]},"id":"-44068+12570","properties":{"area_sq_km":0.0,"count":1,"label":2,"latitude":33.876816837465164,"longitude":-118.7595263489568,"near_healthy_bed":1,"priority_score":1.0,"priority_tier":"monitor","recommended_action":"no_action","region_id":"channel_islands","region_name":"Channel Islands, CA","state":"CA","status":2,"status_label":"healthy"}},{"type":"Feature","geometry":{"geodesic":false,"type":"Polygon","coordinates":[[[-118.76087382173722,33.88624914755659],[-118.75817887588487,33.88624914755659],[-118.75817887588487,33.88894409340895],[-118.76087382173722,33.88894409340895],[-118.76087382173722,33.88624914755659]]]},"id":"-44068+12574","properties":{"area_sq_km":0.0,"count":1,"label":2,"latitude":33.88759662076286,"longitude":-118.7595263488609,"near_healthy_bed":1,"priority_score":1.0,"priority_tier":"monitor","recommended_action":"no_action","region_id":"channel_islands","region_name":"Channel Islands, CA","state":"CA","status":2,"status_label":"healthy"}},{"type":"Feature","geometry":{"geodesic":false,"type":"Polygon","coordinates":[[[-118.76626371344194,33.880859255851874],[-118.76626371344194,33.87546936414716],[-118.76356876758959,33.87546936414716],[-118.76356876758959,33.87816430999951],[-118.76087382173722,33.87816430999951],[-118.76087382173722,33.880859255851874],[-118.76626371344194,33.880859255851874]]]},"id":"-44069+12571","properties":{"area_sq_km":0.0,"count":3,"label":2,"latitude":33.87861346362648,"longitude":-118.76401794257221,"near_healthy_bed":1,"priority_score":1.0,"priority_tier":"monitor","recommended_action":"no_action","region_id":"channel_islands","region_name":"Channel Islands, CA","state":"CA","status":2,"status_label":"healthy"}},{"type":"Feature","geometry":{"geodesic":false,"type":"Polygon","coordinates":[[[-118.76626371344194,33.87007947244244],[-118.76356876758959,33.87007947244244],[-118.76356876758959,33.872774418294796],[-118.76626371344194,33.872774418294796],[-118.76626371344194,33.87007947244244]]]},"id":"-44070+12568","properties":{"area_sq_km":0.0,"count":1,"label":2,"latitude":33.87142694574147,"longitude":-118.76491624048474,"near_healthy_bed":1,"priority_score":1.0,"priority_tier":"monitor","recommended_action":"no_action","region_id":"channel_islands","region_name":"Channel Islands, CA","state":"CA","status":2,"status_label":"healthy"}},{"type":"Feature","geometry":{"geodesic":false,"type":"Polygon","coordinates":[[[-118.76626371344194,33.89702893096602],[-118.76626371344194,33.88894409340895],[-118.76356876758959,33.88894409340895],[-118.76356876758959,33.89163903926131],[-118.76087382173722,33.89163903926131],[-118.76087382173722,33.89433398511367],[-118.76356876758959,33.89433398511367],[-118.76356876758959,33.89702893096602],[-118.76626371344194,33.89702893096602]]]},"id":"-44070+12577","properties":{"area_sq_km":0.0,"count":4,"label":2,"latitude":33.89298647536902,"longitude":-118.76424250414608,"near_healthy_bed":1,"priority_score":1.0,"priority_tier":"monitor","recommended_action":"no_action","region_id":"channel_islands","region_name":"Channel Islands, CA","state":"CA","status":2,"status_label":"healthy"}},{"type":"Feature","geometry":{"geodesic":false,"type":"Polygon","coordinates":[[[-118.76626371344194,33.90241882267074],[-118.76356876758959,33.90241882267074],[-118.76356876758959,33.9051137685231],[-118.76626371344194,33.9051137685231],[-118.76626371344194,33.90241882267074]]]},"id":"-44070+12580","properties":{"area_sq_km":0.0,"count":1,"label":2,"latitude":33.903766295823075,"longitude":-118.76491624061167,"near_healthy_bed":1,"priority_score":1.0,"priority_tier":"monitor","recommended_action":"no_action","region_id":"channel_islands","region_name":"Channel Islands, CA","state":"CA","status":2,"status_label":"healthy"}},{"type":"Feature","geometry":{"geodesic":false,"type":"Polygon","coordinates":[[[-118.7689586592943,33.880859255851874],[-118.76626371344194,33.880859255851874],[-118.76626371344194,33.883554201704236],[-118.7689586592943,33.883554201704236],[-118.7689586592943,33.880859255851874]]]},"id":"-44071+12572","properties":{"area_sq_km":0.0,"count":1,"label":2,"latitude":33.882206729139014,"longitude":-118.76761118636232,"near_healthy_bed":1,"priority_score":1.0,"priority_tier":"monitor","recommended_action":"no_action","region_id":"channel_islands","region_name":"Channel Islands, CA","state":"CA","status":2,"status_label":"healthy"}},{"type":"Feature","geometry":{"geodesic":false,"type":"Polygon","coordinates":[[[-118.77165360514665,33.85121485147593],[-118.7689586592943,33.85121485147593],[-118.7689586592943,33.85390979732829],[-118.77165360514665,33.85390979732829],[-118.77165360514665,33.85121485147593]]]},"id":"-44072+12561","properties":{"area_sq_km":0.0,"count":1,"label":2,"latitude":33.852562324619484,"longitude":-118.77030613232321,"near_healthy_bed":1,"priority_score":1.0,"priority_tier":"monitor","recommended_action":"no_action","region_id":"channel_islands","region_name":"Channel Islands, CA","state":"CA","status":2,"status_label":"healthy"}},{"type":"Feature","geometry":{"geodesic":false,"type":"Polygon","coordinates":[[[-118.77434855099902,33.85929968903301],[-118.77165360514665,33.85929968903301],[-118.77165360514665,33.86199463488536],[-118.77434855099902,33.86199463488536],[-118.77434855099902,33.85929968903301]]]},"id":"-44073+12564","properties":{"area_sq_km":0.0,"count":1,"label":2,"latitude":33.86064716235961,"longitude":-118.77300107804567,"near_healthy_bed":1,"priority_score":1.0,"priority_tier":"monitor","recommended_action":"no_action","region_id":"channel_islands","region_name":"Channel Islands, CA","state":"CA","status":2,"status_label":"healthy"}},{"type":"Feature","geometry":{"geodesic":false,"type":"Polygon","coordinates":[[[-118.77704349685138,33.87546936414716],[-118.77704349685138,33.87007947244244],[-118.7824333885561,33.87007947244244],[-118.7824333885561,33.86738452659008],[-118.78512833440845,33.86738452659008],[-118.78512833440845,33.864689580737725],[-118.77973844270373,33.864689580737725],[-118.77973844270373,33.86199463488536],[-118.7824333885561,33.86199463488536],[-118.7824333885561,33.85929968903301],[-118.78512833440845,33.85929968903301],[-118.78512833440845,33.86199463488536],[-118.78782328026081,33.86199463488536],[-118.78782328026081,33.86738452659008],[-118.79321317196553,33.86738452659008],[-118.79321317196553,33.864689580737725],[-118.79051822611316,33.864689580737725],[-118.79051822611316,33.86199463488536],[-118.79590811781789,33.86199463488536],[-118.79590811781789,33.85929968903301],[-118.79321317196553,33.85929968903301],[-118.79321317196553,33.85660474318065],[-118.79051822611316,33.85660474318065],[-118.79051822611316,33.85121485147593],[-118.78512833440845,33.85121485147593],[-118.78512833440845,33.845824959771214],[-118.77973844270373,33.845824959771214],[-118.77973844270373,33.85121485147593],[-118.7824333885561,33.85121485147593],[-118.7824333885561,33.85390979732829],[-118.77973844270373,33.85390979732829],[-118.77973844270373,33.85929968903301],[-118.77704349685138,33.85929968903301],[-118.77704349685138,33.864689580737725],[-118.77434855099902,33.864689580737725],[-118.77434855099902,33.86738452659008],[-118.77165360514665,33.86738452659008],[-118.77165360514665,33.87546936414716],[-118.77704349685138,33.87546936414716]]]},"id":"-44073+12569","properties":{"area_sq_km":3.0,"count":38,"label":2,"latitude":33.860930378679384,"longitude":-118.78307212663971,"near_healthy_bed":1,"priority_score":1.0,"priority_tier":"monitor","recommended_action":"no_action","region_id":"channel_islands","region_name":"Channel Islands, CA","state":"CA","status":2,"status_label":"healthy"}},{"type":"Feature","geometry":{"geodesic":false,"type":"Polygon","coordinates":[[[-118.77434855099902,33.88894409340895],[-118.77165360514665,33.88894409340895],[-118.77165360514665,33.89163903926131],[-118.77434855099902,33.89163903926131],[-118.77434855099902,33.88894409340895]]]},"id":"-44073+12575","properties":{"area_sq_km":0.0,"count":1,"label":2,"latitude":33.89029156656342,"longitude":-118.7730010780613,"near_healthy_bed":1,"priority_score":1.0,"priority_tier":"monitor","recommended_action":"no_action","region_id":"channel_islands","region_name":"Channel Islands, CA","state":"CA","status":2,"status_label":"healthy"}},{"type":"Feature","geometry":{"geodesic":false,"type":"Polygon","coordinates":[[[-118.77973844270373,33.91319860608018],[-118.77973844270373,33.91050366022782],[-118.77704349685138,33.91050366022782],[-118.77704349685138,33.9051137685231],[-118.7689586592943,33.9051137685231],[-118.7689586592943,33.90780871437546],[-118.77165360514665,33.90780871437546],[-118.77165360514665,33.91319860608018],[-118.77973844270373,33.91319860608018]]]},"id":"-44073+12583","properties":{"area_sq_km":1.0,"count":8,"label":2,"latitude":33.90915618967899,"longitude":-118.77434850178454,"near_healthy_bed":1,"priority_score":1.0,"priority_tier":"monitor","recommended_action":"no_action","region_id":"channel_islands","region_name":"Channel Islands, CA","state":"CA","status":2,"status_label":"healthy"}},{"type":"Feature","geometry":{"geodesic":false,"type":"Polygon","coordinates":[[[-118.77704349685138,33.85121485147593],[-118.77434855099902,33.85121485147593],[-118.77434855099902,33.85390979732829],[-118.77704349685138,33.85390979732829],[-118.77704349685138,33.85121485147593]]]},"id":"-44074+12561","properties":{"area_sq_km":0.0,"count":1,"label":2,"latitude":33.852562324656645,"longitude":-118.77569602390372,"near_healthy_bed":1,"priority_score":1.0,"priority_tier":"monitor","recommended_action":"no_action","region_id":"channel_islands","region_name":"Channel Islands, CA","state":"CA","status":2,"status_label":"healthy"}},{"type":"Feature","geometry":{"geodesic":false,"type":"Polygon","coordinates":[[[-118.77973844270373,33.87546936414716],[-118.77704349685138,33.87546936414716],[-118.77704349685138,33.87816430999951],[-118.77973844270373,33.87816430999951],[-118.77973844270373,33.87546936414716]]]},"id":"-44075+12570","properties":{"area_sq_km":0.0,"count":1,"label":2,"latitude":33.876816837436074,"longitude":-118.77839096985986,"near_healthy_bed":1,"priority_score":1.0,"priority_tier":"monitor","recommended_action":"no_action","region_id":"channel_islands","region_name":"Channel Islands, CA","state":"CA","status":2,"status_label":"healthy"}},{"type":"Feature","geometry":{"geodesic":false,"type":"Polygon","coordinates":[[[-118.77973844270373,33.915893551932534],[-118.77704349685138,33.915893551932534],[-118.77704349685138,33.918588497784896],[-118.77973844270373,33.918588497784896],[-118.77973844270373,33.915893551932534]]]},"id":"-44075+12585","properties":{"area_sq_km":0.0,"count":1,"label":2,"latitude":33.91724102507786,"longitude":-118.77839096974745,"near_healthy_bed":1,"priority_score":1.0,"priority_tier":"monitor","recommended_action":"no_action","region_id":"channel_islands","region_name":"Channel Islands, CA","state":"CA","status":2,"status_label":"healthy"}},{"type":"Feature","geometry":{"geodesic":false,"type":"Polygon","coordinates":[[[-118.7824333885561,33.872774418294796],[-118.77973844270373,33.872774418294796],[-118.77973844270373,33.87546936414716],[-118.7824333885561,33.87546936414716],[-118.7824333885561,33.872774418294796]]]},"id":"-44076+12569","properties":{"area_sq_km":0.0,"count":1,"label":2,"latitude":33.874121891335115,"longitude":-118.78108591558758,"near_healthy_bed":1,"priority_score":1.0,"priority_tier":"monitor","recommended_action":"no_action","region_id":"channel_islands","region_name":"Channel Islands, CA","state":"CA","status":2,"status_label":"healthy"}},{"type":"Feature","geometry":{"geodesic":false,"type":"Polygon","coordinates":[[[-118.7824333885561,33.88624914755659],[-118.77973844270373,33.88624914755659],[-118.77973844270373,33.88894409340895],[-118.7824333885561,33.88894409340895],[-118.7824333885561,33.88624914755659]]]},"id":"-44076+12574","properties":{"area_sq_km":0.0,"count":1,"label":2,"latitude":33.88759662079109,"longitude":-118.78108591559267,"near_healthy_bed":1,"priority_score":1.0,"priority_tier":"monitor","recommended_action":"no_action","region_id":"channel_islands","region_name":"Channel Islands, CA","state":"CA","status":2,"status_label":"healthy"}},{"type":"Feature","geometry":{"geodesic":false,"type":"Polygon","coordinates":[[[-118.78512833440845,33.915893551932534],[-118.78512833440845,33.91319860608018],[-118.79051822611316,33.91319860608018],[-118.79051822611316,33.90780871437546],[-118.78512833440845,33.90780871437546],[-118.78512833440845,33.91050366022782],[-118.7824333885561,33.91050366022782],[-118.7824333885561,33.91319860608018],[-118.77973844270373,33.91319860608018],[-118.77973844270373,33.915893551932534],[-118.78512833440845,33.915893551932534]]]},"id":"-44076+12584","properties":{"area_sq_km":1.0,"count":7,"label":2,"latitude":33.91185113055315,"longitude":-118.78570591514591,"near_healthy_bed":1,"priority_score":1.0,"priority_tier":"monitor","recommended_action":"no_action","region_id":"channel_islands","region_name":"Channel Islands, CA","state":"CA","status":2,"status_label":"healthy"}},{"type":"Feature","geometry":{"geodesic":false,"type":"Polygon","coordinates":[[[-118.7824333885561,33.92667333534197],[-118.77973844270373,33.92667333534197],[-118.77973844270373,33.92936828119433],[-118.7824333885561,33.92936828119433],[-118.7824333885561,33.92667333534197]]]},"id":"-44076+12589","properties":{"area_sq_km":0.0,"count":1,"label":2,"latitude":33.92802080861104,"longitude":-118.7810859155499,"near_healthy_bed":1,"priority_score":1.0,"priority_tier":"monitor","recommended_action":"no_action","region_id":"channel_islands","region_name":"Channel Islands, CA","state":"CA","status":2,"status_label":"healthy"}},{"type":"Feature","geometry":{"geodesic":false,"type":"Polygon","coordinates":[[[-118.78782328026081,33.92397838948961],[-118.7824333885561,33.92397838948961],[-118.7824333885561,33.92667333534197],[-118.78782328026081,33.92667333534197],[-118.78782328026081,33.92397838948961]]]},"id":"-44077+12588","properties":{"area_sq_km":0.0,"count":2,"label":2,"latitude":33.92532588467109,"longitude":-118.78512833442501,"near_healthy_bed":1,"priority_score":1.0,"priority_tier":"monitor","recommended_action":"no_action","region_id":"channel_islands","region_name":"Channel Islands, CA","state":"CA","status":2,"status_label":"healthy"}},{"type":"Feature","geometry":{"geodesic":false,"type":"Polygon","coordinates":[[[-118.78782328026081,33.83235023050942],[-118.78512833440845,33.83235023050942],[-118.78512833440845,33.83504517636178],[-118.78782328026081,33.83504517636178],[-118.78782328026081,33.83235023050942]]]},"id":"-44078+12554","properties":{"area_sq_km":0.0,"count":1,"label":2,"latitude":33.8336977037717,"longitude":-118.78647580731828,"near_healthy_bed":1,"priority_score":1.0,"priority_tier":"monitor","recommended_action":"no_action","region_id":"channel_islands","region_name":"Channel Islands, CA","state":"CA","status":2,"status_label":"healthy"}},{"type":"Feature","geometry":{"geodesic":false,"type":"Polygon","coordinates":[[[-118.78782328026081,33.837740122214136],[-118.78512833440845,33.837740122214136],[-118.78512833440845,33.8404350680665],[-118.78782328026081,33.8404350680665],[-118.78782328026081,33.837740122214136]]]},"id":"-44078+12556","properties":{"area_sq_km":0.0,"count":1,"label":2,"latitude":33.83908759556651,"longitude":-118.78647580734433,"near_healthy_bed":1,"priority_score":1.0,"priority_tier":"monitor","recommended_action":"no_action","region_id":"channel_islands","region_name":"Channel Islands, CA","state":"CA","status":2,"status_label":"healthy"}},{"type":"Feature","geometry":{"geodesic":false,"type":"Polygon","coordinates":[[[-118.78782328026081,33.88894409340895],[-118.78782328026081,33.88624914755659],[-118.79321317196553,33.88624914755659],[-118.79321317196553,33.883554201704236],[-118.78782328026081,33.883554201704236],[-118.78782328026081,33.87816430999951],[-118.7824333885561,33.87816430999951],[-118.7824333885561,33.880859255851874],[-118.77973844270373,33.880859255851874],[-118.77973844270373,33.883554201704236],[-118.78512833440845,33.883554201704236],[-118.78512833440845,33.88894409340895],[-118.78782328026081,33.88894409340895]]]},"id":"-44078+12574","properties":{"area_sq_km":1.0,"count":9,"label":2,"latitude":33.88310501393964,"longitude":-118.78617628364313,"near_healthy_bed":1,"priority_score":1.0,"priority_tier":"monitor","recommended_action":"no_action","region_id":"channel_islands","region_name":"Channel Islands, CA","state":"CA","status":2,"status_label":"healthy"}},{"type":"Feature","geometry":{"geodesic":false,"type":"Polygon","coordinates":[[[-118.79051822611316,33.91319860608018],[-118.78512833440845,33.91319860608018],[-118.78512833440845,33.915893551932534],[-118.79051822611316,33.915893551932534],[-118.79051822611316,33.91319860608018]]]},"id":"-44078+12584","properties":{"area_sq_km":0.0,"count":2,"label":0,"latitude":33.91454610119562,"longitude":-118.78782328024354,"near_healthy_bed":1,"priority_score":1.0,"priority_tier":"monitor","recommended_action":"urchin_removal_then_replant","region_id":"channel_islands","region_name":"Channel Islands, CA","state":"CA","status":0,"status_label":"barren"}},{"type":"Feature","geometry":{"geodesic":false,"type":"Polygon","coordinates":[[[-118.79051822611316,33.84313001391885],[-118.78782328026081,33.84313001391885],[-118.78782328026081,33.845824959771214],[-118.79051822611316,33.845824959771214],[-118.79051822611316,33.84313001391885]]]},"id":"-44079+12558","properties":{"area_sq_km":0.0,"count":1,"label":2,"latitude":33.84447748719344,"longitude":-118.78917075321014,"near_healthy_bed":1,"priority_score":1.0,"priority_tier":"monitor","recommended_action":"no_action","region_id":"channel_islands","region_name":"Channel Islands, CA","state":"CA","status":2,"status_label":"healthy"}},{"type":"Feature","geometry":{"geodesic":false,"type":"Polygon","coordinates":[[[-118.79051822611316,33.87007947244244],[-118.78782328026081,33.87007947244244],[-118.78782328026081,33.872774418294796],[-118.79051822611316,33.872774418294796],[-118.79051822611316,33.87007947244244]]]},"id":"-44079+12568","properties":{"area_sq_km":0.0,"count":1,"label":2,"latitude":33.87142694572485,"longitude":-118.78917075320676,"near_healthy_bed":1,"priority_score":1.0,"priority_tier":"monitor","recommended_action":"no_action","region_id":"channel_islands","region_name":"Channel Islands, CA","state":"CA","status":2,"status_label":"healthy"}},{"type":"Feature","geometry":{"geodesic":false,"type":"Polygon","coordinates":[[[-118.79051822611316,33.92128344363725],[-118.79051822611316,33.918588497784896],[-118.79321317196553,33.918588497784896],[-118.79321317196553,33.915893551932534],[-118.79590811781789,33.915893551932534],[-118.79590811781789,33.91050366022782],[-118.79860306367024,33.91050366022782],[-118.79860306367024,33.90780871437546],[-118.79590811781789,33.90780871437546],[-118.79590811781789,33.9051137685231],[-118.79321317196553,33.9051137685231],[-118.79321317196553,33.91319860608018],[-118.79051822611316,33.91319860608018],[-118.79051822611316,33.915893551932534],[-118.78512833440845,33.915893551932534],[-118.78512833440845,33.918588497784896],[-118.78782328026081,33.918588497784896],[-118.78782328026081,33.92128344363725],[-118.79051822611316,33.92128344363725]]]},"id":"-44079+12586","properties":{"area_sq_km":1.0,"count":10,"label":2,"latitude":33.913737427683536,"longitude":-118.79240493863868,"near_healthy_bed":1,"priority_score":1.0,"priority_tier":"monitor","recommended_action":"no_action","region_id":"channel_islands","region_name":"Channel Islands, CA","state":"CA","status":2,"status_label":"healthy"}},{"type":"Feature","geometry":{"geodesic":false,"type":"Polygon","coordinates":[[[-118.79321317196553,33.83235023050942],[-118.79051822611316,33.83235023050942],[-118.79051822611316,33.83504517636178],[-118.79321317196553,33.83504517636178],[-118.79321317196553,33.83235023050942]]]},"id":"-44080+12554","properties":{"area_sq_km":0.0,"count":1,"label":2,"latitude":33.83369770372178,"longitude":-118.79186569898212,"near_healthy_bed":1,"priority_score":1.0,"priority_tier":"monitor","recommended_action":"no_action","region_id":"channel_islands","region_name":"Channel Islands, CA","state":"CA","status":2,"status_label":"healthy"}},{"type":"Feature","geometry":{"geodesic":false,"type":"Polygon","coordinates":[[[-118.79321317196553,33.87816430999951],[-118.79321317196553,33.87546936414716],[-118.79590811781789,33.87546936414716],[-118.79590811781789,33.872774418294796],[-118.80399295537497,33.872774418294796],[-118.80399295537497,33.87007947244244],[-118.8012980095226,33.87007947244244],[-118.8012980095226,33.86199463488536],[-118.79860306367024,33.86199463488536],[-118.79860306367024,33.87007947244244],[-118.79321317196553,33.87007947244244],[-118.79321317196553,33.872774418294796],[-118.79051822611316,33.872774418294796],[-118.79051822611316,33.87816430999951],[-118.79321317196553,33.87816430999951]]]},"id":"-44080+12570","properties":{"area_sq_km":1.0,"count":10,"label":2,"latitude":33.870887851567545,"longitude":-118.79725582512212,"near_healthy_bed":1,"priority_score":1.0,"priority_tier":"monitor","recommended_action":"no_action","region_id":"channel_islands","region_name":"Channel Islands, CA","state":"CA","status":2,"status_label":"healthy"}},{"type":"Feature","geometry":{"geodesic":false,"type":"Polygon","coordinates":[[[-118.79321317196553,33.89163903926131],[-118.79051822611316,33.89163903926131],[-118.79051822611316,33.89433398511367],[-118.79321317196553,33.89433398511367],[-118.79321317196553,33.89163903926131]]]},"id":"-44080+12576","properties":{"area_sq_km":0.0,"count":1,"label":2,"latitude":33.89298651236899,"longitude":-118.79186569900241,"near_healthy_bed":1,"priority_score":1.0,"priority_tier":"monitor","recommended_action":"no_action","region_id":"channel_islands","region_name":"Channel Islands, CA","state":"CA","status":2,"status_label":"healthy"}},{"type":"Feature","geometry":{"geodesic":false,"type":"Polygon","coordinates":[[[-118.79321317196553,33.899723876818385],[-118.79051822611316,33.899723876818385],[-118.79051822611316,33.90241882267074],[-118.79321317196553,33.90241882267074],[-118.79321317196553,33.899723876818385]]]},"id":"-44080+12579","properties":{"area_sq_km":0.0,"count":1,"label":0,"latitude":33.901071349880446,"longitude":-118.79186569902369,"near_healthy_bed":1,"priority_score":1.0,"priority_tier":"monitor","recommended_action":"urchin_removal_then_replant","region_id":"channel_islands","region_name":"Channel Islands, CA","state":"CA","status":0,"status_label":"barren"}},{"type":"Feature","geometry":{"geodesic":false,"type":"Polygon","coordinates":[[[-118.79321317196553,33.90241882267074],[-118.79051822611316,33.90241882267074],[-118.79051822611316,33.9051137685231],[-118.79321317196553,33.9051137685231],[-118.79321317196553,33.90241882267074]]]},"id":"-44080+12580","properties":{"area_sq_km":0.0,"count":1,"label":2,"latitude":33.903766295812886,"longitude":-118.79186569899043,"near_healthy_bed":1,"priority_score":1.0,"priority_tier":"monitor","recommended_action":"no_action","region_id":"channel_islands","region_name":"Channel Islands, CA","state":"CA","status":2,"status_label":"healthy"}},{"type":"Feature","geometry":{"geodesic":false,"type":"Polygon","coordinates":[[[-118.79590811781789,33.80809571783819],[-118.79321317196553,33.80809571783819],[-118.79321317196553,33.810790663690554],[-118.79590811781789,33.810790663690554],[-118.79590811781789,33.80809571783819]]]},"id":"-44081+12545","properties":{"area_sq_km":0.0,"count":1,"label":2,"latitude":33.809443190979586,"longitude":-118.79456064503772,"near_healthy_bed":1,"priority_score":1.0,"priority_tier":"monitor","recommended_action":"no_action","region_id":"channel_islands","region_name":"Channel Islands, CA","state":"CA","status":2,"status_label":"healthy"}},{"type":"Feature","geometry":{"geodesic":false,"type":"Polygon","coordinates":[[[-118.79590811781789,33.82157044709999],[-118.79321317196553,33.82157044709999],[-118.79321317196553,33.82426539295234],[-118.79590811781789,33.82426539295234],[-118.79590811781789,33.82157044709999]]]},"id":"-44081+12550","properties":{"area_sq_km":0.0,"count":1,"label":2,"latitude":33.82291792022847,"longitude":-118.79456064501207,"near_healthy_bed":1,"priority_score":1.0,"priority_tier":"monitor","recommended_action":"no_action","region_id":"channel_islands","region_name":"Channel Islands, CA","state":"CA","status":2,"status_label":"healthy"}},{"type":"Feature","geometry":{"geodesic":false,"type":"Polygon","coordinates":[[[-118.79590811781789,33.845824959771214],[-118.79321317196553,33.845824959771214],[-118.79321317196553,33.84851990562357],[-118.79590811781789,33.84851990562357],[-118.79590811781789,33.845824959771214]]]},"id":"-44081+12559","properties":{"area_sq_km":0.0,"count":1,"label":2,"latitude":33.84717243285297,"longitude":-118.79456064491072,"near_healthy_bed":1,"priority_score":1.0,"priority_tier":"monitor","recommended_action":"no_action","region_id":"channel_islands","region_name":"Channel Islands, CA","state":"CA","status":2,"status_label":"healthy"}},{"type":"Feature","geometry":{"geodesic":false,"type":"Polygon","coordinates":[[[-118.79590811781789,33.85121485147593],[-118.79321317196553,33.85121485147593],[-118.79321317196553,33.85390979732829],[-118.79590811781789,33.85390979732829],[-118.79590811781789,33.85121485147593]]]},"id":"-44081+12561","properties":{"area_sq_km":0.0,"count":1,"label":2,"latitude":33.8525623246996,"longitude":-118.79456064500482,"near_healthy_bed":1,"priority_score":1.0,"priority_tier":"monitor","recommended_action":"no_action","region_id":"channel_islands","region_name":"Channel Islands, CA","state":"CA","status":2,"status_label":"healthy"}},{"type":"Feature","geometry":{"geodesic":false,"type":"Polygon","coordinates":[[[-118.79590811781789,33.88624914755659],[-118.79321317196553,33.88624914755659],[-118.79321317196553,33.88894409340895],[-118.79590811781789,33.88894409340895],[-118.79590811781789,33.88624914755659]]]},"id":"-44081+12574","properties":{"area_sq_km":0.0,"count":1,"label":2,"latitude":33.887596620823714,"longitude":-118.79456064493148,"near_healthy_bed":1,"priority_score":1.0,"priority_tier":"monitor","recommended_action":"no_action","region_id":"channel_islands","region_name":"Channel Islands, CA","state":"CA","status":2,"status_label":"healthy"}},{"type":"Feature","geometry":{"geodesic":false,"type":"Polygon","coordinates":[[[-118.79860306367024,33.85390979732829],[-118.79590811781789,33.85390979732829],[-118.79590811781789,33.85660474318065],[-118.79860306367024,33.85660474318065],[-118.79860306367024,33.85390979732829]]]},"id":"-44082+12562","properties":{"area_sq_km":0.0,"count":1,"label":2,"latitude":33.85525727038353,"longitude":-118.79725559063876,"near_healthy_bed":1,"priority_score":1.0,"priority_tier":"monitor","recommended_action":"no_action","region_id":"channel_islands","region_name":"Channel Islands, CA","state":"CA","status":2,"status_label":"healthy"}},{"type":"Feature","geometry":{"geodesic":false,"type":"Polygon","coordinates":[[[-118.79860306367024,33.90780871437546],[-118.79860306367024,33.90241882267074],[-118.79321317196553,33.90241882267074],[-118.79321317196553,33.9051137685231],[-118.79590811781789,33.9051137685231],[-118.79590811781789,33.90780871437546],[-118.79860306367024,33.90780871437546]]]},"id":"-44082+12581","properties":{"area_sq_km":0.0,"count":3,"label":0,"latitude":33.904664606810215,"longitude":-118.79635725824828,"near_healthy_bed":1,"priority_score":1.0,"priority_tier":"monitor","recommended_action":"urchin_removal_then_replant","region_id":"channel_islands","region_name":"Channel Islands, CA","state":"CA","status":0,"status_label":"barren"}},{"type":"Feature","geometry":{"geodesic":false,"type":"Polygon","coordinates":[[[-118.79860306367024,33.915893551932534],[-118.79590811781789,33.915893551932534],[-118.79590811781789,33.918588497784896],[-118.79860306367024,33.918588497784896],[-118.79860306367024,33.915893551932534]]]},"id":"-44082+12585","properties":{"area_sq_km":0.0,"count":1,"label":2,"latitude":33.917241025007215,"longitude":-118.797255590631,"near_healthy_bed":1,"priority_score":1.0,"priority_tier":"monitor","recommended_action":"no_action","region_id":"channel_islands","region_name":"Channel Islands, CA","state":"CA","status":2,"status_label":"healthy"}},{"type":"Feature","geometry":{"geodesic":false,"type":"Polygon","coordinates":[[[-118.79860306367024,33.92397838948961],[-118.79590811781789,33.92397838948961],[-118.79590811781789,33.92667333534197],[-118.79860306367024,33.92667333534197],[-118.79860306367024,33.92397838948961]]]},"id":"-44082+12588","properties":{"area_sq_km":0.0,"count":1,"label":2,"latitude":33.925325862495214,"longitude":-118.79725559061588,"near_healthy_bed":1,"priority_score":1.0,"priority_tier":"monitor","recommended_action":"no_action","region_id":"channel_islands","region_name":"Channel Islands, CA","state":"CA","status":2,"status_label":"healthy"}},{"type":"Feature","geometry":{"geodesic":false,"type":"Polygon","coordinates":[[[-118.8012980095226,33.8269603388047],[-118.79860306367024,33.8269603388047],[-118.79860306367024,33.829655284657065],[-118.8012980095226,33.829655284657065],[-118.8012980095226,33.8269603388047]]]},"id":"-44083+12552","properties":{"area_sq_km":0.0,"count":1,"label":2,"latitude":33.828307812112676,"longitude":-118.79995053650767,"near_healthy_bed":1,"priority_score":1.0,"priority_tier":"monitor","recommended_action":"no_action","region_id":"channel_islands","region_name":"Channel Islands, CA","state":"CA","status":2,"status_label":"healthy"}},{"type":"Feature","geometry":{"geodesic":false,"type":"Polygon","coordinates":[[[-118.8012980095226,33.845824959771214],[-118.79860306367024,33.845824959771214],[-118.79860306367024,33.85390979732829],[-118.8012980095226,33.85390979732829],[-118.8012980095226,33.845824959771214]]]},"id":"-44083+12561","properties":{"area_sq_km":0.0,"count":3,"label":2,"latitude":33.84986732210989,"longitude":-118.79995053652517,"near_healthy_bed":1,"priority_score":1.0,"priority_tier":"monitor","recommended_action":"no_action","region_id":"channel_islands","region_name":"Channel Islands, CA","state":"CA","status":2,"status_label":"healthy"}},{"type":"Feature","geometry":{"geodesic":false,"type":"Polygon","coordinates":[[[-118.8012980095226,33.880859255851874],[-118.79860306367024,33.880859255851874],[-118.79860306367024,33.883554201704236],[-118.8012980095226,33.883554201704236],[-118.8012980095226,33.880859255851874]]]},"id":"-44083+12572","properties":{"area_sq_km":0.0,"count":1,"label":0,"latitude":33.882206729086086,"longitude":-118.79995053660704,"near_healthy_bed":1,"priority_score":1.0,"priority_tier":"monitor","recommended_action":"urchin_removal_then_replant","region_id":"channel_islands","region_name":"Channel Islands, CA","state":"CA","status":0,"status_label":"barren"}},{"type":"Feature","geometry":{"geodesic":false,"type":"Polygon","coordinates":[[[-118.8012980095226,33.88894409340895],[-118.8012980095226,33.883554201704236],[-118.79860306367024,33.883554201704236],[-118.79860306367024,33.880859255851874],[-118.8012980095226,33.880859255851874],[-118.8012980095226,33.87816430999951],[-118.79860306367024,33.87816430999951],[-118.79860306367024,33.87546936414716],[-118.79590811781789,33.87546936414716],[-118.79590811781789,33.88624914755659],[-118.79860306367024,33.88624914755659],[-118.79860306367024,33.88894409340895],[-118.8012980095226,33.88894409340895]]]},"id":"-44083+12574","properties":{"area_sq_km":1.0,"count":7,"label":2,"latitude":33.882206590254064,"longitude":-118.79841051887077,"near_healthy_bed":1,"priority_score":1.0,"priority_tier":"monitor","recommended_action":"no_action","region_id":"channel_islands","region_name":"Channel Islands, CA","state":"CA","status":2,"status_label":"healthy"}},{"type":"Feature","geometry":{"geodesic":false,"type":"Polygon","coordinates":[[[-118.8012980095226,33.90780871437546],[-118.8012980095226,33.90241882267074],[-118.80668790122732,33.90241882267074],[-118.80668790122732,33.9051137685231],[-118.80938284707968,33.9051137685231],[-118.80938284707968,33.90241882267074],[-118.8147727387844,33.90241882267074],[-118.8147727387844,33.899723876818385],[-118.80668790122732,33.899723876818385],[-118.80668790122732,33.89702893096602],[-118.80938284707968,33.89702893096602],[-118.80938284707968,33.88624914755659],[-118.80399295537497,33.88624914755659],[-118.80399295537497,33.88894409340895],[-118.8012980095226,33.88894409340895],[-118.8012980095226,33.89163903926131],[-118.80668790122732,33.89163903926131],[-118.80668790122732,33.89433398511367],[-118.80399295537497,33.89433398511367],[-118.80399295537497,33.899723876818385],[-118.8012980095226,33.899723876818385],[-118.8012980095226,33.89433398511367],[-118.79860306367024,33.89433398511367],[-118.79860306367024,33.89163903926131],[-118.79590811781789,33.89163903926131],[-118.79590811781789,33.89702893096602],[-118.79051822611316,33.89702893096602],[-118.79051822611316,33.89433398511367],[-118.78782328026081,33.89433398511367],[-118.78782328026081,33.89163903926131],[-118.77704349685138,33.89163903926131],[-118.77704349685138,33.899723876818385],[-118.77434855099902,33.899723876818385],[-118.77434855099902,33.90241882267074],[-118.77704349685138,33.90241882267074],[-118.77704349685138,33.9051137685231],[-118.7824333885561,33.9051137685231],[-118.7824333885561,33.899723876818385],[-118.78512833440845,33.899723876818385],[-118.78512833440845,33.90241882267074],[-118.79051822611316,33.90241882267074],[-118.79051822611316,33.899723876818385],[-118.79321317196553,33.899723876818385],[-118.79321317196553,33.90241882267074],[-118.79860306367024,33.90241882267074],[-118.79860306367024,33.90780871437546],[-118.8012980095226,33.90780871437546]]]},"id":"-44083+12581","properties":{"area_sq_km":4.0,"count":48,"label":2,"latitude":33.89759066644995,"longitude":-118.79399935227218,"near_healthy_bed":1,"priority_score":1.0,"priority_tier":"monitor","recommended_action":"no_action","region_id":"channel_islands","region_name":"Channel Islands, CA","state":"CA","status":2,"status_label":"healthy"}},{"type":"Feature","geometry":{"geodesic":false,"type":"Polygon","coordinates":[[[-118.8012980095226,33.91050366022782],[-118.79860306367024,33.91050366022782],[-118.79860306367024,33.91319860608018],[-118.8012980095226,33.91319860608018],[-118.8012980095226,33.91050366022782]]]},"id":"-44083+12583","properties":{"area_sq_km":0.0,"count":1,"label":2,"latitude":33.91185113331461,"longitude":-118.79995053663446,"near_healthy_bed":1,"priority_score":1.0,"priority_tier":"monitor","recommended_action":"no_action","region_id":"channel_islands","region_name":"Channel Islands, CA","state":"CA","status":2,"status_label":"healthy"}},{"type":"Feature","geometry":{"geodesic":false,"type":"Polygon","coordinates":[[[-118.80399295537497,33.8404350680665],[-118.8012980095226,33.8404350680665],[-118.8012980095226,33.84313001391885],[-118.80399295537497,33.84313001391885],[-118.80399295537497,33.8404350680665]]]},"id":"-44084+12557","properties":{"area_sq_km":0.0,"count":1,"label":2,"latitude":33.84178254113041,"longitude":-118.80264548248279,"near_healthy_bed":1,"priority_score":1.0,"priority_tier":"monitor","recommended_action":"no_action","region_id":"channel_islands","region_name":"Channel Islands, CA","state":"CA","status":2,"status_label":"healthy"}},{"type":"Feature","geometry":{"geodesic":false,"type":"Polygon","coordinates":[[[-118.80399295537497,33.85929968903301],[-118.8012980095226,33.85929968903301],[-118.8012980095226,33.86199463488536],[-118.80399295537497,33.86199463488536],[-118.80399295537497,33.85929968903301]]]},"id":"-44084+12564","properties":{"area_sq_km":0.0,"count":1,"label":2,"latitude":33.86064716231501,"longitude":-118.80264548254988,"near_healthy_bed":1,"priority_score":1.0,"priority_tier":"monitor","recommended_action":"no_action","region_id":"channel_islands","region_name":"Channel Islands, CA","state":"CA","status":2,"status_label":"healthy"}},{"type":"Feature","geometry":{"geodesic":false,"type":"Polygon","coordinates":[[[-118.80399295537497,33.86199463488536],[-118.8012980095226,33.86199463488536],[-118.8012980095226,33.87007947244244],[-118.80399295537497,33.87007947244244],[-118.80399295537497,33.86199463488536]]]},"id":"-44084+12567","properties":{"area_sq_km":0.0,"count":3,"label":0,"latitude":33.86603699715859,"longitude":-118.80264548255238,"near_healthy_bed":1,"priority_score":1.0,"priority_tier":"monitor","recommended_action":"urchin_removal_then_replant","region_id":"channel_islands","region_name":"Channel Islands, CA","state":"CA","status":0,"status_label":"barren"}},{"type":"Feature","geometry":{"geodesic":false,"type":"Polygon","coordinates":[[[-118.81746768463675,33.87546936414716],[-118.82016263048911,33.87546936414716],[-118.82016263048911,33.87007947244244],[-118.82285757634148,33.87007947244244],[-118.82285757634148,33.86199463488536],[-118.81746768463675,33.86199463488536],[-118.81746768463675,33.86738452659008],[-118.8147727387844,33.86738452659008],[-118.8147727387844,33.864689580737725],[-118.80938284707968,33.864689580737725],[-118.80938284707968,33.86199463488536],[-118.80399295537497,33.86199463488536],[-118.80399295537497,33.87007947244244],[-118.80938284707968,33.87007947244244],[-118.80938284707968,33.87546936414716],[-118.80668790122732,33.87546936414716],[-118.80668790122732,33.87816430999952],[-118.80399295537497,33.87816430999952],[-118.80399295537497,33.880859255851874],[-118.80129800952261,33.880859255851874],[-118.80129800952261,33.883554201704236],[-118.81207779293204,33.883554201704236],[-118.81207779293204,33.880859255851874],[-118.81746768463675,33.880859255851874],[-118.81746768463675,33.87546936414716]],[[-118.81746768463675,33.87546936414716],[-118.81746768463675,33.87007947244244],[-118.8147727387844,33.87007947244244],[-118.8147727387844,33.87546936414716],[-118.81746768463675,33.87546936414716]]]},"id":"-44084+12572","properties":{"area_sq_km":3.0,"count":36,"label":2,"latitude":33.8722501028262,"longitude":-118.81222773543871,"near_healthy_bed":1,"priority_score":1.0,"priority_tier":"monitor","recommended_action":"no_action","region_id":"channel_islands","region_name":"Channel Islands, CA","state":"CA","status":2,"status_label":"healthy"}},{"type":"Feature","geometry":{"geodesic":false,"type":"Polygon","coordinates":[[[-118.80668790122732,33.82157044709999],[-118.80399295537497,33.82157044709999],[-118.80399295537497,33.82426539295234],[-118.80668790122732,33.82426539295234],[-118.80668790122732,33.82157044709999]]]},"id":"-44085+12550","properties":{"area_sq_km":0.0,"count":1,"label":2,"latitude":33.82291792025061,"longitude":-118.80534042839915,"near_healthy_bed":1,"priority_score":1.0,"priority_tier":"monitor","recommended_action":"no_action","region_id":"channel_islands","region_name":"Channel Islands, CA","state":"CA","status":2,"status_label":"healthy"}},{"type":"Feature","geometry":{"geodesic":false,"type":"Polygon","coordinates":[[[-118.81207779293204,33.829655284657065],[-118.80938284707968,33.829655284657065],[-118.80938284707968,33.83235023050942],[-118.81207779293204,33.83235023050942],[-118.81207779293204,33.829655284657065]]]},"id":"-44087+12553","properties":{"area_sq_km":0.0,"count":1,"label":2,"latitude":33.831002757708035,"longitude":-118.81073032004565,"near_healthy_bed":1,"priority_score":1.0,"priority_tier":"monitor","recommended_action":"no_action","region_id":"channel_islands","region_name":"Channel Islands, CA","state":"CA","status":2,"status_label":"healthy"}},{"type":"Feature","geometry":{"geodesic":false,"type":"Polygon","coordinates":[[[-118.81207779293204,33.85390979732829],[-118.80938284707968,33.85390979732829],[-118.80938284707968,33.85660474318065],[-118.81207779293204,33.85660474318065],[-118.81207779293204,33.85390979732829]]]},"id":"-44087+12562","properties":{"area_sq_km":0.0,"count":1,"label":2,"latitude":33.85525727038763,"longitude":-118.8107303201055,"near_healthy_bed":1,"priority_score":1.0,"priority_tier":"monitor","recommended_action":"no_action","region_id":"channel_islands","region_name":"Channel Islands, CA","state":"CA","status":2,"status_label":"healthy"}},{"type":"Feature","geometry":{"geodesic":false,"type":"Polygon","coordinates":[[[-118.81207779293204,33.85929968903301],[-118.80938284707968,33.85929968903301],[-118.80938284707968,33.86199463488536],[-118.81207779293204,33.86199463488536],[-118.81207779293204,33.85929968903301]]]},"id":"-44087+12564","properties":{"area_sq_km":0.0,"count":1,"label":2,"latitude":33.86064716238095,"longitude":-118.8107303200786,"near_healthy_bed":1,"priority_score":1.0,"priority_tier":"monitor","recommended_action":"no_action","region_id":"channel_islands","region_name":"Channel Islands, CA","state":"CA","status":2,"status_label":"healthy"}},{"type":"Feature","geometry":{"geodesic":false,"type":"Polygon","coordinates":[[[-118.8147727387844,33.83235023050942],[-118.81207779293204,33.83235023050942],[-118.81207779293204,33.83504517636178],[-118.8147727387844,33.83504517636178],[-118.8147727387844,33.83235023050942]]]},"id":"-44088+12554","properties":{"area_sq_km":0.0,"count":1,"label":2,"latitude":33.83369770378264,"longitude":-118.81342526581516,"near_healthy_bed":1,"priority_score":1.0,"priority_tier":"monitor","recommended_action":"no_action","region_id":"channel_islands","region_name":"Channel Islands, CA","state":"CA","status":2,"status_label":"healthy"}},{"type":"Feature","geometry":{"geodesic":false,"type":"Polygon","coordinates":[[[-118.8147727387844,33.837740122214136],[-118.81207779293204,33.837740122214136],[-118.81207779293204,33.8404350680665],[-118.8147727387844,33.8404350680665],[-118.8147727387844,33.837740122214136]]]},"id":"-44088+12556","properties":{"area_sq_km":0.0,"count":1,"label":2,"latitude":33.839087595615524,"longitude":-118.8134252658372,"near_healthy_bed":1,"priority_score":1.0,"priority_tier":"monitor","recommended_action":"no_action","region_id":"channel_islands","region_name":"Channel Islands, CA","state":"CA","status":2,"status_label":"healthy"}},{"type":"Feature","geometry":{"geodesic":false,"type":"Polygon","coordinates":[[[-118.8147727387844,33.845824959771214],[-118.81207779293204,33.845824959771214],[-118.81207779293204,33.84851990562357],[-118.8147727387844,33.84851990562357],[-118.8147727387844,33.845824959771214]]]},"id":"-44088+12559","properties":{"area_sq_km":0.0,"count":1,"label":2,"latitude":33.84717243289677,"longitude":-118.81342526575875,"near_healthy_bed":1,"priority_score":1.0,"priority_tier":"monitor","recommended_action":"no_action","region_id":"channel_islands","region_name":"Channel Islands, CA","state":"CA","status":2,"status_label":"healthy"}},{"type":"Feature","geometry":{"geodesic":false,"type":"Polygon","coordinates":[[[-118.82555252219383,33.85660474318065],[-118.82555252219383,33.84851990562357],[-118.82285757634148,33.84851990562357],[-118.82285757634148,33.85390979732829],[-118.8147727387844,33.85390979732829],[-118.8147727387844,33.85660474318065],[-118.82555252219383,33.85660474318065]]]},"id":"-44089+12562","properties":{"area_sq_km":0.0,"count":6,"label":2,"latitude":33.8539098358825,"longitude":-118.82151018354487,"near_healthy_bed":1,"priority_score":1.0,"priority_tier":"monitor","recommended_action":"no_action","region_id":"channel_islands","region_name":"Channel Islands, CA","state":"CA","status":2,"status_label":"healthy"}},{"type":"Feature","geometry":{"geodesic":false,"type":"Polygon","coordinates":[[[-118.81746768463675,33.87007947244244],[-118.8147727387844,33.87007947244244],[-118.8147727387844,33.87546936414716],[-118.81746768463675,33.87546936414716],[-118.81746768463675,33.87007947244244]]]},"id":"-44089+12569","properties":{"area_sq_km":0.0,"count":2,"label":0,"latitude":33.87277439727122,"longitude":-118.81612021172812,"near_healthy_bed":1,"priority_score":1.0,"priority_tier":"monitor","recommended_action":"urchin_removal_then_replant","region_id":"channel_islands","region_name":"Channel Islands, CA","state":"CA","status":0,"status_label":"barren"}},{"type":"Feature","geometry":{"geodesic":false,"type":"Polygon","coordinates":[[[-118.82016263048911,33.845824959771214],[-118.81746768463675,33.845824959771214],[-118.81746768463675,33.84851990562357],[-118.82016263048911,33.84851990562357],[-118.82016263048911,33.845824959771214]]]},"id":"-44090+12559","properties":{"area_sq_km":0.0,"count":1,"label":2,"latitude":33.84717243284804,"longitude":-118.81881515769324,"near_healthy_bed":1,"priority_score":1.0,"priority_tier":"monitor","recommended_action":"no_action","region_id":"channel_islands","region_name":"Channel Islands, CA","state":"CA","status":2,"status_label":"healthy"}},{"type":"Feature","geometry":{"geodesic":false,"type":"Polygon","coordinates":[[[-118.82016263048911,33.915893551932534],[-118.81746768463675,33.915893551932534],[-118.81746768463675,33.918588497784896],[-118.82016263048911,33.918588497784896],[-118.82016263048911,33.915893551932534]]]},"id":"-44090+12585","properties":{"area_sq_km":0.0,"count":1,"label":2,"latitude":33.91724102500857,"longitude":-118.8188151575798,"near_healthy_bed":1,"priority_score":1.0,"priority_tier":"monitor","recommended_action":"no_action","region_id":"channel_islands","region_name":"Channel Islands, CA","state":"CA","status":2,"status_label":"healthy"}},{"type":"Feature","geometry":{"geodesic":false,"type":"Polygon","coordinates":[[[-118.82285757634148,33.93206322704669],[-118.82016263048911,33.93206322704669],[-118.82016263048911,33.934758172899045],[-118.82285757634148,33.934758172899045],[-118.82285757634148,33.93206322704669]]]},"id":"-44091+12591","properties":{"area_sq_km":0.0,"count":1,"label":2,"latitude":33.93341070018279,"longitude":-118.82151010336409,"near_healthy_bed":1,"priority_score":1.0,"priority_tier":"monitor","recommended_action":"no_action","region_id":"channel_islands","region_name":"Channel Islands, CA","state":"CA","status":2,"status_label":"healthy"}},{"type":"Feature","geometry":{"geodesic":false,"type":"Polygon","coordinates":[[[-118.82555252219383,33.87007947244244],[-118.82285757634148,33.87007947244244],[-118.82285757634148,33.87816430999951],[-118.82555252219383,33.87816430999951],[-118.82555252219383,33.87007947244244]]]},"id":"-44092+12570","properties":{"area_sq_km":0.0,"count":3,"label":2,"latitude":33.87412183479669,"longitude":-118.8242050491925,"near_healthy_bed":1,"priority_score":1.0,"priority_tier":"monitor","recommended_action":"no_action","region_id":"channel_islands","region_name":"Channel Islands, CA","state":"CA","status":2,"status_label":"healthy"}},{"type":"Feature","geometry":{"geodesic":false,"type":"Polygon","coordinates":[[[-118.82824746804619,33.80540077198584],[-118.82555252219383,33.80540077198584],[-118.82555252219383,33.80809571783819],[-118.82824746804619,33.80809571783819],[-118.82824746804619,33.80540077198584]]]},"id":"-44093+12544","properties":{"area_sq_km":0.0,"count":1,"label":2,"latitude":33.80674824515639,"longitude":-118.82689999504281,"near_healthy_bed":1,"priority_score":1.0,"priority_tier":"monitor","recommended_action":"no_action","region_id":"channel_islands","region_name":"Channel Islands, CA","state":"CA","status":2,"status_label":"healthy"}},{"type":"Feature","geometry":{"geodesic":false,"type":"Polygon","coordinates":[[[-118.82824746804619,33.8404350680665],[-118.82555252219383,33.8404350680665],[-118.82555252219383,33.845824959771214],[-118.82824746804619,33.845824959771214],[-118.82824746804619,33.8404350680665]]]},"id":"-44093+12558","properties":{"area_sq_km":0.0,"count":2,"label":2,"latitude":33.84312999288861,"longitude":-118.82689999504902,"near_healthy_bed":1,"priority_score":1.0,"priority_tier":"monitor","recommended_action":"no_action","region_id":"channel_islands","region_name":"Channel Islands, CA","state":"CA","status":2,"status_label":"healthy"}},{"type":"Feature","geometry":{"geodesic":false,"type":"Polygon","coordinates":[[[-118.83094241389855,33.85660474318065],[-118.83094241389855,33.85390979732829],[-118.83363735975091,33.85390979732829],[-118.83363735975091,33.84851990562357],[-118.83094241389855,33.84851990562357],[-118.83094241389855,33.85121485147593],[-118.82824746804619,33.85121485147593],[-118.82824746804619,33.85660474318065],[-118.83094241389855,33.85660474318065]]]},"id":"-44094+12562","properties":{"area_sq_km":0.0,"count":4,"label":2,"latitude":33.8525622894577,"longitude":-118.83094245646218,"near_healthy_bed":1,"priority_score":1.0,"priority_tier":"monitor","recommended_action":"no_action","region_id":"channel_islands","region_name":"Channel Islands, CA","state":"CA","status":2,"status_label":"healthy"}},{"type":"Feature","geometry":{"geodesic":false,"type":"Polygon","coordinates":[[[-118.84441714316034,33.97518236068442],[-118.84172219730799,33.97518236068442],[-118.84172219730799,33.97787730653678],[-118.84441714316034,33.97787730653678],[-118.84441714316034,33.97518236068442]]]},"id":"-44099+12607","properties":{"area_sq_km":0.0,"count":1,"label":2,"latitude":33.97652983390629,"longitude":-118.84306967019178,"near_healthy_bed":1,"priority_score":1.0,"priority_tier":"monitor","recommended_action":"no_action","region_id":"channel_islands","region_name":"Channel Islands, CA","state":"CA","status":2,"status_label":"healthy"}},{"type":"Feature","geometry":{"geodesic":false,"type":"Polygon","coordinates":[[[-118.8471120890127,34.023691386026876],[-118.84441714316034,34.023691386026876],[-118.84441714316034,34.02638633187924],[-118.8471120890127,34.02638633187924],[-118.8471120890127,34.023691386026876]]]},"id":"-44100+12625","properties":{"area_sq_km":0.0,"count":1,"label":2,"latitude":34.02503885909863,"longitude":-118.84576461615873,"near_healthy_bed":1,"priority_score":1.0,"priority_tier":"monitor","recommended_action":"no_action","region_id":"channel_islands","region_name":"Channel Islands, CA","state":"CA","status":2,"status_label":"healthy"}},{"type":"Feature","geometry":{"geodesic":false,"type":"Polygon","coordinates":[[[-118.84980703486505,34.02638633187924],[-118.8471120890127,34.02638633187924],[-118.8471120890127,34.02908127773159],[-118.84980703486505,34.02908127773159],[-118.84980703486505,34.02638633187924]]]},"id":"-44101+12626","properties":{"area_sq_km":0.0,"count":1,"label":2,"latitude":34.02773380520317,"longitude":-118.84845956195441,"near_healthy_bed":1,"priority_score":1.0,"priority_tier":"monitor","recommended_action":"no_action","region_id":"channel_islands","region_name":"Channel Islands, CA","state":"CA","status":2,"status_label":"healthy"}},{"type":"Feature","geometry":{"geodesic":false,"type":"Polygon","coordinates":[[[-118.86597670997921,34.00752171091273],[-118.86328176412685,34.00752171091273],[-118.86328176412685,34.01021665676509],[-118.86597670997921,34.01021665676509],[-118.86597670997921,34.00752171091273]]]},"id":"-44107+12619","properties":{"area_sq_km":0.0,"count":1,"label":2,"latitude":34.00886918398246,"longitude":-118.8646292370734,"near_healthy_bed":1,"priority_score":1.0,"priority_tier":"monitor","recommended_action":"no_action","region_id":"channel_islands","region_name":"Channel Islands, CA","state":"CA","status":2,"status_label":"healthy"}},{"type":"Feature","geometry":{"geodesic":false,"type":"Polygon","coordinates":[[[-118.86867165583156,34.01291160261744],[-118.86597670997921,34.01291160261744],[-118.86597670997921,34.015606548469805],[-118.86867165583156,34.015606548469805],[-118.86867165583156,34.01291160261744]]]},"id":"-44108+12621","properties":{"area_sq_km":0.0,"count":1,"label":2,"latitude":34.01425907563731,"longitude":-118.86732418284707,"near_healthy_bed":1,"priority_score":1.0,"priority_tier":"monitor","recommended_action":"no_action","region_id":"channel_islands","region_name":"Channel Islands, CA","state":"CA","status":2,"status_label":"healthy"}},{"type":"Feature","geometry":{"geodesic":false,"type":"Polygon","coordinates":[[[-118.87406154753629,34.01291160261744],[-118.87136660168393,34.01291160261744],[-118.87136660168393,34.015606548469805],[-118.87406154753629,34.015606548469805],[-118.87406154753629,34.01291160261744]]]},"id":"-44110+12621","properties":{"area_sq_km":0.0,"count":1,"label":2,"latitude":34.01425907565377,"longitude":-118.87271407465241,"near_healthy_bed":1,"priority_score":1.0,"priority_tier":"monitor","recommended_action":"no_action","region_id":"channel_islands","region_name":"Channel Islands, CA","state":"CA","status":2,"status_label":"healthy"}},{"type":"Feature","geometry":{"geodesic":false,"type":"Polygon","coordinates":[[[-118.89023122265044,34.034471169436316],[-118.88753627679807,34.034471169436316],[-118.88753627679807,34.03716611528867],[-118.89023122265044,34.03716611528867],[-118.89023122265044,34.034471169436316]]]},"id":"-44116+12629","properties":{"area_sq_km":0.0,"count":1,"label":2,"latitude":34.03581864272451,"longitude":-118.88888374973263,"near_healthy_bed":1,"priority_score":1.0,"priority_tier":"monitor","recommended_action":"no_action","region_id":"channel_islands","region_name":"Channel Islands, CA","state":"CA","status":2,"status_label":"healthy"}},{"type":"Feature","geometry":{"geodesic":false,"type":"Polygon","coordinates":[[[-118.8929261685028,34.023691386026876],[-118.89023122265044,34.023691386026876],[-118.89023122265044,34.02638633187924],[-118.8929261685028,34.02638633187924],[-118.8929261685028,34.023691386026876]]]},"id":"-44117+12625","properties":{"area_sq_km":0.0,"count":1,"label":2,"latitude":34.02503885911489,"longitude":-118.89157869563175,"near_healthy_bed":1,"priority_score":1.0,"priority_tier":"monitor","recommended_action":"no_action","region_id":"channel_islands","region_name":"Channel Islands, CA","state":"CA","status":2,"status_label":"healthy"}},{"type":"Feature","geometry":{"geodesic":false,"type":"Polygon","coordinates":[[[-118.8983160602075,34.031776223583954],[-118.89562111435515,34.031776223583954],[-118.89562111435515,34.034471169436316],[-118.8983160602075,34.034471169436316],[-118.8983160602075,34.031776223583954]]]},"id":"-44119+12628","properties":{"area_sq_km":0.0,"count":1,"label":2,"latitude":34.0331236967654,"longitude":-118.89696858716984,"near_healthy_bed":1,"priority_score":1.0,"priority_tier":"monitor","recommended_action":"no_action","region_id":"channel_islands","region_name":"Channel Islands, CA","state":"CA","status":2,"status_label":"healthy"}},{"type":"Feature","geometry":{"geodesic":false,"type":"Polygon","coordinates":[[[-118.90101100605987,34.03716611528867],[-118.8983160602075,34.03716611528867],[-118.8983160602075,34.03986106114103],[-118.90101100605987,34.03986106114103],[-118.90101100605987,34.03716611528867]]]},"id":"-44120+12630","properties":{"area_sq_km":0.0,"count":1,"label":2,"latitude":34.038513588305484,"longitude":-118.89966353321478,"near_healthy_bed":1,"priority_score":1.0,"priority_tier":"monitor","recommended_action":"no_action","region_id":"channel_islands","region_name":"Channel Islands, CA","state":"CA","status":2,"status_label":"healthy"}},{"type":"Feature","geometry":{"geodesic":false,"type":"Polygon","coordinates":[[[-118.90909584361695,33.83504517636178],[-118.90909584361695,33.829655284657065],[-118.90640089776458,33.829655284657065],[-118.90640089776458,33.83235023050942],[-118.90370595191223,33.83235023050942],[-118.90370595191223,33.83504517636178],[-118.90909584361695,33.83504517636178]]]},"id":"-44122+12554","properties":{"area_sq_km":0.0,"count":3,"label":2,"latitude":33.832799384178536,"longitude":-118.9068500728375,"near_healthy_bed":1,"priority_score":1.0,"priority_tier":"monitor","recommended_action":"no_action","region_id":"channel_islands","region_name":"Channel Islands, CA","state":"CA","status":2,"status_label":"healthy"}},{"type":"Feature","geometry":{"geodesic":false,"type":"Polygon","coordinates":[[[-118.90640089776458,33.864689580737725],[-118.90370595191223,33.864689580737725],[-118.90370595191223,33.86738452659008],[-118.90640089776458,33.86738452659008],[-118.90640089776458,33.864689580737725]]]},"id":"-44122+12566","properties":{"area_sq_km":0.0,"count":1,"label":2,"latitude":33.86603705393249,"longitude":-118.90505342482355,"near_healthy_bed":1,"priority_score":1.0,"priority_tier":"monitor","recommended_action":"no_action","region_id":"channel_islands","region_name":"Channel Islands, CA","state":"CA","status":2,"status_label":"healthy"}},{"type":"Feature","geometry":{"geodesic":false,"type":"Polygon","coordinates":[[[-118.90640089776458,33.872774418294796],[-118.90370595191223,33.872774418294796],[-118.90370595191223,33.87546936414716],[-118.90640089776458,33.87546936414716],[-118.90640089776458,33.872774418294796]]]},"id":"-44122+12569","properties":{"area_sq_km":0.0,"count":1,"label":2,"latitude":33.8741218912835,"longitude":-118.90505342480172,"near_healthy_bed":1,"priority_score":1.0,"priority_tier":"monitor","recommended_action":"no_action","region_id":"channel_islands","region_name":"Channel Islands, CA","state":"CA","status":2,"status_label":"healthy"}},{"type":"Feature","geometry":{"geodesic":false,"type":"Polygon","coordinates":[[[-118.91448573532166,34.03716611528867],[-118.91179078946931,34.03716611528867],[-118.91179078946931,34.03986106114103],[-118.91448573532166,34.03986106114103],[-118.91448573532166,34.03716611528867]]]},"id":"-44125+12630","properties":{"area_sq_km":0.0,"count":1,"label":2,"latitude":34.03851358834608,"longitude":-118.9131382624495,"near_healthy_bed":1,"priority_score":1.0,"priority_tier":"monitor","recommended_action":"no_action","region_id":"channel_islands","region_name":"Channel Islands, CA","state":"CA","status":2,"status_label":"healthy"}},{"type":"Feature","geometry":{"geodesic":false,"type":"Polygon","coordinates":[[[-118.93604530214053,33.802705826133476],[-118.93335035628817,33.802705826133476],[-118.93335035628817,33.80540077198584],[-118.93604530214053,33.80540077198584],[-118.93604530214053,33.802705826133476]]]},"id":"-44133+12543","properties":{"area_sq_km":0.0,"count":1,"label":2,"latitude":33.80405329910445,"longitude":-118.93469782930475,"near_healthy_bed":1,"priority_score":1.0,"priority_tier":"monitor","recommended_action":"no_action","region_id":"channel_islands","region_name":"Channel Islands, CA","state":"CA","status":2,"status_label":"healthy"}},{"type":"Feature","geometry":{"geodesic":false,"type":"Polygon","coordinates":[[[-118.93604530214053,34.015606548469805],[-118.93335035628817,34.015606548469805],[-118.93335035628817,34.01830149432216],[-118.93604530214053,34.01830149432216],[-118.93604530214053,34.015606548469805]]]},"id":"-44133+12622","properties":{"area_sq_km":0.0,"count":1,"label":2,"latitude":34.01695402151607,"longitude":-118.93469782928216,"near_healthy_bed":1,"priority_score":1.0,"priority_tier":"monitor","recommended_action":"no_action","region_id":"channel_islands","region_name":"Channel Islands, CA","state":"CA","status":2,"status_label":"healthy"}},{"type":"Feature","geometry":{"geodesic":false,"type":"Polygon","coordinates":[[[-118.9387402479929,34.02908127773159],[-118.93604530214053,34.02908127773159],[-118.93604530214053,34.031776223583954],[-118.9387402479929,34.031776223583954],[-118.9387402479929,34.02908127773159]]]},"id":"-44134+12627","properties":{"area_sq_km":0.0,"count":1,"label":2,"latitude":34.03042875070006,"longitude":-118.9373927749402,"near_healthy_bed":1,"priority_score":1.0,"priority_tier":"monitor","recommended_action":"no_action","region_id":"channel_islands","region_name":"Channel Islands, CA","state":"CA","status":2,"status_label":"healthy"}},{"type":"Feature","geometry":{"geodesic":false,"type":"Polygon","coordinates":[[[-118.94143519384525,33.85121485147593],[-118.9387402479929,33.85121485147593],[-118.9387402479929,33.85390979732829],[-118.94143519384525,33.85390979732829],[-118.94143519384525,33.85121485147593]]]},"id":"-44135+12561","properties":{"area_sq_km":0.0,"count":1,"label":2,"latitude":33.85256232461617,"longitude":-118.94008772103626,"near_healthy_bed":1,"priority_score":1.0,"priority_tier":"monitor","recommended_action":"no_action","region_id":"channel_islands","region_name":"Channel Islands, CA","state":"CA","status":2,"status_label":"healthy"}},{"type":"Feature","geometry":{"geodesic":false,"type":"Polygon","coordinates":[[[-118.98185938163063,34.050640844550465],[-118.97916443577827,34.050640844550465],[-118.97916443577827,34.05333579040282],[-118.98185938163063,34.05333579040282],[-118.98185938163063,34.050640844550465]]]},"id":"-44150+12635","properties":{"area_sq_km":0.0,"count":1,"label":2,"latitude":34.051988317553445,"longitude":-118.98051190873915,"near_healthy_bed":1,"priority_score":1.0,"priority_tier":"monitor","recommended_action":"no_action","region_id":"channel_islands","region_name":"Channel Islands, CA","state":"CA","status":2,"status_label":"healthy"}},{"type":"Feature","geometry":{"geodesic":false,"type":"Polygon","coordinates":[[[-118.98724927333535,34.0479458986981],[-118.98455432748298,34.0479458986981],[-118.98455432748298,34.050640844550465],[-118.98724927333535,34.050640844550465],[-118.98724927333535,34.0479458986981]]]},"id":"-44152+12634","properties":{"area_sq_km":0.0,"count":1,"label":2,"latitude":34.04929337191372,"longitude":-118.98590180033713,"near_healthy_bed":1,"priority_score":1.0,"priority_tier":"monitor","recommended_action":"no_action","region_id":"channel_islands","region_name":"Channel Islands, CA","state":"CA","status":2,"status_label":"healthy"}},{"type":"Feature","geometry":{"geodesic":false,"type":"Polygon","coordinates":[[[-118.9899442191877,34.0479458986981],[-118.9899442191877,34.04525095284575],[-118.99263916504006,34.04525095284575],[-118.99263916504006,34.0479458986981],[-118.99533411089241,34.0479458986981],[-118.99533411089241,34.03986106114103],[-118.9899442191877,34.03986106114103],[-118.9899442191877,34.04255600699339],[-118.98724927333535,34.04255600699339],[-118.98724927333535,34.0479458986981],[-118.9899442191877,34.0479458986981]]]},"id":"-44153+12633","properties":{"area_sq_km":1.0,"count":7,"label":2,"latitude":34.043903457850064,"longitude":-118.9916767073267,"near_healthy_bed":1,"priority_score":1.0,"priority_tier":"monitor","recommended_action":"no_action","region_id":"channel_islands","region_name":"Channel Islands, CA","state":"CA","status":2,"status_label":"healthy"}},{"type":"Feature","geometry":{"geodesic":false,"type":"Polygon","coordinates":[[[-118.99533411089241,34.01830149432216],[-118.9899442191877,34.01830149432216],[-118.9899442191877,34.023691386026876],[-118.99533411089241,34.023691386026876],[-118.99533411089241,34.01830149432216]]]},"id":"-44154+12624","properties":{"area_sq_km":0.0,"count":4,"label":2,"latitude":34.02099644108435,"longitude":-118.99263916497578,"near_healthy_bed":1,"priority_score":1.0,"priority_tier":"monitor","recommended_action":"no_action","region_id":"channel_islands","region_name":"Channel Islands, CA","state":"CA","status":2,"status_label":"healthy"}},{"type":"Feature","geometry":{"geodesic":false,"type":"Polygon","coordinates":[[[-118.99533411089241,34.034471169436316],[-118.9899442191877,34.034471169436316],[-118.9899442191877,34.03716611528867],[-118.99533411089241,34.03716611528867],[-118.99533411089241,34.034471169436316]]]},"id":"-44154+12629","properties":{"area_sq_km":0.0,"count":2,"label":2,"latitude":34.03581866455771,"longitude":-118.99263916495352,"near_healthy_bed":1,"priority_score":1.0,"priority_tier":"monitor","recommended_action":"no_action","region_id":"channel_islands","region_name":"Channel Islands, CA","state":"CA","status":2,"status_label":"healthy"}},{"type":"Feature","geometry":{"geodesic":false,"type":"Polygon","coordinates":[[[-118.99263916504006,34.05872568210754],[-118.9899442191877,34.05872568210754],[-118.9899442191877,34.0614206279599],[-118.99263916504006,34.0614206279599],[-118.99263916504006,34.05872568210754]]]},"id":"-44154+12638","properties":{"area_sq_km":0.0,"count":1,"label":2,"latitude":34.06007315495748,"longitude":-118.99129169205641,"near_healthy_bed":1,"priority_score":1.0,"priority_tier":"monitor","recommended_action":"no_action","region_id":"channel_islands","region_name":"Channel Islands, CA","state":"CA","status":2,"status_label":"healthy"}},{"type":"Feature","geometry":{"geodesic":false,"type":"Polygon","coordinates":[[[-118.99263916504006,34.0614206279599],[-118.9899442191877,34.0614206279599],[-118.9899442191877,34.06411557381226],[-118.99263916504006,34.06411557381226],[-118.99263916504006,34.0614206279599]]]},"id":"-44154+12639","properties":{"area_sq_km":0.0,"count":1,"label":1,"latitude":34.06276810124461,"longitude":-118.99129169201721,"near_healthy_bed":1,"priority_score":1.0,"priority_tier":"monitor","recommended_action":"monitor_and_replant","region_id":"channel_islands","region_name":"Channel Islands, CA","state":"CA","status":1,"status_label":"recovering"}},{"type":"Feature","geometry":{"geodesic":false,"type":"Polygon","coordinates":[[[-119.00072400259714,34.023691386026876],[-118.99533411089241,34.023691386026876],[-118.99533411089241,34.02638633187924],[-119.00072400259714,34.02638633187924],[-119.00072400259714,34.023691386026876]]]},"id":"-44156+12625","properties":{"area_sq_km":0.0,"count":2,"label":2,"latitude":34.025038881068916,"longitude":-118.99802905673391,"near_healthy_bed":1,"priority_score":1.0,"priority_tier":"monitor","recommended_action":"no_action","region_id":"channel_islands","region_name":"Channel Islands, CA","state":"CA","status":2,"status_label":"healthy"}},{"type":"Feature","geometry":{"geodesic":false,"type":"Polygon","coordinates":[[[-118.99802905674478,34.03716611528867],[-118.99533411089241,34.03716611528867],[-118.99533411089241,34.03986106114103],[-118.99802905674478,34.03986106114103],[-118.99802905674478,34.03716611528867]]]},"id":"-44156+12630","properties":{"area_sq_km":0.0,"count":1,"label":2,"latitude":34.03851358831709,"longitude":-118.99668158391522,"near_healthy_bed":1,"priority_score":1.0,"priority_tier":"monitor","recommended_action":"no_action","region_id":"channel_islands","region_name":"Channel Islands, CA","state":"CA","status":2,"status_label":"healthy"}},{"type":"Feature","geometry":{"geodesic":false,"type":"Polygon","coordinates":[[[-119.00072400259714,33.86738452659008],[-118.99802905674478,33.86738452659008],[-118.99802905674478,33.87007947244244],[-119.00072400259714,33.87007947244244],[-119.00072400259714,33.86738452659008]]]},"id":"-44157+12567","properties":{"area_sq_km":0.0,"count":1,"label":2,"latitude":33.868731999719124,"longitude":-118.9993765296536,"near_healthy_bed":1,"priority_score":1.0,"priority_tier":"monitor","recommended_action":"no_action","region_id":"channel_islands","region_name":"Channel Islands, CA","state":"CA","status":2,"status_label":"healthy"}},{"type":"Feature","geometry":{"geodesic":false,"type":"Polygon","coordinates":[[[-119.0168936777113,33.92667333534197],[-119.01419873185893,33.92667333534197],[-119.01419873185893,33.92936828119433],[-119.0168936777113,33.92936828119433],[-119.0168936777113,33.92667333534197]]]},"id":"-44163+12589","properties":{"area_sq_km":0.0,"count":1,"label":2,"latitude":33.92802080858296,"longitude":-119.0155462047107,"near_healthy_bed":1,"priority_score":1.0,"priority_tier":"monitor","recommended_action":"no_action","region_id":"channel_islands","region_name":"Channel Islands, CA","state":"CA","status":2,"status_label":"healthy"}},{"type":"Feature","geometry":{"geodesic":false,"type":"Polygon","coordinates":[[[-119.02497851526836,33.93206322704669],[-119.02497851526836,33.92397838948961],[-119.01958862356365,33.92397838948961],[-119.01958862356365,33.92667333534197],[-119.022283569416,33.92667333534197],[-119.022283569416,33.93206322704669],[-119.02497851526836,33.93206322704669]]]},"id":"-44166+12590","properties":{"area_sq_km":0.0,"count":4,"label":2,"latitude":33.927347028078586,"longitude":-119.02295727581122,"near_healthy_bed":1,"priority_score":1.0,"priority_tier":"monitor","recommended_action":"no_action","region_id":"channel_islands","region_name":"Channel Islands, CA","state":"CA","status":2,"status_label":"healthy"}},{"type":"Feature","geometry":{"geodesic":false,"type":"Polygon","coordinates":[[[-119.03036840697308,33.918588497784896],[-119.02767346112073,33.918588497784896],[-119.02767346112073,33.92128344363725],[-119.03036840697308,33.92128344363725],[-119.03036840697308,33.918588497784896]]]},"id":"-44168+12586","properties":{"area_sq_km":0.0,"count":1,"label":0,"latitude":33.91993597099168,"longitude":-119.0290209340976,"near_healthy_bed":1,"priority_score":1.0,"priority_tier":"monitor","recommended_action":"urchin_removal_then_replant","region_id":"channel_islands","region_name":"Channel Islands, CA","state":"CA","status":0,"status_label":"barren"}},{"type":"Feature","geometry":{"geodesic":false,"type":"Polygon","coordinates":[[[-119.03306335282544,33.89702893096602],[-119.03036840697308,33.89702893096602],[-119.03036840697308,33.899723876818385],[-119.03306335282544,33.899723876818385],[-119.03306335282544,33.89702893096602]]]},"id":"-44169+12578","properties":{"area_sq_km":0.0,"count":1,"label":0,"latitude":33.898376404011216,"longitude":-119.03171587994832,"near_healthy_bed":1,"priority_score":1.0,"priority_tier":"monitor","recommended_action":"urchin_removal_then_replant","region_id":"channel_islands","region_name":"Channel Islands, CA","state":"CA","status":0,"status_label":"barren"}},{"type":"Feature","geometry":{"geodesic":false,"type":"Polygon","coordinates":[[[-119.03306335282544,33.90241882267074],[-119.03036840697308,33.90241882267074],[-119.03036840697308,33.9051137685231],[-119.03306335282544,33.9051137685231],[-119.03306335282544,33.90241882267074]]]},"id":"-44169+12580","properties":{"area_sq_km":0.0,"count":1,"label":0,"latitude":33.903766295806705,"longitude":-119.03171587999663,"near_healthy_bed":1,"priority_score":1.0,"priority_tier":"monitor","recommended_action":"urchin_removal_then_replant","region_id":"channel_islands","region_name":"Channel Islands, CA","state":"CA","status":0,"status_label":"barren"}},{"type":"Feature","geometry":{"geodesic":false,"type":"Polygon","coordinates":[[[-119.03306335282544,33.89702893096602],[-119.03306335282544,33.88624914755659],[-119.03036840697308,33.88624914755659],[-119.03036840697308,33.89433398511367],[-119.02767346112073,33.89433398511367],[-119.02767346112073,33.9051137685231],[-119.02497851526836,33.9051137685231],[-119.02497851526836,33.90780871437546],[-119.01958862356365,33.90780871437546],[-119.01958862356365,33.92128344363725],[-119.02767346112073,33.92128344363725],[-119.02767346112073,33.92397838948961],[-119.03036840697308,33.92397838948961],[-119.03036840697308,33.92936828119433],[-119.03306335282544,33.92936828119433],[-119.03306335282544,33.92128344363725],[-119.0357582986778,33.92128344363725],[-119.0357582986778,33.92397838948961],[-119.03845324453016,33.92397838948961],[-119.03845324453016,33.92667333534197],[-119.04114819038251,33.92667333534197],[-119.04114819038251,33.92936828119433],[-119.0492330279396,33.92936828119433],[-119.0492330279396,33.92397838948961],[-119.04384313623487,33.92397838948961],[-119.04384313623487,33.92128344363725],[-119.05192797379195,33.92128344363725],[-119.05192797379195,33.91319860608018],[-119.0546229196443,33.91319860608018],[-119.0546229196443,33.89702893096602],[-119.06001281134903,33.89702893096602],[-119.06001281134903,33.883554201704236],[-119.0492330279396,33.883554201704236],[-119.0492330279396,33.88624914755659],[-119.04653808208724,33.88624914755659],[-119.04653808208724,33.88894409340895],[-119.0492330279396,33.88894409340895],[-119.0492330279396,33.89163903926131],[-119.05192797379195,33.89163903926131],[-119.05192797379195,33.89433398511367],[-119.0492330279396,33.89433398511367],[-119.0492330279396,33.89702893096602],[-119.05192797379195,33.89702893096602],[-119.05192797379195,33.9051137685231],[-119.0492330279396,33.9051137685231],[-119.0492330279396,33.90780871437546],[-119.04384313623487,33.90780871437546],[-119.04384313623487,33.91050366022782],[-119.03845324453016,33.91050366022782],[-119.03845324453016,33.90241882267074],[-119.0357582986778,33.90241882267074],[-119.0357582986778,33.899723876818385],[-119.03845324453016,33.899723876818385],[-119.03845324453016,33.89702893096602],[-119.03306335282544,33.89702893096602]],[[-119.03306335282544,33.89702893096602],[-119.03036840697308,33.89702893096602],[-119.03036840697308,33.899723876818385],[-119.03306335282544,33.899723876818385],[-119.03306335282544,33.89702893096602]],[[-119.02767346112073,33.92128344363725],[-119.03036840697308,33.92128344363725],[-119.03036840697308,33.918588497784896],[-119.02767346112073,33.918588497784896],[-119.02767346112073,33.92128344363725]],[[-119.03306335282544,33.90241882267074],[-119.03036840697308,33.90241882267074],[-119.03036840697308,33.9051137685231],[-119.03306335282544,33.9051137685231],[-119.03306335282544,33.90241882267074]]]},"id":"-44169+12589","properties":{"area_sq_km":9.0,"count":117,"label":2,"latitude":33.90878654472309,"longitude":-119.03982489918178,"near_healthy_bed":1,"priority_score":1.0,"priority_tier":"monitor","recommended_action":"no_action","region_id":"channel_islands","region_name":"Channel Islands, CA","state":"CA","status":2,"status_label":"healthy"}},{"type":"Feature","geometry":{"geodesic":false,"type":"Polygon","coordinates":[[[-119.0357582986778,33.880859255851874],[-119.03306335282544,33.880859255851874],[-119.03306335282544,33.883554201704236],[-119.0357582986778,33.883554201704236],[-119.0357582986778,33.880859255851874]]]},"id":"-44170+12572","properties":{"area_sq_km":0.0,"count":1,"label":2,"latitude":33.88220672915754,"longitude":-119.03441082584266,"near_healthy_bed":1,"priority_score":1.0,"priority_tier":"monitor","recommended_action":"no_action","region_id":"channel_islands","region_name":"Channel Islands, CA","state":"CA","status":2,"status_label":"healthy"}},{"type":"Feature","geometry":{"geodesic":false,"type":"Polygon","coordinates":[[[-119.04384313623487,33.9051137685231],[-119.04384313623487,33.899723876818385],[-119.04653808208724,33.899723876818385],[-119.04653808208724,33.89433398511367],[-119.04384313623487,33.89433398511367],[-119.04384313623487,33.89702893096602],[-119.04114819038251,33.89702893096602],[-119.04114819038251,33.9051137685231],[-119.04384313623487,33.9051137685231]]]},"id":"-44173+12580","properties":{"area_sq_km":0.0,"count":5,"label":2,"latitude":33.89945430092165,"longitude":-119.04357370296735,"near_healthy_bed":1,"priority_score":1.0,"priority_tier":"monitor","recommended_action":"no_action","region_id":"channel_islands","region_name":"Channel Islands, CA","state":"CA","status":2,"status_label":"healthy"}},{"type":"Feature","geometry":{"geodesic":false,"type":"Polygon","coordinates":[[[-119.04384313623487,33.93206322704669],[-119.04114819038251,33.93206322704669],[-119.04114819038251,33.93745311875141],[-119.04384313623487,33.93745311875141],[-119.04384313623487,33.93206322704669]]]},"id":"-44173+12592","properties":{"area_sq_km":0.0,"count":2,"label":2,"latitude":33.93475815181133,"longitude":-119.04249566326146,"near_healthy_bed":1,"priority_score":1.0,"priority_tier":"monitor","recommended_action":"no_action","region_id":"channel_islands","region_name":"Channel Islands, CA","state":"CA","status":2,"status_label":"healthy"}},{"type":"Feature","geometry":{"geodesic":false,"type":"Polygon","coordinates":[[[-119.04653808208724,34.00752171091273],[-119.04114819038251,34.00752171091273],[-119.04114819038251,34.01021665676509],[-119.04653808208724,34.01021665676509],[-119.04653808208724,34.00752171091273]]]},"id":"-44173+12619","properties":{"area_sq_km":0.0,"count":2,"label":2,"latitude":34.00886920606538,"longitude":-119.04384313619957,"near_healthy_bed":1,"priority_score":1.0,"priority_tier":"monitor","recommended_action":"no_action","region_id":"channel_islands","region_name":"Channel Islands, CA","state":"CA","status":2,"status_label":"healthy"}},{"type":"Feature","geometry":{"geodesic":false,"type":"Polygon","coordinates":[[[-119.05192797379195,34.00752171091273],[-119.0492330279396,34.00752171091273],[-119.0492330279396,34.01021665676509],[-119.05192797379195,34.01021665676509],[-119.05192797379195,34.00752171091273]]]},"id":"-44176+12619","properties":{"area_sq_km":0.0,"count":1,"label":2,"latitude":34.00886918399415,"longitude":-119.05058050097092,"near_healthy_bed":1,"priority_score":1.0,"priority_tier":"monitor","recommended_action":"no_action","region_id":"channel_islands","region_name":"Channel Islands, CA","state":"CA","status":2,"status_label":"healthy"}},{"type":"Feature","geometry":{"geodesic":false,"type":"Polygon","coordinates":[[[-119.06270775720138,33.880859255851874],[-119.06001281134903,33.880859255851874],[-119.06001281134903,33.883554201704236],[-119.06270775720138,33.883554201704236],[-119.06270775720138,33.880859255851874]]]},"id":"-44180+12572","properties":{"area_sq_km":0.0,"count":1,"label":2,"latitude":33.882206729112525,"longitude":-119.06136028424714,"near_healthy_bed":1,"priority_score":1.0,"priority_tier":"monitor","recommended_action":"no_action","region_id":"channel_islands","region_name":"Channel Islands, CA","state":"CA","status":2,"status_label":"healthy"}},{"type":"Feature","geometry":{"geodesic":false,"type":"Polygon","coordinates":[[[-119.15433591618158,33.87816430999951],[-119.15164097032921,33.87816430999951],[-119.15164097032921,33.880859255851874],[-119.15433591618158,33.880859255851874],[-119.15433591618158,33.87816430999951]]]},"id":"-44214+12571","properties":{"area_sq_km":0.0,"count":1,"label":2,"latitude":33.87951178305119,"longitude":-119.15298844337688,"near_healthy_bed":1,"priority_score":1.0,"priority_tier":"monitor","recommended_action":"no_action","region_id":"channel_islands","region_name":"Channel Islands, CA","state":"CA","status":2,"status_label":"healthy"}},{"type":"Feature","geometry":{"geodesic":false,"type":"Polygon","coordinates":[[[-119.16242075373866,33.87546936414716],[-119.15972580788629,33.87546936414716],[-119.15972580788629,33.87816430999951],[-119.16242075373866,33.87816430999951],[-119.16242075373866,33.87546936414716]]]},"id":"-44217+12570","properties":{"area_sq_km":0.0,"count":1,"label":2,"latitude":33.87681683738629,"longitude":-119.16107328090993,"near_healthy_bed":1,"priority_score":1.0,"priority_tier":"monitor","recommended_action":"no_action","region_id":"channel_islands","region_name":"Channel Islands, CA","state":"CA","status":2,"status_label":"healthy"}},{"type":"Feature","geometry":{"geodesic":false,"type":"Polygon","coordinates":[[[-119.32142255902781,34.04255600699339],[-119.31872761317545,34.04255600699339],[-119.31872761317545,34.04525095284575],[-119.32142255902781,34.04525095284575],[-119.32142255902781,34.04255600699339]]]},"id":"-44276+12632","properties":{"area_sq_km":0.0,"count":1,"label":2,"latitude":34.04390348006073,"longitude":-119.32007508596696,"near_healthy_bed":1,"priority_score":1.0,"priority_tier":"monitor","recommended_action":"no_action","region_id":"channel_islands","region_name":"Channel Islands, CA","state":"CA","status":2,"status_label":"healthy"}},{"type":"Feature","geometry":{"geodesic":false,"type":"Polygon","coordinates":[[[-119.32411750488016,33.94823290216084],[-119.32142255902781,33.94823290216084],[-119.32142255902781,33.950927848013194],[-119.32411750488016,33.950927848013194],[-119.32411750488016,33.94823290216084]]]},"id":"-44277+12597","properties":{"area_sq_km":0.0,"count":1,"label":2,"latitude":33.94958037528841,"longitude":-119.32277003208439,"near_healthy_bed":1,"priority_score":1.0,"priority_tier":"monitor","recommended_action":"no_action","region_id":"channel_islands","region_name":"Channel Islands, CA","state":"CA","status":2,"status_label":"healthy"}},{"type":"Feature","geometry":{"geodesic":false,"type":"Polygon","coordinates":[[[-119.32681245073252,33.95631773971792],[-119.32411750488016,33.95631773971792],[-119.32411750488016,33.95901268557027],[-119.32681245073252,33.95901268557027],[-119.32681245073252,33.95631773971792]]]},"id":"-44278+12600","properties":{"area_sq_km":0.0,"count":1,"label":2,"latitude":33.957665212958325,"longitude":-119.32546497776814,"near_healthy_bed":1,"priority_score":1.0,"priority_tier":"monitor","recommended_action":"no_action","region_id":"channel_islands","region_name":"Channel Islands, CA","state":"CA","status":2,"status_label":"healthy"}},{"type":"Feature","geometry":{"geodesic":false,"type":"Polygon","coordinates":[[[-119.32681245073252,34.0479458986981],[-119.32411750488016,34.0479458986981],[-119.32411750488016,34.050640844550465],[-119.32681245073252,34.050640844550465],[-119.32681245073252,34.0479458986981]]]},"id":"-44278+12634","properties":{"area_sq_km":0.0,"count":1,"label":2,"latitude":34.049293371869524,"longitude":-119.32546497780496,"near_healthy_bed":1,"priority_score":1.0,"priority_tier":"monitor","recommended_action":"no_action","region_id":"channel_islands","region_name":"Channel Islands, CA","state":"CA","status":2,"status_label":"healthy"}},{"type":"Feature","geometry":{"geodesic":false,"type":"Polygon","coordinates":[[[-119.3348972882896,33.94284301045612],[-119.33220234243724,33.94284301045612],[-119.33220234243724,33.94553795630848],[-119.3348972882896,33.94553795630848],[-119.3348972882896,33.94284301045612]]]},"id":"-44281+12595","properties":{"area_sq_km":0.0,"count":1,"label":2,"latitude":33.944190483666986,"longitude":-119.33354981537514,"near_healthy_bed":1,"priority_score":1.0,"priority_tier":"monitor","recommended_action":"no_action","region_id":"channel_islands","region_name":"Channel Islands, CA","state":"CA","status":2,"status_label":"healthy"}},{"type":"Feature","geometry":{"geodesic":false,"type":"Polygon","coordinates":[[[-119.33759223414195,34.02638633187924],[-119.3348972882896,34.02638633187924],[-119.3348972882896,34.02908127773159],[-119.33759223414195,34.02908127773159],[-119.33759223414195,34.02638633187924]]]},"id":"-44282+12626","properties":{"area_sq_km":0.0,"count":1,"label":2,"latitude":34.0277338051911,"longitude":-119.3362447610825,"near_healthy_bed":1,"priority_score":1.0,"priority_tier":"monitor","recommended_action":"no_action","region_id":"channel_islands","region_name":"Channel Islands, CA","state":"CA","status":2,"status_label":"healthy"}},{"type":"Feature","geometry":{"geodesic":false,"type":"Polygon","coordinates":[[[-119.34028717999432,33.953622793865556],[-119.33759223414195,33.953622793865556],[-119.33759223414195,33.95631773971792],[-119.34028717999432,33.95631773971792],[-119.34028717999432,33.953622793865556]]]},"id":"-44283+12599","properties":{"area_sq_km":0.0,"count":1,"label":2,"latitude":33.95497026701509,"longitude":-119.33893970708765,"near_healthy_bed":1,"priority_score":1.0,"priority_tier":"monitor","recommended_action":"no_action","region_id":"channel_islands","region_name":"Channel Islands, CA","state":"CA","status":2,"status_label":"healthy"}},{"type":"Feature","geometry":{"geodesic":false,"type":"Polygon","coordinates":[[[-119.34298212584667,33.95631773971792],[-119.34028717999432,33.95631773971792],[-119.34028717999432,33.95901268557027],[-119.34298212584667,33.95901268557027],[-119.34298212584667,33.95631773971792]]]},"id":"-44284+12600","properties":{"area_sq_km":0.0,"count":1,"label":2,"latitude":33.95766521296781,"longitude":-119.34163465294147,"near_healthy_bed":1,"priority_score":1.0,"priority_tier":"monitor","recommended_action":"no_action","region_id":"channel_islands","region_name":"Channel Islands, CA","state":"CA","status":2,"status_label":"healthy"}},{"type":"Feature","geometry":{"geodesic":false,"type":"Polygon","coordinates":[[[-119.34567707169903,33.94284301045612],[-119.34298212584667,33.94284301045612],[-119.34298212584667,33.94553795630848],[-119.34567707169903,33.94553795630848],[-119.34567707169903,33.94284301045612]]]},"id":"-44285+12595","properties":{"area_sq_km":0.0,"count":1,"label":2,"latitude":33.94419048374208,"longitude":-119.3443295988368,"near_healthy_bed":1,"priority_score":1.0,"priority_tier":"monitor","recommended_action":"no_action","region_id":"channel_islands","region_name":"Channel Islands, CA","state":"CA","status":2,"status_label":"healthy"}},{"type":"Feature","geometry":{"geodesic":false,"type":"Polygon","coordinates":[[[-119.3483720175514,33.953622793865556],[-119.34567707169903,33.953622793865556],[-119.34567707169903,33.95631773971792],[-119.3483720175514,33.95631773971792],[-119.3483720175514,33.953622793865556]]]},"id":"-44286+12599","properties":{"area_sq_km":0.0,"count":1,"label":2,"latitude":33.95497026699043,"longitude":-119.34702454455461,"near_healthy_bed":1,"priority_score":1.0,"priority_tier":"monitor","recommended_action":"no_action","region_id":"channel_islands","region_name":"Channel Islands, CA","state":"CA","status":2,"status_label":"healthy"}},{"type":"Feature","geometry":{"geodesic":false,"type":"Polygon","coordinates":[[[-119.3483720175514,34.05603073625518],[-119.34567707169903,34.05603073625518],[-119.34567707169903,34.0614206279599],[-119.3483720175514,34.0614206279599],[-119.3483720175514,34.05603073625518]]]},"id":"-44286+12638","properties":{"area_sq_km":0.0,"count":2,"label":2,"latitude":34.05872566074574,"longitude":-119.34702454444297,"near_healthy_bed":1,"priority_score":1.0,"priority_tier":"monitor","recommended_action":"no_action","region_id":"channel_islands","region_name":"Channel Islands, CA","state":"CA","status":2,"status_label":"healthy"}},{"type":"Feature","geometry":{"geodesic":false,"type":"Polygon","coordinates":[[[-119.35376190925611,33.95901268557027],[-119.35106696340375,33.95901268557027],[-119.35106696340375,33.961707631422634],[-119.35376190925611,33.961707631422634],[-119.35376190925611,33.95901268557027]]]},"id":"-44288+12601","properties":{"area_sq_km":0.0,"count":1,"label":2,"latitude":33.960360158716476,"longitude":-119.35241443637453,"near_healthy_bed":1,"priority_score":1.0,"priority_tier":"monitor","recommended_action":"no_action","region_id":"channel_islands","region_name":"Channel Islands, CA","state":"CA","status":2,"status_label":"healthy"}},{"type":"Feature","geometry":{"geodesic":false,"type":"Polygon","coordinates":[[[-119.35376190925611,34.01830149432216],[-119.35106696340375,34.01830149432216],[-119.35106696340375,34.02099644017452],[-119.35376190925611,34.02099644017452],[-119.35376190925611,34.01830149432216]]]},"id":"-44288+12623","properties":{"area_sq_km":0.0,"count":1,"label":2,"latitude":34.019648967560755,"longitude":-119.35241443634807,"near_healthy_bed":1,"priority_score":1.0,"priority_tier":"monitor","recommended_action":"no_action","region_id":"channel_islands","region_name":"Channel Islands, CA","state":"CA","status":2,"status_label":"healthy"}},{"type":"Feature","geometry":{"geodesic":false,"type":"Polygon","coordinates":[[[-119.35645685510846,34.050640844550465],[-119.35376190925611,34.050640844550465],[-119.35376190925611,34.05333579040282],[-119.35645685510846,34.05333579040282],[-119.35645685510846,34.050640844550465]]]},"id":"-44289+12635","properties":{"area_sq_km":0.0,"count":1,"label":2,"latitude":34.05198831753787,"longitude":-119.3551093820536,"near_healthy_bed":1,"priority_score":1.0,"priority_tier":"monitor","recommended_action":"no_action","region_id":"channel_islands","region_name":"Channel Islands, CA","state":"CA","status":2,"status_label":"healthy"}},{"type":"Feature","geometry":{"geodesic":false,"type":"Polygon","coordinates":[[[-119.35645685510846,34.05872568210754],[-119.35376190925611,34.05872568210754],[-119.35376190925611,34.0614206279599],[-119.35645685510846,34.0614206279599],[-119.35645685510846,34.05872568210754]]]},"id":"-44289+12638","properties":{"area_sq_km":0.0,"count":1,"label":2,"latitude":34.06007315496184,"longitude":-119.35510938205594,"near_healthy_bed":1,"priority_score":1.0,"priority_tier":"monitor","recommended_action":"no_action","region_id":"channel_islands","region_name":"Channel Islands, CA","state":"CA","status":2,"status_label":"healthy"}},{"type":"Feature","geometry":{"geodesic":false,"type":"Polygon","coordinates":[[[-119.36184674681319,33.95901268557027],[-119.35915180096083,33.95901268557027],[-119.35915180096083,33.961707631422634],[-119.36184674681319,33.961707631422634],[-119.36184674681319,33.95901268557027]]]},"id":"-44291+12601","properties":{"area_sq_km":0.0,"count":1,"label":2,"latitude":33.96036015868442,"longitude":-119.36049927383267,"near_healthy_bed":1,"priority_score":1.0,"priority_tier":"monitor","recommended_action":"no_action","region_id":"channel_islands","region_name":"Channel Islands, CA","state":"CA","status":2,"status_label":"healthy"}},{"type":"Feature","geometry":{"geodesic":false,"type":"Polygon","coordinates":[[[-119.36454169266554,34.03716611528867],[-119.36184674681319,34.03716611528867],[-119.36184674681319,34.03986106114103],[-119.36454169266554,34.03986106114103],[-119.36454169266554,34.03716611528867]]]},"id":"-44292+12630","properties":{"area_sq_km":0.0,"count":1,"label":2,"latitude":34.038513588279386,"longitude":-119.36319421976341,"near_healthy_bed":1,"priority_score":1.0,"priority_tier":"monitor","recommended_action":"no_action","region_id":"channel_islands","region_name":"Channel Islands, CA","state":"CA","status":2,"status_label":"healthy"}},{"type":"Feature","geometry":{"geodesic":false,"type":"Polygon","coordinates":[[[-119.36454169266554,34.05872568210754],[-119.36184674681319,34.05872568210754],[-119.36184674681319,34.06411557381226],[-119.36454169266554,34.06411557381226],[-119.36454169266554,34.05872568210754]]]},"id":"-44292+12639","properties":{"area_sq_km":0.0,"count":2,"label":2,"latitude":34.06142060667048,"longitude":-119.36319421983494,"near_healthy_bed":1,"priority_score":1.0,"priority_tier":"monitor","recommended_action":"no_action","region_id":"channel_islands","region_name":"Channel Islands, CA","state":"CA","status":2,"status_label":"healthy"}},{"type":"Feature","geometry":{"geodesic":false,"type":"Polygon","coordinates":[[[-119.36723663851791,33.915893551932534],[-119.36454169266554,33.915893551932534],[-119.36454169266554,33.918588497784896],[-119.36723663851791,33.918588497784896],[-119.36723663851791,33.915893551932534]]]},"id":"-44293+12585","properties":{"area_sq_km":0.0,"count":1,"label":2,"latitude":33.917241025007705,"longitude":-119.36588916561668,"near_healthy_bed":1,"priority_score":1.0,"priority_tier":"monitor","recommended_action":"no_action","region_id":"channel_islands","region_name":"Channel Islands, CA","state":"CA","status":2,"status_label":"healthy"}},{"type":"Feature","geometry":{"geodesic":false,"type":"Polygon","coordinates":[[[-119.36723663851791,34.05603073625518],[-119.36723663851791,34.05333579040282],[-119.36993158437026,34.05333579040282],[-119.36993158437026,34.05603073625518],[-119.37532147607497,34.05603073625518],[-119.37532147607497,34.05333579040282],[-119.37262653022262,34.05333579040282],[-119.37262653022262,34.050640844550465],[-119.36993158437026,34.050640844550465],[-119.36993158437026,34.0479458986981],[-119.36454169266554,34.0479458986981],[-119.36454169266554,34.05603073625518],[-119.36723663851791,34.05603073625518]]]},"id":"-44293+12636","properties":{"area_sq_km":1.0,"count":8,"label":2,"latitude":34.05232517739722,"longitude":-119.3689209253451,"near_healthy_bed":1,"priority_score":1.0,"priority_tier":"monitor","recommended_action":"no_action","region_id":"channel_islands","region_name":"Channel Islands, CA","state":"CA","status":2,"status_label":"healthy"}},{"type":"Feature","geometry":{"geodesic":false,"type":"Polygon","coordinates":[[[-119.36993158437026,33.90780871437546],[-119.36723663851791,33.90780871437546],[-119.36723663851791,33.91050366022782],[-119.36993158437026,33.91050366022782],[-119.36993158437026,33.90780871437546]]]},"id":"-44294+12582","properties":{"area_sq_km":0.0,"count":1,"label":2,"latitude":33.90915618761742,"longitude":-119.36858411136758,"near_healthy_bed":1,"priority_score":1.0,"priority_tier":"monitor","recommended_action":"no_action","region_id":"channel_islands","region_name":"Channel Islands, CA","state":"CA","status":2,"status_label":"healthy"}},{"type":"Feature","geometry":{"geodesic":false,"type":"Polygon","coordinates":[[[-119.37262653022262,34.0614206279599],[-119.36723663851791,34.0614206279599],[-119.36723663851791,34.06411557381226],[-119.37262653022262,34.06411557381226],[-119.37262653022262,34.0614206279599]]]},"id":"-44294+12639","properties":{"area_sq_km":0.0,"count":2,"label":2,"latitude":34.06276812323666,"longitude":-119.36993158434765,"near_healthy_bed":1,"priority_score":1.0,"priority_tier":"monitor","recommended_action":"no_action","region_id":"channel_islands","region_name":"Channel Islands, CA","state":"CA","status":2,"status_label":"healthy"}},{"type":"Feature","geometry":{"geodesic":false,"type":"Polygon","coordinates":[[[-119.37262653022262,33.95901268557027],[-119.36993158437026,33.95901268557027],[-119.36993158437026,33.961707631422634],[-119.37262653022262,33.961707631422634],[-119.37262653022262,33.95901268557027]]]},"id":"-44295+12601","properties":{"area_sq_km":0.0,"count":1,"label":2,"latitude":33.960360158746205,"longitude":-119.37127905725568,"near_healthy_bed":1,"priority_score":1.0,"priority_tier":"monitor","recommended_action":"no_action","region_id":"channel_islands","region_name":"Channel Islands, CA","state":"CA","status":2,"status_label":"healthy"}},{"type":"Feature","geometry":{"geodesic":false,"type":"Polygon","coordinates":[[[-119.37262653022262,34.069505465516976],[-119.36993158437026,34.069505465516976],[-119.36993158437026,34.07220041136933],[-119.37262653022262,34.07220041136933],[-119.37262653022262,34.069505465516976]]]},"id":"-44295+12642","properties":{"area_sq_km":0.0,"count":1,"label":2,"latitude":34.07085293870903,"longitude":-119.37127905728693,"near_healthy_bed":1,"priority_score":1.0,"priority_tier":"monitor","recommended_action":"no_action","region_id":"channel_islands","region_name":"Channel Islands, CA","state":"CA","status":2,"status_label":"healthy"}},{"type":"Feature","geometry":{"geodesic":false,"type":"Polygon","coordinates":[[[-119.37801642192734,34.03716611528867],[-119.37532147607497,34.03716611528867],[-119.37532147607497,34.04255600699339],[-119.37801642192734,34.04255600699339],[-119.37801642192734,34.03716611528867]]]},"id":"-44297+12631","properties":{"area_sq_km":0.0,"count":2,"label":2,"latitude":34.03986103993432,"longitude":-119.37666894907363,"near_healthy_bed":1,"priority_score":1.0,"priority_tier":"monitor","recommended_action":"no_action","region_id":"channel_islands","region_name":"Channel Islands, CA","state":"CA","status":2,"status_label":"healthy"}},{"type":"Feature","geometry":{"geodesic":false,"type":"Polygon","coordinates":[[[-119.37801642192734,34.069505465516976],[-119.37532147607497,34.069505465516976],[-119.37532147607497,34.07220041136933],[-119.37801642192734,34.07220041136933],[-119.37801642192734,34.069505465516976]]]},"id":"-44297+12642","properties":{"area_sq_km":0.0,"count":1,"label":2,"latitude":34.070852938746775,"longitude":-119.37666894908963,"near_healthy_bed":1,"priority_score":1.0,"priority_tier":"monitor","recommended_action":"no_action","region_id":"channel_islands","region_name":"Channel Islands, CA","state":"CA","status":2,"status_label":"healthy"}},{"type":"Feature","geometry":{"geodesic":false,"type":"Polygon","coordinates":[[[-119.38340631363205,34.01830149432216],[-119.3807113677797,34.01830149432216],[-119.3807113677797,34.02099644017452],[-119.38340631363205,34.02099644017452],[-119.38340631363205,34.01830149432216]]]},"id":"-44299+12623","properties":{"area_sq_km":0.0,"count":1,"label":2,"latitude":34.019648967545585,"longitude":-119.38205884069828,"near_healthy_bed":1,"priority_score":1.0,"priority_tier":"monitor","recommended_action":"no_action","region_id":"channel_islands","region_name":"Channel Islands, CA","state":"CA","status":2,"status_label":"healthy"}},{"type":"Feature","geometry":{"geodesic":false,"type":"Polygon","coordinates":[[[-119.3861012594844,34.04525095284575],[-119.38340631363205,34.04525095284575],[-119.38340631363205,34.0479458986981],[-119.3861012594844,34.0479458986981],[-119.3861012594844,34.04525095284575]]]},"id":"-44300+12633","properties":{"area_sq_km":0.0,"count":1,"label":0,"latitude":34.04659842592676,"longitude":-119.38475378649653,"near_healthy_bed":1,"priority_score":1.0,"priority_tier":"monitor","recommended_action":"urchin_removal_then_replant","region_id":"channel_islands","region_name":"Channel Islands, CA","state":"CA","status":0,"status_label":"barren"}},{"type":"Feature","geometry":{"geodesic":false,"type":"Polygon","coordinates":[[[-119.38879620533677,34.0479458986981],[-119.3861012594844,34.0479458986981],[-119.3861012594844,34.050640844550465],[-119.38879620533677,34.050640844550465],[-119.38879620533677,34.0479458986981]]]},"id":"-44301+12634","properties":{"area_sq_km":0.0,"count":1,"label":0,"latitude":34.04929337194289,"longitude":-119.38744873245838,"near_healthy_bed":1,"priority_score":1.0,"priority_tier":"monitor","recommended_action":"urchin_removal_then_replant","region_id":"channel_islands","region_name":"Channel Islands, CA","state":"CA","status":0,"status_label":"barren"}},{"type":"Feature","geometry":{"geodesic":false,"type":"Polygon","coordinates":[[[-119.38879620533677,34.05603073625518],[-119.38879620533677,34.050640844550465],[-119.3861012594844,34.050640844550465],[-119.3861012594844,34.0479458986981],[-119.38340631363205,34.0479458986981],[-119.38340631363205,34.04525095284575],[-119.3861012594844,34.04525095284575],[-119.3861012594844,34.04255600699339],[-119.38340631363205,34.04255600699339],[-119.38340631363205,34.03716611528867],[-119.3807113677797,34.03716611528867],[-119.3807113677797,34.04525095284575],[-119.37801642192734,34.04525095284575],[-119.37801642192734,34.05333579040282],[-119.3861012594844,34.05333579040282],[-119.3861012594844,34.05603073625518],[-119.38879620533677,34.05603073625518]]]},"id":"-44301+12636","properties":{"area_sq_km":1.0,"count":14,"label":2,"latitude":34.04794570107174,"longitude":-119.38282873717056,"near_healthy_bed":1,"priority_score":1.0,"priority_tier":"monitor","recommended_action":"no_action","region_id":"channel_islands","region_name":"Channel Islands, CA","state":"CA","status":2,"status_label":"healthy"}},{"type":"Feature","geometry":{"geodesic":false,"type":"Polygon","coordinates":[[[-119.39149115118913,34.01291160261744],[-119.38879620533677,34.01291160261744],[-119.38879620533677,34.015606548469805],[-119.39149115118913,34.015606548469805],[-119.39149115118913,34.01291160261744]]]},"id":"-44302+12621","properties":{"area_sq_km":0.0,"count":1,"label":2,"latitude":34.01425907569211,"longitude":-119.39014367813307,"near_healthy_bed":1,"priority_score":1.0,"priority_tier":"monitor","recommended_action":"no_action","region_id":"channel_islands","region_name":"Channel Islands, CA","state":"CA","status":2,"status_label":"healthy"}},{"type":"Feature","geometry":{"geodesic":false,"type":"Polygon","coordinates":[[[-119.39149115118913,34.050640844550465],[-119.39149115118913,34.0479458986981],[-119.39418609704148,34.0479458986981],[-119.39418609704148,34.04255600699339],[-119.39149115118913,34.04255600699339],[-119.39149115118913,34.03986106114103],[-119.38879620533677,34.03986106114103],[-119.38879620533677,34.04525095284575],[-119.3861012594844,34.04525095284575],[-119.3861012594844,34.0479458986981],[-119.38879620533677,34.0479458986981],[-119.38879620533677,34.050640844550465],[-119.39149115118913,34.050640844550465]]]},"id":"-44302+12634","properties":{"area_sq_km":1.0,"count":7,"label":2,"latitude":34.04544339127116,"longitude":-119.39052868447064,"near_healthy_bed":1,"priority_score":1.0,"priority_tier":"monitor","recommended_action":"no_action","region_id":"channel_islands","region_name":"Channel Islands, CA","state":"CA","status":2,"status_label":"healthy"}},{"type":"Feature","geometry":{"geodesic":false,"type":"Polygon","coordinates":[[[-119.39418609704148,34.05333579040282],[-119.39149115118913,34.05333579040282],[-119.39149115118913,34.05603073625518],[-119.39418609704148,34.05603073625518],[-119.39418609704148,34.05333579040282]]]},"id":"-44303+12636","properties":{"area_sq_km":0.0,"count":1,"label":2,"latitude":34.05468326370718,"longitude":-119.39283862410066,"near_healthy_bed":1,"priority_score":1.0,"priority_tier":"monitor","recommended_action":"no_action","region_id":"channel_islands","region_name":"Channel Islands, CA","state":"CA","status":2,"status_label":"healthy"}},{"type":"Feature","geometry":{"geodesic":false,"type":"Polygon","coordinates":[[[-119.39688104289385,33.91050366022782],[-119.39418609704148,33.91050366022782],[-119.39418609704148,33.91319860608018],[-119.39688104289385,33.91319860608018],[-119.39688104289385,33.91050366022782]]]},"id":"-44304+12583","properties":{"area_sq_km":0.0,"count":1,"label":2,"latitude":33.9118511333511,"longitude":-119.39553356998967,"near_healthy_bed":1,"priority_score":1.0,"priority_tier":"monitor","recommended_action":"no_action","region_id":"channel_islands","region_name":"Channel Islands, CA","state":"CA","status":2,"status_label":"healthy"}},{"type":"Feature","geometry":{"geodesic":false,"type":"Polygon","coordinates":[[[-119.39688104289385,34.034471169436316],[-119.39418609704148,34.034471169436316],[-119.39418609704148,34.03716611528867],[-119.39688104289385,34.03716611528867],[-119.39688104289385,34.034471169436316]]]},"id":"-44304+12629","properties":{"area_sq_km":0.0,"count":1,"label":2,"latitude":34.03581864268718,"longitude":-119.39553356998962,"near_healthy_bed":1,"priority_score":1.0,"priority_tier":"monitor","recommended_action":"no_action","region_id":"channel_islands","region_name":"Channel Islands, CA","state":"CA","status":2,"status_label":"healthy"}},{"type":"Feature","geometry":{"geodesic":false,"type":"Polygon","coordinates":[[[-119.39688104289385,34.03986106114103],[-119.39418609704148,34.03986106114103],[-119.39418609704148,34.04255600699339],[-119.39688104289385,34.04255600699339],[-119.39688104289385,34.03986106114103]]]},"id":"-44304+12631","properties":{"area_sq_km":0.0,"count":1,"label":2,"latitude":34.04120853440225,"longitude":-119.39553356997634,"near_healthy_bed":1,"priority_score":1.0,"priority_tier":"monitor","recommended_action":"no_action","region_id":"channel_islands","region_name":"Channel Islands, CA","state":"CA","status":2,"status_label":"healthy"}},{"type":"Feature","geometry":{"geodesic":false,"type":"Polygon","coordinates":[[[-119.39957598874621,34.050640844550465],[-119.39957598874621,34.04525095284575],[-119.39688104289385,34.04525095284575],[-119.39688104289385,34.0479458986981],[-119.39418609704148,34.0479458986981],[-119.39418609704148,34.050640844550465],[-119.39957598874621,34.050640844550465]]]},"id":"-44304+12634","properties":{"area_sq_km":0.0,"count":3,"label":2,"latitude":34.048395052264325,"longitude":-119.3973302179901,"near_healthy_bed":1,"priority_score":1.0,"priority_tier":"monitor","recommended_action":"no_action","region_id":"channel_islands","region_name":"Channel Islands, CA","state":"CA","status":2,"status_label":"healthy"}},{"type":"Feature","geometry":{"geodesic":false,"type":"Polygon","coordinates":[[[-119.40227093459856,33.91319860608018],[-119.39957598874621,33.91319860608018],[-119.39957598874621,33.915893551932534],[-119.40227093459856,33.915893551932534],[-119.40227093459856,33.91319860608018]]]},"id":"-44306+12584","properties":{"area_sq_km":0.0,"count":1,"label":2,"latitude":33.91454607926914,"longitude":-119.40092346164806,"near_healthy_bed":1,"priority_score":1.0,"priority_tier":"monitor","recommended_action":"no_action","region_id":"channel_islands","region_name":"Channel Islands, CA","state":"CA","status":2,"status_label":"healthy"}},{"type":"Feature","geometry":{"geodesic":false,"type":"Polygon","coordinates":[[[-119.40496588045092,33.918588497784896],[-119.39957598874621,33.918588497784896],[-119.39957598874621,33.92128344363725],[-119.40496588045092,33.92128344363725],[-119.40496588045092,33.918588497784896]]]},"id":"-44306+12586","properties":{"area_sq_km":0.0,"count":2,"label":2,"latitude":33.91993599299964,"longitude":-119.40227093456775,"near_healthy_bed":1,"priority_score":1.0,"priority_tier":"monitor","recommended_action":"no_action","region_id":"channel_islands","region_name":"Channel Islands, CA","state":"CA","status":2,"status_label":"healthy"}},{"type":"Feature","geometry":{"geodesic":false,"type":"Polygon","coordinates":[[[-119.40496588045092,34.05603073625518],[-119.40496588045092,34.05333579040282],[-119.40227093459856,34.05333579040282],[-119.40227093459856,34.050640844550465],[-119.39957598874621,34.050640844550465],[-119.39957598874621,34.05603073625518],[-119.40496588045092,34.05603073625518]]]},"id":"-44306+12636","properties":{"area_sq_km":0.0,"count":3,"label":2,"latitude":34.05378494392897,"longitude":-119.40182175948316,"near_healthy_bed":1,"priority_score":1.0,"priority_tier":"monitor","recommended_action":"no_action","region_id":"channel_islands","region_name":"Channel Islands, CA","state":"CA","status":2,"status_label":"healthy"}},{"type":"Feature","geometry":{"geodesic":false,"type":"Polygon","coordinates":[[[-119.40496588045092,33.953622793865556],[-119.40227093459856,33.953622793865556],[-119.40227093459856,33.95631773971792],[-119.40496588045092,33.95631773971792],[-119.40496588045092,33.953622793865556]]]},"id":"-44307+12599","properties":{"area_sq_km":0.0,"count":1,"label":2,"latitude":33.95497026694181,"longitude":-119.40361840743019,"near_healthy_bed":1,"priority_score":1.0,"priority_tier":"monitor","recommended_action":"no_action","region_id":"channel_islands","region_name":"Channel Islands, CA","state":"CA","status":2,"status_label":"healthy"}},{"type":"Feature","geometry":{"geodesic":false,"type":"Polygon","coordinates":[[[-119.40766082630329,34.03986106114103],[-119.40496588045092,34.03986106114103],[-119.40496588045092,34.04255600699339],[-119.40766082630329,34.04255600699339],[-119.40766082630329,34.03986106114103]]]},"id":"-44308+12631","properties":{"area_sq_km":0.0,"count":1,"label":2,"latitude":34.04120853440028,"longitude":-119.40631335336583,"near_healthy_bed":1,"priority_score":1.0,"priority_tier":"monitor","recommended_action":"no_action","region_id":"channel_islands","region_name":"Channel Islands, CA","state":"CA","status":2,"status_label":"healthy"}},{"type":"Feature","geometry":{"geodesic":false,"type":"Polygon","coordinates":[[[-119.40766082630329,34.05872568210754],[-119.40496588045092,34.05872568210754],[-119.40496588045092,34.0614206279599],[-119.40766082630329,34.0614206279599],[-119.40766082630329,34.05872568210754]]]},"id":"-44308+12638","properties":{"area_sq_km":0.0,"count":1,"label":2,"latitude":34.06007315494444,"longitude":-119.40631335341327,"near_healthy_bed":1,"priority_score":1.0,"priority_tier":"monitor","recommended_action":"no_action","region_id":"channel_islands","region_name":"Channel Islands, CA","state":"CA","status":2,"status_label":"healthy"}},{"type":"Feature","geometry":{"geodesic":false,"type":"Polygon","coordinates":[[[-119.413050718008,34.0614206279599],[-119.41035577215564,34.0614206279599],[-119.41035577215564,34.06411557381226],[-119.413050718008,34.06411557381226],[-119.413050718008,34.0614206279599]]]},"id":"-44310+12639","properties":{"area_sq_km":0.0,"count":1,"label":2,"latitude":34.0627681012873,"longitude":-119.41170324521832,"near_healthy_bed":1,"priority_score":1.0,"priority_tier":"monitor","recommended_action":"no_action","region_id":"channel_islands","region_name":"Channel Islands, CA","state":"CA","status":2,"status_label":"healthy"}},{"type":"Feature","geometry":{"geodesic":false,"type":"Polygon","coordinates":[[[-119.41574566386036,34.05603073625518],[-119.413050718008,34.05603073625518],[-119.413050718008,34.05872568210754],[-119.41574566386036,34.05872568210754],[-119.41574566386036,34.05603073625518]]]},"id":"-44311+12637","properties":{"area_sq_km":0.0,"count":1,"label":2,"latitude":34.0573782094619,"longitude":-119.41439819096716,"near_healthy_bed":1,"priority_score":1.0,"priority_tier":"monitor","recommended_action":"no_action","region_id":"channel_islands","region_name":"Channel Islands, CA","state":"CA","status":2,"status_label":"healthy"}},{"type":"Feature","geometry":{"geodesic":false,"type":"Polygon","coordinates":[[[-119.41574566386036,34.201557812282545],[-119.413050718008,34.201557812282545],[-119.413050718008,34.2042527581349],[-119.41574566386036,34.2042527581349],[-119.41574566386036,34.201557812282545]]]},"id":"-44311+12691","properties":{"area_sq_km":0.0,"count":1,"label":2,"latitude":34.202905285479765,"longitude":-119.41439819088541,"near_healthy_bed":1,"priority_score":1.0,"priority_tier":"monitor","recommended_action":"no_action","region_id":"channel_islands","region_name":"Channel Islands, CA","state":"CA","status":2,"status_label":"healthy"}},{"type":"Feature","geometry":{"geodesic":false,"type":"Polygon","coordinates":[[[-119.41844060971272,34.05333579040282],[-119.41574566386036,34.05333579040282],[-119.41574566386036,34.05603073625518],[-119.41844060971272,34.05603073625518],[-119.41844060971272,34.05333579040282]]]},"id":"-44312+12636","properties":{"area_sq_km":0.0,"count":1,"label":2,"latitude":34.054683263706174,"longitude":-119.4170931366684,"near_healthy_bed":1,"priority_score":1.0,"priority_tier":"monitor","recommended_action":"no_action","region_id":"channel_islands","region_name":"Channel Islands, CA","state":"CA","status":2,"status_label":"healthy"}},{"type":"Feature","geometry":{"geodesic":false,"type":"Polygon","coordinates":[[[-119.42113555556507,34.07220041136933],[-119.41844060971272,34.07220041136933],[-119.41844060971272,34.07489535722169],[-119.42113555556507,34.07489535722169],[-119.42113555556507,34.07220041136933]]]},"id":"-44313+12643","properties":{"area_sq_km":0.0,"count":1,"label":2,"latitude":34.07354788455093,"longitude":-119.41978808271638,"near_healthy_bed":1,"priority_score":1.0,"priority_tier":"monitor","recommended_action":"no_action","region_id":"channel_islands","region_name":"Channel Islands, CA","state":"CA","status":2,"status_label":"healthy"}},{"type":"Feature","geometry":{"geodesic":false,"type":"Polygon","coordinates":[[[-119.42383050141743,34.07489535722169],[-119.42113555556507,34.07489535722169],[-119.42113555556507,34.07759030307405],[-119.42383050141743,34.07759030307405],[-119.42383050141743,34.07489535722169]]]},"id":"-44314+12644","properties":{"area_sq_km":0.0,"count":1,"label":2,"latitude":34.0762428301016,"longitude":-119.42248302844385,"near_healthy_bed":1,"priority_score":1.0,"priority_tier":"monitor","recommended_action":"no_action","region_id":"channel_islands","region_name":"Channel Islands, CA","state":"CA","status":2,"status_label":"healthy"}},{"type":"Feature","geometry":{"geodesic":false,"type":"Polygon","coordinates":[[[-119.4319153389745,34.07759030307405],[-119.4265254472698,34.07759030307405],[-119.4265254472698,34.08028524892641],[-119.4319153389745,34.08028524892641],[-119.4319153389745,34.07759030307405]]]},"id":"-44316+12645","properties":{"area_sq_km":0.0,"count":2,"label":2,"latitude":34.078937798268385,"longitude":-119.42922039307619,"near_healthy_bed":1,"priority_score":1.0,"priority_tier":"monitor","recommended_action":"no_action","region_id":"channel_islands","region_name":"Channel Islands, CA","state":"CA","status":2,"status_label":"healthy"}},{"type":"Feature","geometry":{"geodesic":false,"type":"Polygon","coordinates":[[[-119.43730523067923,34.0614206279599],[-119.43461028482686,34.0614206279599],[-119.43461028482686,34.06411557381226],[-119.43730523067923,34.06411557381226],[-119.43730523067923,34.0614206279599]]]},"id":"-44319+12639","properties":{"area_sq_km":0.0,"count":1,"label":2,"latitude":34.062768101195466,"longitude":-119.43595775773588,"near_healthy_bed":1,"priority_score":1.0,"priority_tier":"monitor","recommended_action":"no_action","region_id":"channel_islands","region_name":"Channel Islands, CA","state":"CA","status":2,"status_label":"healthy"}},{"type":"Feature","geometry":{"geodesic":false,"type":"Polygon","coordinates":[[[-119.48311931016931,34.201557812282545],[-119.48042436431696,34.201557812282545],[-119.48042436431696,34.2042527581349],[-119.48311931016931,34.2042527581349],[-119.48311931016931,34.201557812282545]]]},"id":"-44336+12691","properties":{"area_sq_km":0.0,"count":1,"label":2,"latitude":34.20290528543208,"longitude":-119.48177183722214,"near_healthy_bed":1,"priority_score":1.0,"priority_tier":"monitor","recommended_action":"no_action","region_id":"channel_islands","region_name":"Channel Islands, CA","state":"CA","status":2,"status_label":"healthy"}},{"type":"Feature","geometry":{"geodesic":false,"type":"Polygon","coordinates":[[[-119.59900198182073,33.9832671982415],[-119.59900198182073,33.97787730653678],[-119.59630703596838,33.97787730653678],[-119.59630703596838,33.980572252389145],[-119.59361209011603,33.980572252389145],[-119.59361209011603,33.9832671982415],[-119.59900198182073,33.9832671982415]]]},"id":"-44378+12609","properties":{"area_sq_km":0.0,"count":3,"label":2,"latitude":33.9810214059583,"longitude":-119.59675621102588,"near_healthy_bed":1,"priority_score":1.0,"priority_tier":"monitor","recommended_action":"no_action","region_id":"channel_islands","region_name":"Channel Islands, CA","state":"CA","status":2,"status_label":"healthy"}},{"type":"Feature","geometry":{"geodesic":false,"type":"Polygon","coordinates":[[[-119.6016969276731,33.97518236068442],[-119.59900198182073,33.97518236068442],[-119.59900198182073,33.97787730653678],[-119.6016969276731,33.97787730653678],[-119.6016969276731,33.97518236068442]]]},"id":"-44380+12607","properties":{"area_sq_km":0.0,"count":1,"label":2,"latitude":33.976529833852005,"longitude":-119.60034945467359,"near_healthy_bed":1,"priority_score":1.0,"priority_tier":"monitor","recommended_action":"no_action","region_id":"channel_islands","region_name":"Channel Islands, CA","state":"CA","status":2,"status_label":"healthy"}},{"type":"Feature","geometry":{"geodesic":false,"type":"Polygon","coordinates":[[[-119.61247671108254,33.97518236068442],[-119.60978176523017,33.97518236068442],[-119.60978176523017,33.97787730653678],[-119.61247671108254,33.97787730653678],[-119.61247671108254,33.97518236068442]]]},"id":"-44384+12607","properties":{"area_sq_km":0.0,"count":1,"label":2,"latitude":33.97652983381301,"longitude":-119.6111292382282,"near_healthy_bed":1,"priority_score":1.0,"priority_tier":"monitor","recommended_action":"no_action","region_id":"channel_islands","region_name":"Channel Islands, CA","state":"CA","status":2,"status_label":"healthy"}},{"type":"Feature","geometry":{"geodesic":false,"type":"Polygon","coordinates":[[[-119.62056154863961,33.95631773971792],[-119.61786660278725,33.95631773971792],[-119.61786660278725,33.95901268557027],[-119.62056154863961,33.95901268557027],[-119.62056154863961,33.95631773971792]]]},"id":"-44387+12600","properties":{"area_sq_km":0.0,"count":1,"label":2,"latitude":33.95766521300445,"longitude":-119.61921407572383,"near_healthy_bed":1,"priority_score":1.0,"priority_tier":"monitor","recommended_action":"no_action","region_id":"channel_islands","region_name":"Channel Islands, CA","state":"CA","status":2,"status_label":"healthy"}},{"type":"Feature","geometry":{"geodesic":false,"type":"Polygon","coordinates":[[[-119.62056154863961,33.97787730653678],[-119.61786660278725,33.97787730653678],[-119.61786660278725,33.980572252389145],[-119.62056154863961,33.980572252389145],[-119.62056154863961,33.97787730653678]]]},"id":"-44387+12608","properties":{"area_sq_km":0.0,"count":1,"label":2,"latitude":33.979224779569,"longitude":-119.61921407575265,"near_healthy_bed":1,"priority_score":1.0,"priority_tier":"monitor","recommended_action":"no_action","region_id":"channel_islands","region_name":"Channel Islands, CA","state":"CA","status":2,"status_label":"healthy"}},{"type":"Feature","geometry":{"geodesic":false,"type":"Polygon","coordinates":[[[-119.6340362779014,33.94014806460376],[-119.63134133204905,33.94014806460376],[-119.63134133204905,33.94284301045612],[-119.6340362779014,33.94284301045612],[-119.6340362779014,33.94014806460376]]]},"id":"-44392+12594","properties":{"area_sq_km":0.0,"count":1,"label":2,"latitude":33.94149553763386,"longitude":-119.63268880496325,"near_healthy_bed":1,"priority_score":1.0,"priority_tier":"monitor","recommended_action":"no_action","region_id":"channel_islands","region_name":"Channel Islands, CA","state":"CA","status":2,"status_label":"healthy"}},{"type":"Feature","geometry":{"geodesic":false,"type":"Polygon","coordinates":[[[-119.6340362779014,33.97248741483207],[-119.63134133204905,33.97248741483207],[-119.63134133204905,33.97518236068442],[-119.6340362779014,33.97518236068442],[-119.6340362779014,33.97248741483207]]]},"id":"-44392+12606","properties":{"area_sq_km":0.0,"count":1,"label":2,"latitude":33.97383488794466,"longitude":-119.63268880497364,"near_healthy_bed":1,"priority_score":1.0,"priority_tier":"monitor","recommended_action":"no_action","region_id":"channel_islands","region_name":"Channel Islands, CA","state":"CA","status":2,"status_label":"healthy"}},{"type":"Feature","geometry":{"geodesic":false,"type":"Polygon","coordinates":[[[-119.63942616960611,33.97518236068442],[-119.6340362779014,33.97518236068442],[-119.6340362779014,33.980572252389145],[-119.63942616960611,33.980572252389145],[-119.63942616960611,33.97518236068442]]]},"id":"-44393+12608","properties":{"area_sq_km":0.0,"count":4,"label":2,"latitude":33.977877307516344,"longitude":-119.6367312237417,"near_healthy_bed":1,"priority_score":1.0,"priority_tier":"monitor","recommended_action":"no_action","region_id":"channel_islands","region_name":"Channel Islands, CA","state":"CA","status":2,"status_label":"healthy"}},{"type":"Feature","geometry":{"geodesic":false,"type":"Polygon","coordinates":[[[-119.64212111545848,33.980572252389145],[-119.63942616960611,33.980572252389145],[-119.63942616960611,33.9832671982415],[-119.64212111545848,33.9832671982415],[-119.64212111545848,33.980572252389145]]]},"id":"-44395+12609","properties":{"area_sq_km":0.0,"count":1,"label":2,"latitude":33.98191972559845,"longitude":-119.6407736426606,"near_healthy_bed":1,"priority_score":1.0,"priority_tier":"monitor","recommended_action":"no_action","region_id":"channel_islands","region_name":"Channel Islands, CA","state":"CA","status":2,"status_label":"healthy"}},{"type":"Feature","geometry":{"geodesic":false,"type":"Polygon","coordinates":[[[-119.64751100716319,33.94284301045612],[-119.64481606131083,33.94284301045612],[-119.64481606131083,33.94553795630848],[-119.64751100716319,33.94553795630848],[-119.64751100716319,33.94284301045612]]]},"id":"-44397+12595","properties":{"area_sq_km":0.0,"count":1,"label":2,"latitude":33.94419048365599,"longitude":-119.64616353422657,"near_healthy_bed":1,"priority_score":1.0,"priority_tier":"monitor","recommended_action":"no_action","region_id":"channel_islands","region_name":"Channel Islands, CA","state":"CA","status":2,"status_label":"healthy"}},{"type":"Feature","geometry":{"geodesic":false,"type":"Polygon","coordinates":[[[-119.65020595301556,33.97518236068442],[-119.64751100716319,33.97518236068442],[-119.64751100716319,33.97787730653678],[-119.65020595301556,33.97787730653678],[-119.65020595301556,33.97518236068442]]]},"id":"-44398+12607","properties":{"area_sq_km":0.0,"count":1,"label":2,"latitude":33.97652983387588,"longitude":-119.64885848003361,"near_healthy_bed":1,"priority_score":1.0,"priority_tier":"monitor","recommended_action":"no_action","region_id":"channel_islands","region_name":"Channel Islands, CA","state":"CA","status":2,"status_label":"healthy"}},{"type":"Feature","geometry":{"geodesic":false,"type":"Polygon","coordinates":[[[-119.65290089886791,33.969792468979705],[-119.65020595301556,33.969792468979705],[-119.65020595301556,33.97248741483207],[-119.65290089886791,33.97248741483207],[-119.65290089886791,33.969792468979705]]]},"id":"-44399+12605","properties":{"area_sq_km":0.0,"count":1,"label":2,"latitude":33.97113994219467,"longitude":-119.6515534259132,"near_healthy_bed":1,"priority_score":1.0,"priority_tier":"monitor","recommended_action":"no_action","region_id":"channel_islands","region_name":"Channel Islands, CA","state":"CA","status":2,"status_label":"healthy"}},{"type":"Feature","geometry":{"geodesic":false,"type":"Polygon","coordinates":[[[-119.65559584472027,33.93745311875141],[-119.65290089886791,33.93745311875141],[-119.65290089886791,33.94284301045612],[-119.65559584472027,33.94284301045612],[-119.65559584472027,33.93745311875141]]]},"id":"-44400+12594","properties":{"area_sq_km":0.0,"count":2,"label":2,"latitude":33.94014804352912,"longitude":-119.6542483717909,"near_healthy_bed":1,"priority_score":1.0,"priority_tier":"monitor","recommended_action":"no_action","region_id":"channel_islands","region_name":"Channel Islands, CA","state":"CA","status":2,"status_label":"healthy"}},{"type":"Feature","geometry":{"geodesic":false,"type":"Polygon","coordinates":[[[-119.65829079057262,33.97787730653678],[-119.65829079057262,33.97518236068442],[-119.65559584472027,33.97518236068442],[-119.65559584472027,33.97248741483207],[-119.65290089886791,33.97248741483207],[-119.65290089886791,33.97787730653678],[-119.65829079057262,33.97787730653678]]]},"id":"-44400+12607","properties":{"area_sq_km":0.0,"count":3,"label":2,"latitude":33.975631514200096,"longitude":-119.6551466695904,"near_healthy_bed":1,"priority_score":1.0,"priority_tier":"monitor","recommended_action":"no_action","region_id":"channel_islands","region_name":"Channel Islands, CA","state":"CA","status":2,"status_label":"healthy"}},{"type":"Feature","geometry":{"geodesic":false,"type":"Polygon","coordinates":[[[-119.66368068227735,33.93745311875141],[-119.65829079057262,33.93745311875141],[-119.65829079057262,33.94014806460376],[-119.66368068227735,33.94014806460376],[-119.66368068227735,33.93745311875141]]]},"id":"-44402+12593","properties":{"area_sq_km":0.0,"count":2,"label":2,"latitude":33.93880061387198,"longitude":-119.66098573641251,"near_healthy_bed":1,"priority_score":1.0,"priority_tier":"monitor","recommended_action":"no_action","region_id":"channel_islands","region_name":"Channel Islands, CA","state":"CA","status":2,"status_label":"healthy"}},{"type":"Feature","geometry":{"geodesic":false,"type":"Polygon","coordinates":[[[-119.66098573642499,33.96440257727499],[-119.65829079057262,33.96440257727499],[-119.65829079057262,33.96709752312735],[-119.66098573642499,33.96709752312735],[-119.66098573642499,33.96440257727499]]]},"id":"-44402+12603","properties":{"area_sq_km":0.0,"count":1,"label":2,"latitude":33.96575005038271,"longitude":-119.65963826349603,"near_healthy_bed":1,"priority_score":1.0,"priority_tier":"monitor","recommended_action":"no_action","region_id":"channel_islands","region_name":"Channel Islands, CA","state":"CA","status":2,"status_label":"healthy"}},{"type":"Feature","geometry":{"geodesic":false,"type":"Polygon","coordinates":[[[-119.66368068227735,33.969792468979705],[-119.66098573642499,33.969792468979705],[-119.66098573642499,33.97248741483207],[-119.66368068227735,33.97248741483207],[-119.66368068227735,33.969792468979705]]]},"id":"-44403+12605","properties":{"area_sq_km":0.0,"count":1,"label":2,"latitude":33.971139942089984,"longitude":-119.66233320935159,"near_healthy_bed":1,"priority_score":1.0,"priority_tier":"monitor","recommended_action":"no_action","region_id":"channel_islands","region_name":"Channel Islands, CA","state":"CA","status":2,"status_label":"healthy"}},{"type":"Feature","geometry":{"geodesic":false,"type":"Polygon","coordinates":[[[-119.6663756281297,33.94553795630848],[-119.66368068227735,33.94553795630848],[-119.66368068227735,33.94823290216084],[-119.6663756281297,33.94823290216084],[-119.6663756281297,33.94553795630848]]]},"id":"-44404+12596","properties":{"area_sq_km":0.0,"count":1,"label":2,"latitude":33.94688542932563,"longitude":-119.66502815522477,"near_healthy_bed":1,"priority_score":1.0,"priority_tier":"monitor","recommended_action":"no_action","region_id":"channel_islands","region_name":"Channel Islands, CA","state":"CA","status":2,"status_label":"healthy"}},{"type":"Feature","geometry":{"geodesic":false,"type":"Polygon","coordinates":[[[-119.67446046568678,33.97787730653678],[-119.67446046568678,33.97518236068442],[-119.6798503573915,33.97518236068442],[-119.6798503573915,33.97248741483207],[-119.68524024909621,33.97248741483207],[-119.68524024909621,33.96709752312735],[-119.67446046568678,33.96709752312735],[-119.67446046568678,33.96440257727499],[-119.6663756281297,33.96440257727499],[-119.6663756281297,33.96709752312735],[-119.66907057398207,33.96709752312735],[-119.66907057398207,33.97248741483207],[-119.66368068227735,33.97248741483207],[-119.66368068227735,33.97518236068442],[-119.6663756281297,33.97518236068442],[-119.6663756281297,33.97787730653678],[-119.67446046568678,33.97787730653678]]]},"id":"-44405+12607","properties":{"area_sq_km":2.0,"count":24,"label":2,"latitude":33.971139965905195,"longitude":-119.6741236655797,"near_healthy_bed":1,"priority_score":1.0,"priority_tier":"monitor","recommended_action":"no_action","region_id":"channel_islands","region_name":"Channel Islands, CA","state":"CA","status":2,"status_label":"healthy"}},{"type":"Feature","geometry":{"geodesic":false,"type":"Polygon","coordinates":[[[-119.67176551983442,33.94284301045612],[-119.66907057398207,33.94284301045612],[-119.66907057398207,33.94553795630848],[-119.67176551983442,33.94553795630848],[-119.67176551983442,33.94284301045612]]]},"id":"-44406+12595","properties":{"area_sq_km":0.0,"count":1,"label":2,"latitude":33.94419048371416,"longitude":-119.67041804709115,"near_healthy_bed":1,"priority_score":1.0,"priority_tier":"monitor","recommended_action":"no_action","region_id":"channel_islands","region_name":"Channel Islands, CA","state":"CA","status":2,"status_label":"healthy"}},{"type":"Feature","geometry":{"geodesic":false,"type":"Polygon","coordinates":[[[-119.68793519494857,33.96440257727499],[-119.68793519494857,33.95901268557027],[-119.68254530324386,33.95901268557027],[-119.68254530324386,33.950927848013194],[-119.6798503573915,33.950927848013194],[-119.6798503573915,33.953622793865556],[-119.67715541153913,33.953622793865556],[-119.67715541153913,33.95631773971792],[-119.6798503573915,33.95631773971792],[-119.6798503573915,33.961707631422634],[-119.67446046568678,33.961707631422634],[-119.67446046568678,33.96440257727499],[-119.68793519494857,33.96440257727499]]]},"id":"-44408+12602","properties":{"area_sq_km":1.0,"count":12,"label":2,"latitude":33.959686386731,"longitude":-119.68164694509457,"near_healthy_bed":1,"priority_score":1.0,"priority_tier":"monitor","recommended_action":"no_action","region_id":"channel_islands","region_name":"Channel Islands, CA","state":"CA","status":2,"status_label":"healthy"}},{"type":"Feature","geometry":{"geodesic":false,"type":"Polygon","coordinates":[[[-119.6798503573915,33.93745311875141],[-119.67715541153913,33.93745311875141],[-119.67715541153913,33.94014806460376],[-119.6798503573915,33.94014806460376],[-119.6798503573915,33.93745311875141]]]},"id":"-44409+12593","properties":{"area_sq_km":0.0,"count":1,"label":2,"latitude":33.93880059202359,"longitude":-119.67850288449195,"near_healthy_bed":1,"priority_score":1.0,"priority_tier":"monitor","recommended_action":"no_action","region_id":"channel_islands","region_name":"Channel Islands, CA","state":"CA","status":2,"status_label":"healthy"}},{"type":"Feature","geometry":{"geodesic":false,"type":"Polygon","coordinates":[[[-119.6798503573915,33.94553795630848],[-119.67715541153913,33.94553795630848],[-119.67715541153913,33.94823290216084],[-119.6798503573915,33.94823290216084],[-119.6798503573915,33.94553795630848]]]},"id":"-44409+12596","properties":{"area_sq_km":0.0,"count":1,"label":2,"latitude":33.946885429348455,"longitude":-119.67850288448419,"near_healthy_bed":1,"priority_score":1.0,"priority_tier":"monitor","recommended_action":"no_action","region_id":"channel_islands","region_name":"Channel Islands, CA","state":"CA","status":2,"status_label":"healthy"}},{"type":"Feature","geometry":{"geodesic":false,"type":"Polygon","coordinates":[[[-119.68793519494857,33.953622793865556],[-119.68524024909621,33.953622793865556],[-119.68524024909621,33.95631773971792],[-119.68793519494857,33.95631773971792],[-119.68793519494857,33.953622793865556]]]},"id":"-44412+12599","properties":{"area_sq_km":0.0,"count":1,"label":2,"latitude":33.95497026695598,"longitude":-119.68658772199457,"near_healthy_bed":1,"priority_score":1.0,"priority_tier":"monitor","recommended_action":"no_action","region_id":"channel_islands","region_name":"Channel Islands, CA","state":"CA","status":2,"status_label":"healthy"}},{"type":"Feature","geometry":{"geodesic":false,"type":"Polygon","coordinates":[[[-119.69602003250564,33.953622793865556],[-119.69332508665329,33.953622793865556],[-119.69332508665329,33.95631773971792],[-119.69602003250564,33.95631773971792],[-119.69602003250564,33.953622793865556]]]},"id":"-44415+12599","properties":{"area_sq_km":0.0,"count":1,"label":2,"latitude":33.95497026698259,"longitude":-119.69467255959268,"near_healthy_bed":1,"priority_score":1.0,"priority_tier":"monitor","recommended_action":"no_action","region_id":"channel_islands","region_name":"Channel Islands, CA","state":"CA","status":2,"status_label":"healthy"}},{"type":"Feature","geometry":{"geodesic":false,"type":"Polygon","coordinates":[[[-119.71757959932451,33.94284301045612],[-119.71488465347215,33.94284301045612],[-119.71488465347215,33.94553795630848],[-119.71757959932451,33.94553795630848],[-119.71757959932451,33.94284301045612]]]},"id":"-44423+12595","properties":{"area_sq_km":0.0,"count":1,"label":2,"latitude":33.94419048368447,"longitude":-119.71623212640046,"near_healthy_bed":1,"priority_score":1.0,"priority_tier":"monitor","recommended_action":"no_action","region_id":"channel_islands","region_name":"Channel Islands, CA","state":"CA","status":2,"status_label":"healthy"}},{"type":"Feature","geometry":{"geodesic":false,"type":"Polygon","coordinates":[[[-119.9978539679698,33.980572252389145],[-119.99515902211745,33.980572252389145],[-119.99515902211745,33.9832671982415],[-119.9978539679698,33.9832671982415],[-119.9978539679698,33.980572252389145]]]},"id":"-44527+12609","properties":{"area_sq_km":0.0,"count":1,"label":2,"latitude":33.98191972558115,"longitude":-119.99650649487232,"near_healthy_bed":1,"priority_score":1.0,"priority_tier":"monitor","recommended_action":"no_action","region_id":"channel_islands","region_name":"Channel Islands, CA","state":"CA","status":2,"status_label":"healthy"}},{"type":"Feature","geometry":{"geodesic":false,"type":"Polygon","coordinates":[[[-120.22692436542029,34.01021665676509],[-120.22422941956792,34.01021665676509],[-120.22422941956792,34.01291160261744],[-120.22692436542029,34.01291160261744],[-120.22692436542029,34.01021665676509]]]},"id":"-44612+12620","properties":{"area_sq_km":0.0,"count":1,"label":2,"latitude":34.01156413008324,"longitude":-120.22557689244728,"near_healthy_bed":1,"priority_score":1.0,"priority_tier":"monitor","recommended_action":"no_action","region_id":"channel_islands","region_name":"Channel Islands, CA","state":"CA","status":2,"status_label":"healthy"}},{"type":"Feature","geometry":{"geodesic":false,"type":"Polygon","coordinates":[[[-120.34550198292406,34.04525095284575],[-120.34280703707171,34.04525095284575],[-120.34280703707171,34.0479458986981],[-120.34550198292406,34.0479458986981],[-120.34550198292406,34.04525095284575]]]},"id":"-44656+12633","properties":{"area_sq_km":0.0,"count":1,"label":2,"latitude":34.046598425928224,"longitude":-120.34415450999505,"near_healthy_bed":1,"priority_score":1.0,"priority_tier":"monitor","recommended_action":"no_action","region_id":"channel_islands","region_name":"Channel Islands, CA","state":"CA","status":2,"status_label":"healthy"}},{"type":"Feature","geometry":{"geodesic":false,"type":"Polygon","coordinates":[[[-118.45364999456835,33.96440257727499],[-118.450955048716,33.96440257727499],[-118.450955048716,33.96709752312735],[-118.45364999456835,33.96709752312735],[-118.45364999456835,33.96440257727499]]]},"id":"-43954+12603","properties":{"area_sq_km":0.0,"count":1,"label":1,"latitude":33.96575005033494,"longitude":-118.45230252177137,"near_healthy_bed":0,"priority_score":0.0,"priority_tier":"monitor","recommended_action":"monitor_and_replant","region_id":"channel_islands","region_name":"Channel Islands, CA","state":"CA","status":1,"status_label":"recovering"}},{"type":"Feature","geometry":{"geodesic":false,"type":"Polygon","coordinates":[[[-118.80399295537497,34.00213181920801],[-118.8012980095226,34.00213181920801],[-118.8012980095226,34.004826765060365],[-118.80399295537497,34.004826765060365],[-118.80399295537497,34.00213181920801]]]},"id":"-44084+12617","properties":{"area_sq_km":0.0,"count":1,"label":1,"latitude":34.00347929220838,"longitude":-118.80264548252046,"near_healthy_bed":0,"priority_score":0.0,"priority_tier":"monitor","recommended_action":"monitor_and_replant","region_id":"channel_islands","region_name":"Channel Islands, CA","state":"CA","status":1,"status_label":"recovering"}},{"type":"Feature","geometry":{"geodesic":false,"type":"Polygon","coordinates":[[[-119.3807113677797,34.01021665676509],[-119.37801642192734,34.01021665676509],[-119.37801642192734,34.01291160261744],[-119.3807113677797,34.01291160261744],[-119.3807113677797,34.01021665676509]]]},"id":"-44298+12620","properties":{"area_sq_km":0.0,"count":1,"label":1,"latitude":34.011564130049294,"longitude":-119.37936389488306,"near_healthy_bed":0,"priority_score":0.0,"priority_tier":"monitor","recommended_action":"monitor_and_replant","region_id":"channel_islands","region_name":"Channel Islands, CA","state":"CA","status":1,"status_label":"recovering"}},{"type":"Feature","geometry":{"geodesic":false,"type":"Polygon","coordinates":[[[-119.57744241500187,33.99135203579858],[-119.57474746914951,33.99135203579858],[-119.57474746914951,33.99404698165093],[-119.57744241500187,33.99404698165093],[-119.57744241500187,33.99135203579858]]]},"id":"-44371+12613","properties":{"area_sq_km":0.0,"count":1,"label":1,"latitude":33.99269950903154,"longitude":-119.57609494213833,"near_healthy_bed":0,"priority_score":0.0,"priority_tier":"monitor","recommended_action":"monitor_and_replant","region_id":"channel_islands","region_name":"Channel Islands, CA","state":"CA","status":1,"status_label":"recovering"}},{"type":"Feature","geometry":{"geodesic":false,"type":"Polygon","coordinates":[[[-119.63942616960611,34.01291160261744],[-119.63673122375376,34.01291160261744],[-119.63673122375376,34.015606548469805],[-119.63942616960611,34.015606548469805],[-119.63942616960611,34.01291160261744]]]},"id":"-44394+12621","properties":{"area_sq_km":0.0,"count":1,"label":1,"latitude":34.01425907568183,"longitude":-119.63807869672983,"near_healthy_bed":0,"priority_score":0.0,"priority_tier":"monitor","recommended_action":"monitor_and_replant","region_id":"channel_islands","region_name":"Channel Islands, CA","state":"CA","status":1,"status_label":"recovering"}},{"type":"Feature","geometry":{"geodesic":false,"type":"Polygon","coordinates":[[[-119.75530884125753,33.95901268557027],[-119.75261389540518,33.95901268557027],[-119.75261389540518,33.961707631422634],[-119.75530884125753,33.961707631422634],[-119.75530884125753,33.95901268557027]]]},"id":"-44437+12601","properties":{"area_sq_km":0.0,"count":1,"label":1,"latitude":33.96036015869841,"longitude":-119.7539613684298,"near_healthy_bed":0,"priority_score":0.0,"priority_tier":"monitor","recommended_action":"monitor_and_replant","region_id":"channel_islands","region_name":"Channel Islands, CA","state":"CA","status":1,"status_label":"recovering"}},{"type":"Feature","geometry":{"geodesic":false,"type":"Polygon","coordinates":[[[-119.84963194609008,33.96440257727499],[-119.84693700023773,33.96440257727499],[-119.84693700023773,33.96709752312735],[-119.84963194609008,33.96709752312735],[-119.84963194609008,33.96440257727499]]]},"id":"-44472+12603","properties":{"area_sq_km":0.0,"count":1,"label":1,"latitude":33.9657500503344,"longitude":-119.84828447313492,"near_healthy_bed":0,"priority_score":0.0,"priority_tier":"monitor","recommended_action":"monitor_and_replant","region_id":"channel_islands","region_name":"Channel Islands, CA","state":"CA","status":1,"status_label":"recovering"}},{"type":"Feature","geometry":{"geodesic":false,"type":"Polygon","coordinates":[[[-119.8873611880231,33.996741927503294],[-119.88466624217075,33.996741927503294],[-119.88466624217075,33.99943687335565],[-119.8873611880231,33.99943687335565],[-119.8873611880231,33.996741927503294]]]},"id":"-44486+12615","properties":{"area_sq_km":0.0,"count":1,"label":1,"latitude":33.99808940070053,"longitude":-119.88601371509017,"near_healthy_bed":0,"priority_score":0.0,"priority_tier":"monitor","recommended_action":"monitor_and_replant","region_id":"channel_islands","region_name":"Channel Islands, CA","state":"CA","status":1,"status_label":"recovering"}},{"type":"Feature","geometry":{"geodesic":false,"type":"Polygon","coordinates":[[[-120.03827815575518,33.99135203579858],[-120.03558320990282,33.99135203579858],[-120.03558320990282,33.99404698165093],[-120.03827815575518,33.99404698165093],[-120.03827815575518,33.99135203579858]]]},"id":"-44542+12613","properties":{"area_sq_km":0.0,"count":1,"label":1,"latitude":33.99269950895525,"longitude":-120.03693068286437,"near_healthy_bed":0,"priority_score":0.0,"priority_tier":"monitor","recommended_action":"monitor_and_replant","region_id":"channel_islands","region_name":"Channel Islands, CA","state":"CA","status":1,"status_label":"recovering"}},{"type":"Feature","geometry":{"geodesic":false,"type":"Polygon","coordinates":[[[-120.13260126058773,33.89702893096602],[-120.12990631473538,33.89702893096602],[-120.12990631473538,33.899723876818385],[-120.13260126058773,33.899723876818385],[-120.13260126058773,33.89702893096602]]]},"id":"-44577+12578","properties":{"area_sq_km":0.0,"count":1,"label":1,"latitude":33.898376404033094,"longitude":-120.13125378761053,"near_healthy_bed":0,"priority_score":0.0,"priority_tier":"monitor","recommended_action":"monitor_and_replant","region_id":"channel_islands","region_name":"Channel Islands, CA","state":"CA","status":1,"status_label":"recovering"}},{"type":"Feature","geometry":{"geodesic":false,"type":"Polygon","coordinates":[[[-120.13799115229246,33.899723876818385],[-120.13529620644009,33.899723876818385],[-120.13529620644009,33.90241882267074],[-120.13799115229246,33.90241882267074],[-120.13799115229246,33.899723876818385]]]},"id":"-44579+12579","properties":{"area_sq_km":0.0,"count":1,"label":1,"latitude":33.901071349850085,"longitude":-120.13664367934733,"near_healthy_bed":0,"priority_score":0.0,"priority_tier":"monitor","recommended_action":"monitor_and_replant","region_id":"channel_islands","region_name":"Channel Islands, CA","state":"CA","status":1,"status_label":"recovering"}},{"type":"Feature","geometry":{"geodesic":false,"type":"Polygon","coordinates":[[[-120.15685577325897,33.90780871437546],[-120.1541608274066,33.90780871437546],[-120.1541608274066,33.91050366022782],[-120.15685577325897,33.91050366022782],[-120.15685577325897,33.90780871437546]]]},"id":"-44586+12582","properties":{"area_sq_km":0.0,"count":1,"label":1,"latitude":33.909156187631545,"longitude":-120.15550830030773,"near_healthy_bed":0,"priority_score":0.0,"priority_tier":"monitor","recommended_action":"monitor_and_replant","region_id":"channel_islands","region_name":"Channel Islands, CA","state":"CA","status":1,"status_label":"recovering"}},{"type":"Feature","geometry":{"geodesic":false,"type":"Polygon","coordinates":[[[-120.21614458201086,33.97248741483207],[-120.21344963615849,33.97248741483207],[-120.21344963615849,33.97518236068442],[-120.21614458201086,33.97518236068442],[-120.21614458201086,33.97248741483207]]]},"id":"-44608+12606","properties":{"area_sq_km":0.0,"count":1,"label":1,"latitude":33.9738348879597,"longitude":-120.21479710907472,"near_healthy_bed":0,"priority_score":0.0,"priority_tier":"monitor","recommended_action":"monitor_and_replant","region_id":"channel_islands","region_name":"Channel Islands, CA","state":"CA","status":1,"status_label":"recovering"}},{"type":"Feature","geometry":{"geodesic":false,"type":"Polygon","coordinates":[[[-120.22961931127264,33.988657089946216],[-120.22692436542029,33.988657089946216],[-120.22692436542029,33.99135203579858],[-120.22961931127264,33.99135203579858],[-120.22961931127264,33.988657089946216]]]},"id":"-44613+12612","properties":{"area_sq_km":0.0,"count":1,"label":1,"latitude":33.990004563072155,"longitude":-120.22827183831784,"near_healthy_bed":0,"priority_score":0.0,"priority_tier":"monitor","recommended_action":"monitor_and_replant","region_id":"channel_islands","region_name":"Channel Islands, CA","state":"CA","status":1,"status_label":"recovering"}},{"type":"Feature","geometry":{"geodesic":false,"type":"Polygon","coordinates":[[[-120.31855252440047,34.03986106114103],[-120.31585757854812,34.03986106114103],[-120.31585757854812,34.04255600699339],[-120.31855252440047,34.04255600699339],[-120.31855252440047,34.03986106114103]]]},"id":"-44646+12631","properties":{"area_sq_km":0.0,"count":1,"label":1,"latitude":34.04120853429739,"longitude":-120.31720505144047,"near_healthy_bed":0,"priority_score":0.0,"priority_tier":"monitor","recommended_action":"monitor_and_replant","region_id":"channel_islands","region_name":"Channel Islands, CA","state":"CA","status":1,"status_label":"recovering"}},{"type":"Feature","geometry":{"geodesic":false,"type":"Polygon","coordinates":[[[-120.3562817663335,34.015606548469805],[-120.35358682048114,34.015606548469805],[-120.35358682048114,34.01830149432216],[-120.3562817663335,34.01830149432216],[-120.3562817663335,34.015606548469805]]]},"id":"-44660+12622","properties":{"area_sq_km":0.0,"count":1,"label":1,"latitude":34.01695402146893,"longitude":-120.35493429328037,"near_healthy_bed":0,"priority_score":0.0,"priority_tier":"monitor","recommended_action":"monitor_and_replant","region_id":"channel_islands","region_name":"Channel Islands, CA","state":"CA","status":1,"status_label":"recovering"}}]}