{"type":"FeatureCollection","features":[{"type":"Feature","geometry":{"geodesic":false,"type":"Polygon","coordinates":[[[-121.90587563143967,36.945012689983564],[-121.90857057729202,36.945012689983564],[-121.90857057729202,36.9423177441312],[-121.91396046899675,36.9423177441312],[-121.91396046899675,36.945012689983564],[-121.91935036070146,36.945012689983564],[-121.91935036070146,36.936927852426486],[-121.9166554148491,36.936927852426486],[-121.9166554148491,36.93423290657413],[-121.92204530655383,36.93423290657413],[-121.92204530655383,36.93153796072177],[-121.92474025240618,36.93153796072177],[-121.92474025240618,36.936927852426486],[-121.92204530655383,36.936927852426486],[-121.92204530655383,36.93962279827885],[-121.92474025240618,36.93962279827885],[-121.92474025240618,36.9423177441312],[-121.92204530655383,36.9423177441312],[-121.92204530655383,36.945012689983564],[-121.92474025240618,36.945012689983564],[-121.92474025240618,36.94770763583592],[-121.9301301441109,36.94770763583592],[-121.9301301441109,36.95040258168828],[-121.95168971092977,36.95040258168828],[-121.95168971092977,36.94770763583592],[-121.9489947650774,36.94770763583592],[-121.9489947650774,36.945012689983564],[-121.95707960263448,36.945012689983564],[-121.95707960263448,36.94770763583592],[-121.96785938604391,36.94770763583592],[-121.96785938604391,36.95040258168828],[-121.98133411530571,36.95040258168828],[-121.98133411530571,36.94770763583592],[-121.98402906115807,36.94770763583592],[-121.98402906115807,36.95040258168828],[-121.99211389871515,36.95040258168828],[-121.99211389871515,36.94770763583592],[-121.99750379041986,36.94770763583592],[-121.99750379041986,36.95040258168828],[-122.00019873627222,36.95040258168828],[-122.00019873627222,36.94770763583592],[-122.00289368212458,36.94770763583592],[-122.00289368212458,36.95040258168828],[-122.01097851968166,36.95040258168828],[-122.01097851968166,36.93962279827885],[-122.01367346553401,36.93962279827885],[-122.01367346553401,36.945012689983564],[-122.01636841138637,36.945012689983564],[-122.01636841138637,36.94770763583592],[-122.01906335723874,36.94770763583592],[-122.01906335723874,36.945012689983564],[-122.02175830309109,36.945012689983564],[-122.02175830309109,36.9423177441312],[-122.01906335723874,36.9423177441312],[-122.01906335723874,36.93962279827885],[-122.02445324894344,36.93962279827885],[-122.02445324894344,36.9423177441312],[-122.02984314064817,36.9423177441312],[-122.02984314064817,36.93962279827885],[-122.0271481947958,36.93962279827885],[-122.0271481947958,36.936927852426486],[-122.02984314064817,36.936927852426486],[-122.02984314064817,36.93153796072177],[-122.03523303235288,36.93153796072177],[-122.03523303235288,36.93423290657413],[-122.03792797820525,36.93423290657413],[-122.03792797820525,36.936927852426486],[-122.0406229240576,36.936927852426486],[-122.0406229240576,36.9423177441312],[-122.04331786990996,36.9423177441312],[-122.04331786990996,36.93962279827885],[-122.04870776161468,36.93962279827885],[-122.04870776161468,36.9423177441312],[-122.05140270746703,36.9423177441312],[-122.05140270746703,36.93962279827885],[-122.06757238258119,36.93962279827885],[-122.06757238258119,36.9423177441312],[-122.0729622742859,36.9423177441312],[-122.0729622742859,36.94770763583592],[-122.07026732843354,36.94770763583592],[-122.07026732843354,36.945012689983564],[-122.06757238258119,36.945012689983564],[-122.06757238258119,36.94770763583592],[-122.06487743672882,36.94770763583592],[-122.06487743672882,36.945012689983564],[-122.04870776161468,36.945012689983564],[-122.04870776161468,36.94770763583592],[-122.04331786990996,36.94770763583592],[-122.04331786990996,36.95040258168828],[-122.07835216599062,36.95040258168828],[-122.07835216599062,36.945012689983564],[-122.08374205769533,36.945012689983564],[-122.08374205769533,36.94770763583592],[-122.08104711184298,36.94770763583592],[-122.08104711184298,36.95040258168828],[-122.0864370035477,36.95040258168828],[-122.0864370035477,36.94770763583592],[-122.09452184110476,36.94770763583592],[-122.09452184110476,36.945012689983564],[-122.09721678695713,36.945012689983564],[-122.09721678695713,36.9423177441312],[-122.10260667866184,36.9423177441312],[-122.10260667866184,36.95040258168828],[-122.10799657036657,36.95040258168828],[-122.10799657036657,36.94770763583592],[-122.11338646207128,36.94770763583592],[-122.11338646207128,36.945012689983564],[-122.11608140792364,36.945012689983564],[-122.11608140792364,36.94770763583592],[-122.118776353776,36.94770763583592],[-122.118776353776,36.95040258168828],[-122.12147129962835,36.95040258168828],[-122.12147129962835,36.94770763583592],[-122.12416624548071,36.94770763583592],[-122.12416624548071,36.95040258168828],[-122.12955613718543,36.95040258168828],[-122.12955613718543,36.94770763583592],[-122.13494602889016,36.94770763583592],[-122.13494602889016,36.945012689983564],[-122.13764097474251,36.945012689983564],[-122.13764097474251,36.95040258168828],[-122.14033592059486,36.95040258168828],[-122.14033592059486,36.945012689983564],[-122.14303086644722,36.945012689983564],[-122.14303086644722,36.95040258168828],[-122.1511157040043,36.95040258168828],[-122.1511157040043,36.93962279827885],[-122.14842075815194,36.93962279827885],[-122.14842075815194,36.936927852426486],[-122.1511157040043,36.936927852426486],[-122.1511157040043,36.5003466243444],[-121.74956877200287,36.5003466243444],[-121.74956877200287,36.95040258168828],[-121.90318068558732,36.95040258168828],[-121.90318068558732,36.94770763583592],[-121.90587563143967,36.94770763583592],[-121.90587563143967,36.945012689983564]],[[-122.12416624548071,36.94770763583592],[-122.12686119133308,36.94770763583592],[-122.12686119133308,36.945012689983564],[-122.12416624548071,36.945012689983564],[-122.12416624548071,36.94770763583592]],[[-122.01367346553401,36.93962279827885],[-122.01636841138637,36.93962279827885],[-122.01636841138637,36.936927852426486],[-122.01367346553401,36.936927852426486],[-122.01367346553401,36.93962279827885]],[[-122.01097851968166,36.93962279827885],[-122.01097851968166,36.936927852426486],[-122.0082835738293,36.936927852426486],[-122.0082835738293,36.93962279827885],[-122.01097851968166,36.93962279827885]],[[-122.09452184110476,36.86955420611752],[-122.09182689525241,36.86955420611752],[-122.09182689525241,36.87224915196988],[-122.09452184110476,36.87224915196988],[-122.09452184110476,36.86955420611752]],[[-122.08913194940006,36.86146936856045],[-122.0864370035477,36.86146936856045],[-122.0864370035477,36.864164314412804],[-122.08913194940006,36.864164314412804],[-122.08913194940006,36.86146936856045]],[[-122.08104711184298,36.866859260265166],[-122.07835216599062,36.866859260265166],[-122.07835216599062,36.86955420611752],[-122.08104711184298,36.86955420611752],[-122.08104711184298,36.866859260265166]],[[-122.08104711184298,36.8776390436746],[-122.07565722013825,36.8776390436746],[-122.07565722013825,36.88033398952696],[-122.08104711184298,36.88033398952696],[-122.08104711184298,36.8776390436746]],[[-122.07835216599062,36.85338453100337],[-122.07565722013825,36.85338453100337],[-122.07565722013825,36.85607947685573],[-122.07835216599062,36.85607947685573],[-122.07835216599062,36.85338453100337]],[[-122.07026732843354,36.86146936856045],[-122.06757238258119,36.86146936856045],[-122.06757238258119,36.866859260265166],[-122.07026732843354,36.866859260265166],[-122.07026732843354,36.86146936856045]],[[-122.06757238258119,36.85607947685573],[-122.06218249087647,36.85607947685573],[-122.06218249087647,36.85877442270809],[-122.06757238258119,36.85877442270809],[-122.06757238258119,36.85607947685573]],[[-122.06487743672882,36.86146936856045],[-122.05679259917176,36.86146936856045],[-122.05679259917176,36.864164314412804],[-122.06218249087647,36.864164314412804],[-122.06218249087647,36.866859260265166],[-122.06487743672882,36.866859260265166],[-122.06487743672882,36.86146936856045]],[[-122.05409765331939,36.750976588613746],[-122.04870776161468,36.750976588613746],[-122.04870776161468,36.75367153446611],[-122.05409765331939,36.75367153446611],[-122.05409765331939,36.750976588613746]],[[-122.05409765331939,36.864164314412804],[-122.05140270746703,36.864164314412804],[-122.05140270746703,36.866859260265166],[-122.05409765331939,36.866859260265166],[-122.05409765331939,36.864164314412804]],[[-122.05140270746703,36.83990980174158],[-122.04601281576231,36.83990980174158],[-122.04601281576231,36.84260474759394],[-122.05140270746703,36.84260474759394],[-122.05140270746703,36.83990980174158]],[[-122.04870776161468,36.88572388123168],[-122.04601281576231,36.88572388123168],[-122.04601281576231,36.88841882708403],[-122.04870776161468,36.88841882708403],[-122.04870776161468,36.88572388123168]],[[-122.04870776161468,36.93153796072177],[-122.04601281576231,36.93153796072177],[-122.04601281576231,36.936927852426486],[-122.04870776161468,36.936927852426486],[-122.04870776161468,36.93153796072177]],[[-122.04601281576231,36.802180559808555],[-122.04331786990996,36.802180559808555],[-122.04331786990996,36.80487550566092],[-122.04601281576231,36.80487550566092],[-122.04601281576231,36.802180559808555]],[[-122.04331786990996,36.7348069134996],[-122.0406229240576,36.7348069134996],[-122.0406229240576,36.73750185935195],[-122.04331786990996,36.73750185935195],[-122.04331786990996,36.7348069134996]],[[-122.03792797820525,36.732111967647235],[-122.03523303235288,36.732111967647235],[-122.03523303235288,36.7348069134996],[-122.03792797820525,36.7348069134996],[-122.03792797820525,36.732111967647235]],[[-122.03792797820525,36.87224915196988],[-122.03523303235288,36.87224915196988],[-122.03523303235288,36.87494409782224],[-122.03792797820525,36.87494409782224],[-122.03792797820525,36.87224915196988]],[[-122.03792797820525,36.883028935379315],[-122.03523303235288,36.883028935379315],[-122.03523303235288,36.88572388123168],[-122.03792797820525,36.88572388123168],[-122.03792797820525,36.883028935379315]],[[-122.03523303235288,36.73750185935195],[-122.03253808650052,36.73750185935195],[-122.03253808650052,36.74019680520431],[-122.03523303235288,36.74019680520431],[-122.03523303235288,36.73750185935195]],[[-122.03523303235288,36.748281642761384],[-122.03253808650052,36.748281642761384],[-122.03253808650052,36.750976588613746],[-122.03523303235288,36.750976588613746],[-122.03523303235288,36.748281642761384]],[[-122.03523303235288,36.80757045151328],[-122.02984314064817,36.80757045151328],[-122.02984314064817,36.81026539736563],[-122.03523303235288,36.81026539736563],[-122.03523303235288,36.80757045151328]],[[-122.03523303235288,36.84529969344629],[-122.0271481947958,36.84529969344629],[-122.0271481947958,36.847994639298655],[-122.03523303235288,36.847994639298655],[-122.03523303235288,36.84529969344629]],[[-122.03523303235288,36.85068958515101],[-122.02984314064817,36.85068958515101],[-122.02984314064817,36.85338453100337],[-122.03523303235288,36.85338453100337],[-122.03523303235288,36.85068958515101]],[[-122.03253808650052,36.864164314412804],[-122.02445324894344,36.864164314412804],[-122.02445324894344,36.866859260265166],[-122.03253808650052,36.866859260265166],[-122.03253808650052,36.864164314412804]],[[-122.03253808650052,36.883028935379315],[-122.02984314064817,36.883028935379315],[-122.02984314064817,36.88572388123168],[-122.03253808650052,36.88572388123168],[-122.03253808650052,36.883028935379315]],[[-122.02984314064817,36.78331593884205],[-122.0271481947958,36.78331593884205],[-122.0271481947958,36.786010884694406],[-122.02984314064817,36.786010884694406],[-122.02984314064817,36.78331593884205]],[[-122.02984314064817,36.92614806901705],[-122.0271481947958,36.92614806901705],[-122.0271481947958,36.92884301486941],[-122.02984314064817,36.92884301486941],[-122.02984314064817,36.92614806901705]],[[-122.0271481947958,36.77523110128497],[-122.01906335723874,36.77523110128497],[-122.01906335723874,36.777926047137335],[-122.02175830309109,36.777926047137335],[-122.02175830309109,36.78062099298969],[-122.02445324894344,36.78062099298969],[-122.02445324894344,36.777926047137335],[-122.0271481947958,36.777926047137335],[-122.0271481947958,36.77523110128497]],[[-122.0271481947958,36.80487550566092],[-122.02445324894344,36.80487550566092],[-122.02445324894344,36.80757045151328],[-122.0271481947958,36.80757045151328],[-122.0271481947958,36.80487550566092]],[[-122.0271481947958,36.85607947685573],[-122.02445324894344,36.85607947685573],[-122.02445324894344,36.85877442270809],[-122.0271481947958,36.85877442270809],[-122.0271481947958,36.85607947685573]],[[-122.0271481947958,36.8776390436746],[-122.02445324894344,36.8776390436746],[-122.02445324894344,36.88033398952696],[-122.0271481947958,36.88033398952696],[-122.0271481947958,36.8776390436746]],[[-122.02445324894344,36.76984120958026],[-122.02175830309109,36.76984120958026],[-122.02175830309109,36.77253615543261],[-122.02445324894344,36.77253615543261],[-122.02445324894344,36.76984120958026]],[[-122.02175830309109,36.75367153446611],[-122.01906335723874,36.75367153446611],[-122.01906335723874,36.759061426170824],[-122.02175830309109,36.759061426170824],[-122.02175830309109,36.75367153446611]],[[-122.02175830309109,36.85607947685573],[-122.01906335723874,36.85607947685573],[-122.01906335723874,36.85877442270809],[-122.02175830309109,36.85877442270809],[-122.02175830309109,36.85607947685573]],[[-122.02175830309109,36.883028935379315],[-122.01906335723874,36.883028935379315],[-122.01906335723874,36.88572388123168],[-122.02175830309109,36.88572388123168],[-122.02175830309109,36.883028935379315]],[[-122.01636841138637,36.86146936856045],[-122.01367346553401,36.86146936856045],[-122.01367346553401,36.864164314412804],[-122.01636841138637,36.864164314412804],[-122.01636841138637,36.86146936856045]],[[-122.01636841138637,36.87494409782224],[-122.01367346553401,36.87494409782224],[-122.01367346553401,36.8776390436746],[-122.01636841138637,36.8776390436746],[-122.01636841138637,36.87494409782224]],[[-122.01367346553401,36.899198610493464],[-122.00558862797693,36.899198610493464],[-122.00558862797693,36.901893556345826],[-122.01367346553401,36.901893556345826],[-122.01367346553401,36.899198610493464]],[[-122.01367346553401,36.92884301486941],[-122.00558862797693,36.92884301486941],[-122.00558862797693,36.93153796072177],[-122.01367346553401,36.93153796072177],[-122.01367346553401,36.92884301486941]],[[-122.01097851968166,36.80487550566092],[-122.00558862797693,36.80487550566092],[-122.00558862797693,36.81026539736563],[-122.00019873627222,36.81026539736563],[-122.00019873627222,36.812960343217995],[-122.01097851968166,36.812960343217995],[-122.01097851968166,36.81026539736563],[-122.0082835738293,36.81026539736563],[-122.0082835738293,36.80757045151328],[-122.01097851968166,36.80757045151328],[-122.01097851968166,36.80487550566092]],[[-122.01097851968166,36.883028935379315],[-122.0082835738293,36.883028935379315],[-122.0082835738293,36.88572388123168],[-122.01097851968166,36.88572388123168],[-122.01097851968166,36.883028935379315]],[[-122.01097851968166,36.88841882708403],[-122.00558862797693,36.88841882708403],[-122.00558862797693,36.89111377293639],[-122.01097851968166,36.89111377293639],[-122.01097851968166,36.88841882708403]],[[-122.0082835738293,36.8776390436746],[-122.00558862797693,36.8776390436746],[-122.00558862797693,36.88033398952696],[-122.0082835738293,36.88033398952696],[-122.0082835738293,36.8776390436746]],[[-122.00558862797693,36.7994856139562],[-122.00289368212458,36.7994856139562],[-122.00289368212458,36.802180559808555],[-122.00558862797693,36.802180559808555],[-122.00558862797693,36.7994856139562]],[[-122.00558862797693,36.92075817731234],[-122.00289368212458,36.92075817731234],[-122.00289368212458,36.92345312316469],[-122.00558862797693,36.92345312316469],[-122.00558862797693,36.92075817731234]],[[-122.00558862797693,36.936927852426486],[-122.00289368212458,36.936927852426486],[-122.00289368212458,36.93423290657413],[-122.00019873627222,36.93423290657413],[-122.00019873627222,36.93962279827885],[-122.00558862797693,36.93962279827885],[-122.00558862797693,36.936927852426486]],[[-122.00289368212458,36.821045180775066],[-122.00019873627222,36.821045180775066],[-122.00019873627222,36.82374012662743],[-122.00289368212458,36.82374012662743],[-122.00289368212458,36.821045180775066]],[[-122.00289368212458,36.92614806901705],[-122.00019873627222,36.92614806901705],[-122.00019873627222,36.92884301486941],[-122.00289368212458,36.92884301486941],[-122.00289368212458,36.92614806901705]],[[-122.00019873627222,36.82643507247978],[-121.99750379041986,36.82643507247978],[-121.99750379041986,36.829130018332144],[-122.00019873627222,36.829130018332144],[-122.00019873627222,36.82643507247978]],[[-122.00019873627222,36.90728344805054],[-121.9948088445675,36.90728344805054],[-121.9948088445675,36.909978393902904],[-122.00019873627222,36.909978393902904],[-122.00019873627222,36.90728344805054]],[[-121.99211389871515,36.78331593884205],[-121.98941895286279,36.78331593884205],[-121.98941895286279,36.786010884694406],[-121.99211389871515,36.786010884694406],[-121.99211389871515,36.78331593884205]],[[-121.99211389871515,36.83451991003686],[-121.98672400701042,36.83451991003686],[-121.98672400701042,36.831824964184506],[-121.98402906115807,36.831824964184506],[-121.98402906115807,36.83721485588922],[-121.99211389871515,36.83721485588922],[-121.99211389871515,36.83451991003686]],[[-121.98672400701042,36.777926047137335],[-121.98133411530571,36.777926047137335],[-121.98133411530571,36.78062099298969],[-121.98402906115807,36.78062099298969],[-121.98402906115807,36.78331593884205],[-121.98672400701042,36.78331593884205],[-121.98672400701042,36.777926047137335]],[[-121.97863916945334,36.76175637202318],[-121.97594422360099,36.76175637202318],[-121.97594422360099,36.76445131787554],[-121.97863916945334,36.76445131787554],[-121.97863916945334,36.76175637202318]],[[-121.97863916945334,36.77523110128497],[-121.97594422360099,36.77523110128497],[-121.97594422360099,36.777926047137335],[-121.97863916945334,36.777926047137335],[-121.97863916945334,36.77523110128497]],[[-121.97863916945334,36.794095722251484],[-121.97594422360099,36.794095722251484],[-121.97594422360099,36.79679066810384],[-121.97863916945334,36.79679066810384],[-121.97863916945334,36.794095722251484]],[[-121.97324927774864,36.57041521650572],[-121.97055433189628,36.57041521650572],[-121.97055433189628,36.57311016235808],[-121.97324927774864,36.57311016235808],[-121.97324927774864,36.57041521650572]],[[-121.97324927774864,36.82643507247978],[-121.97055433189628,36.82643507247978],[-121.97055433189628,36.829130018332144],[-121.97324927774864,36.829130018332144],[-121.97324927774864,36.82643507247978]],[[-121.97324927774864,36.83721485588922],[-121.9624694943392,36.83721485588922],[-121.9624694943392,36.83990980174158],[-121.97324927774864,36.83990980174158],[-121.97324927774864,36.83721485588922]],[[-121.97324927774864,36.945012689983564],[-121.97055433189628,36.945012689983564],[-121.97055433189628,36.94770763583592],[-121.97324927774864,36.94770763583592],[-121.97324927774864,36.945012689983564]],[[-121.97055433189628,36.76445131787554],[-121.96785938604391,36.76445131787554],[-121.96785938604391,36.767146263727895],[-121.97055433189628,36.767146263727895],[-121.97055433189628,36.76445131787554]],[[-121.96785938604391,36.58927983747223],[-121.96516444019156,36.58927983747223],[-121.96516444019156,36.59197478332459],[-121.96785938604391,36.59197478332459],[-121.96785938604391,36.58927983747223]],[[-121.96785938604391,36.78062099298969],[-121.96516444019156,36.78062099298969],[-121.96516444019156,36.78331593884205],[-121.96785938604391,36.78331593884205],[-121.96785938604391,36.78062099298969]],[[-121.96785938604391,36.821045180775066],[-121.96516444019156,36.821045180775066],[-121.96516444019156,36.82374012662743],[-121.96785938604391,36.82374012662743],[-121.96785938604391,36.821045180775066]],[[-121.96516444019156,36.79140077639912],[-121.9624694943392,36.79140077639912],[-121.9624694943392,36.794095722251484],[-121.96516444019156,36.794095722251484],[-121.96516444019156,36.79140077639912]],[[-121.96516444019156,36.93423290657413],[-121.9624694943392,36.93423290657413],[-121.9624694943392,36.936927852426486],[-121.96516444019156,36.936927852426486],[-121.96516444019156,36.93423290657413]],[[-121.9624694943392,36.60544951258638],[-121.95977454848685,36.60544951258638],[-121.95977454848685,36.608144458438744],[-121.9624694943392,36.608144458438744],[-121.9624694943392,36.60544951258638]],[[-121.9624694943392,36.80487550566092],[-121.95977454848685,36.80487550566092],[-121.95977454848685,36.80757045151328],[-121.9624694943392,36.80757045151328],[-121.9624694943392,36.80487550566092]],[[-121.9624694943392,36.82643507247978],[-121.95977454848685,36.82643507247978],[-121.95977454848685,36.829130018332144],[-121.9624694943392,36.829130018332144],[-121.9624694943392,36.82643507247978]],[[-121.9624694943392,36.831824964184506],[-121.95707960263448,36.831824964184506],[-121.95707960263448,36.83451991003686],[-121.9624694943392,36.83451991003686],[-121.9624694943392,36.831824964184506]],[[-121.95977454848685,36.812960343217995],[-121.95707960263448,36.812960343217995],[-121.95707960263448,36.81565528907035],[-121.95977454848685,36.81565528907035],[-121.95977454848685,36.812960343217995]],[[-121.95707960263448,36.93423290657413],[-121.95438465678212,36.93423290657413],[-121.95438465678212,36.936927852426486],[-121.95707960263448,36.936927852426486],[-121.95707960263448,36.93423290657413]],[[-121.95438465678212,36.79679066810384],[-121.95168971092977,36.79679066810384],[-121.95168971092977,36.7994856139562],[-121.95438465678212,36.7994856139562],[-121.95438465678212,36.79679066810384]],[[-121.95438465678212,36.802180559808555],[-121.95168971092977,36.802180559808555],[-121.95168971092977,36.80487550566092],[-121.95438465678212,36.80487550566092],[-121.95438465678212,36.802180559808555]],[[-121.95438465678212,36.82374012662743],[-121.95168971092977,36.82374012662743],[-121.95168971092977,36.82643507247978],[-121.95438465678212,36.82643507247978],[-121.95438465678212,36.82374012662743]],[[-121.95168971092977,36.936927852426486],[-121.9489947650774,36.936927852426486],[-121.9489947650774,36.93962279827885],[-121.95168971092977,36.93962279827885],[-121.95168971092977,36.936927852426486]],[[-121.94090992752034,36.52190619116327],[-121.93821498166797,36.52190619116327],[-121.93821498166797,36.52460113701563],[-121.94090992752034,36.52460113701563],[-121.94090992752034,36.52190619116327]],[[-121.94090992752034,36.91536828560762],[-121.93552003581561,36.91536828560762],[-121.93552003581561,36.918063231459975],[-121.94090992752034,36.918063231459975],[-121.94090992752034,36.91536828560762]],[[-121.93821498166797,36.55963543309629],[-121.93552003581561,36.55963543309629],[-121.93552003581561,36.562330378948644],[-121.93821498166797,36.562330378948644],[-121.93821498166797,36.55963543309629]],[[-121.93821498166797,36.74019680520431],[-121.93552003581561,36.74019680520431],[-121.93552003581561,36.74289175105667],[-121.93821498166797,36.74289175105667],[-121.93821498166797,36.74019680520431]],[[-121.93552003581561,36.52190619116327],[-121.93282508996326,36.52190619116327],[-121.93282508996326,36.52460113701563],[-121.93552003581561,36.52460113701563],[-121.93552003581561,36.52190619116327]],[[-121.93552003581561,36.55424554139157],[-121.93282508996326,36.55424554139157],[-121.93282508996326,36.55694048724393],[-121.93552003581561,36.55694048724393],[-121.93552003581561,36.55424554139157]],[[-121.93282508996326,36.76445131787554],[-121.9301301441109,36.76445131787554],[-121.9301301441109,36.76175637202318],[-121.92474025240618,36.76175637202318],[-121.92474025240618,36.76445131787554],[-121.92204530655383,36.76445131787554],[-121.92204530655383,36.767146263727895],[-121.92474025240618,36.767146263727895],[-121.92474025240618,36.77253615543261],[-121.92743519825854,36.77253615543261],[-121.92743519825854,36.767146263727895],[-121.93282508996326,36.767146263727895],[-121.93282508996326,36.76445131787554]],[[-121.93282508996326,36.93423290657413],[-121.9301301441109,36.93423290657413],[-121.9301301441109,36.936927852426486],[-121.93282508996326,36.936927852426486],[-121.93282508996326,36.93423290657413]],[[-121.9301301441109,36.5326859745727],[-121.92743519825854,36.5326859745727],[-121.92743519825854,36.53538092042506],[-121.9301301441109,36.53538092042506],[-121.9301301441109,36.5326859745727]],[[-121.92474025240618,36.748281642761384],[-121.92204530655383,36.748281642761384],[-121.92204530655383,36.750976588613746],[-121.92474025240618,36.750976588613746],[-121.92474025240618,36.748281642761384]],[[-121.91935036070146,36.627009079405255],[-121.9166554148491,36.627009079405255],[-121.9166554148491,36.62970402525761],[-121.91935036070146,36.62970402525761],[-121.91935036070146,36.627009079405255]],[[-121.9112655231444,36.8776390436746],[-121.90587563143967,36.8776390436746],[-121.90587563143967,36.88033398952696],[-121.9112655231444,36.88033398952696],[-121.9112655231444,36.8776390436746]],[[-121.90857057729202,36.93153796072177],[-121.90587563143967,36.93153796072177],[-121.90587563143967,36.93423290657413],[-121.90857057729202,36.93423290657413],[-121.90857057729202,36.93153796072177]],[[-121.90587563143967,36.936927852426486],[-121.90318068558732,36.936927852426486],[-121.90318068558732,36.93962279827885],[-121.90587563143967,36.93962279827885],[-121.90587563143967,36.936927852426486]],[[-121.90318068558732,36.79140077639912],[-121.90048573973495,36.79140077639912],[-121.90048573973495,36.794095722251484],[-121.90318068558732,36.794095722251484],[-121.90318068558732,36.79140077639912]],[[-121.90048573973495,36.77253615543261],[-121.89779079388259,36.77253615543261],[-121.89779079388259,36.77523110128497],[-121.90048573973495,36.77523110128497],[-121.90048573973495,36.77253615543261]],[[-121.89240090217788,36.697077671566575],[-121.88970595632551,36.697077671566575],[-121.88970595632551,36.69977261741893],[-121.89240090217788,36.69977261741893],[-121.89240090217788,36.697077671566575]],[[-121.89240090217788,36.77253615543261],[-121.88970595632551,36.77253615543261],[-121.88970595632551,36.777926047137335],[-121.89240090217788,36.777926047137335],[-121.89240090217788,36.77253615543261]],[[-121.89240090217788,36.86955420611752],[-121.88970595632551,36.86955420611752],[-121.88970595632551,36.87224915196988],[-121.89240090217788,36.87224915196988],[-121.89240090217788,36.86955420611752]],[[-121.89240090217788,36.87494409782224],[-121.88970595632551,36.87494409782224],[-121.88970595632551,36.8776390436746],[-121.89240090217788,36.8776390436746],[-121.89240090217788,36.87494409782224]],[[-121.88970595632551,36.86146936856045],[-121.88701101047316,36.86146936856045],[-121.88701101047316,36.864164314412804],[-121.88970595632551,36.864164314412804],[-121.88970595632551,36.86146936856045]],[[-121.88970595632551,36.89380871878875],[-121.88701101047316,36.89380871878875],[-121.88701101047316,36.89650366464111],[-121.88970595632551,36.89650366464111],[-121.88970595632551,36.89380871878875]],[[-121.8843160646208,36.78062099298969],[-121.88162111876845,36.78062099298969],[-121.88162111876845,36.78331593884205],[-121.8843160646208,36.78331593884205],[-121.8843160646208,36.78062099298969]],[[-121.88162111876845,36.80487550566092],[-121.87892617291608,36.80487550566092],[-121.87892617291608,36.80757045151328],[-121.88162111876845,36.80757045151328],[-121.88162111876845,36.80487550566092]],[[-121.87623122706373,36.6889928340095],[-121.87353628121137,36.6889928340095],[-121.87353628121137,36.69438272571421],[-121.87623122706373,36.69438272571421],[-121.87623122706373,36.6889928340095]],[[-121.870841335359,36.7994856139562],[-121.86814638950665,36.7994856139562],[-121.86814638950665,36.802180559808555],[-121.870841335359,36.802180559808555],[-121.870841335359,36.7994856139562]],[[-121.86814638950665,36.83721485588922],[-121.8654514436543,36.83721485588922],[-121.8654514436543,36.83990980174158],[-121.86814638950665,36.83990980174158],[-121.86814638950665,36.83721485588922]],[[-121.82502725586892,36.66743326719063],[-121.82233231001655,36.66743326719063],[-121.82233231001655,36.670128213042986],[-121.82502725586892,36.670128213042986],[-121.82502725586892,36.66743326719063]],[[-121.7738232846741,36.81026539736563],[-121.77112833882174,36.81026539736563],[-121.77112833882174,36.812960343217995],[-121.7738232846741,36.812960343217995],[-121.7738232846741,36.81026539736563]],[[-121.75765360955995,36.84260474759394],[-121.7549586637076,36.84260474759394],[-121.7549586637076,36.84529969344629],[-121.75765360955995,36.84529969344629],[-121.75765360955995,36.84260474759394]],[[-122.0082835738293,36.78870583054677],[-122.0082835738293,36.79140077639912],[-122.00019873627222,36.79140077639912],[-122.00019873627222,36.794095722251484],[-122.00289368212458,36.794095722251484],[-122.00289368212458,36.79679066810384],[-122.00558862797693,36.79679066810384],[-122.00558862797693,36.794095722251484],[-122.0082835738293,36.794095722251484],[-122.0082835738293,36.802180559808555],[-122.01097851968166,36.802180559808555],[-122.01097851968166,36.7994856139562],[-122.01367346553401,36.7994856139562],[-122.01367346553401,36.80487550566092],[-122.01636841138637,36.80487550566092],[-122.01636841138637,36.7994856139562],[-122.02175830309109,36.7994856139562],[-122.02175830309109,36.79679066810384],[-122.0271481947958,36.79679066810384],[-122.0271481947958,36.794095722251484],[-122.02445324894344,36.794095722251484],[-122.02445324894344,36.79140077639912],[-122.0271481947958,36.79140077639912],[-122.0271481947958,36.78870583054677],[-122.02175830309109,36.78870583054677],[-122.02175830309109,36.786010884694406],[-122.01906335723874,36.786010884694406],[-122.01906335723874,36.78331593884205],[-122.01636841138637,36.78331593884205],[-122.01636841138637,36.78062099298969],[-122.01097851968166,36.78062099298969],[-122.01097851968166,36.78870583054677],[-122.0082835738293,36.78870583054677]],[[-121.88970595632551,36.786010884694406],[-121.88701101047316,36.786010884694406],[-121.88701101047316,36.78870583054677],[-121.88970595632551,36.78870583054677],[-121.88970595632551,36.786010884694406]],[[-121.89509584803024,36.713247346680724],[-121.89779079388259,36.713247346680724],[-121.89779079388259,36.71055240082837],[-121.90048573973495,36.71055240082837],[-121.90048573973495,36.70785745497601],[-121.89779079388259,36.70785745497601],[-121.89779079388259,36.70516250912365],[-121.89509584803024,36.70516250912365],[-121.89509584803024,36.713247346680724]],[[-121.95707960263448,36.92614806901705],[-121.95977454848685,36.92614806901705],[-121.95977454848685,36.92075817731234],[-121.95707960263448,36.92075817731234],[-121.95707960263448,36.92614806901705]],[[-121.90048573973495,36.786010884694406],[-121.89779079388259,36.786010884694406],[-121.89779079388259,36.78870583054677],[-121.90048573973495,36.78870583054677],[-121.90048573973495,36.786010884694406]],[[-122.0271481947958,36.767146263727895],[-122.0271481947958,36.76445131787554],[-122.02445324894344,36.76445131787554],[-122.02445324894344,36.767146263727895],[-122.0271481947958,36.767146263727895]],[[-121.8843160646208,36.70516250912365],[-121.8843160646208,36.70785745497601],[-121.88162111876845,36.70785745497601],[-121.88162111876845,36.71055240082837],[-121.8843160646208,36.71055240082837],[-121.8843160646208,36.715942292533086],[-121.88701101047316,36.715942292533086],[-121.88701101047316,36.70785745497601],[-121.88970595632551,36.70785745497601],[-121.88970595632551,36.70246756327129],[-121.88701101047316,36.70246756327129],[-121.88701101047316,36.70516250912365],[-121.8843160646208,36.70516250912365]],[[-121.9166554148491,36.77253615543261],[-121.91935036070146,36.77253615543261],[-121.91935036070146,36.76984120958026],[-121.9166554148491,36.76984120958026],[-121.9166554148491,36.77253615543261]],[[-121.99750379041986,36.83721485588922],[-121.9948088445675,36.83721485588922],[-121.9948088445675,36.83990980174158],[-121.99750379041986,36.83990980174158],[-121.99750379041986,36.83721485588922]],[[-121.90587563143967,36.77523110128497],[-121.90857057729202,36.77523110128497],[-121.90857057729202,36.77253615543261],[-121.90587563143967,36.77253615543261],[-121.90587563143967,36.77523110128497]],[[-121.98941895286279,36.85338453100337],[-121.99211389871515,36.85338453100337],[-121.99211389871515,36.85068958515101],[-121.98941895286279,36.85068958515101],[-121.98941895286279,36.85338453100337]],[[-121.87353628121137,36.83990980174158],[-121.87353628121137,36.83721485588922],[-121.870841335359,36.83721485588922],[-121.870841335359,36.83990980174158],[-121.87353628121137,36.83990980174158]],[[-122.04331786990996,36.85877442270809],[-122.04870776161468,36.85877442270809],[-122.04870776161468,36.85607947685573],[-122.05409765331939,36.85607947685573],[-122.05409765331939,36.85338453100337],[-122.04601281576231,36.85338453100337],[-122.04601281576231,36.85607947685573],[-122.04331786990996,36.85607947685573],[-122.04331786990996,36.85877442270809]],[[-121.97055433189628,36.84529969344629],[-121.97055433189628,36.847994639298655],[-121.97324927774864,36.847994639298655],[-121.97324927774864,36.84529969344629],[-121.97055433189628,36.84529969344629]],[[-121.87623122706373,36.70785745497601],[-121.87623122706373,36.71055240082837],[-121.870841335359,36.71055240082837],[-121.870841335359,36.70785745497601],[-121.86814638950665,36.70785745497601],[-121.86814638950665,36.71055240082837],[-121.86275649780194,36.71055240082837],[-121.86275649780194,36.713247346680724],[-121.8654514436543,36.713247346680724],[-121.8654514436543,36.715942292533086],[-121.86814638950665,36.715942292533086],[-121.86814638950665,36.713247346680724],[-121.87353628121137,36.713247346680724],[-121.87353628121137,36.715942292533086],[-121.87892617291608,36.715942292533086],[-121.87892617291608,36.70785745497601],[-121.87623122706373,36.70785745497601]],[[-122.00289368212458,36.85607947685573],[-122.00558862797693,36.85607947685573],[-122.00558862797693,36.85338453100337],[-122.00289368212458,36.85338453100337],[-122.00289368212458,36.85607947685573]],[[-121.96516444019156,36.81026539736563],[-121.96785938604391,36.81026539736563],[-121.96785938604391,36.80487550566092],[-121.96516444019156,36.80487550566092],[-121.96516444019156,36.81026539736563]],[[-122.00558862797693,36.829130018332144],[-122.00558862797693,36.82643507247978],[-122.00289368212458,36.82643507247978],[-122.00289368212458,36.829130018332144],[-122.00558862797693,36.829130018332144]],[[-121.95438465678212,36.92884301486941],[-121.94629981922505,36.92884301486941],[-121.94629981922505,36.93153796072177],[-121.95438465678212,36.93153796072177],[-121.95438465678212,36.92884301486941]],[[-122.00558862797693,36.83990980174158],[-122.00558862797693,36.84260474759394],[-122.0082835738293,36.84260474759394],[-122.0082835738293,36.83990980174158],[-122.00558862797693,36.83990980174158]],[[-121.86814638950665,36.69438272571421],[-121.870841335359,36.69438272571421],[-121.870841335359,36.69168777986186],[-121.86814638950665,36.69168777986186],[-121.86814638950665,36.69438272571421]],[[-121.97594422360099,36.86146936856045],[-121.97594422360099,36.864164314412804],[-121.97863916945334,36.864164314412804],[-121.97863916945334,36.86146936856045],[-121.97594422360099,36.86146936856045]],[[-121.88970595632551,36.786010884694406],[-121.89240090217788,36.786010884694406],[-121.89240090217788,36.78331593884205],[-121.88970595632551,36.78331593884205],[-121.88970595632551,36.786010884694406]],[[-121.99750379041986,36.847994639298655],[-121.99750379041986,36.84529969344629],[-121.98941895286279,36.84529969344629],[-121.98941895286279,36.84260474759394],[-121.98672400701042,36.84260474759394],[-121.98672400701042,36.847994639298655],[-121.99750379041986,36.847994639298655]],[[-121.98402906115807,36.864164314412804],[-121.98402906115807,36.86146936856045],[-121.98133411530571,36.86146936856045],[-121.98133411530571,36.864164314412804],[-121.98402906115807,36.864164314412804]],[[-122.02175830309109,36.93423290657413],[-122.01906335723874,36.93423290657413],[-122.01906335723874,36.936927852426486],[-122.02175830309109,36.936927852426486],[-122.02175830309109,36.93423290657413]],[[-122.0082835738293,36.78870583054677],[-122.0082835738293,36.78331593884205],[-122.00558862797693,36.78331593884205],[-122.00558862797693,36.78870583054677],[-122.0082835738293,36.78870583054677]],[[-122.00019873627222,36.80487550566092],[-122.00019873627222,36.80757045151328],[-122.00289368212458,36.80757045151328],[-122.00289368212458,36.80487550566092],[-122.00019873627222,36.80487550566092]],[[-122.04331786990996,36.85877442270809],[-122.0406229240576,36.85877442270809],[-122.0406229240576,36.86146936856045],[-122.04331786990996,36.86146936856045],[-122.04331786990996,36.85877442270809]],[[-121.97055433189628,36.81565528907035],[-121.97055433189628,36.812960343217995],[-121.96785938604391,36.812960343217995],[-121.96785938604391,36.81565528907035],[-121.97055433189628,36.81565528907035]],[[-121.87623122706373,36.70785745497601],[-121.87623122706373,36.70516250912365],[-121.87353628121137,36.70516250912365],[-121.87353628121137,36.70785745497601],[-121.87623122706373,36.70785745497601]],[[-121.88162111876845,36.81835023492271],[-121.88162111876845,36.81565528907035],[-121.87623122706373,36.81565528907035],[-121.87623122706373,36.821045180775066],[-121.87892617291608,36.821045180775066],[-121.87892617291608,36.81835023492271],[-121.88162111876845,36.81835023492271]],[[-121.88970595632551,36.7994856139562],[-121.88162111876845,36.7994856139562],[-121.88162111876845,36.802180559808555],[-121.8843160646208,36.802180559808555],[-121.8843160646208,36.80487550566092],[-121.88701101047316,36.80487550566092],[-121.88701101047316,36.802180559808555],[-121.88970595632551,36.802180559808555],[-121.88970595632551,36.7994856139562]],[[-122.04331786990996,36.86955420611752],[-122.04331786990996,36.864164314412804],[-122.0406229240576,36.864164314412804],[-122.0406229240576,36.86955420611752],[-122.04331786990996,36.86955420611752]],[[-121.96516444019156,36.81026539736563],[-121.9624694943392,36.81026539736563],[-121.9624694943392,36.812960343217995],[-121.96516444019156,36.812960343217995],[-121.96516444019156,36.81026539736563]],[[-121.9948088445675,36.88033398952696],[-121.99750379041986,36.88033398952696],[-121.99750379041986,36.87494409782224],[-121.99211389871515,36.87494409782224],[-121.99211389871515,36.8776390436746],[-121.9948088445675,36.8776390436746],[-121.9948088445675,36.88033398952696]],[[-121.98941895286279,36.81565528907035],[-121.99750379041986,36.81565528907035],[-121.99750379041986,36.812960343217995],[-121.98941895286279,36.812960343217995],[-121.98941895286279,36.81565528907035]],[[-121.86814638950665,36.69438272571421],[-121.8654514436543,36.69438272571421],[-121.8654514436543,36.697077671566575],[-121.86814638950665,36.697077671566575],[-121.86814638950665,36.69438272571421]],[[-122.00019873627222,36.80487550566092],[-122.00019873627222,36.802180559808555],[-121.99750379041986,36.802180559808555],[-121.99750379041986,36.79679066810384],[-121.9948088445675,36.79679066810384],[-121.9948088445675,36.794095722251484],[-121.98941895286279,36.794095722251484],[-121.98941895286279,36.79679066810384],[-121.99211389871515,36.79679066810384],[-121.99211389871515,36.7994856139562],[-121.9948088445675,36.7994856139562],[-121.9948088445675,36.802180559808555],[-121.99211389871515,36.802180559808555],[-121.99211389871515,36.80757045151328],[-121.9948088445675,36.80757045151328],[-121.9948088445675,36.80487550566092],[-122.00019873627222,36.80487550566092]],[[-121.8843160646208,36.70516250912365],[-121.8843160646208,36.70246756327129],[-121.88162111876845,36.70246756327129],[-121.88162111876845,36.70516250912365],[-121.8843160646208,36.70516250912365]],[[-121.89509584803024,36.713247346680724],[-121.88970595632551,36.713247346680724],[-121.88970595632551,36.715942292533086],[-121.89509584803024,36.715942292533086],[-121.89509584803024,36.713247346680724]],[[-122.07565722013825,36.86146936856045],[-122.07835216599062,36.86146936856045],[-122.07835216599062,36.85877442270809],[-122.07565722013825,36.85877442270809],[-122.07565722013825,36.86146936856045]],[[-122.03253808650052,36.76445131787554],[-122.03523303235288,36.76445131787554],[-122.03523303235288,36.76175637202318],[-122.03253808650052,36.76175637202318],[-122.03253808650052,36.76445131787554]],[[-121.94360487337269,36.562330378948644],[-121.94629981922505,36.562330378948644],[-121.94629981922505,36.55963543309629],[-121.94360487337269,36.55963543309629],[-121.94360487337269,36.562330378948644]],[[-121.870841335359,36.85607947685573],[-121.86814638950665,36.85607947685573],[-121.86814638950665,36.85877442270809],[-121.870841335359,36.85877442270809],[-121.870841335359,36.85607947685573]],[[-122.0729622742859,36.86955420611752],[-122.07026732843354,36.86955420611752],[-122.07026732843354,36.87494409782224],[-122.0729622742859,36.87494409782224],[-122.0729622742859,36.86955420611752]],[[-122.01097851968166,36.829130018332144],[-122.01097851968166,36.831824964184506],[-122.01367346553401,36.831824964184506],[-122.01367346553401,36.829130018332144],[-122.01097851968166,36.829130018332144]],[[-121.94360487337269,36.562330378948644],[-121.94090992752034,36.562330378948644],[-121.94090992752034,36.565025324801006],[-121.94360487337269,36.565025324801006],[-121.94360487337269,36.562330378948644]],[[-122.03792797820525,36.72672207594252],[-122.03523303235288,36.72672207594252],[-122.03523303235288,36.72941702179488],[-122.03792797820525,36.72941702179488],[-122.03792797820525,36.72672207594252]],[[-121.98941895286279,36.85338453100337],[-121.98672400701042,36.85338453100337],[-121.98672400701042,36.85068958515101],[-121.98402906115807,36.85068958515101],[-121.98402906115807,36.85607947685573],[-121.98941895286279,36.85607947685573],[-121.98941895286279,36.85338453100337]],[[-122.04601281576231,36.8776390436746],[-122.04601281576231,36.88033398952696],[-122.04870776161468,36.88033398952696],[-122.04870776161468,36.8776390436746],[-122.04601281576231,36.8776390436746]],[[-122.02175830309109,36.93423290657413],[-122.02445324894344,36.93423290657413],[-122.02445324894344,36.93153796072177],[-122.02175830309109,36.93153796072177],[-122.02175830309109,36.93423290657413]],[[-121.90318068558732,36.62161918770053],[-121.90318068558732,36.61892424184818],[-121.90048573973495,36.61892424184818],[-121.90048573973495,36.62161918770053],[-121.90318068558732,36.62161918770053]],[[-122.0082835738293,36.85068958515101],[-122.0082835738293,36.85338453100337],[-122.01097851968166,36.85338453100337],[-122.01097851968166,36.85068958515101],[-122.0082835738293,36.85068958515101]],[[-122.03253808650052,36.85877442270809],[-122.03523303235288,36.85877442270809],[-122.03523303235288,36.85607947685573],[-122.03253808650052,36.85607947685573],[-122.03253808650052,36.85877442270809]],[[-121.99750379041986,36.847994639298655],[-121.99750379041986,36.85338453100337],[-122.00019873627222,36.85338453100337],[-122.00019873627222,36.847994639298655],[-121.99750379041986,36.847994639298655]],[[-121.98672400701042,36.82374012662743],[-121.98672400701042,36.82643507247978],[-121.99211389871515,36.82643507247978],[-121.99211389871515,36.82374012662743],[-121.98672400701042,36.82374012662743]],[[-121.90318068558732,36.62161918770053],[-121.90318068558732,36.62431413355289],[-121.90587563143967,36.62431413355289],[-121.90587563143967,36.62161918770053],[-121.90318068558732,36.62161918770053]],[[-121.99750379041986,36.866859260265166],[-121.99750379041986,36.87224915196988],[-122.00019873627222,36.87224915196988],[-122.00019873627222,36.86955420611752],[-122.00289368212458,36.86955420611752],[-122.00289368212458,36.866859260265166],[-121.99750379041986,36.866859260265166]],[[-122.08374205769533,36.9423177441312],[-122.08374205769533,36.93962279827885],[-122.07835216599062,36.93962279827885],[-122.07835216599062,36.9423177441312],[-122.08374205769533,36.9423177441312]],[[-122.0406229240576,36.72672207594252],[-122.0406229240576,36.72941702179488],[-122.04331786990996,36.72941702179488],[-122.04331786990996,36.72672207594252],[-122.0406229240576,36.72672207594252]],[[-122.03253808650052,36.85877442270809],[-122.02984314064817,36.85877442270809],[-122.02984314064817,36.86146936856045],[-122.03253808650052,36.86146936856045],[-122.03253808650052,36.85877442270809]],[[-122.0082835738293,36.85068958515101],[-122.0082835738293,36.847994639298655],[-122.00558862797693,36.847994639298655],[-122.00558862797693,36.84529969344629],[-122.00289368212458,36.84529969344629],[-122.00289368212458,36.85068958515101],[-122.0082835738293,36.85068958515101]],[[-121.95168971092977,36.79140077639912],[-121.95168971092977,36.794095722251484],[-121.95438465678212,36.794095722251484],[-121.95438465678212,36.79140077639912],[-121.95168971092977,36.79140077639912]],[[-121.95168971092977,36.79140077639912],[-121.95168971092977,36.78870583054677],[-121.9489947650774,36.78870583054677],[-121.9489947650774,36.79140077639912],[-121.95168971092977,36.79140077639912]],[[-122.08374205769533,36.945012689983564],[-122.08913194940006,36.945012689983564],[-122.08913194940006,36.93962279827885],[-122.0864370035477,36.93962279827885],[-122.0864370035477,36.9423177441312],[-122.08374205769533,36.9423177441312],[-122.08374205769533,36.945012689983564]],[[-122.0729622742859,36.86955420611752],[-122.07565722013825,36.86955420611752],[-122.07565722013825,36.86146936856045],[-122.0729622742859,36.86146936856045],[-122.0729622742859,36.86955420611752]],[[-122.04601281576231,36.8776390436746],[-122.04601281576231,36.87494409782224],[-122.04870776161468,36.87494409782224],[-122.04870776161468,36.87224915196988],[-122.04601281576231,36.87224915196988],[-122.04601281576231,36.86955420611752],[-122.04331786990996,36.86955420611752],[-122.04331786990996,36.8776390436746],[-122.04601281576231,36.8776390436746]],[[-122.0406229240576,36.72672207594252],[-122.0406229240576,36.72402713009016],[-122.03792797820525,36.72402713009016],[-122.03792797820525,36.72672207594252],[-122.0406229240576,36.72672207594252]],[[-122.02984314064817,36.767146263727895],[-122.03253808650052,36.767146263727895],[-122.03253808650052,36.76445131787554],[-122.02984314064817,36.76445131787554],[-122.02984314064817,36.767146263727895]],[[-122.0271481947958,36.767146263727895],[-122.0271481947958,36.76984120958026],[-122.02984314064817,36.76984120958026],[-122.02984314064817,36.767146263727895],[-122.0271481947958,36.767146263727895]],[[-122.0082835738293,36.829130018332144],[-122.00558862797693,36.829130018332144],[-122.00558862797693,36.831824964184506],[-121.99750379041986,36.831824964184506],[-121.99750379041986,36.83721485588922],[-122.00019873627222,36.83721485588922],[-122.00019873627222,36.84260474759394],[-122.00289368212458,36.84260474759394],[-122.00289368212458,36.83990980174158],[-122.00558862797693,36.83990980174158],[-122.00558862797693,36.83721485588922],[-122.00289368212458,36.83721485588922],[-122.00289368212458,36.83451991003686],[-122.0082835738293,36.83451991003686],[-122.0082835738293,36.829130018332144]],[[-122.01097851968166,36.829130018332144],[-122.01097851968166,36.82643507247978],[-122.0082835738293,36.82643507247978],[-122.0082835738293,36.829130018332144],[-122.01097851968166,36.829130018332144]],[[-121.99750379041986,36.864164314412804],[-122.00289368212458,36.864164314412804],[-122.00289368212458,36.86146936856045],[-122.00558862797693,36.86146936856045],[-122.00558862797693,36.85877442270809],[-122.00289368212458,36.85877442270809],[-122.00289368212458,36.85607947685573],[-122.00019873627222,36.85607947685573],[-122.00019873627222,36.85877442270809],[-121.99750379041986,36.85877442270809],[-121.99750379041986,36.864164314412804]],[[-121.9948088445675,36.883028935379315],[-121.9948088445675,36.88033398952696],[-121.99211389871515,36.88033398952696],[-121.99211389871515,36.883028935379315],[-121.9948088445675,36.883028935379315]],[[-121.9948088445675,36.88572388123168],[-121.99750379041986,36.88572388123168],[-121.99750379041986,36.883028935379315],[-121.9948088445675,36.883028935379315],[-121.9948088445675,36.88572388123168]],[[-121.98941895286279,36.88841882708403],[-121.9948088445675,36.88841882708403],[-121.9948088445675,36.88572388123168],[-121.98941895286279,36.88572388123168],[-121.98941895286279,36.88841882708403]],[[-121.96785938604391,36.84529969344629],[-121.97055433189628,36.84529969344629],[-121.97055433189628,36.84260474759394],[-121.96785938604391,36.84260474759394],[-121.96785938604391,36.84529969344629]],[[-121.90318068558732,36.777926047137335],[-121.90587563143967,36.777926047137335],[-121.90587563143967,36.77523110128497],[-121.90318068558732,36.77523110128497],[-121.90318068558732,36.777926047137335]],[[-121.87623122706373,36.83990980174158],[-121.87353628121137,36.83990980174158],[-121.87353628121137,36.84260474759394],[-121.87623122706373,36.84260474759394],[-121.87623122706373,36.83990980174158]],[[-121.95438465678212,36.92614806901705],[-121.95438465678212,36.92345312316469],[-121.95168971092977,36.92345312316469],[-121.95168971092977,36.92075817731234],[-121.95438465678212,36.92075817731234],[-121.95438465678212,36.91536828560762],[-121.95977454848685,36.91536828560762],[-121.95977454848685,36.918063231459975],[-121.96785938604391,36.918063231459975],[-121.96785938604391,36.92075817731234],[-121.97324927774864,36.92075817731234],[-121.97324927774864,36.918063231459975],[-121.97863916945334,36.918063231459975],[-121.97863916945334,36.92075817731234],[-121.99211389871515,36.92075817731234],[-121.99211389871515,36.92345312316469],[-122.00019873627222,36.92345312316469],[-122.00019873627222,36.918063231459975],[-121.99750379041986,36.918063231459975],[-121.99750379041986,36.92075817731234],[-121.9948088445675,36.92075817731234],[-121.9948088445675,36.918063231459975],[-121.99211389871515,36.918063231459975],[-121.99211389871515,36.91267333975526],[-121.98941895286279,36.91267333975526],[-121.98941895286279,36.909978393902904],[-121.99211389871515,36.909978393902904],[-121.99211389871515,36.899198610493464],[-121.98941895286279,36.899198610493464],[-121.98941895286279,36.89380871878875],[-121.99211389871515,36.89380871878875],[-121.99211389871515,36.89111377293639],[-121.98941895286279,36.89111377293639],[-121.98941895286279,36.88841882708403],[-121.98672400701042,36.88841882708403],[-121.98672400701042,36.88033398952696],[-121.98402906115807,36.88033398952696],[-121.98402906115807,36.8776390436746],[-121.98133411530571,36.8776390436746],[-121.98133411530571,36.88033398952696],[-121.97594422360099,36.88033398952696],[-121.97594422360099,36.87494409782224],[-121.98133411530571,36.87494409782224],[-121.98133411530571,36.866859260265166],[-121.96785938604391,36.866859260265166],[-121.96785938604391,36.864164314412804],[-121.97324927774864,36.864164314412804],[-121.97324927774864,36.86146936856045],[-121.97594422360099,36.86146936856045],[-121.97594422360099,36.85877442270809],[-121.97324927774864,36.85877442270809],[-121.97324927774864,36.85338453100337],[-121.97594422360099,36.85338453100337],[-121.97594422360099,36.85607947685573],[-121.98133411530571,36.85607947685573],[-121.98133411530571,36.85338453100337],[-121.97863916945334,36.85338453100337],[-121.97863916945334,36.847994639298655],[-121.98133411530571,36.847994639298655],[-121.98133411530571,36.84529969344629],[-121.97863916945334,36.84529969344629],[-121.97863916945334,36.84260474759394],[-121.97594422360099,36.84260474759394],[-121.97594422360099,36.85068958515101],[-121.97055433189628,36.85068958515101],[-121.97055433189628,36.85338453100337],[-121.96785938604391,36.85338453100337],[-121.96785938604391,36.84529969344629],[-121.96516444019156,36.84529969344629],[-121.96516444019156,36.84260474759394],[-121.95977454848685,36.84260474759394],[-121.95977454848685,36.84529969344629],[-121.95707960263448,36.84529969344629],[-121.95707960263448,36.83990980174158],[-121.95438465678212,36.83990980174158],[-121.95438465678212,36.847994639298655],[-121.9489947650774,36.847994639298655],[-121.9489947650774,36.83990980174158],[-121.94629981922505,36.83990980174158],[-121.94629981922505,36.83451991003686],[-121.9489947650774,36.83451991003686],[-121.9489947650774,36.82374012662743],[-121.94629981922505,36.82374012662743],[-121.94629981922505,36.821045180775066],[-121.95438465678212,36.821045180775066],[-121.95438465678212,36.81835023492271],[-121.95168971092977,36.81835023492271],[-121.95168971092977,36.812960343217995],[-121.94629981922505,36.812960343217995],[-121.94629981922505,36.81026539736563],[-121.95168971092977,36.81026539736563],[-121.95168971092977,36.80757045151328],[-121.9489947650774,36.80757045151328],[-121.9489947650774,36.79679066810384],[-121.94629981922505,36.79679066810384],[-121.94629981922505,36.79140077639912],[-121.94360487337269,36.79140077639912],[-121.94360487337269,36.78870583054677],[-121.94629981922505,36.78870583054677],[-121.94629981922505,36.78331593884205],[-121.94360487337269,36.78331593884205],[-121.94360487337269,36.786010884694406],[-121.94090992752034,36.786010884694406],[-121.94090992752034,36.78062099298969],[-121.93552003581561,36.78062099298969],[-121.93552003581561,36.77523110128497],[-121.93282508996326,36.77523110128497],[-121.93282508996326,36.77253615543261],[-121.9301301441109,36.77253615543261],[-121.9301301441109,36.77523110128497],[-121.9166554148491,36.77523110128497],[-121.9166554148491,36.77253615543261],[-121.9112655231444,36.77253615543261],[-121.9112655231444,36.77523110128497],[-121.91396046899675,36.77523110128497],[-121.91396046899675,36.777926047137335],[-121.9112655231444,36.777926047137335],[-121.9112655231444,36.78331593884205],[-121.90318068558732,36.78331593884205],[-121.90318068558732,36.777926047137335],[-121.90048573973495,36.777926047137335],[-121.90048573973495,36.78062099298969],[-121.89779079388259,36.78062099298969],[-121.89779079388259,36.78331593884205],[-121.90048573973495,36.78331593884205],[-121.90048573973495,36.786010884694406],[-121.90857057729202,36.786010884694406],[-121.90857057729202,36.78870583054677],[-121.90587563143967,36.78870583054677],[-121.90587563143967,36.79140077639912],[-121.90857057729202,36.79140077639912],[-121.90857057729202,36.794095722251484],[-121.90587563143967,36.794095722251484],[-121.90587563143967,36.79679066810384],[-121.89779079388259,36.79679066810384],[-121.89779079388259,36.79140077639912],[-121.89509584803024,36.79140077639912],[-121.89509584803024,36.79679066810384],[-121.89240090217788,36.79679066810384],[-121.89240090217788,36.79140077639912],[-121.88970595632551,36.79140077639912],[-121.88970595632551,36.7994856139562],[-121.89240090217788,36.7994856139562],[-121.89240090217788,36.802180559808555],[-121.90048573973495,36.802180559808555],[-121.90048573973495,36.7994856139562],[-121.90318068558732,36.7994856139562],[-121.90318068558732,36.802180559808555],[-121.90587563143967,36.802180559808555],[-121.90587563143967,36.80487550566092],[-121.90857057729202,36.80487550566092],[-121.90857057729202,36.802180559808555],[-121.91396046899675,36.802180559808555],[-121.91396046899675,36.80757045151328],[-121.90857057729202,36.80757045151328],[-121.90857057729202,36.81026539736563],[-121.90048573973495,36.81026539736563],[-121.90048573973495,36.812960343217995],[-121.90318068558732,36.812960343217995],[-121.90318068558732,36.81565528907035],[-121.90048573973495,36.81565528907035],[-121.90048573973495,36.81835023492271],[-121.89509584803024,36.81835023492271],[-121.89509584803024,36.81565528907035],[-121.88701101047316,36.81565528907035],[-121.88701101047316,36.812960343217995],[-121.8843160646208,36.812960343217995],[-121.8843160646208,36.81835023492271],[-121.88162111876845,36.81835023492271],[-121.88162111876845,36.82374012662743],[-121.87892617291608,36.82374012662743],[-121.87892617291608,36.829130018332144],[-121.87623122706373,36.829130018332144],[-121.87623122706373,36.831824964184506],[-121.87353628121137,36.831824964184506],[-121.87353628121137,36.829130018332144],[-121.870841335359,36.829130018332144],[-121.870841335359,36.83451991003686],[-121.87623122706373,36.83451991003686],[-121.87623122706373,36.83990980174158],[-121.88162111876845,36.83990980174158],[-121.88162111876845,36.84260474759394],[-121.87892617291608,36.84260474759394],[-121.87892617291608,36.847994639298655],[-121.87623122706373,36.847994639298655],[-121.87623122706373,36.84529969344629],[-121.87353628121137,36.84529969344629],[-121.87353628121137,36.847994639298655],[-121.870841335359,36.847994639298655],[-121.870841335359,36.84529969344629],[-121.8654514436543,36.84529969344629],[-121.8654514436543,36.85338453100337],[-121.870841335359,36.85338453100337],[-121.870841335359,36.85607947685573],[-121.87623122706373,36.85607947685573],[-121.87623122706373,36.85877442270809],[-121.88162111876845,36.85877442270809],[-121.88162111876845,36.86146936856045],[-121.8843160646208,36.86146936856045],[-121.8843160646208,36.85877442270809],[-121.88970595632551,36.85877442270809],[-121.88970595632551,36.85607947685573],[-121.89240090217788,36.85607947685573],[-121.89240090217788,36.85877442270809],[-121.89509584803024,36.85877442270809],[-121.89509584803024,36.86955420611752],[-121.89779079388259,36.86955420611752],[-121.89779079388259,36.87224915196988],[-121.90048573973495,36.87224915196988],[-121.90048573973495,36.8776390436746],[-121.90318068558732,36.8776390436746],[-121.90318068558732,36.87494409782224],[-121.90587563143967,36.87494409782224],[-121.90587563143967,36.87224915196988],[-121.90857057729202,36.87224915196988],[-121.90857057729202,36.87494409782224],[-121.91396046899675,36.87494409782224],[-121.91396046899675,36.86955420611752],[-121.91935036070146,36.86955420611752],[-121.91935036070146,36.87224915196988],[-121.92474025240618,36.87224915196988],[-121.92474025240618,36.86955420611752],[-121.92743519825854,36.86955420611752],[-121.92743519825854,36.87224915196988],[-121.93282508996326,36.87224915196988],[-121.93282508996326,36.87494409782224],[-121.92743519825854,36.87494409782224],[-121.92743519825854,36.88033398952696],[-121.92474025240618,36.88033398952696],[-121.92474025240618,36.883028935379315],[-121.91396046899675,36.883028935379315],[-121.91396046899675,36.88572388123168],[-121.90857057729202,36.88572388123168],[-121.90857057729202,36.89380871878875],[-121.89509584803024,36.89380871878875],[-121.89509584803024,36.89650366464111],[-121.89779079388259,36.89650366464111],[-121.89779079388259,36.899198610493464],[-121.89509584803024,36.899198610493464],[-121.89509584803024,36.901893556345826],[-121.8843160646208,36.901893556345826],[-121.8843160646208,36.89380871878875],[-121.88162111876845,36.89380871878875],[-121.88162111876845,36.89650366464111],[-121.87892617291608,36.89650366464111],[-121.87892617291608,36.89380871878875],[-121.87353628121137,36.89380871878875],[-121.87353628121137,36.89111377293639],[-121.87892617291608,36.89111377293639],[-121.87892617291608,36.88841882708403],[-121.87623122706373,36.88841882708403],[-121.87623122706373,36.88572388123168],[-121.8654514436543,36.88572388123168],[-121.8654514436543,36.883028935379315],[-121.87353628121137,36.883028935379315],[-121.87353628121137,36.88033398952696],[-121.8654514436543,36.88033398952696],[-121.8654514436543,36.8776390436746],[-121.86275649780194,36.8776390436746],[-121.86275649780194,36.88033398952696],[-121.85736660609722,36.88033398952696],[-121.85736660609722,36.8776390436746],[-121.85467166024486,36.8776390436746],[-121.85467166024486,36.88033398952696],[-121.85197671439249,36.88033398952696],[-121.85197671439249,36.883028935379315],[-121.84928176854014,36.883028935379315],[-121.84928176854014,36.88841882708403],[-121.85467166024486,36.88841882708403],[-121.85467166024486,36.89111377293639],[-121.85736660609722,36.89111377293639],[-121.85736660609722,36.89380871878875],[-121.86006155194957,36.89380871878875],[-121.86006155194957,36.89650366464111],[-121.85197671439249,36.89650366464111],[-121.85197671439249,36.89380871878875],[-121.84658682268778,36.89380871878875],[-121.84658682268778,36.899198610493464],[-121.84928176854014,36.899198610493464],[-121.84928176854014,36.901893556345826],[-121.85197671439249,36.901893556345826],[-121.85197671439249,36.90458850219819],[-121.85467166024486,36.90458850219819],[-121.85467166024486,36.90728344805054],[-121.85736660609722,36.90728344805054],[-121.85736660609722,36.909978393902904],[-121.85467166024486,36.909978393902904],[-121.85467166024486,36.91536828560762],[-121.85736660609722,36.91536828560762],[-121.85736660609722,36.918063231459975],[-121.86006155194957,36.918063231459975],[-121.86006155194957,36.92075817731234],[-121.86275649780194,36.92075817731234],[-121.86275649780194,36.92345312316469],[-121.8654514436543,36.92345312316469],[-121.8654514436543,36.92614806901705],[-121.86814638950665,36.92614806901705],[-121.86814638950665,36.92884301486941],[-121.870841335359,36.92884301486941],[-121.870841335359,36.93153796072177],[-121.87353628121137,36.93153796072177],[-121.87353628121137,36.93423290657413],[-121.87623122706373,36.93423290657413],[-121.87623122706373,36.93962279827885],[-121.87892617291608,36.93962279827885],[-121.87892617291608,36.9423177441312],[-121.88970595632551,36.9423177441312],[-121.88970595632551,36.945012689983564],[-121.89240090217788,36.945012689983564],[-121.89240090217788,36.94770763583592],[-121.90048573973495,36.94770763583592],[-121.90048573973495,36.945012689983564],[-121.90587563143967,36.945012689983564],[-121.90587563143967,36.9423177441312],[-121.90048573973495,36.9423177441312],[-121.90048573973495,36.93962279827885],[-121.89779079388259,36.93962279827885],[-121.89779079388259,36.936927852426486],[-121.89509584803024,36.936927852426486],[-121.89509584803024,36.93423290657413],[-121.89779079388259,36.93423290657413],[-121.89779079388259,36.93153796072177],[-121.90048573973495,36.93153796072177],[-121.90048573973495,36.92884301486941],[-121.90587563143967,36.92884301486941],[-121.90587563143967,36.92614806901705],[-121.90048573973495,36.92614806901705],[-121.90048573973495,36.92345312316469],[-121.89779079388259,36.92345312316469],[-121.89779079388259,36.92075817731234],[-121.90048573973495,36.92075817731234],[-121.90048573973495,36.91536828560762],[-121.90587563143967,36.91536828560762],[-121.90587563143967,36.918063231459975],[-121.9112655231444,36.918063231459975],[-121.9112655231444,36.91536828560762],[-121.91396046899675,36.91536828560762],[-121.91396046899675,36.909978393902904],[-121.9166554148491,36.909978393902904],[-121.9166554148491,36.91267333975526],[-121.92474025240618,36.91267333975526],[-121.92474025240618,36.91536828560762],[-121.9301301441109,36.91536828560762],[-121.9301301441109,36.91267333975526],[-121.93821498166797,36.91267333975526],[-121.93821498166797,36.909978393902904],[-121.93552003581561,36.909978393902904],[-121.93552003581561,36.90458850219819],[-121.93821498166797,36.90458850219819],[-121.93821498166797,36.90728344805054],[-121.94090992752034,36.90728344805054],[-121.94090992752034,36.909978393902904],[-121.94360487337269,36.909978393902904],[-121.94360487337269,36.91267333975526],[-121.9489947650774,36.91267333975526],[-121.9489947650774,36.91536828560762],[-121.94629981922505,36.91536828560762],[-121.94629981922505,36.918063231459975],[-121.9489947650774,36.918063231459975],[-121.9489947650774,36.92614806901705],[-121.95438465678212,36.92614806901705]],[[-121.99750379041986,36.866859260265166],[-121.99750379041986,36.864164314412804],[-121.99211389871515,36.864164314412804],[-121.99211389871515,36.86146936856045],[-121.9948088445675,36.86146936856045],[-121.9948088445675,36.85877442270809],[-121.98941895286279,36.85877442270809],[-121.98941895286279,36.864164314412804],[-121.98402906115807,36.864164314412804],[-121.98402906115807,36.86955420611752],[-121.98672400701042,36.86955420611752],[-121.98672400701042,36.8776390436746],[-121.98941895286279,36.8776390436746],[-121.98941895286279,36.86955420611752],[-121.99211389871515,36.86955420611752],[-121.99211389871515,36.866859260265166],[-121.99750379041986,36.866859260265166]],[[-121.98672400701042,36.81565528907035],[-121.98672400701042,36.81835023492271],[-121.98941895286279,36.81835023492271],[-121.98941895286279,36.81565528907035],[-121.98672400701042,36.81565528907035]],[[-121.97863916945334,36.81835023492271],[-121.97863916945334,36.81565528907035],[-121.97055433189628,36.81565528907035],[-121.97055433189628,36.81835023492271],[-121.97863916945334,36.81835023492271]],[[-121.98133411530571,36.81835023492271],[-121.97863916945334,36.81835023492271],[-121.97863916945334,36.82643507247978],[-121.98402906115807,36.82643507247978],[-121.98402906115807,36.82374012662743],[-121.98672400701042,36.82374012662743],[-121.98672400701042,36.821045180775066],[-121.98133411530571,36.821045180775066],[-121.98133411530571,36.81835023492271]],[[-121.98402906115807,36.81565528907035],[-121.98133411530571,36.81565528907035],[-121.98133411530571,36.81835023492271],[-121.98402906115807,36.81835023492271],[-121.98402906115807,36.81565528907035]],[[-121.98672400701042,36.81565528907035],[-121.98672400701042,36.812960343217995],[-121.98402906115807,36.812960343217995],[-121.98402906115807,36.81565528907035],[-121.98672400701042,36.81565528907035]],[[-121.95438465678212,36.92884301486941],[-121.95707960263448,36.92884301486941],[-121.95707960263448,36.92614806901705],[-121.95438465678212,36.92614806901705],[-121.95438465678212,36.92884301486941]]]},"id":"-45178+13710","properties":{"area_sq_km":1635.0,"count":22714,"label":0,"latitude":36.712183208482195,"longitude":-121.9513336042575,"near_healthy_bed":0,"priority_score":4905.0,"priority_tier":"critical","recommended_action":"urchin_removal_then_replant","region_id":"monterey_bay","region_name":"Monterey Bay, CA","state":"CA","status":0,"status_label":"barren"}},{"type":"Feature","geometry":{"geodesic":false,"type":"Polygon","coordinates":[[[-121.86814638950665,36.90458850219819],[-121.86814638950665,36.90728344805054],[-121.8654514436543,36.90728344805054],[-121.8654514436543,36.909978393902904],[-121.86814638950665,36.909978393902904],[-121.86814638950665,36.91536828560762],[-121.870841335359,36.91536828560762],[-121.870841335359,36.91267333975526],[-121.87623122706373,36.91267333975526],[-121.87623122706373,36.909978393902904],[-121.87892617291608,36.909978393902904],[-121.87892617291608,36.90728344805054],[-121.87623122706373,36.90728344805054],[-121.87623122706373,36.90458850219819],[-121.87353628121137,36.90458850219819],[-121.87353628121137,36.899198610493464],[-121.86814638950665,36.899198610493464],[-121.86814638950665,36.89650366464111],[-121.8654514436543,36.89650366464111],[-121.8654514436543,36.89111377293639],[-121.86275649780194,36.89111377293639],[-121.86275649780194,36.89650366464111],[-121.86006155194957,36.89650366464111],[-121.86006155194957,36.899198610493464],[-121.85736660609722,36.899198610493464],[-121.85736660609722,36.901893556345826],[-121.86006155194957,36.901893556345826],[-121.86006155194957,36.90458850219819],[-121.86814638950665,36.90458850219819]],[[-121.86814638950665,36.90458850219819],[-121.870841335359,36.90458850219819],[-121.870841335359,36.901893556345826],[-121.86814638950665,36.901893556345826],[-121.86814638950665,36.90458850219819]]]},"id":"-45222+13697","properties":{"area_sq_km":2.0,"count":27,"label":0,"latitude":36.90393944523351,"longitude":-121.86819586452732,"near_healthy_bed":1,"priority_score":6.0,"priority_tier":"critical","recommended_action":"urchin_removal_then_replant","region_id":"monterey_bay","region_name":"Monterey Bay, CA","state":"CA","status":0,"status_label":"barren"}},{"type":"Feature","geometry":{"geodesic":false,"type":"Polygon","coordinates":[[[-121.90857057729202,36.82643507247978],[-121.90857057729202,36.82374012662743],[-121.9112655231444,36.82374012662743],[-121.9112655231444,36.82643507247978],[-121.9166554148491,36.82643507247978],[-121.9166554148491,36.82374012662743],[-121.91935036070146,36.82374012662743],[-121.91935036070146,36.821045180775066],[-121.9166554148491,36.821045180775066],[-121.9166554148491,36.81835023492271],[-121.9112655231444,36.81835023492271],[-121.9112655231444,36.81565528907035],[-121.90857057729202,36.81565528907035],[-121.90857057729202,36.81835023492271],[-121.90048573973495,36.81835023492271],[-121.90048573973495,36.821045180775066],[-121.89779079388259,36.821045180775066],[-121.89779079388259,36.82374012662743],[-121.90318068558732,36.82374012662743],[-121.90318068558732,36.82643507247978],[-121.90857057729202,36.82643507247978]]]},"id":"-45235+13664","properties":{"area_sq_km":1.0,"count":19,"label":0,"latitude":36.82182536029098,"longitude":-121.90892516381345,"near_healthy_bed":1,"priority_score":5.0,"priority_tier":"needs_help","recommended_action":"urchin_removal_then_replant","region_id":"monterey_bay","region_name":"Monterey Bay, CA","state":"CA","status":0,"status_label":"barren"}},{"type":"Feature","geometry":{"geodesic":false,"type":"Polygon","coordinates":[[[-121.9489947650774,36.864164314412804],[-121.95438465678212,36.864164314412804],[-121.95438465678212,36.866859260265166],[-121.95707960263448,36.866859260265166],[-121.95707960263448,36.864164314412804],[-121.9624694943392,36.864164314412804],[-121.9624694943392,36.85877442270809],[-121.95977454848685,36.85877442270809],[-121.95977454848685,36.85607947685573],[-121.95438465678212,36.85607947685573],[-121.95438465678212,36.85877442270809],[-121.94360487337269,36.85877442270809],[-121.94360487337269,36.864164314412804],[-121.94090992752034,36.864164314412804],[-121.94090992752034,36.866859260265166],[-121.94360487337269,36.866859260265166],[-121.94360487337269,36.86955420611752],[-121.9489947650774,36.86955420611752],[-121.9489947650774,36.864164314412804]],[[-121.9489947650774,36.864164314412804],[-121.9489947650774,36.86146936856045],[-121.94629981922505,36.86146936856045],[-121.94629981922505,36.864164314412804],[-121.9489947650774,36.864164314412804]]]},"id":"-45250+13680","properties":{"area_sq_km":2.0,"count":21,"label":0,"latitude":36.86243189778806,"longitude":-121.95201077984973,"near_healthy_bed":1,"priority_score":5.0,"priority_tier":"critical","recommended_action":"urchin_removal_then_replant","region_id":"monterey_bay","region_name":"Monterey Bay, CA","state":"CA","status":0,"status_label":"barren"}},{"type":"Feature","geometry":{"geodesic":false,"type":"Polygon","coordinates":[[[-121.90587563143967,36.866859260265166],[-121.90587563143967,36.864164314412804],[-121.90857057729202,36.864164314412804],[-121.90857057729202,36.86146936856045],[-121.90318068558732,36.86146936856045],[-121.90318068558732,36.85068958515101],[-121.89240090217788,36.85068958515101],[-121.89240090217788,36.85338453100337],[-121.90048573973495,36.85338453100337],[-121.90048573973495,36.85877442270809],[-121.89779079388259,36.85877442270809],[-121.89779079388259,36.864164314412804],[-121.90318068558732,36.864164314412804],[-121.90318068558732,36.866859260265166],[-121.90587563143967,36.866859260265166]]]},"id":"-45235+13679","properties":{"area_sq_km":1.0,"count":13,"label":0,"latitude":36.85825595061123,"longitude":-121.90100372474294,"near_healthy_bed":1,"priority_score":3.0,"priority_tier":"needs_help","recommended_action":"urchin_removal_then_replant","region_id":"monterey_bay","region_name":"Monterey Bay, CA","state":"CA","status":0,"status_label":"barren"}},{"type":"Feature","geometry":{"geodesic":false,"type":"Polygon","coordinates":[[[-121.93013014411089,36.85877442270809],[-121.93013014411089,36.85338453100337],[-121.92743519825854,36.85338453100337],[-121.92743519825854,36.85068958515101],[-121.92204530655383,36.85068958515101],[-121.92204530655383,36.847994639298655],[-121.91935036070146,36.847994639298655],[-121.91935036070146,36.84260474759394],[-121.9166554148491,36.84260474759394],[-121.9166554148491,36.84529969344629],[-121.91396046899675,36.84529969344629],[-121.91396046899675,36.847994639298655],[-121.9166554148491,36.847994639298655],[-121.9166554148491,36.85068958515101],[-121.91935036070146,36.85068958515101],[-121.91935036070146,36.85338453100337],[-121.92204530655383,36.85338453100337],[-121.92204530655383,36.85607947685573],[-121.92743519825854,36.85607947685573],[-121.92743519825854,36.85877442270809],[-121.93013014411089,36.85877442270809]]]},"id":"-45244+13676","properties":{"area_sq_km":1.0,"count":12,"label":0,"latitude":36.851138630660444,"longitude":-121.92226950014027,"near_healthy_bed":1,"priority_score":3.0,"priority_tier":"needs_help","recommended_action":"urchin_removal_then_replant","region_id":"monterey_bay","region_name":"Monterey Bay, CA","state":"CA","status":0,"status_label":"barren"}},{"type":"Feature","geometry":{"geodesic":false,"type":"Polygon","coordinates":[[[-121.98402906115807,36.90458850219818],[-121.98402906115807,36.901893556345826],[-121.98133411530571,36.901893556345826],[-121.98133411530571,36.899198610493464],[-121.97863916945334,36.899198610493464],[-121.97863916945334,36.89380871878875],[-121.98402906115807,36.89380871878875],[-121.98402906115807,36.89111377293639],[-121.97863916945334,36.89111377293639],[-121.97863916945334,36.88841882708403],[-121.97594422360099,36.88841882708403],[-121.97594422360099,36.89650366464111],[-121.97324927774864,36.89650366464111],[-121.97324927774864,36.899198610493464],[-121.97594422360099,36.899198610493464],[-121.97594422360099,36.901893556345826],[-121.97863916945334,36.901893556345826],[-121.97863916945334,36.90458850219818],[-121.98402906115807,36.90458850219818]]]},"id":"-45263+13693","properties":{"area_sq_km":1.0,"count":11,"label":0,"latitude":36.896870927491534,"longitude":-121.978761614592,"near_healthy_bed":1,"priority_score":3.0,"priority_tier":"needs_help","recommended_action":"urchin_removal_then_replant","region_id":"monterey_bay","region_name":"Monterey Bay, CA","state":"CA","status":0,"status_label":"barren"}},{"type":"Feature","geometry":{"geodesic":false,"type":"Polygon","coordinates":[[[-121.8843160646208,36.831824964184506],[-121.8843160646208,36.82643507247978],[-121.88970595632551,36.82643507247978],[-121.88970595632551,36.82374012662743],[-121.88701101047316,36.82374012662743],[-121.88701101047316,36.821045180775066],[-121.8843160646208,36.821045180775066],[-121.8843160646208,36.82374012662743],[-121.88162111876845,36.82374012662743],[-121.88162111876845,36.829130018332144],[-121.87892617291608,36.829130018332144],[-121.87892617291608,36.831824964184506],[-121.8843160646208,36.831824964184506]]]},"id":"-45226+13666","properties":{"area_sq_km":1.0,"count":7,"label":0,"latitude":36.82662749657155,"longitude":-121.8841236969694,"near_healthy_bed":1,"priority_score":2.0,"priority_tier":"needs_help","recommended_action":"urchin_removal_then_replant","region_id":"monterey_bay","region_name":"Monterey Bay, CA","state":"CA","status":0,"status_label":"barren"}},{"type":"Feature","geometry":{"geodesic":false,"type":"Polygon","coordinates":[[[-121.88701101047316,36.918063231459975],[-121.88701101047316,36.91267333975526],[-121.8843160646208,36.91267333975526],[-121.8843160646208,36.91536828560762],[-121.88162111876845,36.91536828560762],[-121.88162111876845,36.91267333975526],[-121.87623122706373,36.91267333975526],[-121.87623122706373,36.91536828560762],[-121.87892617291608,36.91536828560762],[-121.87892617291608,36.918063231459975],[-121.88701101047316,36.918063231459975]]]},"id":"-45226+13698","properties":{"area_sq_km":0.0,"count":6,"label":0,"latitude":36.915368324052736,"longitude":-121.88207025739483,"near_healthy_bed":1,"priority_score":2.0,"priority_tier":"needs_help","recommended_action":"urchin_removal_then_replant","region_id":"monterey_bay","region_name":"Monterey Bay, CA","state":"CA","status":0,"status_label":"barren"}},{"type":"Feature","geometry":{"geodesic":false,"type":"Polygon","coordinates":[[[-121.89509584803024,36.91267333975526],[-121.89509584803024,36.909978393902904],[-121.89779079388259,36.909978393902904],[-121.89779079388259,36.90728344805054],[-121.89509584803024,36.90728344805054],[-121.89509584803024,36.90458850219818],[-121.89240090217788,36.90458850219818],[-121.89240090217788,36.909978393902904],[-121.88970595632551,36.909978393902904],[-121.88970595632551,36.91267333975526],[-121.89509584803024,36.91267333975526]]]},"id":"-45230+13696","properties":{"area_sq_km":0.0,"count":5,"label":0,"latitude":36.909169876576264,"longitude":-121.89374841009707,"near_healthy_bed":1,"priority_score":2.0,"priority_tier":"needs_help","recommended_action":"urchin_removal_then_replant","region_id":"monterey_bay","region_name":"Monterey Bay, CA","state":"CA","status":0,"status_label":"barren"}},{"type":"Feature","geometry":{"geodesic":false,"type":"Polygon","coordinates":[[[-121.89240090217788,36.93423290657413],[-121.89240090217788,36.92884301486941],[-121.88970595632551,36.92884301486941],[-121.88970595632551,36.92614806901705],[-121.88701101047316,36.92614806901705],[-121.88701101047316,36.92884301486941],[-121.8843160646208,36.92884301486941],[-121.8843160646208,36.93153796072177],[-121.88970595632551,36.93153796072177],[-121.88970595632551,36.93423290657413],[-121.89240090217788,36.93423290657413]]]},"id":"-45230+13704","properties":{"area_sq_km":0.0,"count":5,"label":0,"latitude":36.93019046940165,"longitude":-121.88889743028935,"near_healthy_bed":1,"priority_score":2.0,"priority_tier":"needs_help","recommended_action":"urchin_removal_then_replant","region_id":"monterey_bay","region_name":"Monterey Bay, CA","state":"CA","status":0,"status_label":"barren"}},{"type":"Feature","geometry":{"geodesic":false,"type":"Polygon","coordinates":[[[-121.89779079388259,36.9423177441312],[-121.89779079388259,36.93962279827885],[-121.89509584803024,36.93962279827885],[-121.89509584803024,36.936927852426486],[-121.88970595632551,36.936927852426486],[-121.88970595632551,36.9423177441312],[-121.89779079388259,36.9423177441312]]]},"id":"-45230+13707","properties":{"area_sq_km":0.0,"count":5,"label":0,"latitude":36.939892315316506,"longitude":-121.89320936970103,"near_healthy_bed":1,"priority_score":2.0,"priority_tier":"needs_help","recommended_action":"urchin_removal_then_replant","region_id":"monterey_bay","region_name":"Monterey Bay, CA","state":"CA","status":0,"status_label":"barren"}},{"type":"Feature","geometry":{"geodesic":false,"type":"Polygon","coordinates":[[[-121.93821498166797,36.8776390436746],[-121.93821498166797,36.87494409782224],[-121.9489947650774,36.87494409782224],[-121.9489947650774,36.87224915196988],[-121.93552003581561,36.87224915196988],[-121.93552003581561,36.8776390436746],[-121.93821498166797,36.8776390436746]]]},"id":"-45247+13683","properties":{"area_sq_km":0.0,"count":6,"label":0,"latitude":36.87404592109912,"longitude":-121.94135914639317,"near_healthy_bed":1,"priority_score":2.0,"priority_tier":"needs_help","recommended_action":"urchin_removal_then_replant","region_id":"monterey_bay","region_name":"Monterey Bay, CA","state":"CA","status":0,"status_label":"barren"}},{"type":"Feature","geometry":{"geodesic":false,"type":"Polygon","coordinates":[[[-122.03523303235288,36.95040258168828],[-122.03523303235288,36.94770763583592],[-122.0271481947958,36.94770763583592],[-122.0271481947958,36.945012689983564],[-122.02445324894344,36.945012689983564],[-122.02445324894344,36.94770763583592],[-122.02175830309109,36.94770763583592],[-122.02175830309109,36.95040258168828],[-122.03523303235288,36.95040258168828]]]},"id":"-45279+13710","properties":{"area_sq_km":0.0,"count":6,"label":0,"latitude":36.94860606682414,"longitude":-122.0280464768204,"near_healthy_bed":1,"priority_score":2.0,"priority_tier":"needs_help","recommended_action":"urchin_removal_then_replant","region_id":"monterey_bay","region_name":"Monterey Bay, CA","state":"CA","status":0,"status_label":"barren"}},{"type":"Feature","geometry":{"geodesic":false,"type":"Polygon","coordinates":[[[-121.75765360955995,36.84260474759394],[-121.7549586637076,36.84260474759394],[-121.7549586637076,36.84529969344629],[-121.75765360955995,36.84529969344629],[-121.75765360955995,36.84260474759394]]]},"id":"-45180+13671","properties":{"area_sq_km":0.0,"count":1,"label":2,"latitude":36.84395222026101,"longitude":-121.75630613665348,"near_healthy_bed":1,"priority_score":1.0,"priority_tier":"monitor","recommended_action":"no_action","region_id":"monterey_bay","region_name":"Monterey Bay, CA","state":"CA","status":2,"status_label":"healthy"}},{"type":"Feature","geometry":{"geodesic":false,"type":"Polygon","coordinates":[[[-121.82502725586892,36.66743326719063],[-121.82233231001655,36.66743326719063],[-121.82233231001655,36.670128213042986],[-121.82502725586892,36.670128213042986],[-121.82502725586892,36.66743326719063]]]},"id":"-45205+13606","properties":{"area_sq_km":0.0,"count":1,"label":2,"latitude":36.668780739905905,"longitude":-121.82367978283837,"near_healthy_bed":1,"priority_score":1.0,"priority_tier":"monitor","recommended_action":"no_action","region_id":"monterey_bay","region_name":"Monterey Bay, CA","state":"CA","status":2,"status_label":"healthy"}},{"type":"Feature","geometry":{"geodesic":false,"type":"Polygon","coordinates":[[[-121.86006155194957,36.909978393902904],[-121.85736660609722,36.909978393902904],[-121.85736660609722,36.91267333975526],[-121.86006155194957,36.91267333975526],[-121.86006155194957,36.909978393902904]]]},"id":"-45218+13696","properties":{"area_sq_km":0.0,"count":1,"label":0,"latitude":36.91132586638309,"longitude":-121.85871407894209,"near_healthy_bed":1,"priority_score":1.0,"priority_tier":"monitor","recommended_action":"urchin_removal_then_replant","region_id":"monterey_bay","region_name":"Monterey Bay, CA","state":"CA","status":0,"status_label":"barren"}},{"type":"Feature","geometry":{"geodesic":false,"type":"Polygon","coordinates":[[[-121.86814638950665,36.69438272571421],[-121.8654514436543,36.69438272571421],[-121.8654514436543,36.697077671566575],[-121.86814638950665,36.697077671566575],[-121.86814638950665,36.69438272571421]]]},"id":"-45221+13616","properties":{"area_sq_km":0.0,"count":1,"label":2,"latitude":36.69573019835362,"longitude":-121.86679891664569,"near_healthy_bed":1,"priority_score":1.0,"priority_tier":"monitor","recommended_action":"no_action","region_id":"monterey_bay","region_name":"Monterey Bay, CA","state":"CA","status":2,"status_label":"healthy"}},{"type":"Feature","geometry":{"geodesic":false,"type":"Polygon","coordinates":[[[-121.86814638950665,36.715942292533086],[-121.86814638950665,36.713247346680724],[-121.87353628121137,36.713247346680724],[-121.87353628121137,36.715942292533086],[-121.87892617291608,36.715942292533086],[-121.87892617291608,36.70785745497601],[-121.87623122706373,36.70785745497601],[-121.87623122706373,36.71055240082837],[-121.870841335359,36.71055240082837],[-121.870841335359,36.70785745497601],[-121.86814638950665,36.70785745497601],[-121.86814638950665,36.71055240082837],[-121.86275649780194,36.71055240082837],[-121.86275649780194,36.713247346680724],[-121.8654514436543,36.713247346680724],[-121.8654514436543,36.715942292533086],[-121.86814638950665,36.715942292533086]]]},"id":"-45221+13623","properties":{"area_sq_km":1.0,"count":11,"label":2,"latitude":36.71214492549791,"longitude":-121.87194381995425,"near_healthy_bed":1,"priority_score":1.0,"priority_tier":"monitor","recommended_action":"no_action","region_id":"monterey_bay","region_name":"Monterey Bay, CA","state":"CA","status":2,"status_label":"healthy"}},{"type":"Feature","geometry":{"geodesic":false,"type":"Polygon","coordinates":[[[-121.86814638950665,36.83721485588922],[-121.8654514436543,36.83721485588922],[-121.8654514436543,36.83990980174158],[-121.86814638950665,36.83990980174158],[-121.86814638950665,36.83721485588922]]]},"id":"-45221+13669","properties":{"area_sq_km":0.0,"count":1,"label":2,"latitude":36.8385623286051,"longitude":-121.8667989164888,"near_healthy_bed":1,"priority_score":1.0,"priority_tier":"monitor","recommended_action":"no_action","region_id":"monterey_bay","region_name":"Monterey Bay, CA","state":"CA","status":2,"status_label":"healthy"}},{"type":"Feature","geometry":{"geodesic":false,"type":"Polygon","coordinates":[[[-121.86814638950665,36.88841882708403],[-121.8654514436543,36.88841882708403],[-121.8654514436543,36.89111377293639],[-121.86814638950665,36.89111377293639],[-121.86814638950665,36.88841882708403]]]},"id":"-45221+13688","properties":{"area_sq_km":0.0,"count":1,"label":0,"latitude":36.88976629963376,"longitude":-121.86679891653918,"near_healthy_bed":1,"priority_score":1.0,"priority_tier":"monitor","recommended_action":"urchin_removal_then_replant","region_id":"monterey_bay","region_name":"Monterey Bay, CA","state":"CA","status":0,"status_label":"barren"}},{"type":"Feature","geometry":{"geodesic":false,"type":"Polygon","coordinates":[[[-121.870841335359,36.69168777986186],[-121.86814638950665,36.69168777986186],[-121.86814638950665,36.69438272571421],[-121.870841335359,36.69438272571421],[-121.870841335359,36.69168777986186]]]},"id":"-45222+13615","properties":{"area_sq_km":0.0,"count":1,"label":2,"latitude":36.69303525246088,"longitude":-121.86949386249235,"near_healthy_bed":1,"priority_score":1.0,"priority_tier":"monitor","recommended_action":"no_action","region_id":"monterey_bay","region_name":"Monterey Bay, CA","state":"CA","status":2,"status_label":"healthy"}},{"type":"Feature","geometry":{"geodesic":false,"type":"Polygon","coordinates":[[[-121.870841335359,36.7994856139562],[-121.86814638950665,36.7994856139562],[-121.86814638950665,36.802180559808555],[-121.870841335359,36.802180559808555],[-121.870841335359,36.7994856139562]]]},"id":"-45222+13655","properties":{"area_sq_km":0.0,"count":1,"label":2,"latitude":36.80083308656494,"longitude":-121.86949386245499,"near_healthy_bed":1,"priority_score":1.0,"priority_tier":"monitor","recommended_action":"no_action","region_id":"monterey_bay","region_name":"Monterey Bay, CA","state":"CA","status":2,"status_label":"healthy"}},{"type":"Feature","geometry":{"geodesic":false,"type":"Polygon","coordinates":[[[-121.870841335359,36.85607947685573],[-121.86814638950665,36.85607947685573],[-121.86814638950665,36.85877442270809],[-121.870841335359,36.85877442270809],[-121.870841335359,36.85607947685573]]]},"id":"-45222+13676","properties":{"area_sq_km":0.0,"count":1,"label":2,"latitude":36.857426949650325,"longitude":-121.86949386254395,"near_healthy_bed":1,"priority_score":1.0,"priority_tier":"monitor","recommended_action":"no_action","region_id":"monterey_bay","region_name":"Monterey Bay, CA","state":"CA","status":2,"status_label":"healthy"}},{"type":"Feature","geometry":{"geodesic":false,"type":"Polygon","coordinates":[[[-121.8654514436543,36.89111377293639],[-121.8654514436543,36.89650366464111],[-121.86814638950665,36.89650366464111],[-121.86814638950665,36.899198610493464],[-121.87353628121137,36.899198610493464],[-121.87353628121137,36.89650366464111],[-121.87892617291608,36.89650366464111],[-121.87892617291608,36.89380871878875],[-121.87353628121137,36.89380871878875],[-121.87353628121137,36.89111377293639],[-121.87892617291608,36.89111377293639],[-121.87892617291608,36.88841882708403],[-121.87623122706373,36.88841882708403],[-121.87623122706373,36.88572388123168],[-121.8654514436543,36.88572388123168],[-121.8654514436543,36.883028935379315],[-121.87353628121137,36.883028935379315],[-121.87353628121137,36.88033398952696],[-121.8654514436543,36.88033398952696],[-121.8654514436543,36.8776390436746],[-121.86275649780194,36.8776390436746],[-121.86275649780194,36.88033398952696],[-121.85736660609722,36.88033398952696],[-121.85736660609722,36.8776390436746],[-121.85467166024486,36.8776390436746],[-121.85467166024486,36.88033398952696],[-121.85197671439249,36.88033398952696],[-121.85197671439249,36.883028935379315],[-121.84928176854014,36.883028935379315],[-121.84928176854014,36.88841882708403],[-121.85467166024486,36.88841882708403],[-121.85467166024486,36.89111377293639],[-121.85736660609722,36.89111377293639],[-121.85736660609722,36.89380871878875],[-121.86006155194957,36.89380871878875],[-121.86006155194957,36.89650366464111],[-121.86275649780194,36.89650366464111],[-121.86275649780194,36.89111377293639],[-121.8654514436543,36.89111377293639]],[[-121.8654514436543,36.89111377293639],[-121.86814638950665,36.89111377293639],[-121.86814638950665,36.88841882708403],[-121.8654514436543,36.88841882708403],[-121.8654514436543,36.89111377293639]]]},"id":"-45222+13691","properties":{"area_sq_km":3.0,"count":47,"label":2,"latitude":36.8879886890224,"longitude":-121.86427554221211,"near_healthy_bed":1,"priority_score":1.0,"priority_tier":"monitor","recommended_action":"no_action","region_id":"monterey_bay","region_name":"Monterey Bay, CA","state":"CA","status":2,"status_label":"healthy"}},{"type":"Feature","geometry":{"geodesic":false,"type":"Polygon","coordinates":[[[-121.870841335359,36.901893556345826],[-121.86814638950665,36.901893556345826],[-121.86814638950665,36.90458850219818],[-121.870841335359,36.90458850219818],[-121.870841335359,36.901893556345826]]]},"id":"-45222+13693","properties":{"area_sq_km":0.0,"count":1,"label":2,"latitude":36.90324102889952,"longitude":-121.86949386258532,"near_healthy_bed":1,"priority_score":1.0,"priority_tier":"monitor","recommended_action":"no_action","region_id":"monterey_bay","region_name":"Monterey Bay, CA","state":"CA","status":2,"status_label":"healthy"}},{"type":"Feature","geometry":{"geodesic":false,"type":"Polygon","coordinates":[[[-121.87353628121137,36.83721485588922],[-121.870841335359,36.83721485588922],[-121.870841335359,36.83990980174158],[-121.87353628121137,36.83990980174158],[-121.87353628121137,36.83721485588922]]]},"id":"-45223+13669","properties":{"area_sq_km":0.0,"count":1,"label":2,"latitude":36.83856232860765,"longitude":-121.8721888082056,"near_healthy_bed":1,"priority_score":1.0,"priority_tier":"monitor","recommended_action":"no_action","region_id":"monterey_bay","region_name":"Monterey Bay, CA","state":"CA","status":2,"status_label":"healthy"}},{"type":"Feature","geometry":{"geodesic":false,"type":"Polygon","coordinates":[[[-121.87623122706373,36.6889928340095],[-121.87353628121137,36.6889928340095],[-121.87353628121137,36.69438272571421],[-121.87623122706373,36.69438272571421],[-121.87623122706373,36.6889928340095]]]},"id":"-45224+13615","properties":{"area_sq_km":0.0,"count":2,"label":2,"latitude":36.69168775596532,"longitude":-121.87488375415282,"near_healthy_bed":1,"priority_score":1.0,"priority_tier":"monitor","recommended_action":"no_action","region_id":"monterey_bay","region_name":"Monterey Bay, CA","state":"CA","status":2,"status_label":"healthy"}},{"type":"Feature","geometry":{"geodesic":false,"type":"Polygon","coordinates":[[[-121.87623122706373,36.70516250912365],[-121.87353628121137,36.70516250912365],[-121.87353628121137,36.70785745497601],[-121.87623122706373,36.70785745497601],[-121.87623122706373,36.70516250912365]]]},"id":"-45224+13620","properties":{"area_sq_km":0.0,"count":1,"label":2,"latitude":36.706509981785025,"longitude":-121.87488375409572,"near_healthy_bed":1,"priority_score":1.0,"priority_tier":"monitor","recommended_action":"no_action","region_id":"monterey_bay","region_name":"Monterey Bay, CA","state":"CA","status":2,"status_label":"healthy"}},{"type":"Feature","geometry":{"geodesic":false,"type":"Polygon","coordinates":[[[-121.87623122706373,36.83990980174158],[-121.87353628121137,36.83990980174158],[-121.87353628121137,36.84260474759394],[-121.87623122706373,36.84260474759394],[-121.87623122706373,36.83990980174158]]]},"id":"-45224+13670","properties":{"area_sq_km":0.0,"count":1,"label":2,"latitude":36.84125727425474,"longitude":-121.87488375410267,"near_healthy_bed":1,"priority_score":1.0,"priority_tier":"monitor","recommended_action":"no_action","region_id":"monterey_bay","region_name":"Monterey Bay, CA","state":"CA","status":2,"status_label":"healthy"}},{"type":"Feature","geometry":{"geodesic":false,"type":"Polygon","coordinates":[[[-121.87892617291608,36.89650366464111],[-121.87353628121137,36.89650366464111],[-121.87353628121137,36.899198610493464],[-121.87892617291608,36.899198610493464],[-121.87892617291608,36.89650366464111]]]},"id":"-45224+13691","properties":{"area_sq_km":0.0,"count":2,"label":0,"latitude":36.89785116019511,"longitude":-121.87623122704483,"near_healthy_bed":1,"priority_score":1.0,"priority_tier":"monitor","recommended_action":"urchin_removal_then_replant","region_id":"monterey_bay","region_name":"Monterey Bay, CA","state":"CA","status":0,"status_label":"barren"}},{"type":"Feature","geometry":{"geodesic":false,"type":"Polygon","coordinates":[[[-121.87892617291608,36.821045180775066],[-121.87892617291608,36.81835023492271],[-121.88162111876845,36.81835023492271],[-121.88162111876845,36.81565528907035],[-121.87623122706373,36.81565528907035],[-121.87623122706373,36.821045180775066],[-121.87892617291608,36.821045180775066]]]},"id":"-45225+13662","properties":{"area_sq_km":0.0,"count":3,"label":2,"latitude":36.81790107115058,"longitude":-121.87847703459322,"near_healthy_bed":1,"priority_score":1.0,"priority_tier":"monitor","recommended_action":"no_action","region_id":"monterey_bay","region_name":"Monterey Bay, CA","state":"CA","status":2,"status_label":"healthy"}},{"type":"Feature","geometry":{"geodesic":false,"type":"Polygon","coordinates":[[[-121.87892617291608,36.85068958515101],[-121.87623122706373,36.85068958515101],[-121.87623122706373,36.85338453100337],[-121.87892617291608,36.85338453100337],[-121.87892617291608,36.85068958515101]]]},"id":"-45225+13674","properties":{"area_sq_km":0.0,"count":1,"label":0,"latitude":36.85203705778272,"longitude":-121.87757869999804,"near_healthy_bed":1,"priority_score":1.0,"priority_tier":"monitor","recommended_action":"urchin_removal_then_replant","region_id":"monterey_bay","region_name":"Monterey Bay, CA","state":"CA","status":0,"status_label":"barren"}},{"type":"Feature","geometry":{"geodesic":false,"type":"Polygon","coordinates":[[[-121.88162111876845,36.80487550566092],[-121.87892617291608,36.80487550566092],[-121.87892617291608,36.80757045151328],[-121.88162111876845,36.80757045151328],[-121.88162111876845,36.80487550566092]]]},"id":"-45226+13657","properties":{"area_sq_km":0.0,"count":1,"label":2,"latitude":36.80622297836668,"longitude":-121.88027364582072,"near_healthy_bed":1,"priority_score":1.0,"priority_tier":"monitor","recommended_action":"no_action","region_id":"monterey_bay","region_name":"Monterey Bay, CA","state":"CA","status":2,"status_label":"healthy"}},{"type":"Feature","geometry":{"geodesic":false,"type":"Polygon","coordinates":[[[-121.88162111876845,36.82374012662743],[-121.87892617291608,36.82374012662743],[-121.87892617291608,36.829130018332144],[-121.88162111876845,36.829130018332144],[-121.88162111876845,36.82374012662743]]]},"id":"-45226+13665","properties":{"area_sq_km":0.0,"count":2,"label":2,"latitude":36.826435048474636,"longitude":-121.88027364588245,"near_healthy_bed":1,"priority_score":1.0,"priority_tier":"monitor","recommended_action":"no_action","region_id":"monterey_bay","region_name":"Monterey Bay, CA","state":"CA","status":2,"status_label":"healthy"}},{"type":"Feature","geometry":{"geodesic":false,"type":"Polygon","coordinates":[[[-121.88162111876845,36.90458850219818],[-121.87892617291608,36.90458850219818],[-121.87892617291608,36.90728344805054],[-121.88162111876845,36.90728344805054],[-121.88162111876845,36.90458850219818]]]},"id":"-45226+13694","properties":{"area_sq_km":0.0,"count":1,"label":0,"latitude":36.90593597467671,"longitude":-121.88027364592881,"near_healthy_bed":1,"priority_score":1.0,"priority_tier":"monitor","recommended_action":"urchin_removal_then_replant","region_id":"monterey_bay","region_name":"Monterey Bay, CA","state":"CA","status":0,"status_label":"barren"}},{"type":"Feature","geometry":{"geodesic":false,"type":"Polygon","coordinates":[[[-121.98941895286279,36.909978393902904],[-121.99211389871515,36.909978393902904],[-121.99211389871515,36.899198610493464],[-121.98941895286279,36.899198610493464],[-121.98941895286279,36.89380871878875],[-121.99211389871515,36.89380871878875],[-121.99211389871515,36.89111377293639],[-121.98941895286279,36.89111377293639],[-121.98941895286279,36.88841882708403],[-121.98672400701042,36.88841882708403],[-121.98672400701042,36.88033398952696],[-121.98402906115807,36.88033398952696],[-121.98402906115807,36.8776390436746],[-121.98133411530571,36.8776390436746],[-121.98133411530571,36.88033398952696],[-121.97594422360099,36.88033398952696],[-121.97594422360099,36.87494409782224],[-121.98133411530571,36.87494409782224],[-121.98133411530571,36.866859260265166],[-121.96785938604391,36.866859260265166],[-121.96785938604391,36.864164314412804],[-121.97324927774864,36.864164314412804],[-121.97324927774864,36.86146936856045],[-121.97594422360099,36.86146936856045],[-121.97594422360099,36.85877442270809],[-121.97324927774864,36.85877442270809],[-121.97324927774864,36.85338453100337],[-121.97594422360099,36.85338453100337],[-121.97594422360099,36.85607947685573],[-121.98133411530571,36.85607947685573],[-121.98133411530571,36.85338453100337],[-121.97863916945334,36.85338453100337],[-121.97863916945334,36.847994639298655],[-121.98133411530571,36.847994639298655],[-121.98133411530571,36.84529969344629],[-121.97863916945334,36.84529969344629],[-121.97863916945334,36.84260474759394],[-121.97594422360099,36.84260474759394],[-121.97594422360099,36.85068958515101],[-121.97055433189628,36.85068958515101],[-121.97055433189628,36.85338453100337],[-121.96785938604391,36.85338453100337],[-121.96785938604391,36.85607947685573],[-121.96516444019156,36.85607947685573],[-121.96516444019156,36.85338453100337],[-121.9624694943392,36.85338453100337],[-121.9624694943392,36.85607947685573],[-121.95977454848685,36.85607947685573],[-121.95977454848685,36.85877442270809],[-121.9624694943392,36.85877442270809],[-121.9624694943392,36.864164314412804],[-121.95707960263448,36.864164314412804],[-121.95707960263448,36.866859260265166],[-121.95438465678212,36.866859260265166],[-121.95438465678212,36.864164314412804],[-121.9489947650774,36.864164314412804],[-121.9489947650774,36.86955420611752],[-121.95168971092977,36.86955420611752],[-121.95168971092977,36.87224915196988],[-121.9489947650774,36.87224915196988],[-121.9489947650774,36.87494409782224],[-121.93821498166797,36.87494409782224],[-121.93821498166797,36.8776390436746],[-121.93552003581561,36.8776390436746],[-121.93552003581561,36.87224915196988],[-121.93282508996326,36.87224915196988],[-121.93282508996326,36.87494409782224],[-121.92743519825854,36.87494409782224],[-121.92743519825854,36.88033398952696],[-121.92474025240618,36.88033398952696],[-121.92474025240618,36.883028935379315],[-121.91396046899675,36.883028935379315],[-121.91396046899675,36.88572388123168],[-121.90857057729202,36.88572388123168],[-121.90857057729202,36.89380871878875],[-121.89509584803024,36.89380871878875],[-121.89509584803024,36.89650366464111],[-121.89779079388259,36.89650366464111],[-121.89779079388259,36.899198610493464],[-121.89509584803024,36.899198610493464],[-121.89509584803024,36.901893556345826],[-121.8843160646208,36.901893556345826],[-121.8843160646208,36.89380871878875],[-121.88162111876845,36.89380871878875],[-121.88162111876845,36.89650366464111],[-121.87892617291608,36.89650366464111],[-121.87892617291608,36.899198610493464],[-121.87353628121137,36.899198610493464],[-121.87353628121137,36.90458850219819],[-121.87623122706373,36.90458850219819],[-121.87623122706373,36.90728344805054],[-121.87892617291608,36.90728344805054],[-121.87892617291608,36.909978393902904],[-121.87623122706373,36.909978393902904],[-121.87623122706373,36.91267333975526],[-121.870841335359,36.91267333975526],[-121.870841335359,36.91536828560762],[-121.86814638950665,36.91536828560762],[-121.86814638950665,36.909978393902904],[-121.8654514436543,36.909978393902904],[-121.8654514436543,36.90728344805054],[-121.86814638950665,36.90728344805054],[-121.86814638950665,36.90458850219819],[-121.86006155194957,36.90458850219819],[-121.86006155194957,36.901893556345826],[-121.85736660609722,36.901893556345826],[-121.85736660609722,36.899198610493464],[-121.86006155194957,36.899198610493464],[-121.86006155194957,36.89650366464111],[-121.85197671439249,36.89650366464111],[-121.85197671439249,36.89380871878875],[-121.84658682268778,36.89380871878875],[-121.84658682268778,36.899198610493464],[-121.84928176854014,36.899198610493464],[-121.84928176854014,36.901893556345826],[-121.85197671439249,36.901893556345826],[-121.85197671439249,36.90458850219819],[-121.85467166024486,36.90458850219819],[-121.85467166024486,36.90728344805054],[-121.85736660609722,36.90728344805054],[-121.85736660609722,36.909978393902904],[-121.85467166024486,36.909978393902904],[-121.85467166024486,36.91536828560762],[-121.85736660609722,36.91536828560762],[-121.85736660609722,36.918063231459975],[-121.86006155194957,36.918063231459975],[-121.86006155194957,36.92075817731234],[-121.86275649780194,36.92075817731234],[-121.86275649780194,36.92345312316469],[-121.8654514436543,36.92345312316469],[-121.8654514436543,36.92614806901705],[-121.86814638950665,36.92614806901705],[-121.86814638950665,36.92884301486941],[-121.870841335359,36.92884301486941],[-121.870841335359,36.93153796072177],[-121.87353628121137,36.93153796072177],[-121.87353628121137,36.93423290657413],[-121.87623122706373,36.93423290657413],[-121.87623122706373,36.93962279827885],[-121.87892617291608,36.93962279827885],[-121.87892617291608,36.9423177441312],[-121.88970595632551,36.9423177441312],[-121.88970595632551,36.936927852426486],[-121.89509584803024,36.936927852426486],[-121.89509584803024,36.93423290657413],[-121.89779079388259,36.93423290657413],[-121.89779079388259,36.93153796072177],[-121.90048573973495,36.93153796072177],[-121.90048573973495,36.92884301486941],[-121.90587563143967,36.92884301486941],[-121.90587563143967,36.92614806901705],[-121.90048573973495,36.92614806901705],[-121.90048573973495,36.92345312316469],[-121.89779079388259,36.92345312316469],[-121.89779079388259,36.92075817731234],[-121.90048573973495,36.92075817731234],[-121.90048573973495,36.91536828560762],[-121.90587563143967,36.91536828560762],[-121.90587563143967,36.918063231459975],[-121.9112655231444,36.918063231459975],[-121.9112655231444,36.91536828560762],[-121.91396046899675,36.91536828560762],[-121.91396046899675,36.909978393902904],[-121.9166554148491,36.909978393902904],[-121.9166554148491,36.91267333975526],[-121.92474025240618,36.91267333975526],[-121.92474025240618,36.91536828560762],[-121.9301301441109,36.91536828560762],[-121.9301301441109,36.91267333975526],[-121.93821498166797,36.91267333975526],[-121.93821498166797,36.909978393902904],[-121.93552003581561,36.909978393902904],[-121.93552003581561,36.90458850219819],[-121.93821498166797,36.90458850219819],[-121.93821498166797,36.90728344805054],[-121.94090992752034,36.90728344805054],[-121.94090992752034,36.909978393902904],[-121.94360487337269,36.909978393902904],[-121.94360487337269,36.91267333975526],[-121.9489947650774,36.91267333975526],[-121.9489947650774,36.91536828560762],[-121.94629981922505,36.91536828560762],[-121.94629981922505,36.918063231459975],[-121.9489947650774,36.918063231459975],[-121.9489947650774,36.92614806901705],[-121.95438465678212,36.92614806901705],[-121.95438465678212,36.92345312316469],[-121.95168971092977,36.92345312316469],[-121.95168971092977,36.92075817731234],[-121.95438465678212,36.92075817731234],[-121.95438465678212,36.91536828560762],[-121.95977454848685,36.91536828560762],[-121.95977454848685,36.918063231459975],[-121.96785938604391,36.918063231459975],[-121.96785938604391,36.92075817731234],[-121.97324927774864,36.92075817731234],[-121.97324927774864,36.918063231459975],[-121.97863916945334,36.918063231459975],[-121.97863916945334,36.92075817731234],[-121.99211389871515,36.92075817731234],[-121.99211389871515,36.92345312316469],[-122.00019873627222,36.92345312316469],[-122.00019873627222,36.918063231459975],[-121.99750379041986,36.918063231459975],[-121.99750379041986,36.92075817731234],[-121.9948088445675,36.92075817731234],[-121.9948088445675,36.918063231459975],[-121.99211389871515,36.918063231459975],[-121.99211389871515,36.91267333975526],[-121.98941895286279,36.91267333975526],[-121.98941895286279,36.909978393902904]],[[-121.98941895286279,36.909978393902904],[-121.98941895286279,36.90458850219819],[-121.98672400701042,36.90458850219819],[-121.98672400701042,36.909978393902904],[-121.98941895286279,36.909978393902904]],[[-121.9489947650774,36.91267333975526],[-121.95438465678212,36.91267333975526],[-121.95438465678212,36.909978393902904],[-121.9489947650774,36.909978393902904],[-121.9489947650774,36.91267333975526]],[[-121.94360487337269,36.909978393902904],[-121.94629981922505,36.909978393902904],[-121.94629981922505,36.90728344805054],[-121.94360487337269,36.90728344805054],[-121.94360487337269,36.909978393902904]],[[-121.9301301441109,36.91267333975526],[-121.9301301441109,36.909978393902904],[-121.92743519825854,36.909978393902904],[-121.92743519825854,36.91267333975526],[-121.9301301441109,36.91267333975526]],[[-121.87892617291608,36.90728344805054],[-121.88162111876845,36.90728344805054],[-121.88162111876845,36.90458850219819],[-121.87892617291608,36.90458850219819],[-121.87892617291608,36.90728344805054]],[[-121.87623122706373,36.91267333975526],[-121.87623122706373,36.91536828560762],[-121.87892617291608,36.91536828560762],[-121.87892617291608,36.918063231459975],[-121.88701101047316,36.918063231459975],[-121.88701101047316,36.91267333975526],[-121.8843160646208,36.91267333975526],[-121.8843160646208,36.91536828560762],[-121.88162111876845,36.91536828560762],[-121.88162111876845,36.91267333975526],[-121.87623122706373,36.91267333975526]],[[-121.85736660609722,36.909978393902904],[-121.85736660609722,36.91267333975526],[-121.86006155194957,36.91267333975526],[-121.86006155194957,36.909978393902904],[-121.85736660609722,36.909978393902904]],[[-121.98402906115807,36.91536828560762],[-121.98133411530571,36.91536828560762],[-121.98133411530571,36.918063231459975],[-121.98402906115807,36.918063231459975],[-121.98402906115807,36.91536828560762]],[[-121.97863916945334,36.86955420611752],[-121.97594422360099,36.86955420611752],[-121.97594422360099,36.87224915196988],[-121.97863916945334,36.87224915196988],[-121.97863916945334,36.86955420611752]],[[-121.97863916945334,36.883028935379315],[-121.97594422360099,36.883028935379315],[-121.97594422360099,36.88572388123168],[-121.97863916945334,36.88572388123168],[-121.97863916945334,36.883028935379315]],[[-121.97324927774864,36.86955420611752],[-121.96785938604391,36.86955420611752],[-121.96785938604391,36.87224915196988],[-121.97324927774864,36.87224915196988],[-121.97324927774864,36.86955420611752]],[[-121.97324927774864,36.87494409782224],[-121.97055433189628,36.87494409782224],[-121.97055433189628,36.88033398952696],[-121.97324927774864,36.88033398952696],[-121.97324927774864,36.87494409782224]],[[-121.97055433189628,36.89380871878875],[-121.96785938604391,36.89380871878875],[-121.96785938604391,36.89650366464111],[-121.97055433189628,36.89650366464111],[-121.97055433189628,36.89380871878875]],[[-121.96785938604391,36.85877442270809],[-121.96516444019156,36.85877442270809],[-121.96516444019156,36.86146936856045],[-121.96785938604391,36.86146936856045],[-121.96785938604391,36.85877442270809]],[[-121.96785938604391,36.87494409782224],[-121.96516444019156,36.87494409782224],[-121.96516444019156,36.8776390436746],[-121.96785938604391,36.8776390436746],[-121.96785938604391,36.87494409782224]],[[-121.96516444019156,36.89380871878875],[-121.9624694943392,36.89380871878875],[-121.9624694943392,36.899198610493464],[-121.96516444019156,36.899198610493464],[-121.96516444019156,36.89380871878875]],[[-121.96516444019156,36.91267333975526],[-121.9624694943392,36.91267333975526],[-121.9624694943392,36.91536828560762],[-121.96516444019156,36.91536828560762],[-121.96516444019156,36.91267333975526]],[[-121.95707960263448,36.87494409782224],[-121.95438465678212,36.87494409782224],[-121.95438465678212,36.8776390436746],[-121.95707960263448,36.8776390436746],[-121.95707960263448,36.87494409782224]],[[-121.95707960263448,36.89380871878875],[-121.95438465678212,36.89380871878875],[-121.95438465678212,36.89650366464111],[-121.95707960263448,36.89650366464111],[-121.95707960263448,36.89380871878875]],[[-121.95168971092977,36.88033398952696],[-121.9489947650774,36.88033398952696],[-121.9489947650774,36.88572388123168],[-121.95168971092977,36.88572388123168],[-121.95168971092977,36.88033398952696]],[[-121.94629981922505,36.883028935379315],[-121.94360487337269,36.883028935379315],[-121.94360487337269,36.88572388123168],[-121.94629981922505,36.88572388123168],[-121.94629981922505,36.883028935379315]],[[-121.9301301441109,36.883028935379315],[-121.92743519825854,36.883028935379315],[-121.92743519825854,36.88572388123168],[-121.9301301441109,36.88572388123168],[-121.9301301441109,36.883028935379315]],[[-121.9301301441109,36.901893556345826],[-121.92743519825854,36.901893556345826],[-121.92743519825854,36.90458850219819],[-121.9301301441109,36.90458850219819],[-121.9301301441109,36.901893556345826]],[[-121.92743519825854,36.89111377293639],[-121.92474025240618,36.89111377293639],[-121.92474025240618,36.89380871878875],[-121.92743519825854,36.89380871878875],[-121.92743519825854,36.89111377293639]],[[-121.91935036070146,36.88572388123168],[-121.9166554148491,36.88572388123168],[-121.9166554148491,36.88841882708403],[-121.91935036070146,36.88841882708403],[-121.91935036070146,36.88572388123168]],[[-121.91396046899675,36.89380871878875],[-121.9112655231444,36.89380871878875],[-121.9112655231444,36.89650366464111],[-121.91396046899675,36.89650366464111],[-121.91396046899675,36.89380871878875]],[[-121.9112655231444,36.90728344805054],[-121.90857057729202,36.90728344805054],[-121.90857057729202,36.909978393902904],[-121.9112655231444,36.909978393902904],[-121.9112655231444,36.90728344805054]],[[-121.89240090217788,36.92884301486941],[-121.88970595632551,36.92884301486941],[-121.88970595632551,36.92614806901705],[-121.88701101047316,36.92614806901705],[-121.88701101047316,36.92884301486941],[-121.8843160646208,36.92884301486941],[-121.8843160646208,36.93153796072177],[-121.88970595632551,36.93153796072177],[-121.88970595632551,36.93423290657413],[-121.89240090217788,36.93423290657413],[-121.89240090217788,36.92884301486941]],[[-121.97594422360099,36.90728344805054],[-121.97594422360099,36.91267333975526],[-121.97863916945334,36.91267333975526],[-121.97863916945334,36.90728344805054],[-121.97594422360099,36.90728344805054]],[[-121.95168971092977,36.901893556345826],[-121.95168971092977,36.90458850219819],[-121.95438465678212,36.90458850219819],[-121.95438465678212,36.901893556345826],[-121.95168971092977,36.901893556345826]],[[-121.95977454848685,36.88841882708403],[-121.95707960263448,36.88841882708403],[-121.95707960263448,36.89111377293639],[-121.95977454848685,36.89111377293639],[-121.95977454848685,36.88841882708403]],[[-121.89779079388259,36.909978393902904],[-121.89779079388259,36.90728344805054],[-121.89509584803024,36.90728344805054],[-121.89509584803024,36.90458850219819],[-121.89240090217788,36.90458850219819],[-121.89240090217788,36.909978393902904],[-121.88970595632551,36.909978393902904],[-121.88970595632551,36.91267333975526],[-121.89509584803024,36.91267333975526],[-121.89509584803024,36.909978393902904],[-121.89779079388259,36.909978393902904]],[[-121.95977454848685,36.88572388123168],[-121.95977454848685,36.883028935379315],[-121.95707960263448,36.883028935379315],[-121.95707960263448,36.88572388123168],[-121.95977454848685,36.88572388123168]],[[-121.97594422360099,36.90728344805054],[-121.97594422360099,36.90458850219819],[-121.97324927774864,36.90458850219819],[-121.97324927774864,36.90728344805054],[-121.97594422360099,36.90728344805054]],[[-121.95168971092977,36.901893556345826],[-121.95168971092977,36.899198610493464],[-121.9489947650774,36.899198610493464],[-121.9489947650774,36.901893556345826],[-121.95168971092977,36.901893556345826]],[[-121.97055433189628,36.88841882708403],[-121.96785938604391,36.88841882708403],[-121.96785938604391,36.89111377293639],[-121.97055433189628,36.89111377293639],[-121.97055433189628,36.88841882708403]],[[-121.89509584803024,36.92345312316469],[-121.89509584803024,36.918063231459975],[-121.89240090217788,36.918063231459975],[-121.89240090217788,36.91536828560762],[-121.88970595632551,36.91536828560762],[-121.88970595632551,36.92075817731234],[-121.89240090217788,36.92075817731234],[-121.89240090217788,36.92345312316469],[-121.89509584803024,36.92345312316469]],[[-121.98402906115807,36.89111377293639],[-121.97863916945334,36.89111377293639],[-121.97863916945334,36.88841882708403],[-121.97594422360099,36.88841882708403],[-121.97594422360099,36.89650366464111],[-121.97324927774864,36.89650366464111],[-121.97324927774864,36.899198610493464],[-121.97594422360099,36.899198610493464],[-121.97594422360099,36.901893556345826],[-121.97863916945334,36.901893556345826],[-121.97863916945334,36.90458850219819],[-121.98402906115807,36.90458850219819],[-121.98402906115807,36.901893556345826],[-121.98133411530571,36.901893556345826],[-121.98133411530571,36.899198610493464],[-121.97863916945334,36.899198610493464],[-121.97863916945334,36.89380871878875],[-121.98402906115807,36.89380871878875],[-121.98402906115807,36.89111377293639]],[[-121.89779079388259,36.909978393902904],[-121.89779079388259,36.91267333975526],[-121.90048573973495,36.91267333975526],[-121.90048573973495,36.909978393902904],[-121.89779079388259,36.909978393902904]],[[-121.90318068558732,36.90458850219819],[-121.90587563143967,36.90458850219819],[-121.90587563143967,36.901893556345826],[-121.90318068558732,36.901893556345826],[-121.90318068558732,36.90458850219819]],[[-121.97055433189628,36.88841882708403],[-121.97324927774864,36.88841882708403],[-121.97324927774864,36.88572388123168],[-121.97055433189628,36.88572388123168],[-121.97055433189628,36.88841882708403]],[[-121.90318068558732,36.90458850219819],[-121.90048573973495,36.90458850219819],[-121.90048573973495,36.90728344805054],[-121.90318068558732,36.90728344805054],[-121.90318068558732,36.90458850219819]],[[-121.98402906115807,36.89111377293639],[-121.98672400701042,36.89111377293639],[-121.98672400701042,36.88841882708403],[-121.98402906115807,36.88841882708403],[-121.98402906115807,36.89111377293639]],[[-121.95977454848685,36.88841882708403],[-121.9624694943392,36.88841882708403],[-121.9624694943392,36.88572388123168],[-121.95977454848685,36.88572388123168],[-121.95977454848685,36.88841882708403]],[[-121.89509584803024,36.92345312316469],[-121.89509584803024,36.92884301486941],[-121.89779079388259,36.92884301486941],[-121.89779079388259,36.92345312316469],[-121.89509584803024,36.92345312316469]]]},"id":"-45226+13707","properties":{"area_sq_km":47.0,"count":648,"label":2,"latitude":36.89988666124144,"longitude":-121.93212318320256,"near_healthy_bed":1,"priority_score":1.0,"priority_tier":"monitor","recommended_action":"no_action","region_id":"monterey_bay","region_name":"Monterey Bay, CA","state":"CA","status":2,"status_label":"healthy"}},{"type":"Feature","geometry":{"geodesic":false,"type":"Polygon","coordinates":[[[-121.8843160646208,36.70246756327129],[-121.88162111876845,36.70246756327129],[-121.88162111876845,36.70516250912365],[-121.8843160646208,36.70516250912365],[-121.8843160646208,36.70246756327129]]]},"id":"-45227+13619","properties":{"area_sq_km":0.0,"count":1,"label":2,"latitude":36.703815035851434,"longitude":-121.88296859160569,"near_healthy_bed":1,"priority_score":1.0,"priority_tier":"monitor","recommended_action":"no_action","region_id":"monterey_bay","region_name":"Monterey Bay, CA","state":"CA","status":2,"status_label":"healthy"}},{"type":"Feature","geometry":{"geodesic":false,"type":"Polygon","coordinates":[[[-121.8843160646208,36.78062099298969],[-121.88162111876845,36.78062099298969],[-121.88162111876845,36.78331593884205],[-121.8843160646208,36.78331593884205],[-121.8843160646208,36.78062099298969]]]},"id":"-45227+13648","properties":{"area_sq_km":0.0,"count":1,"label":2,"latitude":36.78196846582225,"longitude":-121.88296859166748,"near_healthy_bed":1,"priority_score":1.0,"priority_tier":"monitor","recommended_action":"no_action","region_id":"monterey_bay","region_name":"Monterey Bay, CA","state":"CA","status":2,"status_label":"healthy"}},{"type":"Feature","geometry":{"geodesic":false,"type":"Polygon","coordinates":[[[-121.8843160646208,36.82374012662743],[-121.8843160646208,36.821045180775066],[-121.88701101047316,36.821045180775066],[-121.88701101047316,36.82374012662743],[-121.88970595632551,36.82374012662743],[-121.88970595632551,36.821045180775066],[-121.89240090217788,36.821045180775066],[-121.89240090217788,36.81835023492271],[-121.89509584803024,36.81835023492271],[-121.89509584803024,36.81565528907035],[-121.88701101047316,36.81565528907035],[-121.88701101047316,36.812960343217995],[-121.8843160646208,36.812960343217995],[-121.8843160646208,36.81835023492271],[-121.88162111876845,36.81835023492271],[-121.88162111876845,36.82374012662743],[-121.8843160646208,36.82374012662743]]]},"id":"-45227+13663","properties":{"area_sq_km":1.0,"count":11,"label":2,"latitude":36.81871771082654,"longitude":-121.88762353737465,"near_healthy_bed":1,"priority_score":1.0,"priority_tier":"monitor","recommended_action":"no_action","region_id":"monterey_bay","region_name":"Monterey Bay, CA","state":"CA","status":2,"status_label":"healthy"}},{"type":"Feature","geometry":{"geodesic":false,"type":"Polygon","coordinates":[[[-121.8843160646208,36.83451991003686],[-121.88162111876845,36.83451991003686],[-121.88162111876845,36.83721485588922],[-121.8843160646208,36.83721485588922],[-121.8843160646208,36.83451991003686]]]},"id":"-45227+13668","properties":{"area_sq_km":0.0,"count":1,"label":0,"latitude":36.83586738263542,"longitude":-121.88296859167765,"near_healthy_bed":1,"priority_score":1.0,"priority_tier":"monitor","recommended_action":"urchin_removal_then_replant","region_id":"monterey_bay","region_name":"Monterey Bay, CA","state":"CA","status":0,"status_label":"barren"}},{"type":"Feature","geometry":{"geodesic":false,"type":"Polygon","coordinates":[[[-121.8843160646208,36.84529969344629],[-121.88162111876845,36.84529969344629],[-121.88162111876845,36.847994639298655],[-121.8843160646208,36.847994639298655],[-121.8843160646208,36.84529969344629]]]},"id":"-45227+13672","properties":{"area_sq_km":0.0,"count":1,"label":0,"latitude":36.846647165914405,"longitude":-121.88296859167038,"near_healthy_bed":1,"priority_score":1.0,"priority_tier":"monitor","recommended_action":"urchin_removal_then_replant","region_id":"monterey_bay","region_name":"Monterey Bay, CA","state":"CA","status":0,"status_label":"barren"}},{"type":"Feature","geometry":{"geodesic":false,"type":"Polygon","coordinates":[[[-121.88701101047316,36.715942292533086],[-121.88701101047316,36.70785745497601],[-121.88970595632551,36.70785745497601],[-121.88970595632551,36.70246756327129],[-121.88701101047316,36.70246756327129],[-121.88701101047316,36.70516250912365],[-121.8843160646208,36.70516250912365],[-121.8843160646208,36.70785745497601],[-121.88162111876845,36.70785745497601],[-121.88162111876845,36.71055240082837],[-121.8843160646208,36.71055240082837],[-121.8843160646208,36.715942292533086],[-121.88701101047316,36.715942292533086]]]},"id":"-45228+13623","properties":{"area_sq_km":1.0,"count":7,"label":2,"latitude":36.70881980116169,"longitude":-121.88604860702107,"near_healthy_bed":1,"priority_score":1.0,"priority_tier":"monitor","recommended_action":"no_action","region_id":"monterey_bay","region_name":"Monterey Bay, CA","state":"CA","status":2,"status_label":"healthy"}},{"type":"Feature","geometry":{"geodesic":false,"type":"Polygon","coordinates":[[[-121.88701101047316,36.80487550566092],[-121.88701101047316,36.802180559808555],[-121.88970595632551,36.802180559808555],[-121.88970595632551,36.7994856139562],[-121.88162111876845,36.7994856139562],[-121.88162111876845,36.802180559808555],[-121.8843160646208,36.802180559808555],[-121.8843160646208,36.80487550566092],[-121.88701101047316,36.80487550566092]]]},"id":"-45228+13656","properties":{"area_sq_km":0.0,"count":4,"label":2,"latitude":36.80150684330344,"longitude":-121.88566353756127,"near_healthy_bed":1,"priority_score":1.0,"priority_tier":"monitor","recommended_action":"no_action","region_id":"monterey_bay","region_name":"Monterey Bay, CA","state":"CA","status":2,"status_label":"healthy"}},{"type":"Feature","geometry":{"geodesic":false,"type":"Polygon","coordinates":[[[-121.88701101047316,36.85338453100337],[-121.8843160646208,36.85338453100337],[-121.8843160646208,36.85607947685573],[-121.88701101047316,36.85607947685573],[-121.88701101047316,36.85338453100337]]]},"id":"-45228+13675","properties":{"area_sq_km":0.0,"count":1,"label":0,"latitude":36.854732003418924,"longitude":-121.8856635375667,"near_healthy_bed":1,"priority_score":1.0,"priority_tier":"monitor","recommended_action":"urchin_removal_then_replant","region_id":"monterey_bay","region_name":"Monterey Bay, CA","state":"CA","status":0,"status_label":"barren"}},{"type":"Feature","geometry":{"geodesic":false,"type":"Polygon","coordinates":[[[-121.88970595632551,36.786010884694406],[-121.88701101047316,36.786010884694406],[-121.88701101047316,36.78870583054677],[-121.88970595632551,36.78870583054677],[-121.88970595632551,36.786010884694406]]]},"id":"-45229+13650","properties":{"area_sq_km":0.0,"count":1,"label":2,"latitude":36.787358357428175,"longitude":-121.88835848343075,"near_healthy_bed":1,"priority_score":1.0,"priority_tier":"monitor","recommended_action":"no_action","region_id":"monterey_bay","region_name":"Monterey Bay, CA","state":"CA","status":2,"status_label":"healthy"}},{"type":"Feature","geometry":{"geodesic":false,"type":"Polygon","coordinates":[[[-121.88970595632551,36.86146936856045],[-121.88701101047316,36.86146936856045],[-121.88701101047316,36.864164314412804],[-121.88970595632551,36.864164314412804],[-121.88970595632551,36.86146936856045]]]},"id":"-45229+13678","properties":{"area_sq_km":0.0,"count":1,"label":2,"latitude":36.86281684117331,"longitude":-121.8883584834738,"near_healthy_bed":1,"priority_score":1.0,"priority_tier":"monitor","recommended_action":"no_action","region_id":"monterey_bay","region_name":"Monterey Bay, CA","state":"CA","status":2,"status_label":"healthy"}},{"type":"Feature","geometry":{"geodesic":false,"type":"Polygon","coordinates":[[[-121.88970595632551,36.89380871878875],[-121.88701101047316,36.89380871878875],[-121.88701101047316,36.89650366464111],[-121.88970595632551,36.89650366464111],[-121.88970595632551,36.89380871878875]]]},"id":"-45229+13690","properties":{"area_sq_km":0.0,"count":1,"label":2,"latitude":36.895156191303094,"longitude":-121.88835848345522,"near_healthy_bed":1,"priority_score":1.0,"priority_tier":"monitor","recommended_action":"no_action","region_id":"monterey_bay","region_name":"Monterey Bay, CA","state":"CA","status":2,"status_label":"healthy"}},{"type":"Feature","geometry":{"geodesic":false,"type":"Polygon","coordinates":[[[-121.89240090217788,36.697077671566575],[-121.88970595632551,36.697077671566575],[-121.88970595632551,36.69977261741893],[-121.89240090217788,36.69977261741893],[-121.89240090217788,36.697077671566575]]]},"id":"-45230+13617","properties":{"area_sq_km":0.0,"count":1,"label":2,"latitude":36.69842514417224,"longitude":-121.89105342923935,"near_healthy_bed":1,"priority_score":1.0,"priority_tier":"monitor","recommended_action":"no_action","region_id":"monterey_bay","region_name":"Monterey Bay, CA","state":"CA","status":2,"status_label":"healthy"}},{"type":"Feature","geometry":{"geodesic":false,"type":"Polygon","coordinates":[[[-121.89509584803024,36.713247346680724],[-121.88970595632551,36.713247346680724],[-121.88970595632551,36.715942292533086],[-121.89509584803024,36.715942292533086],[-121.89509584803024,36.713247346680724]]]},"id":"-45230+13623","properties":{"area_sq_km":0.0,"count":2,"label":2,"latitude":36.714594842196604,"longitude":-121.89240090225678,"near_healthy_bed":1,"priority_score":1.0,"priority_tier":"monitor","recommended_action":"no_action","region_id":"monterey_bay","region_name":"Monterey Bay, CA","state":"CA","status":2,"status_label":"healthy"}},{"type":"Feature","geometry":{"geodesic":false,"type":"Polygon","coordinates":[[[-121.89240090217788,36.77253615543261],[-121.88970595632551,36.77253615543261],[-121.88970595632551,36.77792604713733],[-121.89240090217788,36.77792604713733],[-121.89240090217788,36.77253615543261]]]},"id":"-45230+13646","properties":{"area_sq_km":0.0,"count":2,"label":2,"latitude":36.77523107732941,"longitude":-121.89105342927567,"near_healthy_bed":1,"priority_score":1.0,"priority_tier":"monitor","recommended_action":"no_action","region_id":"monterey_bay","region_name":"Monterey Bay, CA","state":"CA","status":2,"status_label":"healthy"}},{"type":"Feature","geometry":{"geodesic":false,"type":"Polygon","coordinates":[[[-121.89240090217788,36.78331593884205],[-121.88970595632551,36.78331593884205],[-121.88970595632551,36.786010884694406],[-121.89240090217788,36.786010884694406],[-121.89240090217788,36.78331593884205]]]},"id":"-45230+13649","properties":{"area_sq_km":0.0,"count":1,"label":2,"latitude":36.78466341121289,"longitude":-121.89105342920294,"near_healthy_bed":1,"priority_score":1.0,"priority_tier":"monitor","recommended_action":"no_action","region_id":"monterey_bay","region_name":"Monterey Bay, CA","state":"CA","status":2,"status_label":"healthy"}},{"type":"Feature","geometry":{"geodesic":false,"type":"Polygon","coordinates":[[[-121.89240090217788,36.821045180775066],[-121.88970595632551,36.821045180775066],[-121.88970595632551,36.82374012662743],[-121.89240090217788,36.82374012662743],[-121.89240090217788,36.821045180775066]]]},"id":"-45230+13663","properties":{"area_sq_km":0.0,"count":1,"label":0,"latitude":36.82239265337155,"longitude":-121.89105342927857,"near_healthy_bed":1,"priority_score":1.0,"priority_tier":"monitor","recommended_action":"urchin_removal_then_replant","region_id":"monterey_bay","region_name":"Monterey Bay, CA","state":"CA","status":0,"status_label":"barren"}},{"type":"Feature","geometry":{"geodesic":false,"type":"Polygon","coordinates":[[[-121.89240090217788,36.86955420611752],[-121.88970595632551,36.86955420611752],[-121.88970595632551,36.87224915196988],[-121.89240090217788,36.87224915196988],[-121.89240090217788,36.86955420611752]]]},"id":"-45230+13681","properties":{"area_sq_km":0.0,"count":1,"label":2,"latitude":36.870901678728394,"longitude":-121.89105342927337,"near_healthy_bed":1,"priority_score":1.0,"priority_tier":"monitor","recommended_action":"no_action","region_id":"monterey_bay","region_name":"Monterey Bay, CA","state":"CA","status":2,"status_label":"healthy"}},{"type":"Feature","geometry":{"geodesic":false,"type":"Polygon","coordinates":[[[-121.89240090217788,36.87494409782224],[-121.88970595632551,36.87494409782224],[-121.88970595632551,36.8776390436746],[-121.89240090217788,36.8776390436746],[-121.89240090217788,36.87494409782224]]]},"id":"-45230+13683","properties":{"area_sq_km":0.0,"count":1,"label":2,"latitude":36.87629157059513,"longitude":-121.89105342925939,"near_healthy_bed":1,"priority_score":1.0,"priority_tier":"monitor","recommended_action":"no_action","region_id":"monterey_bay","region_name":"Monterey Bay, CA","state":"CA","status":2,"status_label":"healthy"}},{"type":"Feature","geometry":{"geodesic":false,"type":"Polygon","coordinates":[[[-121.89509584803024,36.81835023492271],[-121.89240090217788,36.81835023492271],[-121.89240090217788,36.821045180775066],[-121.89509584803024,36.821045180775066],[-121.89509584803024,36.81835023492271]]]},"id":"-45231+13662","properties":{"area_sq_km":0.0,"count":1,"label":0,"latitude":36.81969770756207,"longitude":-121.89374837518427,"near_healthy_bed":1,"priority_score":1.0,"priority_tier":"monitor","recommended_action":"urchin_removal_then_replant","region_id":"monterey_bay","region_name":"Monterey Bay, CA","state":"CA","status":0,"status_label":"barren"}},{"type":"Feature","geometry":{"geodesic":false,"type":"Polygon","coordinates":[[[-121.89509584803024,36.831824964184506],[-121.89240090217788,36.831824964184506],[-121.89240090217788,36.83451991003686],[-121.89509584803024,36.83451991003686],[-121.89509584803024,36.831824964184506]]]},"id":"-45231+13667","properties":{"area_sq_km":0.0,"count":1,"label":0,"latitude":36.8331724368388,"longitude":-121.89374837517254,"near_healthy_bed":1,"priority_score":1.0,"priority_tier":"monitor","recommended_action":"urchin_removal_then_replant","region_id":"monterey_bay","region_name":"Monterey Bay, CA","state":"CA","status":0,"status_label":"barren"}},{"type":"Feature","geometry":{"geodesic":false,"type":"Polygon","coordinates":[[[-121.89509584803024,36.92345312316469],[-121.89509584803024,36.918063231459975],[-121.89240090217788,36.918063231459975],[-121.89240090217788,36.91536828560762],[-121.88970595632551,36.91536828560762],[-121.88970595632551,36.92075817731234],[-121.89240090217788,36.92075817731234],[-121.89240090217788,36.92345312316469],[-121.89509584803024,36.92345312316469]]]},"id":"-45231+13700","properties":{"area_sq_km":0.0,"count":4,"label":0,"latitude":36.919410664072714,"longitude":-121.89240085457064,"near_healthy_bed":1,"priority_score":1.0,"priority_tier":"monitor","recommended_action":"urchin_removal_then_replant","region_id":"monterey_bay","region_name":"Monterey Bay, CA","state":"CA","status":0,"status_label":"barren"}},{"type":"Feature","geometry":{"geodesic":false,"type":"Polygon","coordinates":[[[-121.90048573973495,36.94770763583592],[-121.90048573973495,36.945012689983564],[-121.90587563143967,36.945012689983564],[-121.90587563143967,36.9423177441312],[-121.90048573973495,36.9423177441312],[-121.90048573973495,36.93962279827885],[-121.89779079388259,36.93962279827885],[-121.89779079388259,36.9423177441312],[-121.88970595632551,36.9423177441312],[-121.88970595632551,36.945012689983564],[-121.89240090217788,36.945012689983564],[-121.89240090217788,36.94770763583592],[-121.90048573973495,36.94770763583592]]]},"id":"-45231+13709","properties":{"area_sq_km":1.0,"count":10,"label":2,"latitude":36.94420426106515,"longitude":-121.8975213458011,"near_healthy_bed":1,"priority_score":1.0,"priority_tier":"monitor","recommended_action":"no_action","region_id":"monterey_bay","region_name":"Monterey Bay, CA","state":"CA","status":2,"status_label":"healthy"}},{"type":"Feature","geometry":{"geodesic":false,"type":"Polygon","coordinates":[[[-121.89779079388259,36.713247346680724],[-121.89779079388259,36.71055240082837],[-121.90048573973495,36.71055240082837],[-121.90048573973495,36.70785745497601],[-121.89779079388259,36.70785745497601],[-121.89779079388259,36.70516250912365],[-121.89509584803024,36.70516250912365],[-121.89509584803024,36.713247346680724],[-121.89779079388259,36.713247346680724]]]},"id":"-45232+13622","properties":{"area_sq_km":0.0,"count":4,"label":2,"latitude":36.70920488608095,"longitude":-121.8971170572966,"near_healthy_bed":1,"priority_score":1.0,"priority_tier":"monitor","recommended_action":"no_action","region_id":"monterey_bay","region_name":"Monterey Bay, CA","state":"CA","status":2,"status_label":"healthy"}},{"type":"Feature","geometry":{"geodesic":false,"type":"Polygon","coordinates":[[[-121.89779079388259,36.83451991003686],[-121.89509584803024,36.83451991003686],[-121.89509584803024,36.83721485588922],[-121.89779079388259,36.83721485588922],[-121.89779079388259,36.83451991003686]]]},"id":"-45232+13668","properties":{"area_sq_km":0.0,"count":1,"label":0,"latitude":36.835867382590784,"longitude":-121.8964433209617,"near_healthy_bed":1,"priority_score":1.0,"priority_tier":"monitor","recommended_action":"urchin_removal_then_replant","region_id":"monterey_bay","region_name":"Monterey Bay, CA","state":"CA","status":0,"status_label":"barren"}},{"type":"Feature","geometry":{"geodesic":false,"type":"Polygon","coordinates":[[[-121.89779079388259,36.85607947685573],[-121.89509584803024,36.85607947685573],[-121.89509584803024,36.85877442270809],[-121.89779079388259,36.85877442270809],[-121.89779079388259,36.85607947685573]]]},"id":"-45232+13676","properties":{"area_sq_km":0.0,"count":1,"label":0,"latitude":36.85742694961692,"longitude":-121.89644332087828,"near_healthy_bed":1,"priority_score":1.0,"priority_tier":"monitor","recommended_action":"urchin_removal_then_replant","region_id":"monterey_bay","region_name":"Monterey Bay, CA","state":"CA","status":0,"status_label":"barren"}},{"type":"Feature","geometry":{"geodesic":false,"type":"Polygon","coordinates":[[[-121.89779079388259,36.92345312316469],[-121.89509584803024,36.92345312316469],[-121.89509584803024,36.92884301486941],[-121.89779079388259,36.92884301486941],[-121.89779079388259,36.92345312316469]]]},"id":"-45232+13702","properties":{"area_sq_km":0.0,"count":2,"label":0,"latitude":36.9261480449193,"longitude":-121.89644332090828,"near_healthy_bed":1,"priority_score":1.0,"priority_tier":"monitor","recommended_action":"urchin_removal_then_replant","region_id":"monterey_bay","region_name":"Monterey Bay, CA","state":"CA","status":0,"status_label":"barren"}},{"type":"Feature","geometry":{"geodesic":false,"type":"Polygon","coordinates":[[[-121.89779079388259,36.936927852426486],[-121.89509584803024,36.936927852426486],[-121.89509584803024,36.93962279827885],[-121.89779079388259,36.93962279827885],[-121.89779079388259,36.936927852426486]]]},"id":"-45232+13706","properties":{"area_sq_km":0.0,"count":1,"label":2,"latitude":36.938275325008334,"longitude":-121.89644332090963,"near_healthy_bed":1,"priority_score":1.0,"priority_tier":"monitor","recommended_action":"no_action","region_id":"monterey_bay","region_name":"Monterey Bay, CA","state":"CA","status":2,"status_label":"healthy"}},{"type":"Feature","geometry":{"geodesic":false,"type":"Polygon","coordinates":[[[-121.90048573973495,36.77253615543261],[-121.89779079388259,36.77253615543261],[-121.89779079388259,36.77523110128497],[-121.90048573973495,36.77523110128497],[-121.90048573973495,36.77253615543261]]]},"id":"-45233+13645","properties":{"area_sq_km":0.0,"count":1,"label":2,"latitude":36.77388362802762,"longitude":-121.89913826682253,"near_healthy_bed":1,"priority_score":1.0,"priority_tier":"monitor","recommended_action":"no_action","region_id":"monterey_bay","region_name":"Monterey Bay, CA","state":"CA","status":2,"status_label":"healthy"}},{"type":"Feature","geometry":{"geodesic":false,"type":"Polygon","coordinates":[[[-121.90048573973495,36.786010884694406],[-121.89779079388259,36.786010884694406],[-121.89779079388259,36.78870583054677],[-121.90048573973495,36.78870583054677],[-121.90048573973495,36.786010884694406]]]},"id":"-45233+13650","properties":{"area_sq_km":0.0,"count":1,"label":2,"latitude":36.78735835742737,"longitude":-121.89913826684523,"near_healthy_bed":1,"priority_score":1.0,"priority_tier":"monitor","recommended_action":"no_action","region_id":"monterey_bay","region_name":"Monterey Bay, CA","state":"CA","status":2,"status_label":"healthy"}},{"type":"Feature","geometry":{"geodesic":false,"type":"Polygon","coordinates":[[[-121.90048573973495,36.866859260265166],[-121.89779079388259,36.866859260265166],[-121.89779079388259,36.86955420611752],[-121.90048573973495,36.86955420611752],[-121.90048573973495,36.866859260265166]]]},"id":"-45233+13680","properties":{"area_sq_km":0.0,"count":1,"label":0,"latitude":36.86820673305655,"longitude":-121.89913826682587,"near_healthy_bed":1,"priority_score":1.0,"priority_tier":"monitor","recommended_action":"urchin_removal_then_replant","region_id":"monterey_bay","region_name":"Monterey Bay, CA","state":"CA","status":0,"status_label":"barren"}},{"type":"Feature","geometry":{"geodesic":false,"type":"Polygon","coordinates":[[[-121.90048573973495,36.909978393902904],[-121.89779079388259,36.909978393902904],[-121.89779079388259,36.91267333975526],[-121.90048573973495,36.91267333975526],[-121.90048573973495,36.909978393902904]]]},"id":"-45233+13696","properties":{"area_sq_km":0.0,"count":1,"label":0,"latitude":36.91132586638486,"longitude":-121.89913826689332,"near_healthy_bed":1,"priority_score":1.0,"priority_tier":"monitor","recommended_action":"urchin_removal_then_replant","region_id":"monterey_bay","region_name":"Monterey Bay, CA","state":"CA","status":0,"status_label":"barren"}},{"type":"Feature","geometry":{"geodesic":false,"type":"Polygon","coordinates":[[[-121.90318068558732,36.61892424184818],[-121.90048573973495,36.61892424184818],[-121.90048573973495,36.62161918770053],[-121.90318068558732,36.62161918770053],[-121.90318068558732,36.61892424184818]]]},"id":"-45234+13588","properties":{"area_sq_km":0.0,"count":1,"label":1,"latitude":36.62027171449928,"longitude":-121.90183321256384,"near_healthy_bed":1,"priority_score":1.0,"priority_tier":"monitor","recommended_action":"monitor_and_replant","region_id":"monterey_bay","region_name":"Monterey Bay, CA","state":"CA","status":1,"status_label":"recovering"}},{"type":"Feature","geometry":{"geodesic":false,"type":"Polygon","coordinates":[[[-121.90318068558732,36.79140077639912],[-121.90048573973495,36.79140077639912],[-121.90048573973495,36.794095722251484],[-121.90318068558732,36.794095722251484],[-121.90318068558732,36.79140077639912]]]},"id":"-45234+13652","properties":{"area_sq_km":0.0,"count":1,"label":2,"latitude":36.79274824909815,"longitude":-121.90183321258364,"near_healthy_bed":1,"priority_score":1.0,"priority_tier":"monitor","recommended_action":"no_action","region_id":"monterey_bay","region_name":"Monterey Bay, CA","state":"CA","status":2,"status_label":"healthy"}},{"type":"Feature","geometry":{"geodesic":false,"type":"Polygon","coordinates":[[[-121.90318068558732,36.84529969344629],[-121.90048573973495,36.84529969344629],[-121.90048573973495,36.847994639298655],[-121.90318068558732,36.847994639298655],[-121.90318068558732,36.84529969344629]]]},"id":"-45234+13672","properties":{"area_sq_km":0.0,"count":1,"label":0,"latitude":36.846647165866194,"longitude":-121.90183321262145,"near_healthy_bed":1,"priority_score":1.0,"priority_tier":"monitor","recommended_action":"urchin_removal_then_replant","region_id":"monterey_bay","region_name":"Monterey Bay, CA","state":"CA","status":0,"status_label":"barren"}},{"type":"Feature","geometry":{"geodesic":false,"type":"Polygon","coordinates":[[[-121.94629981922505,36.83451991003686],[-121.9489947650774,36.83451991003686],[-121.9489947650774,36.82374012662743],[-121.94629981922505,36.82374012662743],[-121.94629981922505,36.821045180775066],[-121.95438465678212,36.821045180775066],[-121.95438465678212,36.81835023492271],[-121.95168971092977,36.81835023492271],[-121.95168971092977,36.812960343217995],[-121.94629981922505,36.812960343217995],[-121.94629981922505,36.81026539736563],[-121.95168971092977,36.81026539736563],[-121.95168971092977,36.80757045151328],[-121.9489947650774,36.80757045151328],[-121.9489947650774,36.79679066810384],[-121.94629981922505,36.79679066810384],[-121.94629981922505,36.79140077639912],[-121.94360487337269,36.79140077639912],[-121.94360487337269,36.78870583054677],[-121.94629981922505,36.78870583054677],[-121.94629981922505,36.78331593884205],[-121.94360487337269,36.78331593884205],[-121.94360487337269,36.786010884694406],[-121.94090992752034,36.786010884694406],[-121.94090992752034,36.78062099298969],[-121.93552003581561,36.78062099298969],[-121.93552003581561,36.77523110128497],[-121.93282508996326,36.77523110128497],[-121.93282508996326,36.77253615543261],[-121.9301301441109,36.77253615543261],[-121.9301301441109,36.77523110128497],[-121.9166554148491,36.77523110128497],[-121.9166554148491,36.77253615543261],[-121.9112655231444,36.77253615543261],[-121.9112655231444,36.77523110128497],[-121.91396046899675,36.77523110128497],[-121.91396046899675,36.777926047137335],[-121.9112655231444,36.777926047137335],[-121.9112655231444,36.78331593884205],[-121.90318068558732,36.78331593884205],[-121.90318068558732,36.777926047137335],[-121.90048573973495,36.777926047137335],[-121.90048573973495,36.78062099298969],[-121.89779079388259,36.78062099298969],[-121.89779079388259,36.78331593884205],[-121.90048573973495,36.78331593884205],[-121.90048573973495,36.786010884694406],[-121.90857057729202,36.786010884694406],[-121.90857057729202,36.78870583054677],[-121.90587563143967,36.78870583054677],[-121.90587563143967,36.79140077639912],[-121.90857057729202,36.79140077639912],[-121.90857057729202,36.794095722251484],[-121.90587563143967,36.794095722251484],[-121.90587563143967,36.79679066810384],[-121.89779079388259,36.79679066810384],[-121.89779079388259,36.79140077639912],[-121.89509584803024,36.79140077639912],[-121.89509584803024,36.79679066810384],[-121.89240090217788,36.79679066810384],[-121.89240090217788,36.79140077639912],[-121.88970595632551,36.79140077639912],[-121.88970595632551,36.7994856139562],[-121.89240090217788,36.7994856139562],[-121.89240090217788,36.802180559808555],[-121.90048573973495,36.802180559808555],[-121.90048573973495,36.7994856139562],[-121.90318068558732,36.7994856139562],[-121.90318068558732,36.802180559808555],[-121.90587563143967,36.802180559808555],[-121.90587563143967,36.80487550566092],[-121.90857057729202,36.80487550566092],[-121.90857057729202,36.802180559808555],[-121.91396046899675,36.802180559808555],[-121.91396046899675,36.80757045151328],[-121.90857057729202,36.80757045151328],[-121.90857057729202,36.81026539736563],[-121.90048573973495,36.81026539736563],[-121.90048573973495,36.812960343217995],[-121.90318068558732,36.812960343217995],[-121.90318068558732,36.81565528907035],[-121.90048573973495,36.81565528907035],[-121.90048573973495,36.81835023492271],[-121.89509584803024,36.81835023492271],[-121.89509584803024,36.821045180775066],[-121.89240090217788,36.821045180775066],[-121.89240090217788,36.82374012662743],[-121.88970595632551,36.82374012662743],[-121.88970595632551,36.82643507247978],[-121.8843160646208,36.82643507247978],[-121.8843160646208,36.831824964184506],[-121.87892617291608,36.831824964184506],[-121.87892617291608,36.829130018332144],[-121.87623122706373,36.829130018332144],[-121.87623122706373,36.831824964184506],[-121.87353628121137,36.831824964184506],[-121.87353628121137,36.829130018332144],[-121.870841335359,36.829130018332144],[-121.870841335359,36.83451991003686],[-121.87623122706373,36.83451991003686],[-121.87623122706373,36.83990980174158],[-121.88162111876845,36.83990980174158],[-121.88162111876845,36.84260474759394],[-121.87892617291608,36.84260474759394],[-121.87892617291608,36.847994639298655],[-121.87623122706373,36.847994639298655],[-121.87623122706373,36.84529969344629],[-121.87353628121137,36.84529969344629],[-121.87353628121137,36.847994639298655],[-121.870841335359,36.847994639298655],[-121.870841335359,36.84529969344629],[-121.8654514436543,36.84529969344629],[-121.8654514436543,36.85338453100337],[-121.870841335359,36.85338453100337],[-121.870841335359,36.85607947685573],[-121.87623122706373,36.85607947685573],[-121.87623122706373,36.85877442270809],[-121.88162111876845,36.85877442270809],[-121.88162111876845,36.86146936856045],[-121.8843160646208,36.86146936856045],[-121.8843160646208,36.85877442270809],[-121.88970595632551,36.85877442270809],[-121.88970595632551,36.85607947685573],[-121.89240090217788,36.85607947685573],[-121.89240090217788,36.85877442270809],[-121.89509584803024,36.85877442270809],[-121.89509584803024,36.86955420611752],[-121.89779079388259,36.86955420611752],[-121.89779079388259,36.87224915196988],[-121.90048573973495,36.87224915196988],[-121.90048573973495,36.8776390436746],[-121.90318068558732,36.8776390436746],[-121.90318068558732,36.87494409782224],[-121.90587563143967,36.87494409782224],[-121.90587563143967,36.87224915196988],[-121.90857057729202,36.87224915196988],[-121.90857057729202,36.87494409782224],[-121.91396046899675,36.87494409782224],[-121.91396046899675,36.86955420611752],[-121.91935036070146,36.86955420611752],[-121.91935036070146,36.87224915196988],[-121.92474025240618,36.87224915196988],[-121.92474025240618,36.86955420611752],[-121.92743519825854,36.86955420611752],[-121.92743519825854,36.87224915196988],[-121.93282508996326,36.87224915196988],[-121.93282508996326,36.86955420611752],[-121.93552003581561,36.86955420611752],[-121.93552003581561,36.87224915196988],[-121.9489947650774,36.87224915196988],[-121.9489947650774,36.86955420611752],[-121.94360487337269,36.86955420611752],[-121.94360487337269,36.866859260265166],[-121.94090992752034,36.866859260265166],[-121.94090992752034,36.864164314412804],[-121.94360487337269,36.864164314412804],[-121.94360487337269,36.85877442270809],[-121.95438465678212,36.85877442270809],[-121.95438465678212,36.85607947685573],[-121.95977454848685,36.85607947685573],[-121.95977454848685,36.85338453100337],[-121.9624694943392,36.85338453100337],[-121.9624694943392,36.847994639298655],[-121.96516444019156,36.847994639298655],[-121.96516444019156,36.85338453100337],[-121.96785938604391,36.85338453100337],[-121.96785938604391,36.84529969344629],[-121.96516444019156,36.84529969344629],[-121.96516444019156,36.84260474759394],[-121.95977454848685,36.84260474759394],[-121.95977454848685,36.84529969344629],[-121.95707960263448,36.84529969344629],[-121.95707960263448,36.83990980174158],[-121.95438465678212,36.83990980174158],[-121.95438465678212,36.847994639298655],[-121.9489947650774,36.847994639298655],[-121.9489947650774,36.83990980174158],[-121.94629981922505,36.83990980174158],[-121.94629981922505,36.83451991003686]],[[-121.94629981922505,36.83451991003686],[-121.94629981922505,36.831824964184506],[-121.94360487337269,36.831824964184506],[-121.94360487337269,36.83451991003686],[-121.94629981922505,36.83451991003686]],[[-121.94090992752034,36.864164314412804],[-121.94090992752034,36.85877442270809],[-121.93821498166797,36.85877442270809],[-121.93821498166797,36.86146936856045],[-121.93552003581561,36.86146936856045],[-121.93552003581561,36.85877442270809],[-121.93282508996326,36.85877442270809],[-121.93282508996326,36.86146936856045],[-121.9301301441109,36.86146936856045],[-121.9301301441109,36.864164314412804],[-121.93282508996326,36.864164314412804],[-121.93282508996326,36.866859260265166],[-121.93552003581561,36.866859260265166],[-121.93552003581561,36.864164314412804],[-121.94090992752034,36.864164314412804]],[[-121.94090992752034,36.866859260265166],[-121.93821498166797,36.866859260265166],[-121.93821498166797,36.86955420611752],[-121.94090992752034,36.86955420611752],[-121.94090992752034,36.866859260265166]],[[-121.92743519825854,36.86955420611752],[-121.9301301441109,36.86955420611752],[-121.9301301441109,36.866859260265166],[-121.92743519825854,36.866859260265166],[-121.92743519825854,36.86955420611752]],[[-121.91396046899675,36.86955420611752],[-121.91396046899675,36.866859260265166],[-121.9112655231444,36.866859260265166],[-121.9112655231444,36.86955420611752],[-121.91396046899675,36.86955420611752]],[[-121.90048573973495,36.81835023492271],[-121.90048573973495,36.821045180775066],[-121.89779079388259,36.821045180775066],[-121.89779079388259,36.82374012662743],[-121.90318068558732,36.82374012662743],[-121.90318068558732,36.82643507247978],[-121.90857057729202,36.82643507247978],[-121.90857057729202,36.82374012662743],[-121.9112655231444,36.82374012662743],[-121.9112655231444,36.82643507247978],[-121.9166554148491,36.82643507247978],[-121.9166554148491,36.82374012662743],[-121.91935036070146,36.82374012662743],[-121.91935036070146,36.821045180775066],[-121.9166554148491,36.821045180775066],[-121.9166554148491,36.81835023492271],[-121.9112655231444,36.81835023492271],[-121.9112655231444,36.81565528907035],[-121.90857057729202,36.81565528907035],[-121.90857057729202,36.81835023492271],[-121.90048573973495,36.81835023492271]],[[-121.89779079388259,36.86955420611752],[-121.90048573973495,36.86955420611752],[-121.90048573973495,36.866859260265166],[-121.89779079388259,36.866859260265166],[-121.89779079388259,36.86955420611752]],[[-121.9489947650774,36.85338453100337],[-121.94629981922505,36.85338453100337],[-121.94629981922505,36.85607947685573],[-121.9489947650774,36.85607947685573],[-121.9489947650774,36.85338453100337]],[[-121.94629981922505,36.84260474759394],[-121.94360487337269,36.84260474759394],[-121.94360487337269,36.84529969344629],[-121.94629981922505,36.84529969344629],[-121.94629981922505,36.84260474759394]],[[-121.94360487337269,36.79679066810384],[-121.94090992752034,36.79679066810384],[-121.94090992752034,36.7994856139562],[-121.94360487337269,36.7994856139562],[-121.94360487337269,36.79679066810384]],[[-121.94090992752034,36.78870583054677],[-121.93821498166797,36.78870583054677],[-121.93821498166797,36.786010884694406],[-121.93552003581561,36.786010884694406],[-121.93552003581561,36.79140077639912],[-121.94090992752034,36.79140077639912],[-121.94090992752034,36.78870583054677]],[[-121.94090992752034,36.81026539736563],[-121.93821498166797,36.81026539736563],[-121.93821498166797,36.812960343217995],[-121.94090992752034,36.812960343217995],[-121.94090992752034,36.81026539736563]],[[-121.93821498166797,36.83451991003686],[-121.93552003581561,36.83451991003686],[-121.93552003581561,36.83721485588922],[-121.93821498166797,36.83721485588922],[-121.93821498166797,36.83451991003686]],[[-121.93282508996326,36.786010884694406],[-121.92743519825854,36.786010884694406],[-121.92743519825854,36.78870583054677],[-121.9301301441109,36.78870583054677],[-121.9301301441109,36.79140077639912],[-121.93282508996326,36.79140077639912],[-121.93282508996326,36.786010884694406]],[[-121.93282508996326,36.84260474759394],[-121.92743519825854,36.84260474759394],[-121.92743519825854,36.847994639298655],[-121.9301301441109,36.847994639298655],[-121.9301301441109,36.84529969344629],[-121.93282508996326,36.84529969344629],[-121.93282508996326,36.84260474759394]],[[-121.9301301441109,36.777926047137335],[-121.92743519825854,36.777926047137335],[-121.92743519825854,36.78062099298969],[-121.9301301441109,36.78062099298969],[-121.9301301441109,36.777926047137335]],[[-121.9301301441109,36.82374012662743],[-121.92743519825854,36.82374012662743],[-121.92743519825854,36.831824964184506],[-121.9301301441109,36.831824964184506],[-121.9301301441109,36.82374012662743]],[[-121.92743519825854,36.794095722251484],[-121.92474025240618,36.794095722251484],[-121.92474025240618,36.79679066810384],[-121.92743519825854,36.79679066810384],[-121.92743519825854,36.794095722251484]],[[-121.92743519825854,36.80487550566092],[-121.92474025240618,36.80487550566092],[-121.92474025240618,36.80757045151328],[-121.92743519825854,36.80757045151328],[-121.92743519825854,36.80487550566092]],[[-121.92474025240618,36.82643507247978],[-121.92204530655383,36.82643507247978],[-121.92204530655383,36.829130018332144],[-121.92474025240618,36.829130018332144],[-121.92474025240618,36.82643507247978]],[[-121.92474025240618,36.83721485588922],[-121.92204530655383,36.83721485588922],[-121.92204530655383,36.83990980174158],[-121.92474025240618,36.83990980174158],[-121.92474025240618,36.83721485588922]],[[-121.91935036070146,36.83451991003686],[-121.91396046899675,36.83451991003686],[-121.91396046899675,36.83721485588922],[-121.9166554148491,36.83721485588922],[-121.9166554148491,36.83990980174158],[-121.91935036070146,36.83990980174158],[-121.91935036070146,36.83451991003686]],[[-121.91935036070146,36.864164314412804],[-121.9166554148491,36.864164314412804],[-121.9166554148491,36.866859260265166],[-121.91935036070146,36.866859260265166],[-121.91935036070146,36.864164314412804]],[[-121.9166554148491,36.786010884694406],[-121.91396046899675,36.786010884694406],[-121.91396046899675,36.78870583054677],[-121.9166554148491,36.78870583054677],[-121.9166554148491,36.786010884694406]],[[-121.9166554148491,36.829130018332144],[-121.91396046899675,36.829130018332144],[-121.91396046899675,36.831824964184506],[-121.9166554148491,36.831824964184506],[-121.9166554148491,36.829130018332144]],[[-121.9166554148491,36.85877442270809],[-121.91396046899675,36.85877442270809],[-121.91396046899675,36.86146936856045],[-121.9166554148491,36.86146936856045],[-121.9166554148491,36.85877442270809]],[[-121.91396046899675,36.81026539736563],[-121.9112655231444,36.81026539736563],[-121.9112655231444,36.812960343217995],[-121.91396046899675,36.812960343217995],[-121.91396046899675,36.81026539736563]],[[-121.90857057729202,36.85068958515101],[-121.90587563143967,36.85068958515101],[-121.90587563143967,36.85607947685573],[-121.90857057729202,36.85607947685573],[-121.90857057729202,36.85068958515101]],[[-121.90318068558732,36.84529969344629],[-121.90048573973495,36.84529969344629],[-121.90048573973495,36.847994639298655],[-121.90318068558732,36.847994639298655],[-121.90318068558732,36.84529969344629]],[[-121.88701101047316,36.85338453100337],[-121.8843160646208,36.85338453100337],[-121.8843160646208,36.85607947685573],[-121.88701101047316,36.85607947685573],[-121.88701101047316,36.85338453100337]],[[-121.8843160646208,36.83451991003686],[-121.88162111876845,36.83451991003686],[-121.88162111876845,36.83721485588922],[-121.8843160646208,36.83721485588922],[-121.8843160646208,36.83451991003686]],[[-121.8843160646208,36.84529969344629],[-121.88162111876845,36.84529969344629],[-121.88162111876845,36.847994639298655],[-121.8843160646208,36.847994639298655],[-121.8843160646208,36.84529969344629]],[[-121.87892617291608,36.85068958515101],[-121.87623122706373,36.85068958515101],[-121.87623122706373,36.85338453100337],[-121.87892617291608,36.85338453100337],[-121.87892617291608,36.85068958515101]],[[-121.93282508996326,36.81565528907035],[-121.93282508996326,36.812960343217995],[-121.9301301441109,36.812960343217995],[-121.9301301441109,36.81565528907035],[-121.93282508996326,36.81565528907035]],[[-121.91396046899675,36.79679066810384],[-121.9112655231444,36.79679066810384],[-121.9112655231444,36.7994856139562],[-121.91396046899675,36.7994856139562],[-121.91396046899675,36.79679066810384]],[[-121.93552003581561,36.85068958515101],[-121.93282508996326,36.85068958515101],[-121.93282508996326,36.85338453100337],[-121.93552003581561,36.85338453100337],[-121.93552003581561,36.85068958515101]],[[-121.92743519825854,36.81835023492271],[-121.92743519825854,36.821045180775066],[-121.9301301441109,36.821045180775066],[-121.9301301441109,36.81835023492271],[-121.92743519825854,36.81835023492271]],[[-121.92204530655383,36.79140077639912],[-121.91935036070146,36.79140077639912],[-121.91935036070146,36.794095722251484],[-121.92204530655383,36.794095722251484],[-121.92204530655383,36.79140077639912]],[[-121.9301301441109,36.7994856139562],[-121.92743519825854,36.7994856139562],[-121.92743519825854,36.802180559808555],[-121.9301301441109,36.802180559808555],[-121.9301301441109,36.7994856139562]],[[-121.93821498166797,36.84529969344629],[-121.94090992752034,36.84529969344629],[-121.94090992752034,36.84260474759394],[-121.93821498166797,36.84260474759394],[-121.93821498166797,36.84529969344629]],[[-121.89509584803024,36.83451991003686],[-121.89509584803024,36.83721485588922],[-121.89779079388259,36.83721485588922],[-121.89779079388259,36.83451991003686],[-121.89509584803024,36.83451991003686]],[[-121.91396046899675,36.84529969344629],[-121.91396046899675,36.84260474759394],[-121.90857057729202,36.84260474759394],[-121.90857057729202,36.83990980174158],[-121.90587563143967,36.83990980174158],[-121.90587563143967,36.84529969344629],[-121.91396046899675,36.84529969344629]],[[-121.92204530655383,36.847994639298655],[-121.92474025240618,36.847994639298655],[-121.92474025240618,36.84260474759394],[-121.92204530655383,36.84260474759394],[-121.92204530655383,36.847994639298655]],[[-121.92743519825854,36.81835023492271],[-121.92743519825854,36.81565528907035],[-121.92474025240618,36.81565528907035],[-121.92474025240618,36.81835023492271],[-121.92743519825854,36.81835023492271]],[[-121.89509584803024,36.83451991003686],[-121.89509584803024,36.831824964184506],[-121.89240090217788,36.831824964184506],[-121.89240090217788,36.83451991003686],[-121.89509584803024,36.83451991003686]],[[-121.95707960263448,36.85068958515101],[-121.95977454848685,36.85068958515101],[-121.95977454848685,36.847994639298655],[-121.95707960263448,36.847994639298655],[-121.95707960263448,36.85068958515101]],[[-121.94360487337269,36.85068958515101],[-121.94090992752034,36.85068958515101],[-121.94090992752034,36.85338453100337],[-121.93821498166797,36.85338453100337],[-121.93821498166797,36.85607947685573],[-121.94360487337269,36.85607947685573],[-121.94360487337269,36.85068958515101]],[[-121.91935036070146,36.7994856139562],[-121.91935036070146,36.802180559808555],[-121.92204530655383,36.802180559808555],[-121.92204530655383,36.7994856139562],[-121.91935036070146,36.7994856139562]],[[-121.93282508996326,36.81565528907035],[-121.93282508996326,36.81835023492271],[-121.93552003581561,36.81835023492271],[-121.93552003581561,36.81565528907035],[-121.93282508996326,36.81565528907035]],[[-121.9301301441109,36.7994856139562],[-121.93552003581561,36.7994856139562],[-121.93552003581561,36.79679066810384],[-121.9301301441109,36.79679066810384],[-121.9301301441109,36.7994856139562]],[[-121.94360487337269,36.85068958515101],[-121.94629981922505,36.85068958515101],[-121.94629981922505,36.847994639298655],[-121.94360487337269,36.847994639298655],[-121.94360487337269,36.85068958515101]],[[-121.89779079388259,36.85877442270809],[-121.89779079388259,36.864164314412804],[-121.90318068558732,36.864164314412804],[-121.90318068558732,36.866859260265166],[-121.90587563143967,36.866859260265166],[-121.90587563143967,36.864164314412804],[-121.90857057729202,36.864164314412804],[-121.90857057729202,36.86146936856045],[-121.90318068558732,36.86146936856045],[-121.90318068558732,36.85068958515101],[-121.89240090217788,36.85068958515101],[-121.89240090217788,36.85338453100337],[-121.90048573973495,36.85338453100337],[-121.90048573973495,36.85877442270809],[-121.89779079388259,36.85877442270809]],[[-121.95438465678212,36.85607947685573],[-121.95438465678212,36.85338453100337],[-121.95707960263448,36.85338453100337],[-121.95707960263448,36.85068958515101],[-121.95168971092977,36.85068958515101],[-121.95168971092977,36.85607947685573],[-121.95438465678212,36.85607947685573]],[[-121.93552003581561,36.85068958515101],[-121.93821498166797,36.85068958515101],[-121.93821498166797,36.84529969344629],[-121.93552003581561,36.84529969344629],[-121.93552003581561,36.85068958515101]],[[-121.91396046899675,36.84529969344629],[-121.91396046899675,36.847994639298655],[-121.9166554148491,36.847994639298655],[-121.9166554148491,36.85068958515101],[-121.91396046899675,36.85068958515101],[-121.91396046899675,36.85338453100337],[-121.9166554148491,36.85338453100337],[-121.9166554148491,36.85607947685573],[-121.91935036070146,36.85607947685573],[-121.91935036070146,36.85338453100337],[-121.92204530655383,36.85338453100337],[-121.92204530655383,36.85607947685573],[-121.92743519825854,36.85607947685573],[-121.92743519825854,36.85877442270809],[-121.9301301441109,36.85877442270809],[-121.9301301441109,36.85338453100337],[-121.92743519825854,36.85338453100337],[-121.92743519825854,36.85068958515101],[-121.92204530655383,36.85068958515101],[-121.92204530655383,36.847994639298655],[-121.91935036070146,36.847994639298655],[-121.91935036070146,36.84260474759394],[-121.9166554148491,36.84260474759394],[-121.9166554148491,36.84529969344629],[-121.91396046899675,36.84529969344629]],[[-121.9166554148491,36.78062099298969],[-121.9166554148491,36.777926047137335],[-121.91396046899675,36.777926047137335],[-121.91396046899675,36.78062099298969],[-121.9166554148491,36.78062099298969]],[[-121.92204530655383,36.78331593884205],[-121.92204530655383,36.78062099298969],[-121.9166554148491,36.78062099298969],[-121.9166554148491,36.78331593884205],[-121.92204530655383,36.78331593884205]],[[-121.92204530655383,36.786010884694406],[-121.92474025240618,36.786010884694406],[-121.92474025240618,36.78331593884205],[-121.92204530655383,36.78331593884205],[-121.92204530655383,36.786010884694406]],[[-121.92204530655383,36.78870583054677],[-121.92204530655383,36.786010884694406],[-121.91935036070146,36.786010884694406],[-121.91935036070146,36.78870583054677],[-121.92204530655383,36.78870583054677]],[[-121.92204530655383,36.79140077639912],[-121.92474025240618,36.79140077639912],[-121.92474025240618,36.78870583054677],[-121.92204530655383,36.78870583054677],[-121.92204530655383,36.79140077639912]],[[-121.9166554148491,36.79679066810384],[-121.9166554148491,36.79140077639912],[-121.91396046899675,36.79140077639912],[-121.91396046899675,36.79679066810384],[-121.9166554148491,36.79679066810384]],[[-121.91935036070146,36.7994856139562],[-121.91935036070146,36.79679066810384],[-121.9166554148491,36.79679066810384],[-121.9166554148491,36.7994856139562],[-121.91935036070146,36.7994856139562]],[[-121.89779079388259,36.85877442270809],[-121.89779079388259,36.85607947685573],[-121.89509584803024,36.85607947685573],[-121.89509584803024,36.85877442270809],[-121.89779079388259,36.85877442270809]]]},"id":"-45234+13683","properties":{"area_sq_km":45.0,"count":625,"label":2,"latitude":36.828655349863745,"longitude":-121.91885894633612,"near_healthy_bed":1,"priority_score":1.0,"priority_tier":"monitor","recommended_action":"no_action","region_id":"monterey_bay","region_name":"Monterey Bay, CA","state":"CA","status":2,"status_label":"healthy"}},{"type":"Feature","geometry":{"geodesic":false,"type":"Polygon","coordinates":[[[-121.90318068558732,36.90458850219818],[-121.90048573973495,36.90458850219818],[-121.90048573973495,36.90728344805054],[-121.90318068558732,36.90728344805054],[-121.90318068558732,36.90458850219818]]]},"id":"-45234+13694","properties":{"area_sq_km":0.0,"count":1,"label":0,"latitude":36.90593597464995,"longitude":-121.90183321258237,"near_healthy_bed":1,"priority_score":1.0,"priority_tier":"monitor","recommended_action":"urchin_removal_then_replant","region_id":"monterey_bay","region_name":"Monterey Bay, CA","state":"CA","status":0,"status_label":"barren"}},{"type":"Feature","geometry":{"geodesic":false,"type":"Polygon","coordinates":[[[-121.90587563143967,36.62161918770053],[-121.90318068558732,36.62161918770053],[-121.90318068558732,36.62431413355289],[-121.90587563143967,36.62431413355289],[-121.90587563143967,36.62161918770053]]]},"id":"-45235+13589","properties":{"area_sq_km":0.0,"count":1,"label":2,"latitude":36.62296666032206,"longitude":-121.90452815867629,"near_healthy_bed":1,"priority_score":1.0,"priority_tier":"monitor","recommended_action":"no_action","region_id":"monterey_bay","region_name":"Monterey Bay, CA","state":"CA","status":2,"status_label":"healthy"}},{"type":"Feature","geometry":{"geodesic":false,"type":"Polygon","coordinates":[[[-121.90587563143967,36.77523110128497],[-121.90318068558732,36.77523110128497],[-121.90318068558732,36.77792604713733],[-121.90587563143967,36.77792604713733],[-121.90587563143967,36.77523110128497]]]},"id":"-45235+13646","properties":{"area_sq_km":0.0,"count":1,"label":2,"latitude":36.776578573931396,"longitude":-121.90452815859868,"near_healthy_bed":1,"priority_score":1.0,"priority_tier":"monitor","recommended_action":"no_action","region_id":"monterey_bay","region_name":"Monterey Bay, CA","state":"CA","status":2,"status_label":"healthy"}},{"type":"Feature","geometry":{"geodesic":false,"type":"Polygon","coordinates":[[[-121.90587563143967,36.901893556345826],[-121.90318068558732,36.901893556345826],[-121.90318068558732,36.90458850219818],[-121.90587563143967,36.90458850219818],[-121.90587563143967,36.901893556345826]]]},"id":"-45235+13693","properties":{"area_sq_km":0.0,"count":1,"label":0,"latitude":36.903241028912156,"longitude":-121.90452815852265,"near_healthy_bed":1,"priority_score":1.0,"priority_tier":"monitor","recommended_action":"urchin_removal_then_replant","region_id":"monterey_bay","region_name":"Monterey Bay, CA","state":"CA","status":0,"status_label":"barren"}},{"type":"Feature","geometry":{"geodesic":false,"type":"Polygon","coordinates":[[[-121.90587563143967,36.936927852426486],[-121.90318068558732,36.936927852426486],[-121.90318068558732,36.93962279827885],[-121.90587563143967,36.93962279827885],[-121.90587563143967,36.936927852426486]]]},"id":"-45235+13706","properties":{"area_sq_km":0.0,"count":1,"label":2,"latitude":36.938275325005165,"longitude":-121.90452815855645,"near_healthy_bed":1,"priority_score":1.0,"priority_tier":"monitor","recommended_action":"no_action","region_id":"monterey_bay","region_name":"Monterey Bay, CA","state":"CA","status":2,"status_label":"healthy"}},{"type":"Feature","geometry":{"geodesic":false,"type":"Polygon","coordinates":[[[-121.91396046899675,36.95040258168828],[-121.91396046899675,36.94770763583592],[-121.9166554148491,36.94770763583592],[-121.9166554148491,36.95040258168828],[-121.92204530655383,36.95040258168828],[-121.92204530655383,36.94770763583592],[-121.92474025240618,36.94770763583592],[-121.92474025240618,36.945012689983564],[-121.92204530655383,36.945012689983564],[-121.92204530655383,36.9423177441312],[-121.92474025240618,36.9423177441312],[-121.92474025240618,36.93962279827885],[-121.92204530655383,36.93962279827885],[-121.92204530655383,36.936927852426486],[-121.92474025240618,36.936927852426486],[-121.92474025240618,36.93153796072177],[-121.92204530655383,36.93153796072177],[-121.92204530655383,36.93423290657413],[-121.9166554148491,36.93423290657413],[-121.9166554148491,36.936927852426486],[-121.91935036070146,36.936927852426486],[-121.91935036070146,36.945012689983564],[-121.91396046899675,36.945012689983564],[-121.91396046899675,36.9423177441312],[-121.90857057729202,36.9423177441312],[-121.90857057729202,36.945012689983564],[-121.90587563143967,36.945012689983564],[-121.90587563143967,36.94770763583592],[-121.90318068558732,36.94770763583592],[-121.90318068558732,36.95040258168828],[-121.91396046899675,36.95040258168828]]]},"id":"-45235+13710","properties":{"area_sq_km":2.0,"count":23,"label":2,"latitude":36.94389941370156,"longitude":-121.91624572404949,"near_healthy_bed":1,"priority_score":1.0,"priority_tier":"monitor","recommended_action":"no_action","region_id":"monterey_bay","region_name":"Monterey Bay, CA","state":"CA","status":2,"status_label":"healthy"}},{"type":"Feature","geometry":{"geodesic":false,"type":"Polygon","coordinates":[[[-121.90857057729202,36.77253615543261],[-121.90587563143967,36.77253615543261],[-121.90587563143967,36.77523110128497],[-121.90857057729202,36.77523110128497],[-121.90857057729202,36.77253615543261]]]},"id":"-45236+13645","properties":{"area_sq_km":0.0,"count":1,"label":2,"latitude":36.7738836280908,"longitude":-121.90722310428274,"near_healthy_bed":1,"priority_score":1.0,"priority_tier":"monitor","recommended_action":"no_action","region_id":"monterey_bay","region_name":"Monterey Bay, CA","state":"CA","status":2,"status_label":"healthy"}},{"type":"Feature","geometry":{"geodesic":false,"type":"Polygon","coordinates":[[[-121.91396046899675,36.84529969344629],[-121.91396046899675,36.84260474759394],[-121.90857057729202,36.84260474759394],[-121.90857057729202,36.83990980174158],[-121.90587563143967,36.83990980174158],[-121.90587563143967,36.84529969344629],[-121.91396046899675,36.84529969344629]]]},"id":"-45236+13671","properties":{"area_sq_km":0.0,"count":4,"label":0,"latitude":36.84327851156311,"longitude":-121.9092442798718,"near_healthy_bed":1,"priority_score":1.0,"priority_tier":"monitor","recommended_action":"urchin_removal_then_replant","region_id":"monterey_bay","region_name":"Monterey Bay, CA","state":"CA","status":0,"status_label":"barren"}},{"type":"Feature","geometry":{"geodesic":false,"type":"Polygon","coordinates":[[[-121.90857057729202,36.85068958515101],[-121.90587563143967,36.85068958515101],[-121.90587563143967,36.85607947685573],[-121.90857057729202,36.85607947685573],[-121.90857057729202,36.85068958515101]]]},"id":"-45236+13675","properties":{"area_sq_km":0.0,"count":2,"label":0,"latitude":36.85338450686367,"longitude":-121.90722310431114,"near_healthy_bed":1,"priority_score":1.0,"priority_tier":"monitor","recommended_action":"urchin_removal_then_replant","region_id":"monterey_bay","region_name":"Monterey Bay, CA","state":"CA","status":0,"status_label":"barren"}},{"type":"Feature","geometry":{"geodesic":false,"type":"Polygon","coordinates":[[[-121.9112655231444,36.8776390436746],[-121.90587563143967,36.8776390436746],[-121.90587563143967,36.88033398952696],[-121.9112655231444,36.88033398952696],[-121.9112655231444,36.8776390436746]]]},"id":"-45236+13684","properties":{"area_sq_km":0.0,"count":2,"label":2,"latitude":36.87898653897506,"longitude":-121.90857057728527,"near_healthy_bed":1,"priority_score":1.0,"priority_tier":"monitor","recommended_action":"no_action","region_id":"monterey_bay","region_name":"Monterey Bay, CA","state":"CA","status":2,"status_label":"healthy"}},{"type":"Feature","geometry":{"geodesic":false,"type":"Polygon","coordinates":[[[-121.90857057729202,36.93153796072177],[-121.90587563143967,36.93153796072177],[-121.90587563143967,36.93423290657413],[-121.90857057729202,36.93423290657413],[-121.90857057729202,36.93153796072177]]]},"id":"-45236+13704","properties":{"area_sq_km":0.0,"count":1,"label":2,"latitude":36.93288543344933,"longitude":-121.90722310428936,"near_healthy_bed":1,"priority_score":1.0,"priority_tier":"monitor","recommended_action":"no_action","region_id":"monterey_bay","region_name":"Monterey Bay, CA","state":"CA","status":2,"status_label":"healthy"}},{"type":"Feature","geometry":{"geodesic":false,"type":"Polygon","coordinates":[[[-121.9112655231444,36.90728344805054],[-121.90857057729202,36.90728344805054],[-121.90857057729202,36.909978393902904],[-121.9112655231444,36.909978393902904],[-121.9112655231444,36.90728344805054]]]},"id":"-45237+13695","properties":{"area_sq_km":0.0,"count":1,"label":0,"latitude":36.90863092089752,"longitude":-121.90991805027858,"near_healthy_bed":1,"priority_score":1.0,"priority_tier":"monitor","recommended_action":"urchin_removal_then_replant","region_id":"monterey_bay","region_name":"Monterey Bay, CA","state":"CA","status":0,"status_label":"barren"}},{"type":"Feature","geometry":{"geodesic":false,"type":"Polygon","coordinates":[[[-121.91396046899675,36.79679066810384],[-121.9112655231444,36.79679066810384],[-121.9112655231444,36.7994856139562],[-121.91396046899675,36.7994856139562],[-121.91396046899675,36.79679066810384]]]},"id":"-45238+13654","properties":{"area_sq_km":0.0,"count":1,"label":0,"latitude":36.79813814078715,"longitude":-121.91261299596377,"near_healthy_bed":1,"priority_score":1.0,"priority_tier":"monitor","recommended_action":"urchin_removal_then_replant","region_id":"monterey_bay","region_name":"Monterey Bay, CA","state":"CA","status":0,"status_label":"barren"}},{"type":"Feature","geometry":{"geodesic":false,"type":"Polygon","coordinates":[[[-121.91396046899675,36.81026539736563],[-121.9112655231444,36.81026539736563],[-121.9112655231444,36.812960343217995],[-121.91396046899675,36.812960343217995],[-121.91396046899675,36.81026539736563]]]},"id":"-45238+13659","properties":{"area_sq_km":0.0,"count":1,"label":0,"latitude":36.81161286986616,"longitude":-121.91261299597187,"near_healthy_bed":1,"priority_score":1.0,"priority_tier":"monitor","recommended_action":"urchin_removal_then_replant","region_id":"monterey_bay","region_name":"Monterey Bay, CA","state":"CA","status":0,"status_label":"barren"}},{"type":"Feature","geometry":{"geodesic":false,"type":"Polygon","coordinates":[[[-121.91396046899675,36.866859260265166],[-121.9112655231444,36.866859260265166],[-121.9112655231444,36.86955420611752],[-121.91396046899675,36.86955420611752],[-121.91396046899675,36.866859260265166]]]},"id":"-45238+13680","properties":{"area_sq_km":0.0,"count":1,"label":0,"latitude":36.868206733048034,"longitude":-121.91261299597242,"near_healthy_bed":1,"priority_score":1.0,"priority_tier":"monitor","recommended_action":"urchin_removal_then_replant","region_id":"monterey_bay","region_name":"Monterey Bay, CA","state":"CA","status":0,"status_label":"barren"}},{"type":"Feature","geometry":{"geodesic":false,"type":"Polygon","coordinates":[[[-121.91396046899675,36.89380871878875],[-121.9112655231444,36.89380871878875],[-121.9112655231444,36.89650366464111],[-121.91396046899675,36.89650366464111],[-121.91396046899675,36.89380871878875]]]},"id":"-45238+13690","properties":{"area_sq_km":0.0,"count":1,"label":0,"latitude":36.8951561912566,"longitude":-121.91261299601751,"near_healthy_bed":1,"priority_score":1.0,"priority_tier":"monitor","recommended_action":"urchin_removal_then_replant","region_id":"monterey_bay","region_name":"Monterey Bay, CA","state":"CA","status":0,"status_label":"barren"}},{"type":"Feature","geometry":{"geodesic":false,"type":"Polygon","coordinates":[[[-121.9166554148491,36.77792604713733],[-121.91396046899675,36.77792604713733],[-121.91396046899675,36.78062099298969],[-121.9166554148491,36.78062099298969],[-121.9166554148491,36.77792604713733]]]},"id":"-45239+13647","properties":{"area_sq_km":0.0,"count":1,"label":0,"latitude":36.77927351971062,"longitude":-121.91530794197139,"near_healthy_bed":1,"priority_score":1.0,"priority_tier":"monitor","recommended_action":"urchin_removal_then_replant","region_id":"monterey_bay","region_name":"Monterey Bay, CA","state":"CA","status":0,"status_label":"barren"}},{"type":"Feature","geometry":{"geodesic":false,"type":"Polygon","coordinates":[[[-121.9166554148491,36.786010884694406],[-121.91396046899675,36.786010884694406],[-121.91396046899675,36.78870583054677],[-121.9166554148491,36.78870583054677],[-121.9166554148491,36.786010884694406]]]},"id":"-45239+13650","properties":{"area_sq_km":0.0,"count":1,"label":0,"latitude":36.78735835740194,"longitude":-121.9153079420122,"near_healthy_bed":1,"priority_score":1.0,"priority_tier":"monitor","recommended_action":"urchin_removal_then_replant","region_id":"monterey_bay","region_name":"Monterey Bay, CA","state":"CA","status":0,"status_label":"barren"}},{"type":"Feature","geometry":{"geodesic":false,"type":"Polygon","coordinates":[[[-121.9166554148491,36.79140077639912],[-121.91396046899675,36.79140077639912],[-121.91396046899675,36.79679066810384],[-121.9166554148491,36.79679066810384],[-121.9166554148491,36.79140077639912]]]},"id":"-45239+13653","properties":{"area_sq_km":0.0,"count":2,"label":0,"latitude":36.7940956982391,"longitude":-121.91530794199998,"near_healthy_bed":1,"priority_score":1.0,"priority_tier":"monitor","recommended_action":"urchin_removal_then_replant","region_id":"monterey_bay","region_name":"Monterey Bay, CA","state":"CA","status":0,"status_label":"barren"}},{"type":"Feature","geometry":{"geodesic":false,"type":"Polygon","coordinates":[[[-121.9166554148491,36.829130018332144],[-121.91396046899675,36.829130018332144],[-121.91396046899675,36.831824964184506],[-121.9166554148491,36.831824964184506],[-121.9166554148491,36.829130018332144]]]},"id":"-45239+13666","properties":{"area_sq_km":0.0,"count":1,"label":0,"latitude":36.83047749095055,"longitude":-121.91530794199377,"near_healthy_bed":1,"priority_score":1.0,"priority_tier":"monitor","recommended_action":"urchin_removal_then_replant","region_id":"monterey_bay","region_name":"Monterey Bay, CA","state":"CA","status":0,"status_label":"barren"}},{"type":"Feature","geometry":{"geodesic":false,"type":"Polygon","coordinates":[[[-121.9166554148491,36.85068958515101],[-121.91396046899675,36.85068958515101],[-121.91396046899675,36.85338453100337],[-121.9166554148491,36.85338453100337],[-121.9166554148491,36.85068958515101]]]},"id":"-45239+13674","properties":{"area_sq_km":0.0,"count":1,"label":0,"latitude":36.852037057724054,"longitude":-121.9153079420091,"near_healthy_bed":1,"priority_score":1.0,"priority_tier":"monitor","recommended_action":"urchin_removal_then_replant","region_id":"monterey_bay","region_name":"Monterey Bay, CA","state":"CA","status":0,"status_label":"barren"}},{"type":"Feature","geometry":{"geodesic":false,"type":"Polygon","coordinates":[[[-121.9166554148491,36.85877442270809],[-121.91396046899675,36.85877442270809],[-121.91396046899675,36.86146936856045],[-121.9166554148491,36.86146936856045],[-121.9166554148491,36.85877442270809]]]},"id":"-45239+13677","properties":{"area_sq_km":0.0,"count":1,"label":0,"latitude":36.860121895283136,"longitude":-121.91530794204762,"near_healthy_bed":1,"priority_score":1.0,"priority_tier":"monitor","recommended_action":"urchin_removal_then_replant","region_id":"monterey_bay","region_name":"Monterey Bay, CA","state":"CA","status":0,"status_label":"barren"}},{"type":"Feature","geometry":{"geodesic":false,"type":"Polygon","coordinates":[[[-121.9166554148491,36.94770763583592],[-121.91396046899675,36.94770763583592],[-121.91396046899675,36.95040258168828],[-121.9166554148491,36.95040258168828],[-121.9166554148491,36.94770763583592]]]},"id":"-45239+13710","properties":{"area_sq_km":0.0,"count":1,"label":0,"latitude":36.94905510838522,"longitude":-121.91530794196757,"near_healthy_bed":1,"priority_score":1.0,"priority_tier":"monitor","recommended_action":"urchin_removal_then_replant","region_id":"monterey_bay","region_name":"Monterey Bay, CA","state":"CA","status":0,"status_label":"barren"}},{"type":"Feature","geometry":{"geodesic":false,"type":"Polygon","coordinates":[[[-121.91935036070146,36.76984120958026],[-121.9166554148491,36.76984120958026],[-121.9166554148491,36.77253615543261],[-121.91935036070146,36.77253615543261],[-121.91935036070146,36.76984120958026]]]},"id":"-45240+13644","properties":{"area_sq_km":0.0,"count":1,"label":2,"latitude":36.77118868214172,"longitude":-121.91800288772521,"near_healthy_bed":1,"priority_score":1.0,"priority_tier":"monitor","recommended_action":"no_action","region_id":"monterey_bay","region_name":"Monterey Bay, CA","state":"CA","status":2,"status_label":"healthy"}},{"type":"Feature","geometry":{"geodesic":false,"type":"Polygon","coordinates":[[[-121.92204530655383,36.78062099298969],[-121.9166554148491,36.78062099298969],[-121.9166554148491,36.78331593884205],[-121.92204530655383,36.78331593884205],[-121.92204530655383,36.78062099298969]]]},"id":"-45240+13648","properties":{"area_sq_km":0.0,"count":2,"label":0,"latitude":36.781968488509825,"longitude":-121.91935036071371,"near_healthy_bed":1,"priority_score":1.0,"priority_tier":"monitor","recommended_action":"urchin_removal_then_replant","region_id":"monterey_bay","region_name":"Monterey Bay, CA","state":"CA","status":0,"status_label":"barren"}},{"type":"Feature","geometry":{"geodesic":false,"type":"Polygon","coordinates":[[[-121.91935036070146,36.79679066810384],[-121.9166554148491,36.79679066810384],[-121.9166554148491,36.7994856139562],[-121.91935036070146,36.7994856139562],[-121.91935036070146,36.79679066810384]]]},"id":"-45240+13654","properties":{"area_sq_km":0.0,"count":1,"label":0,"latitude":36.79813814075334,"longitude":-121.91800288778542,"near_healthy_bed":1,"priority_score":1.0,"priority_tier":"monitor","recommended_action":"urchin_removal_then_replant","region_id":"monterey_bay","region_name":"Monterey Bay, CA","state":"CA","status":0,"status_label":"barren"}},{"type":"Feature","geometry":{"geodesic":false,"type":"Polygon","coordinates":[[[-121.91935036070146,36.83990980174158],[-121.91935036070146,36.83451991003686],[-121.91396046899675,36.83451991003686],[-121.91396046899675,36.83721485588922],[-121.9166554148491,36.83721485588922],[-121.9166554148491,36.83990980174158],[-121.91935036070146,36.83990980174158]]]},"id":"-45240+13669","properties":{"area_sq_km":0.0,"count":3,"label":0,"latitude":36.836765692090424,"longitude":-121.9171045532153,"near_healthy_bed":1,"priority_score":1.0,"priority_tier":"monitor","recommended_action":"urchin_removal_then_replant","region_id":"monterey_bay","region_name":"Monterey Bay, CA","state":"CA","status":0,"status_label":"barren"}},{"type":"Feature","geometry":{"geodesic":false,"type":"Polygon","coordinates":[[[-121.91935036070146,36.85068958515101],[-121.9166554148491,36.85068958515101],[-121.9166554148491,36.85338453100337],[-121.91935036070146,36.85338453100337],[-121.91935036070146,36.85068958515101]]]},"id":"-45240+13674","properties":{"area_sq_km":0.0,"count":1,"label":2,"latitude":36.8520370577795,"longitude":-121.91800288780976,"near_healthy_bed":1,"priority_score":1.0,"priority_tier":"monitor","recommended_action":"no_action","region_id":"monterey_bay","region_name":"Monterey Bay, CA","state":"CA","status":2,"status_label":"healthy"}},{"type":"Feature","geometry":{"geodesic":false,"type":"Polygon","coordinates":[[[-121.91935036070146,36.85338453100337],[-121.9166554148491,36.85338453100337],[-121.9166554148491,36.85607947685573],[-121.91935036070146,36.85607947685573],[-121.91935036070146,36.85338453100337]]]},"id":"-45240+13675","properties":{"area_sq_km":0.0,"count":1,"label":0,"latitude":36.85473200341972,"longitude":-121.9180028878775,"near_healthy_bed":1,"priority_score":1.0,"priority_tier":"monitor","recommended_action":"urchin_removal_then_replant","region_id":"monterey_bay","region_name":"Monterey Bay, CA","state":"CA","status":0,"status_label":"barren"}},{"type":"Feature","geometry":{"geodesic":false,"type":"Polygon","coordinates":[[[-121.91935036070146,36.864164314412804],[-121.9166554148491,36.864164314412804],[-121.9166554148491,36.866859260265166],[-121.91935036070146,36.866859260265166],[-121.91935036070146,36.864164314412804]]]},"id":"-45240+13679","properties":{"area_sq_km":0.0,"count":1,"label":0,"latitude":36.86551178684414,"longitude":-121.91800288778269,"near_healthy_bed":1,"priority_score":1.0,"priority_tier":"monitor","recommended_action":"urchin_removal_then_replant","region_id":"monterey_bay","region_name":"Monterey Bay, CA","state":"CA","status":0,"status_label":"barren"}},{"type":"Feature","geometry":{"geodesic":false,"type":"Polygon","coordinates":[[[-121.91935036070146,36.88572388123168],[-121.9166554148491,36.88572388123168],[-121.9166554148491,36.88841882708403],[-121.91935036070146,36.88841882708403],[-121.91935036070146,36.88572388123168]]]},"id":"-45240+13687","properties":{"area_sq_km":0.0,"count":1,"label":0,"latitude":36.88707135378505,"longitude":-121.91800288776189,"near_healthy_bed":1,"priority_score":1.0,"priority_tier":"monitor","recommended_action":"urchin_removal_then_replant","region_id":"monterey_bay","region_name":"Monterey Bay, CA","state":"CA","status":0,"status_label":"barren"}},{"type":"Feature","geometry":{"geodesic":false,"type":"Polygon","coordinates":[[[-121.92204530655383,36.786010884694406],[-121.91935036070146,36.786010884694406],[-121.91935036070146,36.78870583054677],[-121.92204530655383,36.78870583054677],[-121.92204530655383,36.786010884694406]]]},"id":"-45241+13650","properties":{"area_sq_km":0.0,"count":1,"label":0,"latitude":36.78735835743377,"longitude":-121.92069783360836,"near_healthy_bed":1,"priority_score":1.0,"priority_tier":"monitor","recommended_action":"urchin_removal_then_replant","region_id":"monterey_bay","region_name":"Monterey Bay, CA","state":"CA","status":0,"status_label":"barren"}},{"type":"Feature","geometry":{"geodesic":false,"type":"Polygon","coordinates":[[[-121.92204530655383,36.79140077639912],[-121.91935036070146,36.79140077639912],[-121.91935036070146,36.794095722251484],[-121.92204530655383,36.794095722251484],[-121.92204530655383,36.79140077639912]]]},"id":"-45241+13652","properties":{"area_sq_km":0.0,"count":1,"label":0,"latitude":36.79274824905778,"longitude":-121.92069783363038,"near_healthy_bed":1,"priority_score":1.0,"priority_tier":"monitor","recommended_action":"urchin_removal_then_replant","region_id":"monterey_bay","region_name":"Monterey Bay, CA","state":"CA","status":0,"status_label":"barren"}},{"type":"Feature","geometry":{"geodesic":false,"type":"Polygon","coordinates":[[[-121.92204530655383,36.7994856139562],[-121.91935036070146,36.7994856139562],[-121.91935036070146,36.802180559808555],[-121.92204530655383,36.802180559808555],[-121.92204530655383,36.7994856139562]]]},"id":"-45241+13655","properties":{"area_sq_km":0.0,"count":1,"label":0,"latitude":36.80083308659735,"longitude":-121.9206978336346,"near_healthy_bed":1,"priority_score":1.0,"priority_tier":"monitor","recommended_action":"urchin_removal_then_replant","region_id":"monterey_bay","region_name":"Monterey Bay, CA","state":"CA","status":0,"status_label":"barren"}},{"type":"Feature","geometry":{"geodesic":false,"type":"Polygon","coordinates":[[[-121.92474025240618,36.748281642761384],[-121.92204530655383,36.748281642761384],[-121.92204530655383,36.750976588613746],[-121.92474025240618,36.750976588613746],[-121.92474025240618,36.748281642761384]]]},"id":"-45242+13636","properties":{"area_sq_km":0.0,"count":1,"label":2,"latitude":36.749629115469055,"longitude":-121.92339277946404,"near_healthy_bed":1,"priority_score":1.0,"priority_tier":"monitor","recommended_action":"no_action","region_id":"monterey_bay","region_name":"Monterey Bay, CA","state":"CA","status":2,"status_label":"healthy"}},{"type":"Feature","geometry":{"geodesic":false,"type":"Polygon","coordinates":[[[-121.92474025240618,36.78331593884205],[-121.92204530655383,36.78331593884205],[-121.92204530655383,36.786010884694406],[-121.92474025240618,36.786010884694406],[-121.92474025240618,36.78331593884205]]]},"id":"-45242+13649","properties":{"area_sq_km":0.0,"count":1,"label":0,"latitude":36.784663411215284,"longitude":-121.92339277949102,"near_healthy_bed":1,"priority_score":1.0,"priority_tier":"monitor","recommended_action":"urchin_removal_then_replant","region_id":"monterey_bay","region_name":"Monterey Bay, CA","state":"CA","status":0,"status_label":"barren"}},{"type":"Feature","geometry":{"geodesic":false,"type":"Polygon","coordinates":[[[-121.92474025240618,36.78870583054677],[-121.92204530655383,36.78870583054677],[-121.92204530655383,36.79140077639912],[-121.92474025240618,36.79140077639912],[-121.92474025240618,36.78870583054677]]]},"id":"-45242+13651","properties":{"area_sq_km":0.0,"count":1,"label":0,"latitude":36.79005330319754,"longitude":-121.92339277957286,"near_healthy_bed":1,"priority_score":1.0,"priority_tier":"monitor","recommended_action":"urchin_removal_then_replant","region_id":"monterey_bay","region_name":"Monterey Bay, CA","state":"CA","status":0,"status_label":"barren"}},{"type":"Feature","geometry":{"geodesic":false,"type":"Polygon","coordinates":[[[-121.92474025240618,36.82643507247978],[-121.92204530655383,36.82643507247978],[-121.92204530655383,36.829130018332144],[-121.92474025240618,36.829130018332144],[-121.92474025240618,36.82643507247978]]]},"id":"-45242+13665","properties":{"area_sq_km":0.0,"count":1,"label":0,"latitude":36.82778254508614,"longitude":-121.92339277955418,"near_healthy_bed":1,"priority_score":1.0,"priority_tier":"monitor","recommended_action":"urchin_removal_then_replant","region_id":"monterey_bay","region_name":"Monterey Bay, CA","state":"CA","status":0,"status_label":"barren"}},{"type":"Feature","geometry":{"geodesic":false,"type":"Polygon","coordinates":[[[-121.92474025240618,36.83721485588922],[-121.92204530655383,36.83721485588922],[-121.92204530655383,36.83990980174158],[-121.92474025240618,36.83990980174158],[-121.92474025240618,36.83721485588922]]]},"id":"-45242+13669","properties":{"area_sq_km":0.0,"count":1,"label":0,"latitude":36.838562328563675,"longitude":-121.92339277947357,"near_healthy_bed":1,"priority_score":1.0,"priority_tier":"monitor","recommended_action":"urchin_removal_then_replant","region_id":"monterey_bay","region_name":"Monterey Bay, CA","state":"CA","status":0,"status_label":"barren"}},{"type":"Feature","geometry":{"geodesic":false,"type":"Polygon","coordinates":[[[-121.92474025240618,36.84260474759394],[-121.92204530655383,36.84260474759394],[-121.92204530655383,36.847994639298655],[-121.92474025240618,36.847994639298655],[-121.92474025240618,36.84260474759394]]]},"id":"-45242+13672","properties":{"area_sq_km":0.0,"count":2,"label":0,"latitude":36.84529966934059,"longitude":-121.92339277950754,"near_healthy_bed":1,"priority_score":1.0,"priority_tier":"monitor","recommended_action":"urchin_removal_then_replant","region_id":"monterey_bay","region_name":"Monterey Bay, CA","state":"CA","status":0,"status_label":"barren"}},{"type":"Feature","geometry":{"geodesic":false,"type":"Polygon","coordinates":[[[-121.92474025240618,36.94770763583592],[-121.92204530655383,36.94770763583592],[-121.92204530655383,36.95040258168828],[-121.92474025240618,36.95040258168828],[-121.92474025240618,36.94770763583592]]]},"id":"-45242+13710","properties":{"area_sq_km":0.0,"count":1,"label":0,"latitude":36.94905510844093,"longitude":-121.92339277957225,"near_healthy_bed":1,"priority_score":1.0,"priority_tier":"monitor","recommended_action":"urchin_removal_then_replant","region_id":"monterey_bay","region_name":"Monterey Bay, CA","state":"CA","status":0,"status_label":"barren"}},{"type":"Feature","geometry":{"geodesic":false,"type":"Polygon","coordinates":[[[-121.92743519825854,36.77253615543261],[-121.92743519825854,36.767146263727895],[-121.93282508996326,36.767146263727895],[-121.93282508996326,36.76445131787554],[-121.93013014411089,36.76445131787554],[-121.93013014411089,36.76175637202318],[-121.92474025240618,36.76175637202318],[-121.92474025240618,36.76445131787554],[-121.92204530655383,36.76445131787554],[-121.92204530655383,36.767146263727895],[-121.92474025240618,36.767146263727895],[-121.92474025240618,36.77253615543261],[-121.92743519825854,36.77253615543261]]]},"id":"-45243+13644","properties":{"area_sq_km":1.0,"count":8,"label":2,"latitude":36.76613560729507,"longitude":-121.92709836635932,"near_healthy_bed":1,"priority_score":1.0,"priority_tier":"monitor","recommended_action":"no_action","region_id":"monterey_bay","region_name":"Monterey Bay, CA","state":"CA","status":2,"status_label":"healthy"}},{"type":"Feature","geometry":{"geodesic":false,"type":"Polygon","coordinates":[[[-121.92743519825854,36.794095722251484],[-121.92474025240618,36.794095722251484],[-121.92474025240618,36.79679066810384],[-121.92743519825854,36.79679066810384],[-121.92743519825854,36.794095722251484]]]},"id":"-45243+13653","properties":{"area_sq_km":0.0,"count":1,"label":0,"latitude":36.79544319489362,"longitude":-121.92608772528155,"near_healthy_bed":1,"priority_score":1.0,"priority_tier":"monitor","recommended_action":"urchin_removal_then_replant","region_id":"monterey_bay","region_name":"Monterey Bay, CA","state":"CA","status":0,"status_label":"barren"}},{"type":"Feature","geometry":{"geodesic":false,"type":"Polygon","coordinates":[[[-121.92743519825854,36.80487550566092],[-121.92474025240618,36.80487550566092],[-121.92474025240618,36.80757045151328],[-121.92743519825854,36.80757045151328],[-121.92743519825854,36.80487550566092]]]},"id":"-45243+13657","properties":{"area_sq_km":0.0,"count":1,"label":0,"latitude":36.80622297837779,"longitude":-121.92608772535667,"near_healthy_bed":1,"priority_score":1.0,"priority_tier":"monitor","recommended_action":"urchin_removal_then_replant","region_id":"monterey_bay","region_name":"Monterey Bay, CA","state":"CA","status":0,"status_label":"barren"}},{"type":"Feature","geometry":{"geodesic":false,"type":"Polygon","coordinates":[[[-121.92743519825854,36.81565528907035],[-121.92474025240618,36.81565528907035],[-121.92474025240618,36.81835023492271],[-121.92743519825854,36.81835023492271],[-121.92743519825854,36.81565528907035]]]},"id":"-45243+13661","properties":{"area_sq_km":0.0,"count":1,"label":0,"latitude":36.81700276176142,"longitude":-121.92608772532834,"near_healthy_bed":1,"priority_score":1.0,"priority_tier":"monitor","recommended_action":"urchin_removal_then_replant","region_id":"monterey_bay","region_name":"Monterey Bay, CA","state":"CA","status":0,"status_label":"barren"}},{"type":"Feature","geometry":{"geodesic":false,"type":"Polygon","coordinates":[[[-121.92743519825854,36.89111377293639],[-121.92474025240618,36.89111377293639],[-121.92474025240618,36.89380871878875],[-121.92743519825854,36.89380871878875],[-121.92743519825854,36.89111377293639]]]},"id":"-45243+13689","properties":{"area_sq_km":0.0,"count":1,"label":0,"latitude":36.89246124570784,"longitude":-121.92608772535065,"near_healthy_bed":1,"priority_score":1.0,"priority_tier":"monitor","recommended_action":"urchin_removal_then_replant","region_id":"monterey_bay","region_name":"Monterey Bay, CA","state":"CA","status":0,"status_label":"barren"}},{"type":"Feature","geometry":{"geodesic":false,"type":"Polygon","coordinates":[[[-121.93013014411089,36.94770763583592],[-121.92474025240618,36.94770763583592],[-121.92474025240618,36.95040258168828],[-121.93013014411089,36.95040258168828],[-121.93013014411089,36.94770763583592]]]},"id":"-45243+13710","properties":{"area_sq_km":0.0,"count":2,"label":2,"latitude":36.94905513107774,"longitude":-121.92743519822918,"near_healthy_bed":1,"priority_score":1.0,"priority_tier":"monitor","recommended_action":"no_action","region_id":"monterey_bay","region_name":"Monterey Bay, CA","state":"CA","status":2,"status_label":"healthy"}},{"type":"Feature","geometry":{"geodesic":false,"type":"Polygon","coordinates":[[[-121.93013014411089,36.5326859745727],[-121.92743519825854,36.5326859745727],[-121.92743519825854,36.53538092042506],[-121.93013014411089,36.53538092042506],[-121.93013014411089,36.5326859745727]]]},"id":"-45244+13556","properties":{"area_sq_km":0.0,"count":1,"label":2,"latitude":36.53403344729422,"longitude":-121.92878267123369,"near_healthy_bed":1,"priority_score":1.0,"priority_tier":"monitor","recommended_action":"no_action","region_id":"monterey_bay","region_name":"Monterey Bay, CA","state":"CA","status":2,"status_label":"healthy"}},{"type":"Feature","geometry":{"geodesic":false,"type":"Polygon","coordinates":[[[-121.93013014411089,36.77792604713733],[-121.92743519825854,36.77792604713733],[-121.92743519825854,36.78062099298969],[-121.93013014411089,36.78062099298969],[-121.93013014411089,36.77792604713733]]]},"id":"-45244+13647","properties":{"area_sq_km":0.0,"count":1,"label":0,"latitude":36.779273519717066,"longitude":-121.92878267129115,"near_healthy_bed":1,"priority_score":1.0,"priority_tier":"monitor","recommended_action":"urchin_removal_then_replant","region_id":"monterey_bay","region_name":"Monterey Bay, CA","state":"CA","status":0,"status_label":"barren"}},{"type":"Feature","geometry":{"geodesic":false,"type":"Polygon","coordinates":[[[-121.93013014411089,36.7994856139562],[-121.92743519825854,36.7994856139562],[-121.92743519825854,36.802180559808555],[-121.93013014411089,36.802180559808555],[-121.93013014411089,36.7994856139562]]]},"id":"-45244+13655","properties":{"area_sq_km":0.0,"count":1,"label":0,"latitude":36.8008330865834,"longitude":-121.92878267114341,"near_healthy_bed":1,"priority_score":1.0,"priority_tier":"monitor","recommended_action":"urchin_removal_then_replant","region_id":"monterey_bay","region_name":"Monterey Bay, CA","state":"CA","status":0,"status_label":"barren"}},{"type":"Feature","geometry":{"geodesic":false,"type":"Polygon","coordinates":[[[-121.93013014411089,36.81835023492271],[-121.92743519825854,36.81835023492271],[-121.92743519825854,36.821045180775066],[-121.93013014411089,36.821045180775066],[-121.93013014411089,36.81835023492271]]]},"id":"-45244+13662","properties":{"area_sq_km":0.0,"count":1,"label":0,"latitude":36.81969770752654,"longitude":-121.92878267116026,"near_healthy_bed":1,"priority_score":1.0,"priority_tier":"monitor","recommended_action":"urchin_removal_then_replant","region_id":"monterey_bay","region_name":"Monterey Bay, CA","state":"CA","status":0,"status_label":"barren"}},{"type":"Feature","geometry":{"geodesic":false,"type":"Polygon","coordinates":[[[-121.93013014411089,36.82374012662743],[-121.92743519825854,36.82374012662743],[-121.92743519825854,36.831824964184506],[-121.93013014411089,36.831824964184506],[-121.93013014411089,36.82374012662743]]]},"id":"-45244+13666","properties":{"area_sq_km":0.0,"count":3,"label":0,"latitude":36.82778248180747,"longitude":-121.92878267110417,"near_healthy_bed":1,"priority_score":1.0,"priority_tier":"monitor","recommended_action":"urchin_removal_then_replant","region_id":"monterey_bay","region_name":"Monterey Bay, CA","state":"CA","status":0,"status_label":"barren"}},{"type":"Feature","geometry":{"geodesic":false,"type":"Polygon","coordinates":[[[-121.93013014411089,36.847994639298655],[-121.93013014411089,36.84529969344629],[-121.93282508996326,36.84529969344629],[-121.93282508996326,36.84260474759394],[-121.92743519825854,36.84260474759394],[-121.92743519825854,36.847994639298655],[-121.93013014411089,36.847994639298655]]]},"id":"-45244+13672","properties":{"area_sq_km":0.0,"count":3,"label":0,"latitude":36.844850529658444,"longitude":-121.92968100584763,"near_healthy_bed":1,"priority_score":1.0,"priority_tier":"monitor","recommended_action":"urchin_removal_then_replant","region_id":"monterey_bay","region_name":"Monterey Bay, CA","state":"CA","status":0,"status_label":"barren"}},{"type":"Feature","geometry":{"geodesic":false,"type":"Polygon","coordinates":[[[-121.93013014411089,36.866859260265166],[-121.92743519825854,36.866859260265166],[-121.92743519825854,36.86955420611752],[-121.93013014411089,36.86955420611752],[-121.93013014411089,36.866859260265166]]]},"id":"-45244+13680","properties":{"area_sq_km":0.0,"count":1,"label":0,"latitude":36.86820673304792,"longitude":-121.92878267114266,"near_healthy_bed":1,"priority_score":1.0,"priority_tier":"monitor","recommended_action":"urchin_removal_then_replant","region_id":"monterey_bay","region_name":"Monterey Bay, CA","state":"CA","status":0,"status_label":"barren"}},{"type":"Feature","geometry":{"geodesic":false,"type":"Polygon","coordinates":[[[-121.93013014411089,36.883028935379315],[-121.92743519825854,36.883028935379315],[-121.92743519825854,36.88572388123168],[-121.93013014411089,36.88572388123168],[-121.93013014411089,36.883028935379315]]]},"id":"-45244+13686","properties":{"area_sq_km":0.0,"count":1,"label":0,"latitude":36.88437640822083,"longitude":-121.92878267123476,"near_healthy_bed":1,"priority_score":1.0,"priority_tier":"monitor","recommended_action":"urchin_removal_then_replant","region_id":"monterey_bay","region_name":"Monterey Bay, CA","state":"CA","status":0,"status_label":"barren"}},{"type":"Feature","geometry":{"geodesic":false,"type":"Polygon","coordinates":[[[-121.93013014411089,36.901893556345826],[-121.92743519825854,36.901893556345826],[-121.92743519825854,36.90458850219818],[-121.93013014411089,36.90458850219818],[-121.93013014411089,36.901893556345826]]]},"id":"-45244+13693","properties":{"area_sq_km":0.0,"count":1,"label":0,"latitude":36.90324102887695,"longitude":-121.92878267119416,"near_healthy_bed":1,"priority_score":1.0,"priority_tier":"monitor","recommended_action":"urchin_removal_then_replant","region_id":"monterey_bay","region_name":"Monterey Bay, CA","state":"CA","status":0,"status_label":"barren"}},{"type":"Feature","geometry":{"geodesic":false,"type":"Polygon","coordinates":[[[-121.93013014411089,36.909978393902904],[-121.92743519825854,36.909978393902904],[-121.92743519825854,36.91267333975526],[-121.93013014411089,36.91267333975526],[-121.93013014411089,36.909978393902904]]]},"id":"-45244+13696","properties":{"area_sq_km":0.0,"count":1,"label":0,"latitude":36.91132586638151,"longitude":-121.92878267123018,"near_healthy_bed":1,"priority_score":1.0,"priority_tier":"monitor","recommended_action":"urchin_removal_then_replant","region_id":"monterey_bay","region_name":"Monterey Bay, CA","state":"CA","status":0,"status_label":"barren"}},{"type":"Feature","geometry":{"geodesic":false,"type":"Polygon","coordinates":[[[-121.93282508996326,36.79140077639912],[-121.93282508996326,36.786010884694406],[-121.92743519825854,36.786010884694406],[-121.92743519825854,36.78870583054677],[-121.93013014411089,36.78870583054677],[-121.93013014411089,36.79140077639912],[-121.93282508996326,36.79140077639912]]]},"id":"-45245+13651","properties":{"area_sq_km":0.0,"count":3,"label":0,"latitude":36.78825666681548,"longitude":-121.930579282482,"near_healthy_bed":1,"priority_score":1.0,"priority_tier":"monitor","recommended_action":"urchin_removal_then_replant","region_id":"monterey_bay","region_name":"Monterey Bay, CA","state":"CA","status":0,"status_label":"barren"}},{"type":"Feature","geometry":{"geodesic":false,"type":"Polygon","coordinates":[[[-121.93552003581561,36.79679066810384],[-121.93013014411089,36.79679066810384],[-121.93013014411089,36.7994856139562],[-121.93552003581561,36.7994856139562],[-121.93552003581561,36.79679066810384]]]},"id":"-45245+13654","properties":{"area_sq_km":0.0,"count":2,"label":0,"latitude":36.798138163576425,"longitude":-121.93282508992517,"near_healthy_bed":1,"priority_score":1.0,"priority_tier":"monitor","recommended_action":"urchin_removal_then_replant","region_id":"monterey_bay","region_name":"Monterey Bay, CA","state":"CA","status":0,"status_label":"barren"}},{"type":"Feature","geometry":{"geodesic":false,"type":"Polygon","coordinates":[[[-121.93282508996326,36.812960343217995],[-121.93013014411089,36.812960343217995],[-121.93013014411089,36.81565528907035],[-121.93282508996326,36.81565528907035],[-121.93282508996326,36.812960343217995]]]},"id":"-45245+13660","properties":{"area_sq_km":0.0,"count":1,"label":0,"latitude":36.81430781578079,"longitude":-121.93147761710935,"near_healthy_bed":1,"priority_score":1.0,"priority_tier":"monitor","recommended_action":"urchin_removal_then_replant","region_id":"monterey_bay","region_name":"Monterey Bay, CA","state":"CA","status":0,"status_label":"barren"}},{"type":"Feature","geometry":{"geodesic":false,"type":"Polygon","coordinates":[[[-121.93282508996326,36.86146936856045],[-121.93013014411089,36.86146936856045],[-121.93013014411089,36.864164314412804],[-121.93282508996326,36.864164314412804],[-121.93282508996326,36.86146936856045]]]},"id":"-45245+13678","properties":{"area_sq_km":0.0,"count":1,"label":0,"latitude":36.86281684118539,"longitude":-121.93147761699908,"near_healthy_bed":1,"priority_score":1.0,"priority_tier":"monitor","recommended_action":"urchin_removal_then_replant","region_id":"monterey_bay","region_name":"Monterey Bay, CA","state":"CA","status":0,"status_label":"barren"}},{"type":"Feature","geometry":{"geodesic":false,"type":"Polygon","coordinates":[[[-121.93282508996326,36.93423290657413],[-121.93013014411089,36.93423290657413],[-121.93013014411089,36.936927852426486],[-121.93282508996326,36.936927852426486],[-121.93282508996326,36.93423290657413]]]},"id":"-45245+13705","properties":{"area_sq_km":0.0,"count":1,"label":2,"latitude":36.93558037922195,"longitude":-121.9314776169665,"near_healthy_bed":1,"priority_score":1.0,"priority_tier":"monitor","recommended_action":"no_action","region_id":"monterey_bay","region_name":"Monterey Bay, CA","state":"CA","status":2,"status_label":"healthy"}},{"type":"Feature","geometry":{"geodesic":false,"type":"Polygon","coordinates":[[[-121.93552003581561,36.81565528907035],[-121.93282508996326,36.81565528907035],[-121.93282508996326,36.81835023492271],[-121.93552003581561,36.81835023492271],[-121.93552003581561,36.81565528907035]]]},"id":"-45246+13661","properties":{"area_sq_km":0.0,"count":1,"label":0,"latitude":36.81700276177417,"longitude":-121.9341725628789,"near_healthy_bed":1,"priority_score":1.0,"priority_tier":"monitor","recommended_action":"urchin_removal_then_replant","region_id":"monterey_bay","region_name":"Monterey Bay, CA","state":"CA","status":0,"status_label":"barren"}},{"type":"Feature","geometry":{"geodesic":false,"type":"Polygon","coordinates":[[[-121.93552003581561,36.85068958515101],[-121.93282508996326,36.85068958515101],[-121.93282508996326,36.85338453100337],[-121.93552003581561,36.85338453100337],[-121.93552003581561,36.85068958515101]]]},"id":"-45246+13674","properties":{"area_sq_km":0.0,"count":1,"label":0,"latitude":36.85203705781643,"longitude":-121.93417256283152,"near_healthy_bed":1,"priority_score":1.0,"priority_tier":"monitor","recommended_action":"urchin_removal_then_replant","region_id":"monterey_bay","region_name":"Monterey Bay, CA","state":"CA","status":0,"status_label":"barren"}},{"type":"Feature","geometry":{"geodesic":false,"type":"Polygon","coordinates":[[[-121.93552003581561,36.85877442270809],[-121.93282508996326,36.85877442270809],[-121.93282508996326,36.86146936856045],[-121.93552003581561,36.86146936856045],[-121.93552003581561,36.85877442270809]]]},"id":"-45246+13677","properties":{"area_sq_km":0.0,"count":1,"label":0,"latitude":36.86012189522773,"longitude":-121.93417256279359,"near_healthy_bed":1,"priority_score":1.0,"priority_tier":"monitor","recommended_action":"urchin_removal_then_replant","region_id":"monterey_bay","region_name":"Monterey Bay, CA","state":"CA","status":0,"status_label":"barren"}},{"type":"Feature","geometry":{"geodesic":false,"type":"Polygon","coordinates":[[[-121.93552003581561,36.86146936856045],[-121.93282508996326,36.86146936856045],[-121.93282508996326,36.864164314412804],[-121.93552003581561,36.864164314412804],[-121.93552003581561,36.86146936856045]]]},"id":"-45246+13678","properties":{"area_sq_km":0.0,"count":1,"label":2,"latitude":36.86281684122425,"longitude":-121.93417256283468,"near_healthy_bed":1,"priority_score":1.0,"priority_tier":"monitor","recommended_action":"no_action","region_id":"monterey_bay","region_name":"Monterey Bay, CA","state":"CA","status":2,"status_label":"healthy"}},{"type":"Feature","geometry":{"geodesic":false,"type":"Polygon","coordinates":[[[-121.93552003581561,36.864164314412804],[-121.93282508996326,36.864164314412804],[-121.93282508996326,36.866859260265166],[-121.93552003581561,36.866859260265166],[-121.93552003581561,36.864164314412804]]]},"id":"-45246+13679","properties":{"area_sq_km":0.0,"count":1,"label":0,"latitude":36.8655117868353,"longitude":-121.93417256288399,"near_healthy_bed":1,"priority_score":1.0,"priority_tier":"monitor","recommended_action":"urchin_removal_then_replant","region_id":"monterey_bay","region_name":"Monterey Bay, CA","state":"CA","status":0,"status_label":"barren"}},{"type":"Feature","geometry":{"geodesic":false,"type":"Polygon","coordinates":[[[-121.93552003581561,36.86955420611752],[-121.93282508996326,36.86955420611752],[-121.93282508996326,36.87224915196988],[-121.93552003581561,36.87224915196988],[-121.93552003581561,36.86955420611752]]]},"id":"-45246+13681","properties":{"area_sq_km":0.0,"count":1,"label":0,"latitude":36.87090167871777,"longitude":-121.93417256281452,"near_healthy_bed":1,"priority_score":1.0,"priority_tier":"monitor","recommended_action":"urchin_removal_then_replant","region_id":"monterey_bay","region_name":"Monterey Bay, CA","state":"CA","status":0,"status_label":"barren"}},{"type":"Feature","geometry":{"geodesic":false,"type":"Polygon","coordinates":[[[-121.93821498166797,36.55963543309629],[-121.93552003581561,36.55963543309629],[-121.93552003581561,36.562330378948644],[-121.93821498166797,36.562330378948644],[-121.93821498166797,36.55963543309629]]]},"id":"-45247+13566","properties":{"area_sq_km":0.0,"count":1,"label":2,"latitude":36.560982905554795,"longitude":-121.93686750878382,"near_healthy_bed":1,"priority_score":1.0,"priority_tier":"monitor","recommended_action":"no_action","region_id":"monterey_bay","region_name":"Monterey Bay, CA","state":"CA","status":2,"status_label":"healthy"}},{"type":"Feature","geometry":{"geodesic":false,"type":"Polygon","coordinates":[[[-121.93821498166797,36.74019680520431],[-121.93552003581561,36.74019680520431],[-121.93552003581561,36.74289175105667],[-121.93821498166797,36.74289175105667],[-121.93821498166797,36.74019680520431]]]},"id":"-45247+13633","properties":{"area_sq_km":0.0,"count":1,"label":2,"latitude":36.74154427785646,"longitude":-121.93686750876819,"near_healthy_bed":1,"priority_score":1.0,"priority_tier":"monitor","recommended_action":"no_action","region_id":"monterey_bay","region_name":"Monterey Bay, CA","state":"CA","status":2,"status_label":"healthy"}},{"type":"Feature","geometry":{"geodesic":false,"type":"Polygon","coordinates":[[[-121.94090992752034,36.79140077639912],[-121.94090992752034,36.78870583054677],[-121.93821498166797,36.78870583054677],[-121.93821498166797,36.786010884694406],[-121.93552003581561,36.786010884694406],[-121.93552003581561,36.79140077639912],[-121.94090992752034,36.79140077639912]]]},"id":"-45247+13651","properties":{"area_sq_km":0.0,"count":3,"label":0,"latitude":36.78915498207088,"longitude":-121.9377658045705,"near_healthy_bed":1,"priority_score":1.0,"priority_tier":"monitor","recommended_action":"urchin_removal_then_replant","region_id":"monterey_bay","region_name":"Monterey Bay, CA","state":"CA","status":0,"status_label":"barren"}},{"type":"Feature","geometry":{"geodesic":false,"type":"Polygon","coordinates":[[[-121.93821498166797,36.83451991003686],[-121.93552003581561,36.83451991003686],[-121.93552003581561,36.83721485588922],[-121.93821498166797,36.83721485588922],[-121.93821498166797,36.83451991003686]]]},"id":"-45247+13668","properties":{"area_sq_km":0.0,"count":1,"label":0,"latitude":36.83586738260764,"longitude":-121.93686750878723,"near_healthy_bed":1,"priority_score":1.0,"priority_tier":"monitor","recommended_action":"urchin_removal_then_replant","region_id":"monterey_bay","region_name":"Monterey Bay, CA","state":"CA","status":0,"status_label":"barren"}},{"type":"Feature","geometry":{"geodesic":false,"type":"Polygon","coordinates":[[[-121.93821498166797,36.84529969344629],[-121.93552003581561,36.84529969344629],[-121.93552003581561,36.85068958515101],[-121.93821498166797,36.85068958515101],[-121.93821498166797,36.84529969344629]]]},"id":"-45247+13673","properties":{"area_sq_km":0.0,"count":2,"label":0,"latitude":36.84799461525585,"longitude":-121.93686750884633,"near_healthy_bed":1,"priority_score":1.0,"priority_tier":"monitor","recommended_action":"urchin_removal_then_replant","region_id":"monterey_bay","region_name":"Monterey Bay, CA","state":"CA","status":0,"status_label":"barren"}},{"type":"Feature","geometry":{"geodesic":false,"type":"Polygon","coordinates":[[[-121.94090992752034,36.864164314412804],[-121.94090992752034,36.85877442270809],[-121.93821498166797,36.85877442270809],[-121.93821498166797,36.86146936856045],[-121.93552003581561,36.86146936856045],[-121.93552003581561,36.864164314412804],[-121.94090992752034,36.864164314412804]]]},"id":"-45247+13678","properties":{"area_sq_km":0.0,"count":3,"label":0,"latitude":36.86191851988921,"longitude":-121.9386641587821,"near_healthy_bed":1,"priority_score":1.0,"priority_tier":"monitor","recommended_action":"urchin_removal_then_replant","region_id":"monterey_bay","region_name":"Monterey Bay, CA","state":"CA","status":0,"status_label":"barren"}},{"type":"Feature","geometry":{"geodesic":false,"type":"Polygon","coordinates":[[[-121.94090992752034,36.91536828560762],[-121.93552003581561,36.91536828560762],[-121.93552003581561,36.918063231459975],[-121.94090992752034,36.918063231459975],[-121.94090992752034,36.91536828560762]]]},"id":"-45247+13698","properties":{"area_sq_km":0.0,"count":2,"label":2,"latitude":36.916715781001315,"longitude":-121.938214981657,"near_healthy_bed":1,"priority_score":1.0,"priority_tier":"monitor","recommended_action":"no_action","region_id":"monterey_bay","region_name":"Monterey Bay, CA","state":"CA","status":2,"status_label":"healthy"}},{"type":"Feature","geometry":{"geodesic":false,"type":"Polygon","coordinates":[[[-121.94090992752034,36.81026539736563],[-121.93821498166797,36.81026539736563],[-121.93821498166797,36.812960343217995],[-121.94090992752034,36.812960343217995],[-121.94090992752034,36.81026539736563]]]},"id":"-45248+13659","properties":{"area_sq_km":0.0,"count":1,"label":0,"latitude":36.811612869908544,"longitude":-121.9395624544088,"near_healthy_bed":1,"priority_score":1.0,"priority_tier":"monitor","recommended_action":"urchin_removal_then_replant","region_id":"monterey_bay","region_name":"Monterey Bay, CA","state":"CA","status":0,"status_label":"barren"}},{"type":"Feature","geometry":{"geodesic":false,"type":"Polygon","coordinates":[[[-121.94090992752034,36.84260474759394],[-121.93821498166797,36.84260474759394],[-121.93821498166797,36.84529969344629],[-121.94090992752034,36.84529969344629],[-121.94090992752034,36.84260474759394]]]},"id":"-45248+13671","properties":{"area_sq_km":0.0,"count":1,"label":0,"latitude":36.84395222032009,"longitude":-121.93956245456039,"near_healthy_bed":1,"priority_score":1.0,"priority_tier":"monitor","recommended_action":"urchin_removal_then_replant","region_id":"monterey_bay","region_name":"Monterey Bay, CA","state":"CA","status":0,"status_label":"barren"}},{"type":"Feature","geometry":{"geodesic":false,"type":"Polygon","coordinates":[[[-121.94360487337269,36.85607947685573],[-121.94360487337269,36.85068958515101],[-121.94090992752034,36.85068958515101],[-121.94090992752034,36.85338453100337],[-121.93821498166797,36.85338453100337],[-121.93821498166797,36.85607947685573],[-121.94360487337269,36.85607947685573]]]},"id":"-45248+13675","properties":{"area_sq_km":0.0,"count":3,"label":0,"latitude":36.85383368242974,"longitude":-121.94135910463247,"near_healthy_bed":1,"priority_score":1.0,"priority_tier":"monitor","recommended_action":"urchin_removal_then_replant","region_id":"monterey_bay","region_name":"Monterey Bay, CA","state":"CA","status":0,"status_label":"barren"}},{"type":"Feature","geometry":{"geodesic":false,"type":"Polygon","coordinates":[[[-121.94090992752034,36.866859260265166],[-121.93821498166797,36.866859260265166],[-121.93821498166797,36.86955420611752],[-121.94090992752034,36.86955420611752],[-121.94090992752034,36.866859260265166]]]},"id":"-45248+13680","properties":{"area_sq_km":0.0,"count":1,"label":0,"latitude":36.868206733065136,"longitude":-121.93956245455357,"near_healthy_bed":1,"priority_score":1.0,"priority_tier":"monitor","recommended_action":"urchin_removal_then_replant","region_id":"monterey_bay","region_name":"Monterey Bay, CA","state":"CA","status":0,"status_label":"barren"}},{"type":"Feature","geometry":{"geodesic":false,"type":"Polygon","coordinates":[[[-121.94360487337269,36.79679066810384],[-121.94090992752034,36.79679066810384],[-121.94090992752034,36.7994856139562],[-121.94360487337269,36.7994856139562],[-121.94360487337269,36.79679066810384]]]},"id":"-45249+13654","properties":{"area_sq_km":0.0,"count":1,"label":0,"latitude":36.798138140726316,"longitude":-121.94225740049065,"near_healthy_bed":1,"priority_score":1.0,"priority_tier":"monitor","recommended_action":"urchin_removal_then_replant","region_id":"monterey_bay","region_name":"Monterey Bay, CA","state":"CA","status":0,"status_label":"barren"}},{"type":"Feature","geometry":{"geodesic":false,"type":"Polygon","coordinates":[[[-121.94629981922505,36.831824964184506],[-121.94360487337269,36.831824964184506],[-121.94360487337269,36.83451991003686],[-121.94629981922505,36.83451991003686],[-121.94629981922505,36.831824964184506]]]},"id":"-45250+13667","properties":{"area_sq_km":0.0,"count":1,"label":0,"latitude":36.83317243683774,"longitude":-121.94495234628728,"near_healthy_bed":1,"priority_score":1.0,"priority_tier":"monitor","recommended_action":"urchin_removal_then_replant","region_id":"monterey_bay","region_name":"Monterey Bay, CA","state":"CA","status":0,"status_label":"barren"}},{"type":"Feature","geometry":{"geodesic":false,"type":"Polygon","coordinates":[[[-121.94629981922505,36.84260474759394],[-121.94360487337269,36.84260474759394],[-121.94360487337269,36.84529969344629],[-121.94629981922505,36.84529969344629],[-121.94629981922505,36.84260474759394]]]},"id":"-45250+13671","properties":{"area_sq_km":0.0,"count":1,"label":0,"latitude":36.84395222028354,"longitude":-121.94495234636125,"near_healthy_bed":1,"priority_score":1.0,"priority_tier":"monitor","recommended_action":"urchin_removal_then_replant","region_id":"monterey_bay","region_name":"Monterey Bay, CA","state":"CA","status":0,"status_label":"barren"}},{"type":"Feature","geometry":{"geodesic":false,"type":"Polygon","coordinates":[[[-121.94629981922505,36.847994639298655],[-121.94360487337269,36.847994639298655],[-121.94360487337269,36.85068958515101],[-121.94629981922505,36.85068958515101],[-121.94629981922505,36.847994639298655]]]},"id":"-45250+13673","properties":{"area_sq_km":0.0,"count":1,"label":0,"latitude":36.849342112122365,"longitude":-121.94495234634394,"near_healthy_bed":1,"priority_score":1.0,"priority_tier":"monitor","recommended_action":"urchin_removal_then_replant","region_id":"monterey_bay","region_name":"Monterey Bay, CA","state":"CA","status":0,"status_label":"barren"}},{"type":"Feature","geometry":{"geodesic":false,"type":"Polygon","coordinates":[[[-121.94629981922505,36.883028935379315],[-121.94360487337269,36.883028935379315],[-121.94360487337269,36.88572388123168],[-121.94629981922505,36.88572388123168],[-121.94629981922505,36.883028935379315]]]},"id":"-45250+13686","properties":{"area_sq_km":0.0,"count":1,"label":0,"latitude":36.88437640820368,"longitude":-121.94495234637832,"near_healthy_bed":1,"priority_score":1.0,"priority_tier":"monitor","recommended_action":"urchin_removal_then_replant","region_id":"monterey_bay","region_name":"Monterey Bay, CA","state":"CA","status":0,"status_label":"barren"}},{"type":"Feature","geometry":{"geodesic":false,"type":"Polygon","coordinates":[[[-121.94629981922505,36.90728344805054],[-121.94360487337269,36.90728344805054],[-121.94360487337269,36.909978393902904],[-121.94629981922505,36.909978393902904],[-121.94629981922505,36.90728344805054]]]},"id":"-45250+13695","properties":{"area_sq_km":0.0,"count":1,"label":0,"latitude":36.90863092085241,"longitude":-121.94495234635919,"near_healthy_bed":1,"priority_score":1.0,"priority_tier":"monitor","recommended_action":"urchin_removal_then_replant","region_id":"monterey_bay","region_name":"Monterey Bay, CA","state":"CA","status":0,"status_label":"barren"}},{"type":"Feature","geometry":{"geodesic":false,"type":"Polygon","coordinates":[[[-121.9489947650774,36.85338453100337],[-121.94629981922505,36.85338453100337],[-121.94629981922505,36.85607947685573],[-121.9489947650774,36.85607947685573],[-121.9489947650774,36.85338453100337]]]},"id":"-45251+13675","properties":{"area_sq_km":0.0,"count":1,"label":0,"latitude":36.85473200342733,"longitude":-121.94764729215265,"near_healthy_bed":1,"priority_score":1.0,"priority_tier":"monitor","recommended_action":"urchin_removal_then_replant","region_id":"monterey_bay","region_name":"Monterey Bay, CA","state":"CA","status":0,"status_label":"barren"}},{"type":"Feature","geometry":{"geodesic":false,"type":"Polygon","coordinates":[[[-121.9489947650774,36.86146936856045],[-121.94629981922505,36.86146936856045],[-121.94629981922505,36.864164314412804],[-121.9489947650774,36.864164314412804],[-121.9489947650774,36.86146936856045]]]},"id":"-45251+13678","properties":{"area_sq_km":0.0,"count":1,"label":2,"latitude":36.86281684120733,"longitude":-121.94764729210569,"near_healthy_bed":1,"priority_score":1.0,"priority_tier":"monitor","recommended_action":"no_action","region_id":"monterey_bay","region_name":"Monterey Bay, CA","state":"CA","status":2,"status_label":"healthy"}},{"type":"Feature","geometry":{"geodesic":false,"type":"Polygon","coordinates":[[[-121.95438465678212,36.92884301486941],[-121.94629981922505,36.92884301486941],[-121.94629981922505,36.93153796072177],[-121.95438465678212,36.93153796072177],[-121.95438465678212,36.92884301486941]]]},"id":"-45251+13703","properties":{"area_sq_km":0.0,"count":3,"label":2,"latitude":36.930190548450675,"longitude":-121.95034223798982,"near_healthy_bed":1,"priority_score":1.0,"priority_tier":"monitor","recommended_action":"no_action","region_id":"monterey_bay","region_name":"Monterey Bay, CA","state":"CA","status":2,"status_label":"healthy"}},{"type":"Feature","geometry":{"geodesic":false,"type":"Polygon","coordinates":[[[-121.95168971092977,36.78870583054677],[-121.9489947650774,36.78870583054677],[-121.9489947650774,36.79140077639912],[-121.95168971092977,36.79140077639912],[-121.95168971092977,36.78870583054677]]]},"id":"-45252+13651","properties":{"area_sq_km":0.0,"count":1,"label":2,"latitude":36.79005330323164,"longitude":-121.95034223803508,"near_healthy_bed":1,"priority_score":1.0,"priority_tier":"monitor","recommended_action":"no_action","region_id":"monterey_bay","region_name":"Monterey Bay, CA","state":"CA","status":2,"status_label":"healthy"}},{"type":"Feature","geometry":{"geodesic":false,"type":"Polygon","coordinates":[[[-121.95168971092977,36.86955420611752],[-121.9489947650774,36.86955420611752],[-121.9489947650774,36.87224915196988],[-121.95168971092977,36.87224915196988],[-121.95168971092977,36.86955420611752]]]},"id":"-45252+13681","properties":{"area_sq_km":0.0,"count":1,"label":0,"latitude":36.87090167873797,"longitude":-121.95034223800565,"near_healthy_bed":1,"priority_score":1.0,"priority_tier":"monitor","recommended_action":"urchin_removal_then_replant","region_id":"monterey_bay","region_name":"Monterey Bay, CA","state":"CA","status":0,"status_label":"barren"}},{"type":"Feature","geometry":{"geodesic":false,"type":"Polygon","coordinates":[[[-121.95168971092977,36.88033398952696],[-121.9489947650774,36.88033398952696],[-121.9489947650774,36.88572388123168],[-121.95168971092977,36.88572388123168],[-121.95168971092977,36.88033398952696]]]},"id":"-45252+13686","properties":{"area_sq_km":0.0,"count":2,"label":0,"latitude":36.883028911310355,"longitude":-121.95034223792216,"near_healthy_bed":1,"priority_score":1.0,"priority_tier":"monitor","recommended_action":"urchin_removal_then_replant","region_id":"monterey_bay","region_name":"Monterey Bay, CA","state":"CA","status":0,"status_label":"barren"}},{"type":"Feature","geometry":{"geodesic":false,"type":"Polygon","coordinates":[[[-121.95168971092977,36.899198610493464],[-121.9489947650774,36.899198610493464],[-121.9489947650774,36.901893556345826],[-121.95168971092977,36.901893556345826],[-121.95168971092977,36.899198610493464]]]},"id":"-45252+13692","properties":{"area_sq_km":0.0,"count":1,"label":0,"latitude":36.9005460831696,"longitude":-121.95034223798088,"near_healthy_bed":1,"priority_score":1.0,"priority_tier":"monitor","recommended_action":"urchin_removal_then_replant","region_id":"monterey_bay","region_name":"Monterey Bay, CA","state":"CA","status":0,"status_label":"barren"}},{"type":"Feature","geometry":{"geodesic":false,"type":"Polygon","coordinates":[[[-121.95438465678212,36.909978393902904],[-121.9489947650774,36.909978393902904],[-121.9489947650774,36.91267333975526],[-121.95438465678212,36.91267333975526],[-121.95438465678212,36.909978393902904]]]},"id":"-45252+13696","properties":{"area_sq_km":0.0,"count":2,"label":0,"latitude":36.91132588922758,"longitude":-121.95168971089609,"near_healthy_bed":1,"priority_score":1.0,"priority_tier":"monitor","recommended_action":"urchin_removal_then_replant","region_id":"monterey_bay","region_name":"Monterey Bay, CA","state":"CA","status":0,"status_label":"barren"}},{"type":"Feature","geometry":{"geodesic":false,"type":"Polygon","coordinates":[[[-121.95168971092977,36.936927852426486],[-121.9489947650774,36.936927852426486],[-121.9489947650774,36.93962279827885],[-121.95168971092977,36.93962279827885],[-121.95168971092977,36.936927852426486]]]},"id":"-45252+13706","properties":{"area_sq_km":0.0,"count":1,"label":2,"latitude":36.938275325040394,"longitude":-121.95034223795895,"near_healthy_bed":1,"priority_score":1.0,"priority_tier":"monitor","recommended_action":"no_action","region_id":"monterey_bay","region_name":"Monterey Bay, CA","state":"CA","status":2,"status_label":"healthy"}},{"type":"Feature","geometry":{"geodesic":false,"type":"Polygon","coordinates":[[[-121.95438465678212,36.79140077639912],[-121.95168971092977,36.79140077639912],[-121.95168971092977,36.794095722251484],[-121.95438465678212,36.794095722251484],[-121.95438465678212,36.79140077639912]]]},"id":"-45253+13652","properties":{"area_sq_km":0.0,"count":1,"label":2,"latitude":36.792748249023404,"longitude":-121.95303718382641,"near_healthy_bed":1,"priority_score":1.0,"priority_tier":"monitor","recommended_action":"no_action","region_id":"monterey_bay","region_name":"Monterey Bay, CA","state":"CA","status":2,"status_label":"healthy"}},{"type":"Feature","geometry":{"geodesic":false,"type":"Polygon","coordinates":[[[-121.95438465678212,36.79679066810384],[-121.95168971092977,36.79679066810384],[-121.95168971092977,36.7994856139562],[-121.95438465678212,36.7994856139562],[-121.95438465678212,36.79679066810384]]]},"id":"-45253+13654","properties":{"area_sq_km":0.0,"count":1,"label":2,"latitude":36.798138140760464,"longitude":-121.95303718394634,"near_healthy_bed":1,"priority_score":1.0,"priority_tier":"monitor","recommended_action":"no_action","region_id":"monterey_bay","region_name":"Monterey Bay, CA","state":"CA","status":2,"status_label":"healthy"}},{"type":"Feature","geometry":{"geodesic":false,"type":"Polygon","coordinates":[[[-121.95438465678212,36.802180559808555],[-121.95168971092977,36.802180559808555],[-121.95168971092977,36.80487550566092],[-121.95438465678212,36.80487550566092],[-121.95438465678212,36.802180559808555]]]},"id":"-45253+13656","properties":{"area_sq_km":0.0,"count":1,"label":2,"latitude":36.803528032308186,"longitude":-121.95303718384453,"near_healthy_bed":1,"priority_score":1.0,"priority_tier":"monitor","recommended_action":"no_action","region_id":"monterey_bay","region_name":"Monterey Bay, CA","state":"CA","status":2,"status_label":"healthy"}},{"type":"Feature","geometry":{"geodesic":false,"type":"Polygon","coordinates":[[[-121.95438465678212,36.82374012662743],[-121.95168971092977,36.82374012662743],[-121.95168971092977,36.82643507247978],[-121.95438465678212,36.82643507247978],[-121.95438465678212,36.82374012662743]]]},"id":"-45253+13664","properties":{"area_sq_km":0.0,"count":1,"label":2,"latitude":36.825087599294214,"longitude":-121.95303718385878,"near_healthy_bed":1,"priority_score":1.0,"priority_tier":"monitor","recommended_action":"no_action","region_id":"monterey_bay","region_name":"Monterey Bay, CA","state":"CA","status":2,"status_label":"healthy"}},{"type":"Feature","geometry":{"geodesic":false,"type":"Polygon","coordinates":[[[-121.95438465678212,36.85607947685573],[-121.95438465678212,36.85338453100337],[-121.95707960263448,36.85338453100337],[-121.95707960263448,36.85068958515101],[-121.95168971092977,36.85068958515101],[-121.95168971092977,36.85607947685573],[-121.95438465678212,36.85607947685573]]]},"id":"-45253+13675","properties":{"area_sq_km":0.0,"count":3,"label":0,"latitude":36.85293536714024,"longitude":-121.95393551853012,"near_healthy_bed":1,"priority_score":1.0,"priority_tier":"monitor","recommended_action":"urchin_removal_then_replant","region_id":"monterey_bay","region_name":"Monterey Bay, CA","state":"CA","status":0,"status_label":"barren"}},{"type":"Feature","geometry":{"geodesic":false,"type":"Polygon","coordinates":[[[-121.95438465678212,36.901893556345826],[-121.95168971092977,36.901893556345826],[-121.95168971092977,36.90458850219818],[-121.95438465678212,36.90458850219818],[-121.95438465678212,36.901893556345826]]]},"id":"-45253+13693","properties":{"area_sq_km":0.0,"count":1,"label":0,"latitude":36.90324102883035,"longitude":-121.95303718385277,"near_healthy_bed":1,"priority_score":1.0,"priority_tier":"monitor","recommended_action":"urchin_removal_then_replant","region_id":"monterey_bay","region_name":"Monterey Bay, CA","state":"CA","status":0,"status_label":"barren"}},{"type":"Feature","geometry":{"geodesic":false,"type":"Polygon","coordinates":[[[-121.95438465678212,36.95040258168828],[-121.95438465678212,36.94770763583592],[-121.95707960263448,36.94770763583592],[-121.95707960263448,36.945012689983564],[-121.9489947650774,36.945012689983564],[-121.9489947650774,36.94770763583592],[-121.95168971092977,36.94770763583592],[-121.95168971092977,36.95040258168828],[-121.95438465678212,36.95040258168828]]]},"id":"-45253+13710","properties":{"area_sq_km":0.0,"count":4,"label":2,"latitude":36.9470339192202,"longitude":-121.9530371838485,"near_healthy_bed":1,"priority_score":1.0,"priority_tier":"monitor","recommended_action":"no_action","region_id":"monterey_bay","region_name":"Monterey Bay, CA","state":"CA","status":2,"status_label":"healthy"}},{"type":"Feature","geometry":{"geodesic":false,"type":"Polygon","coordinates":[[[-121.95707960263448,36.87494409782224],[-121.95438465678212,36.87494409782224],[-121.95438465678212,36.8776390436746],[-121.95707960263448,36.8776390436746],[-121.95707960263448,36.87494409782224]]]},"id":"-45254+13683","properties":{"area_sq_km":0.0,"count":1,"label":0,"latitude":36.87629157065048,"longitude":-121.9557321297349,"near_healthy_bed":1,"priority_score":1.0,"priority_tier":"monitor","recommended_action":"urchin_removal_then_replant","region_id":"monterey_bay","region_name":"Monterey Bay, CA","state":"CA","status":0,"status_label":"barren"}},{"type":"Feature","geometry":{"geodesic":false,"type":"Polygon","coordinates":[[[-121.95707960263448,36.89380871878875],[-121.95438465678212,36.89380871878875],[-121.95438465678212,36.89650366464111],[-121.95707960263448,36.89650366464111],[-121.95707960263448,36.89380871878875]]]},"id":"-45254+13690","properties":{"area_sq_km":0.0,"count":1,"label":0,"latitude":36.89515619129466,"longitude":-121.95573212971108,"near_healthy_bed":1,"priority_score":1.0,"priority_tier":"monitor","recommended_action":"urchin_removal_then_replant","region_id":"monterey_bay","region_name":"Monterey Bay, CA","state":"CA","status":0,"status_label":"barren"}},{"type":"Feature","geometry":{"geodesic":false,"type":"Polygon","coordinates":[[[-121.95707960263448,36.92614806901705],[-121.95438465678212,36.92614806901705],[-121.95438465678212,36.92884301486941],[-121.95707960263448,36.92884301486941],[-121.95707960263448,36.92614806901705]]]},"id":"-45254+13702","properties":{"area_sq_km":0.0,"count":1,"label":2,"latitude":36.927495541578594,"longitude":-121.95573212969431,"near_healthy_bed":1,"priority_score":1.0,"priority_tier":"monitor","recommended_action":"no_action","region_id":"monterey_bay","region_name":"Monterey Bay, CA","state":"CA","status":2,"status_label":"healthy"}},{"type":"Feature","geometry":{"geodesic":false,"type":"Polygon","coordinates":[[[-121.95707960263448,36.93423290657413],[-121.95438465678212,36.93423290657413],[-121.95438465678212,36.936927852426486],[-121.95707960263448,36.936927852426486],[-121.95707960263448,36.93423290657413]]]},"id":"-45254+13705","properties":{"area_sq_km":0.0,"count":1,"label":2,"latitude":36.93558037922597,"longitude":-121.95573212968517,"near_healthy_bed":1,"priority_score":1.0,"priority_tier":"monitor","recommended_action":"no_action","region_id":"monterey_bay","region_name":"Monterey Bay, CA","state":"CA","status":2,"status_label":"healthy"}},{"type":"Feature","geometry":{"geodesic":false,"type":"Polygon","coordinates":[[[-121.95707960263448,36.94770763583592],[-121.95438465678212,36.94770763583592],[-121.95438465678212,36.95040258168828],[-121.95707960263448,36.95040258168828],[-121.95707960263448,36.94770763583592]]]},"id":"-45254+13710","properties":{"area_sq_km":0.0,"count":1,"label":0,"latitude":36.949055108412715,"longitude":-121.95573212975093,"near_healthy_bed":1,"priority_score":1.0,"priority_tier":"monitor","recommended_action":"urchin_removal_then_replant","region_id":"monterey_bay","region_name":"Monterey Bay, CA","state":"CA","status":0,"status_label":"barren"}},{"type":"Feature","geometry":{"geodesic":false,"type":"Polygon","coordinates":[[[-121.95977454848685,36.812960343217995],[-121.95707960263448,36.812960343217995],[-121.95707960263448,36.81565528907035],[-121.95977454848685,36.81565528907035],[-121.95977454848685,36.812960343217995]]]},"id":"-45255+13660","properties":{"area_sq_km":0.0,"count":1,"label":2,"latitude":36.81430781578303,"longitude":-121.95842707563844,"near_healthy_bed":1,"priority_score":1.0,"priority_tier":"monitor","recommended_action":"no_action","region_id":"monterey_bay","region_name":"Monterey Bay, CA","state":"CA","status":2,"status_label":"healthy"}},{"type":"Feature","geometry":{"geodesic":false,"type":"Polygon","coordinates":[[[-121.9624694943392,36.831824964184506],[-121.95707960263448,36.831824964184506],[-121.95707960263448,36.83451991003686],[-121.9624694943392,36.83451991003686],[-121.9624694943392,36.831824964184506]]]},"id":"-45255+13667","properties":{"area_sq_km":0.0,"count":2,"label":2,"latitude":36.8331724596768,"longitude":-121.95977454848729,"near_healthy_bed":1,"priority_score":1.0,"priority_tier":"monitor","recommended_action":"no_action","region_id":"monterey_bay","region_name":"Monterey Bay, CA","state":"CA","status":2,"status_label":"healthy"}},{"type":"Feature","geometry":{"geodesic":false,"type":"Polygon","coordinates":[[[-121.95977454848685,36.847994639298655],[-121.95707960263448,36.847994639298655],[-121.95707960263448,36.85068958515101],[-121.95977454848685,36.85068958515101],[-121.95977454848685,36.847994639298655]]]},"id":"-45255+13673","properties":{"area_sq_km":0.0,"count":1,"label":0,"latitude":36.84934211216569,"longitude":-121.95842707563818,"near_healthy_bed":1,"priority_score":1.0,"priority_tier":"monitor","recommended_action":"urchin_removal_then_replant","region_id":"monterey_bay","region_name":"Monterey Bay, CA","state":"CA","status":0,"status_label":"barren"}},{"type":"Feature","geometry":{"geodesic":false,"type":"Polygon","coordinates":[[[-121.95977454848685,36.883028935379315],[-121.95707960263448,36.883028935379315],[-121.95707960263448,36.88572388123168],[-121.95977454848685,36.88572388123168],[-121.95977454848685,36.883028935379315]]]},"id":"-45255+13686","properties":{"area_sq_km":0.0,"count":1,"label":0,"latitude":36.88437640822793,"longitude":-121.9584270756422,"near_healthy_bed":1,"priority_score":1.0,"priority_tier":"monitor","recommended_action":"urchin_removal_then_replant","region_id":"monterey_bay","region_name":"Monterey Bay, CA","state":"CA","status":0,"status_label":"barren"}},{"type":"Feature","geometry":{"geodesic":false,"type":"Polygon","coordinates":[[[-121.95977454848685,36.88841882708403],[-121.95707960263448,36.88841882708403],[-121.95707960263448,36.89111377293639],[-121.95977454848685,36.89111377293639],[-121.95977454848685,36.88841882708403]]]},"id":"-45255+13688","properties":{"area_sq_km":0.0,"count":1,"label":0,"latitude":36.88976629967455,"longitude":-121.95842707561327,"near_healthy_bed":1,"priority_score":1.0,"priority_tier":"monitor","recommended_action":"urchin_removal_then_replant","region_id":"monterey_bay","region_name":"Monterey Bay, CA","state":"CA","status":0,"status_label":"barren"}},{"type":"Feature","geometry":{"geodesic":false,"type":"Polygon","coordinates":[[[-121.95977454848685,36.92075817731234],[-121.95707960263448,36.92075817731234],[-121.95707960263448,36.92614806901705],[-121.95977454848685,36.92614806901705],[-121.95977454848685,36.92075817731234]]]},"id":"-45255+13701","properties":{"area_sq_km":0.0,"count":2,"label":2,"latitude":36.92345309895816,"longitude":-121.95842707554506,"near_healthy_bed":1,"priority_score":1.0,"priority_tier":"monitor","recommended_action":"no_action","region_id":"monterey_bay","region_name":"Monterey Bay, CA","state":"CA","status":2,"status_label":"healthy"}},{"type":"Feature","geometry":{"geodesic":false,"type":"Polygon","coordinates":[[[-121.96785938604391,36.94770763583592],[-121.95707960263448,36.94770763583592],[-121.95707960263448,36.95040258168828],[-121.96785938604391,36.95040258168828],[-121.96785938604391,36.94770763583592]]]},"id":"-45255+13710","properties":{"area_sq_km":0.0,"count":4,"label":2,"latitude":36.94905522262227,"longitude":-121.96246949434568,"near_healthy_bed":1,"priority_score":1.0,"priority_tier":"monitor","recommended_action":"no_action","region_id":"monterey_bay","region_name":"Monterey Bay, CA","state":"CA","status":2,"status_label":"healthy"}},{"type":"Feature","geometry":{"geodesic":false,"type":"Polygon","coordinates":[[[-121.9624694943392,36.60544951258638],[-121.95977454848685,36.60544951258638],[-121.95977454848685,36.608144458438744],[-121.9624694943392,36.608144458438744],[-121.9624694943392,36.60544951258638]]]},"id":"-45256+13583","properties":{"area_sq_km":0.0,"count":1,"label":2,"latitude":36.60679698525816,"longitude":-121.96112202144967,"near_healthy_bed":1,"priority_score":1.0,"priority_tier":"monitor","recommended_action":"no_action","region_id":"monterey_bay","region_name":"Monterey Bay, CA","state":"CA","status":2,"status_label":"healthy"}},{"type":"Feature","geometry":{"geodesic":false,"type":"Polygon","coordinates":[[[-121.9624694943392,36.80487550566092],[-121.95977454848685,36.80487550566092],[-121.95977454848685,36.80757045151328],[-121.9624694943392,36.80757045151328],[-121.9624694943392,36.80487550566092]]]},"id":"-45256+13657","properties":{"area_sq_km":0.0,"count":1,"label":2,"latitude":36.80622297836889,"longitude":-121.96112202134,"near_healthy_bed":1,"priority_score":1.0,"priority_tier":"monitor","recommended_action":"no_action","region_id":"monterey_bay","region_name":"Monterey Bay, CA","state":"CA","status":2,"status_label":"healthy"}},{"type":"Feature","geometry":{"geodesic":false,"type":"Polygon","coordinates":[[[-121.9624694943392,36.82643507247978],[-121.95977454848685,36.82643507247978],[-121.95977454848685,36.829130018332144],[-121.9624694943392,36.829130018332144],[-121.9624694943392,36.82643507247978]]]},"id":"-45256+13665","properties":{"area_sq_km":0.0,"count":1,"label":2,"latitude":36.827782545019836,"longitude":-121.96112202150327,"near_healthy_bed":1,"priority_score":1.0,"priority_tier":"monitor","recommended_action":"no_action","region_id":"monterey_bay","region_name":"Monterey Bay, CA","state":"CA","status":2,"status_label":"healthy"}},{"type":"Feature","geometry":{"geodesic":false,"type":"Polygon","coordinates":[[[-121.9624694943392,36.85338453100337],[-121.95977454848685,36.85338453100337],[-121.95977454848685,36.85607947685573],[-121.9624694943392,36.85607947685573],[-121.9624694943392,36.85338453100337]]]},"id":"-45256+13675","properties":{"area_sq_km":0.0,"count":1,"label":0,"latitude":36.85473200341705,"longitude":-121.96112202135899,"near_healthy_bed":1,"priority_score":1.0,"priority_tier":"monitor","recommended_action":"urchin_removal_then_replant","region_id":"monterey_bay","region_name":"Monterey Bay, CA","state":"CA","status":0,"status_label":"barren"}},{"type":"Feature","geometry":{"geodesic":false,"type":"Polygon","coordinates":[[[-121.9624694943392,36.88572388123168],[-121.95977454848685,36.88572388123168],[-121.95977454848685,36.88841882708403],[-121.9624694943392,36.88841882708403],[-121.9624694943392,36.88572388123168]]]},"id":"-45256+13687","properties":{"area_sq_km":0.0,"count":1,"label":0,"latitude":36.88707135371071,"longitude":-121.96112202138102,"near_healthy_bed":1,"priority_score":1.0,"priority_tier":"monitor","recommended_action":"urchin_removal_then_replant","region_id":"monterey_bay","region_name":"Monterey Bay, CA","state":"CA","status":0,"status_label":"barren"}},{"type":"Feature","geometry":{"geodesic":false,"type":"Polygon","coordinates":[[[-121.96516444019156,36.79140077639912],[-121.9624694943392,36.79140077639912],[-121.9624694943392,36.794095722251484],[-121.96516444019156,36.794095722251484],[-121.96516444019156,36.79140077639912]]]},"id":"-45257+13652","properties":{"area_sq_km":0.0,"count":1,"label":2,"latitude":36.792748249077555,"longitude":-121.96381696723084,"near_healthy_bed":1,"priority_score":1.0,"priority_tier":"monitor","recommended_action":"no_action","region_id":"monterey_bay","region_name":"Monterey Bay, CA","state":"CA","status":2,"status_label":"healthy"}},{"type":"Feature","geometry":{"geodesic":false,"type":"Polygon","coordinates":[[[-121.96516444019156,36.81026539736563],[-121.9624694943392,36.81026539736563],[-121.9624694943392,36.812960343217995],[-121.96516444019156,36.812960343217995],[-121.96516444019156,36.81026539736563]]]},"id":"-45257+13659","properties":{"area_sq_km":0.0,"count":1,"label":2,"latitude":36.811612869906256,"longitude":-121.96381696730406,"near_healthy_bed":1,"priority_score":1.0,"priority_tier":"monitor","recommended_action":"no_action","region_id":"monterey_bay","region_name":"Monterey Bay, CA","state":"CA","status":2,"status_label":"healthy"}},{"type":"Feature","geometry":{"geodesic":false,"type":"Polygon","coordinates":[[[-121.97324927774864,36.83721485588922],[-121.9624694943392,36.83721485588922],[-121.9624694943392,36.83990980174158],[-121.97324927774864,36.83990980174158],[-121.97324927774864,36.83721485588922]]]},"id":"-45257+13669","properties":{"area_sq_km":0.0,"count":4,"label":2,"latitude":36.83856244260474,"longitude":-121.96785938603894,"near_healthy_bed":1,"priority_score":1.0,"priority_tier":"monitor","recommended_action":"no_action","region_id":"monterey_bay","region_name":"Monterey Bay, CA","state":"CA","status":2,"status_label":"healthy"}},{"type":"Feature","geometry":{"geodesic":false,"type":"Polygon","coordinates":[[[-121.96516444019156,36.847994639298655],[-121.9624694943392,36.847994639298655],[-121.9624694943392,36.85338453100337],[-121.96516444019156,36.85338453100337],[-121.96516444019156,36.847994639298655]]]},"id":"-45257+13674","properties":{"area_sq_km":0.0,"count":2,"label":0,"latitude":36.85068956119385,"longitude":-121.96381696725719,"near_healthy_bed":1,"priority_score":1.0,"priority_tier":"monitor","recommended_action":"urchin_removal_then_replant","region_id":"monterey_bay","region_name":"Monterey Bay, CA","state":"CA","status":0,"status_label":"barren"}},{"type":"Feature","geometry":{"geodesic":false,"type":"Polygon","coordinates":[[[-121.96516444019156,36.89380871878875],[-121.9624694943392,36.89380871878875],[-121.9624694943392,36.899198610493464],[-121.96516444019156,36.899198610493464],[-121.96516444019156,36.89380871878875]]]},"id":"-45257+13691","properties":{"area_sq_km":0.0,"count":2,"label":0,"latitude":36.896503640466165,"longitude":-121.96381696729595,"near_healthy_bed":1,"priority_score":1.0,"priority_tier":"monitor","recommended_action":"urchin_removal_then_replant","region_id":"monterey_bay","region_name":"Monterey Bay, CA","state":"CA","status":0,"status_label":"barren"}},{"type":"Feature","geometry":{"geodesic":false,"type":"Polygon","coordinates":[[[-121.96516444019156,36.91267333975526],[-121.9624694943392,36.91267333975526],[-121.9624694943392,36.91536828560762],[-121.96516444019156,36.91536828560762],[-121.96516444019156,36.91267333975526]]]},"id":"-45257+13697","properties":{"area_sq_km":0.0,"count":1,"label":0,"latitude":36.91402081229912,"longitude":-121.96381696729118,"near_healthy_bed":1,"priority_score":1.0,"priority_tier":"monitor","recommended_action":"urchin_removal_then_replant","region_id":"monterey_bay","region_name":"Monterey Bay, CA","state":"CA","status":0,"status_label":"barren"}},{"type":"Feature","geometry":{"geodesic":false,"type":"Polygon","coordinates":[[[-121.96516444019156,36.93423290657413],[-121.9624694943392,36.93423290657413],[-121.9624694943392,36.936927852426486],[-121.96516444019156,36.936927852426486],[-121.96516444019156,36.93423290657413]]]},"id":"-45257+13705","properties":{"area_sq_km":0.0,"count":1,"label":2,"latitude":36.93558037919965,"longitude":-121.96381696737423,"near_healthy_bed":1,"priority_score":1.0,"priority_tier":"monitor","recommended_action":"no_action","region_id":"monterey_bay","region_name":"Monterey Bay, CA","state":"CA","status":2,"status_label":"healthy"}},{"type":"Feature","geometry":{"geodesic":false,"type":"Polygon","coordinates":[[[-121.96785938604391,36.78062099298969],[-121.96516444019156,36.78062099298969],[-121.96516444019156,36.78331593884205],[-121.96785938604391,36.78331593884205],[-121.96785938604391,36.78062099298969]]]},"id":"-45258+13648","properties":{"area_sq_km":0.0,"count":1,"label":2,"latitude":36.78196846583591,"longitude":-121.96651191314699,"near_healthy_bed":1,"priority_score":1.0,"priority_tier":"monitor","recommended_action":"no_action","region_id":"monterey_bay","region_name":"Monterey Bay, CA","state":"CA","status":2,"status_label":"healthy"}},{"type":"Feature","geometry":{"geodesic":false,"type":"Polygon","coordinates":[[[-121.96785938604391,36.80487550566092],[-121.96516444019156,36.80487550566092],[-121.96516444019156,36.81026539736563],[-121.96785938604391,36.81026539736563],[-121.96785938604391,36.80487550566092]]]},"id":"-45258+13658","properties":{"area_sq_km":0.0,"count":2,"label":2,"latitude":36.80757042755023,"longitude":-121.96651191317126,"near_healthy_bed":1,"priority_score":1.0,"priority_tier":"monitor","recommended_action":"no_action","region_id":"monterey_bay","region_name":"Monterey Bay, CA","state":"CA","status":2,"status_label":"healthy"}},{"type":"Feature","geometry":{"geodesic":false,"type":"Polygon","coordinates":[[[-121.96785938604391,36.821045180775066],[-121.96516444019156,36.821045180775066],[-121.96516444019156,36.82374012662743],[-121.96785938604391,36.82374012662743],[-121.96785938604391,36.821045180775066]]]},"id":"-45258+13663","properties":{"area_sq_km":0.0,"count":1,"label":2,"latitude":36.8223926533928,"longitude":-121.96651191310536,"near_healthy_bed":1,"priority_score":1.0,"priority_tier":"monitor","recommended_action":"no_action","region_id":"monterey_bay","region_name":"Monterey Bay, CA","state":"CA","status":2,"status_label":"healthy"}},{"type":"Feature","geometry":{"geodesic":false,"type":"Polygon","coordinates":[[[-121.96785938604391,36.85338453100337],[-121.96516444019156,36.85338453100337],[-121.96516444019156,36.85607947685573],[-121.96785938604391,36.85607947685573],[-121.96785938604391,36.85338453100337]]]},"id":"-45258+13675","properties":{"area_sq_km":0.0,"count":1,"label":0,"latitude":36.85473200343864,"longitude":-121.96651191313263,"near_healthy_bed":1,"priority_score":1.0,"priority_tier":"monitor","recommended_action":"urchin_removal_then_replant","region_id":"monterey_bay","region_name":"Monterey Bay, CA","state":"CA","status":0,"status_label":"barren"}},{"type":"Feature","geometry":{"geodesic":false,"type":"Polygon","coordinates":[[[-121.96785938604391,36.85877442270809],[-121.96516444019156,36.85877442270809],[-121.96516444019156,36.86146936856045],[-121.96785938604391,36.86146936856045],[-121.96785938604391,36.85877442270809]]]},"id":"-45258+13677","properties":{"area_sq_km":0.0,"count":1,"label":0,"latitude":36.86012189524855,"longitude":-121.96651191311177,"near_healthy_bed":1,"priority_score":1.0,"priority_tier":"monitor","recommended_action":"urchin_removal_then_replant","region_id":"monterey_bay","region_name":"Monterey Bay, CA","state":"CA","status":0,"status_label":"barren"}},{"type":"Feature","geometry":{"geodesic":false,"type":"Polygon","coordinates":[[[-121.96785938604391,36.87494409782224],[-121.96516444019156,36.87494409782224],[-121.96516444019156,36.8776390436746],[-121.96785938604391,36.8776390436746],[-121.96785938604391,36.87494409782224]]]},"id":"-45258+13683","properties":{"area_sq_km":0.0,"count":1,"label":0,"latitude":36.876291570647915,"longitude":-121.9665119131354,"near_healthy_bed":1,"priority_score":1.0,"priority_tier":"monitor","recommended_action":"urchin_removal_then_replant","region_id":"monterey_bay","region_name":"Monterey Bay, CA","state":"CA","status":0,"status_label":"barren"}},{"type":"Feature","geometry":{"geodesic":false,"type":"Polygon","coordinates":[[[-121.97055433189628,36.76445131787554],[-121.96785938604391,36.76445131787554],[-121.96785938604391,36.767146263727895],[-121.97055433189628,36.767146263727895],[-121.97055433189628,36.76445131787554]]]},"id":"-45259+13642","properties":{"area_sq_km":0.0,"count":1,"label":2,"latitude":36.765798790629255,"longitude":-121.96920685883771,"near_healthy_bed":1,"priority_score":1.0,"priority_tier":"monitor","recommended_action":"no_action","region_id":"monterey_bay","region_name":"Monterey Bay, CA","state":"CA","status":2,"status_label":"healthy"}},{"type":"Feature","geometry":{"geodesic":false,"type":"Polygon","coordinates":[[[-121.97055433189628,36.812960343217995],[-121.96785938604391,36.812960343217995],[-121.96785938604391,36.81565528907035],[-121.97055433189628,36.81565528907035],[-121.97055433189628,36.812960343217995]]]},"id":"-45259+13660","properties":{"area_sq_km":0.0,"count":1,"label":2,"latitude":36.81430781581823,"longitude":-121.96920685889863,"near_healthy_bed":1,"priority_score":1.0,"priority_tier":"monitor","recommended_action":"no_action","region_id":"monterey_bay","region_name":"Monterey Bay, CA","state":"CA","status":2,"status_label":"healthy"}},{"type":"Feature","geometry":{"geodesic":false,"type":"Polygon","coordinates":[[[-121.97055433189628,36.84260474759394],[-121.96785938604391,36.84260474759394],[-121.96785938604391,36.84529969344629],[-121.97055433189628,36.84529969344629],[-121.97055433189628,36.84260474759394]]]},"id":"-45259+13671","properties":{"area_sq_km":0.0,"count":1,"label":2,"latitude":36.84395222031776,"longitude":-121.96920685887166,"near_healthy_bed":1,"priority_score":1.0,"priority_tier":"monitor","recommended_action":"no_action","region_id":"monterey_bay","region_name":"Monterey Bay, CA","state":"CA","status":2,"status_label":"healthy"}},{"type":"Feature","geometry":{"geodesic":false,"type":"Polygon","coordinates":[[[-121.97324927774864,36.86955420611752],[-121.96785938604391,36.86955420611752],[-121.96785938604391,36.87224915196988],[-121.97324927774864,36.87224915196988],[-121.97324927774864,36.86955420611752]]]},"id":"-45259+13681","properties":{"area_sq_km":0.0,"count":2,"label":0,"latitude":36.870901701355294,"longitude":-121.9705543318893,"near_healthy_bed":1,"priority_score":1.0,"priority_tier":"monitor","recommended_action":"urchin_removal_then_replant","region_id":"monterey_bay","region_name":"Monterey Bay, CA","state":"CA","status":0,"status_label":"barren"}},{"type":"Feature","geometry":{"geodesic":false,"type":"Polygon","coordinates":[[[-121.97055433189628,36.88841882708403],[-121.96785938604391,36.88841882708403],[-121.96785938604391,36.89111377293639],[-121.97055433189628,36.89111377293639],[-121.97055433189628,36.88841882708403]]]},"id":"-45259+13688","properties":{"area_sq_km":0.0,"count":1,"label":0,"latitude":36.88976629967352,"longitude":-121.96920685881987,"near_healthy_bed":1,"priority_score":1.0,"priority_tier":"monitor","recommended_action":"urchin_removal_then_replant","region_id":"monterey_bay","region_name":"Monterey Bay, CA","state":"CA","status":0,"status_label":"barren"}},{"type":"Feature","geometry":{"geodesic":false,"type":"Polygon","coordinates":[[[-121.97055433189628,36.89380871878875],[-121.96785938604391,36.89380871878875],[-121.96785938604391,36.89650366464111],[-121.97055433189628,36.89650366464111],[-121.97055433189628,36.89380871878875]]]},"id":"-45259+13690","properties":{"area_sq_km":0.0,"count":1,"label":0,"latitude":36.89515619127653,"longitude":-121.96920685880079,"near_healthy_bed":1,"priority_score":1.0,"priority_tier":"monitor","recommended_action":"urchin_removal_then_replant","region_id":"monterey_bay","region_name":"Monterey Bay, CA","state":"CA","status":0,"status_label":"barren"}},{"type":"Feature","geometry":{"geodesic":false,"type":"Polygon","coordinates":[[[-121.97863916945334,36.81565528907035],[-121.97055433189628,36.81565528907035],[-121.97055433189628,36.81835023492271],[-121.97863916945334,36.81835023492271],[-121.97863916945334,36.81565528907035]]]},"id":"-45260+13661","properties":{"area_sq_km":0.0,"count":3,"label":2,"latitude":36.81700282248138,"longitude":-121.97459675067269,"near_healthy_bed":1,"priority_score":1.0,"priority_tier":"monitor","recommended_action":"no_action","region_id":"monterey_bay","region_name":"Monterey Bay, CA","state":"CA","status":2,"status_label":"healthy"}},{"type":"Feature","geometry":{"geodesic":false,"type":"Polygon","coordinates":[[[-121.97324927774864,36.82643507247978],[-121.97055433189628,36.82643507247978],[-121.97055433189628,36.829130018332144],[-121.97324927774864,36.829130018332144],[-121.97324927774864,36.82643507247978]]]},"id":"-45260+13665","properties":{"area_sq_km":0.0,"count":1,"label":2,"latitude":36.82778254504465,"longitude":-121.97190180491583,"near_healthy_bed":1,"priority_score":1.0,"priority_tier":"monitor","recommended_action":"no_action","region_id":"monterey_bay","region_name":"Monterey Bay, CA","state":"CA","status":2,"status_label":"healthy"}},{"type":"Feature","geometry":{"geodesic":false,"type":"Polygon","coordinates":[[[-121.97324927774864,36.84529969344629],[-121.97055433189628,36.84529969344629],[-121.97055433189628,36.847994639298655],[-121.97324927774864,36.847994639298655],[-121.97324927774864,36.84529969344629]]]},"id":"-45260+13672","properties":{"area_sq_km":0.0,"count":1,"label":2,"latitude":36.84664716589218,"longitude":-121.97190180497296,"near_healthy_bed":1,"priority_score":1.0,"priority_tier":"monitor","recommended_action":"no_action","region_id":"monterey_bay","region_name":"Monterey Bay, CA","state":"CA","status":2,"status_label":"healthy"}},{"type":"Feature","geometry":{"geodesic":false,"type":"Polygon","coordinates":[[[-121.97324927774864,36.87494409782224],[-121.97055433189628,36.87494409782224],[-121.97055433189628,36.88033398952696],[-121.97324927774864,36.88033398952696],[-121.97324927774864,36.87494409782224]]]},"id":"-45260+13684","properties":{"area_sq_km":0.0,"count":2,"label":0,"latitude":36.87763901965716,"longitude":-121.97190180490435,"near_healthy_bed":1,"priority_score":1.0,"priority_tier":"monitor","recommended_action":"urchin_removal_then_replant","region_id":"monterey_bay","region_name":"Monterey Bay, CA","state":"CA","status":0,"status_label":"barren"}},{"type":"Feature","geometry":{"geodesic":false,"type":"Polygon","coordinates":[[[-121.97324927774864,36.88572388123168],[-121.97055433189628,36.88572388123168],[-121.97055433189628,36.88841882708403],[-121.97324927774864,36.88841882708403],[-121.97324927774864,36.88572388123168]]]},"id":"-45260+13687","properties":{"area_sq_km":0.0,"count":1,"label":0,"latitude":36.8870713537253,"longitude":-121.97190180503026,"near_healthy_bed":1,"priority_score":1.0,"priority_tier":"monitor","recommended_action":"urchin_removal_then_replant","region_id":"monterey_bay","region_name":"Monterey Bay, CA","state":"CA","status":0,"status_label":"barren"}},{"type":"Feature","geometry":{"geodesic":false,"type":"Polygon","coordinates":[[[-121.97324927774864,36.945012689983564],[-121.97055433189628,36.945012689983564],[-121.97055433189628,36.94770763583592],[-121.97324927774864,36.94770763583592],[-121.97324927774864,36.945012689983564]]]},"id":"-45260+13709","properties":{"area_sq_km":0.0,"count":1,"label":2,"latitude":36.94636016260334,"longitude":-121.97190180497432,"near_healthy_bed":1,"priority_score":1.0,"priority_tier":"monitor","recommended_action":"no_action","region_id":"monterey_bay","region_name":"Monterey Bay, CA","state":"CA","status":2,"status_label":"healthy"}},{"type":"Feature","geometry":{"geodesic":false,"type":"Polygon","coordinates":[[[-121.97594422360099,36.90458850219818],[-121.97324927774864,36.90458850219818],[-121.97324927774864,36.90728344805054],[-121.97594422360099,36.90728344805054],[-121.97594422360099,36.90458850219818]]]},"id":"-45261+13694","properties":{"area_sq_km":0.0,"count":1,"label":0,"latitude":36.905935974677035,"longitude":-121.97459675055025,"near_healthy_bed":1,"priority_score":1.0,"priority_tier":"monitor","recommended_action":"urchin_removal_then_replant","region_id":"monterey_bay","region_name":"Monterey Bay, CA","state":"CA","status":0,"status_label":"barren"}},{"type":"Feature","geometry":{"geodesic":false,"type":"Polygon","coordinates":[[[-121.97863916945334,36.76175637202318],[-121.97594422360099,36.76175637202318],[-121.97594422360099,36.76445131787554],[-121.97863916945334,36.76445131787554],[-121.97863916945334,36.76175637202318]]]},"id":"-45262+13641","properties":{"area_sq_km":0.0,"count":1,"label":2,"latitude":36.76310384459441,"longitude":-121.97729169646361,"near_healthy_bed":1,"priority_score":1.0,"priority_tier":"monitor","recommended_action":"no_action","region_id":"monterey_bay","region_name":"Monterey Bay, CA","state":"CA","status":2,"status_label":"healthy"}},{"type":"Feature","geometry":{"geodesic":false,"type":"Polygon","coordinates":[[[-121.97863916945334,36.77523110128497],[-121.97594422360099,36.77523110128497],[-121.97594422360099,36.77792604713733],[-121.97863916945334,36.77792604713733],[-121.97863916945334,36.77523110128497]]]},"id":"-45262+13646","properties":{"area_sq_km":0.0,"count":1,"label":2,"latitude":36.77657857393705,"longitude":-121.97729169645801,"near_healthy_bed":1,"priority_score":1.0,"priority_tier":"monitor","recommended_action":"no_action","region_id":"monterey_bay","region_name":"Monterey Bay, CA","state":"CA","status":2,"status_label":"healthy"}},{"type":"Feature","geometry":{"geodesic":false,"type":"Polygon","coordinates":[[[-121.97863916945334,36.794095722251484],[-121.97594422360099,36.794095722251484],[-121.97594422360099,36.79679066810384],[-121.97863916945334,36.79679066810384],[-121.97863916945334,36.794095722251484]]]},"id":"-45262+13653","properties":{"area_sq_km":0.0,"count":1,"label":2,"latitude":36.79544319486593,"longitude":-121.97729169646101,"near_healthy_bed":1,"priority_score":1.0,"priority_tier":"monitor","recommended_action":"no_action","region_id":"monterey_bay","region_name":"Monterey Bay, CA","state":"CA","status":2,"status_label":"healthy"}},{"type":"Feature","geometry":{"geodesic":false,"type":"Polygon","coordinates":[[[-121.97863916945334,36.86146936856045],[-121.97594422360099,36.86146936856045],[-121.97594422360099,36.864164314412804],[-121.97863916945334,36.864164314412804],[-121.97863916945334,36.86146936856045]]]},"id":"-45262+13678","properties":{"area_sq_km":0.0,"count":1,"label":2,"latitude":36.86281684117534,"longitude":-121.97729169648727,"near_healthy_bed":1,"priority_score":1.0,"priority_tier":"monitor","recommended_action":"no_action","region_id":"monterey_bay","region_name":"Monterey Bay, CA","state":"CA","status":2,"status_label":"healthy"}},{"type":"Feature","geometry":{"geodesic":false,"type":"Polygon","coordinates":[[[-121.97863916945334,36.86955420611752],[-121.97594422360099,36.86955420611752],[-121.97594422360099,36.87224915196988],[-121.97863916945334,36.87224915196988],[-121.97863916945334,36.86955420611752]]]},"id":"-45262+13681","properties":{"area_sq_km":0.0,"count":1,"label":0,"latitude":36.87090167869465,"longitude":-121.97729169649692,"near_healthy_bed":1,"priority_score":1.0,"priority_tier":"monitor","recommended_action":"urchin_removal_then_replant","region_id":"monterey_bay","region_name":"Monterey Bay, CA","state":"CA","status":0,"status_label":"barren"}},{"type":"Feature","geometry":{"geodesic":false,"type":"Polygon","coordinates":[[[-121.97863916945334,36.883028935379315],[-121.97594422360099,36.883028935379315],[-121.97594422360099,36.88572388123168],[-121.97863916945334,36.88572388123168],[-121.97863916945334,36.883028935379315]]]},"id":"-45262+13686","properties":{"area_sq_km":0.0,"count":1,"label":0,"latitude":36.884376408182305,"longitude":-121.97729169646318,"near_healthy_bed":1,"priority_score":1.0,"priority_tier":"monitor","recommended_action":"urchin_removal_then_replant","region_id":"monterey_bay","region_name":"Monterey Bay, CA","state":"CA","status":0,"status_label":"barren"}},{"type":"Feature","geometry":{"geodesic":false,"type":"Polygon","coordinates":[[[-121.97863916945334,36.90728344805054],[-121.97594422360099,36.90728344805054],[-121.97594422360099,36.91267333975526],[-121.97863916945334,36.91267333975526],[-121.97863916945334,36.90728344805054]]]},"id":"-45262+13696","properties":{"area_sq_km":0.0,"count":2,"label":0,"latitude":36.909978369844815,"longitude":-121.97729169644536,"near_healthy_bed":1,"priority_score":1.0,"priority_tier":"monitor","recommended_action":"urchin_removal_then_replant","region_id":"monterey_bay","region_name":"Monterey Bay, CA","state":"CA","status":0,"status_label":"barren"}},{"type":"Feature","geometry":{"geodesic":false,"type":"Polygon","coordinates":[[[-121.98402906115807,36.82643507247978],[-121.98402906115807,36.82374012662743],[-121.98672400701042,36.82374012662743],[-121.98672400701042,36.821045180775066],[-121.98133411530571,36.821045180775066],[-121.98133411530571,36.81835023492271],[-121.97863916945334,36.81835023492271],[-121.97863916945334,36.82643507247978],[-121.98402906115807,36.82643507247978]]]},"id":"-45263+13664","properties":{"area_sq_km":0.0,"count":6,"label":2,"latitude":36.82284179320265,"longitude":-121.98178325732181,"near_healthy_bed":1,"priority_score":1.0,"priority_tier":"monitor","recommended_action":"no_action","region_id":"monterey_bay","region_name":"Monterey Bay, CA","state":"CA","status":2,"status_label":"healthy"}},{"type":"Feature","geometry":{"geodesic":false,"type":"Polygon","coordinates":[[[-121.98402906115807,36.81565528907035],[-121.98133411530571,36.81565528907035],[-121.98133411530571,36.81835023492271],[-121.98402906115807,36.81835023492271],[-121.98402906115807,36.81565528907035]]]},"id":"-45264+13661","properties":{"area_sq_km":0.0,"count":1,"label":2,"latitude":36.81700276176631,"longitude":-121.98268158821456,"near_healthy_bed":1,"priority_score":1.0,"priority_tier":"monitor","recommended_action":"no_action","region_id":"monterey_bay","region_name":"Monterey Bay, CA","state":"CA","status":2,"status_label":"healthy"}},{"type":"Feature","geometry":{"geodesic":false,"type":"Polygon","coordinates":[[[-121.98402906115807,36.86146936856045],[-121.98133411530571,36.86146936856045],[-121.98133411530571,36.864164314412804],[-121.98402906115807,36.864164314412804],[-121.98402906115807,36.86146936856045]]]},"id":"-45264+13678","properties":{"area_sq_km":0.0,"count":1,"label":2,"latitude":36.86281684115698,"longitude":-121.98268158818968,"near_healthy_bed":1,"priority_score":1.0,"priority_tier":"monitor","recommended_action":"no_action","region_id":"monterey_bay","region_name":"Monterey Bay, CA","state":"CA","status":2,"status_label":"healthy"}},{"type":"Feature","geometry":{"geodesic":false,"type":"Polygon","coordinates":[[[-121.98402906115807,36.91536828560762],[-121.98133411530571,36.91536828560762],[-121.98133411530571,36.918063231459975],[-121.98402906115807,36.918063231459975],[-121.98402906115807,36.91536828560762]]]},"id":"-45264+13698","properties":{"area_sq_km":0.0,"count":1,"label":0,"latitude":36.91671575831931,"longitude":-121.98268158816398,"near_healthy_bed":1,"priority_score":1.0,"priority_tier":"monitor","recommended_action":"urchin_removal_then_replant","region_id":"monterey_bay","region_name":"Monterey Bay, CA","state":"CA","status":0,"status_label":"barren"}},{"type":"Feature","geometry":{"geodesic":false,"type":"Polygon","coordinates":[[[-121.98402906115807,36.94770763583592],[-121.98133411530571,36.94770763583592],[-121.98133411530571,36.95040258168828],[-121.98402906115807,36.95040258168828],[-121.98402906115807,36.94770763583592]]]},"id":"-45264+13710","properties":{"area_sq_km":0.0,"count":1,"label":2,"latitude":36.94905510838837,"longitude":-121.98268158809819,"near_healthy_bed":1,"priority_score":1.0,"priority_tier":"monitor","recommended_action":"no_action","region_id":"monterey_bay","region_name":"Monterey Bay, CA","state":"CA","status":2,"status_label":"healthy"}},{"type":"Feature","geometry":{"geodesic":false,"type":"Polygon","coordinates":[[[-121.98672400701042,36.78331593884205],[-121.98672400701042,36.77792604713733],[-121.98133411530571,36.77792604713733],[-121.98133411530571,36.78062099298969],[-121.98402906115807,36.78062099298969],[-121.98402906115807,36.78331593884205],[-121.98672400701042,36.78331593884205]]]},"id":"-45265+13648","properties":{"area_sq_km":0.0,"count":3,"label":2,"latitude":36.78017182921432,"longitude":-121.98447819951227,"near_healthy_bed":1,"priority_score":1.0,"priority_tier":"monitor","recommended_action":"no_action","region_id":"monterey_bay","region_name":"Monterey Bay, CA","state":"CA","status":2,"status_label":"healthy"}},{"type":"Feature","geometry":{"geodesic":false,"type":"Polygon","coordinates":[[[-121.98672400701042,36.812960343217995],[-121.98402906115807,36.812960343217995],[-121.98402906115807,36.81565528907035],[-121.98672400701042,36.81565528907035],[-121.98672400701042,36.812960343217995]]]},"id":"-45265+13660","properties":{"area_sq_km":0.0,"count":1,"label":2,"latitude":36.814307815847116,"longitude":-121.98537653407506,"near_healthy_bed":1,"priority_score":1.0,"priority_tier":"monitor","recommended_action":"no_action","region_id":"monterey_bay","region_name":"Monterey Bay, CA","state":"CA","status":2,"status_label":"healthy"}},{"type":"Feature","geometry":{"geodesic":false,"type":"Polygon","coordinates":[[[-121.99211389871515,36.83721485588922],[-121.99211389871515,36.83451991003686],[-121.98672400701042,36.83451991003686],[-121.98672400701042,36.831824964184506],[-121.98402906115807,36.831824964184506],[-121.98402906115807,36.83721485588922],[-121.99211389871515,36.83721485588922]]]},"id":"-45265+13668","properties":{"area_sq_km":0.0,"count":4,"label":2,"latitude":36.8351936739463,"longitude":-121.98739770973816,"near_healthy_bed":1,"priority_score":1.0,"priority_tier":"monitor","recommended_action":"no_action","region_id":"monterey_bay","region_name":"Monterey Bay, CA","state":"CA","status":2,"status_label":"healthy"}},{"type":"Feature","geometry":{"geodesic":false,"type":"Polygon","coordinates":[[[-121.98941895286279,36.85607947685573],[-121.98941895286279,36.85338453100337],[-121.98672400701042,36.85338453100337],[-121.98672400701042,36.85068958515101],[-121.98402906115807,36.85068958515101],[-121.98402906115807,36.85607947685573],[-121.98941895286279,36.85607947685573]]]},"id":"-45265+13675","properties":{"area_sq_km":0.0,"count":3,"label":2,"latitude":36.85383368240149,"longitude":-121.9862748298374,"near_healthy_bed":1,"priority_score":1.0,"priority_tier":"monitor","recommended_action":"no_action","region_id":"monterey_bay","region_name":"Monterey Bay, CA","state":"CA","status":2,"status_label":"healthy"}},{"type":"Feature","geometry":{"geodesic":false,"type":"Polygon","coordinates":[[[-121.98672400701042,36.88841882708403],[-121.98402906115807,36.88841882708403],[-121.98402906115807,36.89111377293639],[-121.98672400701042,36.89111377293639],[-121.98672400701042,36.88841882708403]]]},"id":"-45265+13688","properties":{"area_sq_km":0.0,"count":1,"label":0,"latitude":36.88976629968173,"longitude":-121.98537653409103,"near_healthy_bed":1,"priority_score":1.0,"priority_tier":"monitor","recommended_action":"urchin_removal_then_replant","region_id":"monterey_bay","region_name":"Monterey Bay, CA","state":"CA","status":0,"status_label":"barren"}},{"type":"Feature","geometry":{"geodesic":false,"type":"Polygon","coordinates":[[[-121.98941895286279,36.81565528907035],[-121.98672400701042,36.81565528907035],[-121.98672400701042,36.81835023492271],[-121.98941895286279,36.81835023492271],[-121.98941895286279,36.81565528907035]]]},"id":"-45266+13661","properties":{"area_sq_km":0.0,"count":1,"label":2,"latitude":36.8170027617551,"longitude":-121.9880714798914,"near_healthy_bed":1,"priority_score":1.0,"priority_tier":"monitor","recommended_action":"no_action","region_id":"monterey_bay","region_name":"Monterey Bay, CA","state":"CA","status":2,"status_label":"healthy"}},{"type":"Feature","geometry":{"geodesic":false,"type":"Polygon","coordinates":[[[-121.99211389871515,36.82374012662743],[-121.98672400701042,36.82374012662743],[-121.98672400701042,36.82643507247978],[-121.99211389871515,36.82643507247978],[-121.99211389871515,36.82374012662743]]]},"id":"-45266+13664","properties":{"area_sq_km":0.0,"count":2,"label":2,"latitude":36.82508762200912,"longitude":-121.98941895287213,"near_healthy_bed":1,"priority_score":1.0,"priority_tier":"monitor","recommended_action":"no_action","region_id":"monterey_bay","region_name":"Monterey Bay, CA","state":"CA","status":2,"status_label":"healthy"}},{"type":"Feature","geometry":{"geodesic":false,"type":"Polygon","coordinates":[[[-121.99750379041986,36.847994639298655],[-121.99750379041986,36.84529969344629],[-121.98941895286279,36.84529969344629],[-121.98941895286279,36.84260474759394],[-121.98672400701042,36.84260474759394],[-121.98672400701042,36.847994639298655],[-121.99750379041986,36.847994639298655]]]},"id":"-45266+13672","properties":{"area_sq_km":0.0,"count":5,"label":2,"latitude":36.8461082529977,"longitude":-121.99130536812932,"near_healthy_bed":1,"priority_score":1.0,"priority_tier":"monitor","recommended_action":"no_action","region_id":"monterey_bay","region_name":"Monterey Bay, CA","state":"CA","status":2,"status_label":"healthy"}},{"type":"Feature","geometry":{"geodesic":false,"type":"Polygon","coordinates":[[[-121.98941895286279,36.8776390436746],[-121.98941895286279,36.86955420611752],[-121.99211389871515,36.86955420611752],[-121.99211389871515,36.866859260265166],[-121.99750379041986,36.866859260265166],[-121.99750379041986,36.864164314412804],[-121.99211389871515,36.864164314412804],[-121.99211389871515,36.86146936856045],[-121.9948088445675,36.86146936856045],[-121.9948088445675,36.85877442270809],[-121.98941895286279,36.85877442270809],[-121.98941895286279,36.864164314412804],[-121.98402906115807,36.864164314412804],[-121.98402906115807,36.86955420611752],[-121.98672400701042,36.86955420611752],[-121.98672400701042,36.8776390436746],[-121.98941895286279,36.8776390436746]]]},"id":"-45266+13683","properties":{"area_sq_km":1.0,"count":14,"label":2,"latitude":36.866859053619436,"longitude":-121.98980410188801,"near_healthy_bed":1,"priority_score":1.0,"priority_tier":"monitor","recommended_action":"no_action","region_id":"monterey_bay","region_name":"Monterey Bay, CA","state":"CA","status":2,"status_label":"healthy"}},{"type":"Feature","geometry":{"geodesic":false,"type":"Polygon","coordinates":[[[-121.98941895286279,36.90458850219818],[-121.98672400701042,36.90458850219818],[-121.98672400701042,36.909978393902904],[-121.98941895286279,36.909978393902904],[-121.98941895286279,36.90458850219818]]]},"id":"-45266+13695","properties":{"area_sq_km":0.0,"count":2,"label":0,"latitude":36.90728342397366,"longitude":-121.98807148000928,"near_healthy_bed":1,"priority_score":1.0,"priority_tier":"monitor","recommended_action":"urchin_removal_then_replant","region_id":"monterey_bay","region_name":"Monterey Bay, CA","state":"CA","status":0,"status_label":"barren"}},{"type":"Feature","geometry":{"geodesic":false,"type":"Polygon","coordinates":[[[-121.99211389871515,36.78331593884205],[-121.98941895286279,36.78331593884205],[-121.98941895286279,36.786010884694406],[-121.99211389871515,36.786010884694406],[-121.99211389871515,36.78331593884205]]]},"id":"-45267+13649","properties":{"area_sq_km":0.0,"count":1,"label":2,"latitude":36.78466341128121,"longitude":-121.99076642569773,"near_healthy_bed":1,"priority_score":1.0,"priority_tier":"monitor","recommended_action":"no_action","region_id":"monterey_bay","region_name":"Monterey Bay, CA","state":"CA","status":2,"status_label":"healthy"}},{"type":"Feature","geometry":{"geodesic":false,"type":"Polygon","coordinates":[[[-121.99750379041986,36.812960343217995],[-121.98941895286279,36.812960343217995],[-121.98941895286279,36.81565528907035],[-121.99750379041986,36.81565528907035],[-121.99750379041986,36.812960343217995]]]},"id":"-45267+13660","properties":{"area_sq_km":0.0,"count":3,"label":2,"latitude":36.81430787671296,"longitude":-121.9934613716943,"near_healthy_bed":1,"priority_score":1.0,"priority_tier":"monitor","recommended_action":"no_action","region_id":"monterey_bay","region_name":"Monterey Bay, CA","state":"CA","status":2,"status_label":"healthy"}},{"type":"Feature","geometry":{"geodesic":false,"type":"Polygon","coordinates":[[[-121.99211389871515,36.85068958515101],[-121.98941895286279,36.85068958515101],[-121.98941895286279,36.85338453100337],[-121.99211389871515,36.85338453100337],[-121.99211389871515,36.85068958515101]]]},"id":"-45267+13674","properties":{"area_sq_km":0.0,"count":1,"label":2,"latitude":36.85203705779278,"longitude":-121.99076642579739,"near_healthy_bed":1,"priority_score":1.0,"priority_tier":"monitor","recommended_action":"no_action","region_id":"monterey_bay","region_name":"Monterey Bay, CA","state":"CA","status":2,"status_label":"healthy"}},{"type":"Feature","geometry":{"geodesic":false,"type":"Polygon","coordinates":[[[-121.9948088445675,36.88572388123168],[-121.98941895286279,36.88572388123168],[-121.98941895286279,36.88841882708403],[-121.9948088445675,36.88841882708403],[-121.9948088445675,36.88572388123168]]]},"id":"-45267+13687","properties":{"area_sq_km":0.0,"count":2,"label":2,"latitude":36.887071376569665,"longitude":-121.99211389877705,"near_healthy_bed":1,"priority_score":1.0,"priority_tier":"monitor","recommended_action":"no_action","region_id":"monterey_bay","region_name":"Monterey Bay, CA","state":"CA","status":2,"status_label":"healthy"}},{"type":"Feature","geometry":{"geodesic":false,"type":"Polygon","coordinates":[[[-121.9948088445675,36.80757045151328],[-121.9948088445675,36.80487550566092],[-122.00019873627222,36.80487550566092],[-122.00019873627222,36.802180559808555],[-121.99750379041986,36.802180559808555],[-121.99750379041986,36.79679066810384],[-121.9948088445675,36.79679066810384],[-121.9948088445675,36.794095722251484],[-121.98941895286279,36.794095722251484],[-121.98941895286279,36.79679066810384],[-121.99211389871515,36.79679066810384],[-121.99211389871515,36.7994856139562],[-121.9948088445675,36.7994856139562],[-121.9948088445675,36.802180559808555],[-121.99211389871515,36.802180559808555],[-121.99211389871515,36.80757045151328],[-121.9948088445675,36.80757045151328]]]},"id":"-45268+13657","properties":{"area_sq_km":1.0,"count":9,"label":2,"latitude":36.80053350469004,"longitude":-121.99465903850644,"near_healthy_bed":1,"priority_score":1.0,"priority_tier":"monitor","recommended_action":"no_action","region_id":"monterey_bay","region_name":"Monterey Bay, CA","state":"CA","status":2,"status_label":"healthy"}},{"type":"Feature","geometry":{"geodesic":false,"type":"Polygon","coordinates":[[[-121.9948088445675,36.88033398952696],[-121.99211389871515,36.88033398952696],[-121.99211389871515,36.883028935379315],[-121.9948088445675,36.883028935379315],[-121.9948088445675,36.88033398952696]]]},"id":"-45268+13685","properties":{"area_sq_km":0.0,"count":1,"label":2,"latitude":36.88168146193712,"longitude":-121.99346137158904,"near_healthy_bed":1,"priority_score":1.0,"priority_tier":"monitor","recommended_action":"no_action","region_id":"monterey_bay","region_name":"Monterey Bay, CA","state":"CA","status":2,"status_label":"healthy"}},{"type":"Feature","geometry":{"geodesic":false,"type":"Polygon","coordinates":[[[-121.99750379041986,36.94770763583592],[-121.99211389871515,36.94770763583592],[-121.99211389871515,36.95040258168828],[-121.99750379041986,36.95040258168828],[-121.99750379041986,36.94770763583592]]]},"id":"-45268+13710","properties":{"area_sq_km":0.0,"count":2,"label":2,"latitude":36.94905513112149,"longitude":-121.99480884462355,"near_healthy_bed":1,"priority_score":1.0,"priority_tier":"monitor","recommended_action":"no_action","region_id":"monterey_bay","region_name":"Monterey Bay, CA","state":"CA","status":2,"status_label":"healthy"}},{"type":"Feature","geometry":{"geodesic":false,"type":"Polygon","coordinates":[[[-121.99750379041986,36.83721485588922],[-121.9948088445675,36.83721485588922],[-121.9948088445675,36.83990980174158],[-121.99750379041986,36.83990980174158],[-121.99750379041986,36.83721485588922]]]},"id":"-45269+13669","properties":{"area_sq_km":0.0,"count":1,"label":2,"latitude":36.83856232863895,"longitude":-121.99615631754202,"near_healthy_bed":1,"priority_score":1.0,"priority_tier":"monitor","recommended_action":"no_action","region_id":"monterey_bay","region_name":"Monterey Bay, CA","state":"CA","status":2,"status_label":"healthy"}},{"type":"Feature","geometry":{"geodesic":false,"type":"Polygon","coordinates":[[[-121.99750379041986,36.88033398952696],[-121.99750379041986,36.87494409782224],[-121.99211389871515,36.87494409782224],[-121.99211389871515,36.8776390436746],[-121.9948088445675,36.8776390436746],[-121.9948088445675,36.88033398952696],[-121.99750379041986,36.88033398952696]]]},"id":"-45269+13684","properties":{"area_sq_km":0.0,"count":3,"label":2,"latitude":36.877189879876234,"longitude":-121.99525798282312,"near_healthy_bed":1,"priority_score":1.0,"priority_tier":"monitor","recommended_action":"no_action","region_id":"monterey_bay","region_name":"Monterey Bay, CA","state":"CA","status":2,"status_label":"healthy"}},{"type":"Feature","geometry":{"geodesic":false,"type":"Polygon","coordinates":[[[-121.99750379041986,36.883028935379315],[-121.9948088445675,36.883028935379315],[-121.9948088445675,36.88572388123168],[-121.99750379041986,36.88572388123168],[-121.99750379041986,36.883028935379315]]]},"id":"-45269+13686","properties":{"area_sq_km":0.0,"count":1,"label":2,"latitude":36.88437640822529,"longitude":-121.99615631753723,"near_healthy_bed":1,"priority_score":1.0,"priority_tier":"monitor","recommended_action":"no_action","region_id":"monterey_bay","region_name":"Monterey Bay, CA","state":"CA","status":2,"status_label":"healthy"}},{"type":"Feature","geometry":{"geodesic":false,"type":"Polygon","coordinates":[[[-122.00019873627222,36.90728344805054],[-121.9948088445675,36.90728344805054],[-121.9948088445675,36.909978393902904],[-122.00019873627222,36.909978393902904],[-122.00019873627222,36.90728344805054]]]},"id":"-45269+13695","properties":{"area_sq_km":0.0,"count":2,"label":2,"latitude":36.908630943586274,"longitude":-121.9975037904562,"near_healthy_bed":1,"priority_score":1.0,"priority_tier":"monitor","recommended_action":"no_action","region_id":"monterey_bay","region_name":"Monterey Bay, CA","state":"CA","status":2,"status_label":"healthy"}},{"type":"Feature","geometry":{"geodesic":false,"type":"Polygon","coordinates":[[[-122.00019873627222,36.82643507247978],[-121.99750379041986,36.82643507247978],[-121.99750379041986,36.829130018332144],[-122.00019873627222,36.829130018332144],[-122.00019873627222,36.82643507247978]]]},"id":"-45270+13665","properties":{"area_sq_km":0.0,"count":1,"label":2,"latitude":36.82778254507057,"longitude":-121.9988512634363,"near_healthy_bed":1,"priority_score":1.0,"priority_tier":"monitor","recommended_action":"no_action","region_id":"monterey_bay","region_name":"Monterey Bay, CA","state":"CA","status":2,"status_label":"healthy"}},{"type":"Feature","geometry":{"geodesic":false,"type":"Polygon","coordinates":[[[-122.00019873627222,36.847994639298655],[-121.99750379041986,36.847994639298655],[-121.99750379041986,36.85338453100337],[-122.00019873627222,36.85338453100337],[-122.00019873627222,36.847994639298655]]]},"id":"-45270+13674","properties":{"area_sq_km":0.0,"count":2,"label":2,"latitude":36.85068956121842,"longitude":-121.99885126335248,"near_healthy_bed":1,"priority_score":1.0,"priority_tier":"monitor","recommended_action":"no_action","region_id":"monterey_bay","region_name":"Monterey Bay, CA","state":"CA","status":2,"status_label":"healthy"}},{"type":"Feature","geometry":{"geodesic":false,"type":"Polygon","coordinates":[[[-122.00289368212458,36.864164314412804],[-122.00289368212458,36.86146936856045],[-122.00019873627222,36.86146936856045],[-122.00019873627222,36.85877442270809],[-121.99750379041986,36.85877442270809],[-121.99750379041986,36.864164314412804],[-122.00289368212458,36.864164314412804]]]},"id":"-45270+13678","properties":{"area_sq_km":0.0,"count":3,"label":2,"latitude":36.86191851986371,"longitude":-121.99974955910736,"near_healthy_bed":1,"priority_score":1.0,"priority_tier":"monitor","recommended_action":"no_action","region_id":"monterey_bay","region_name":"Monterey Bay, CA","state":"CA","status":2,"status_label":"healthy"}},{"type":"Feature","geometry":{"geodesic":false,"type":"Polygon","coordinates":[[[-122.00019873627222,36.87224915196988],[-122.00019873627222,36.86955420611752],[-122.00289368212458,36.86955420611752],[-122.00289368212458,36.866859260265166],[-121.99750379041986,36.866859260265166],[-121.99750379041986,36.87224915196988],[-122.00019873627222,36.87224915196988]]]},"id":"-45270+13681","properties":{"area_sq_km":0.0,"count":3,"label":2,"latitude":36.86910504230742,"longitude":-121.9997495979859,"near_healthy_bed":1,"priority_score":1.0,"priority_tier":"monitor","recommended_action":"no_action","region_id":"monterey_bay","region_name":"Monterey Bay, CA","state":"CA","status":2,"status_label":"healthy"}},{"type":"Feature","geometry":{"geodesic":false,"type":"Polygon","coordinates":[[[-122.00289368212458,36.80487550566092],[-122.00019873627222,36.80487550566092],[-122.00019873627222,36.80757045151328],[-122.00289368212458,36.80757045151328],[-122.00289368212458,36.80487550566092]]]},"id":"-45271+13657","properties":{"area_sq_km":0.0,"count":1,"label":2,"latitude":36.80622297835244,"longitude":-122.00154620921418,"near_healthy_bed":1,"priority_score":1.0,"priority_tier":"monitor","recommended_action":"no_action","region_id":"monterey_bay","region_name":"Monterey Bay, CA","state":"CA","status":2,"status_label":"healthy"}},{"type":"Feature","geometry":{"geodesic":false,"type":"Polygon","coordinates":[[[-122.01097851968166,36.812960343217995],[-122.01097851968166,36.81026539736563],[-122.00828357382929,36.81026539736563],[-122.00828357382929,36.80757045151328],[-122.01097851968166,36.80757045151328],[-122.01097851968166,36.80487550566092],[-122.00558862797693,36.80487550566092],[-122.00558862797693,36.81026539736563],[-122.00019873627222,36.81026539736563],[-122.00019873627222,36.812960343217995],[-122.01097851968166,36.812960343217995]]]},"id":"-45271+13659","properties":{"area_sq_km":1.0,"count":7,"label":2,"latitude":36.8096879244332,"longitude":-122.00655116976674,"near_healthy_bed":1,"priority_score":1.0,"priority_tier":"monitor","recommended_action":"no_action","region_id":"monterey_bay","region_name":"Monterey Bay, CA","state":"CA","status":2,"status_label":"healthy"}},{"type":"Feature","geometry":{"geodesic":false,"type":"Polygon","coordinates":[[[-122.00289368212458,36.821045180775066],[-122.00019873627222,36.821045180775066],[-122.00019873627222,36.82374012662743],[-122.00289368212458,36.82374012662743],[-122.00289368212458,36.821045180775066]]]},"id":"-45271+13663","properties":{"area_sq_km":0.0,"count":1,"label":2,"latitude":36.82239265333599,"longitude":-122.00154620915038,"near_healthy_bed":1,"priority_score":1.0,"priority_tier":"monitor","recommended_action":"no_action","region_id":"monterey_bay","region_name":"Monterey Bay, CA","state":"CA","status":2,"status_label":"healthy"}},{"type":"Feature","geometry":{"geodesic":false,"type":"Polygon","coordinates":[[[-122.00289368212458,36.84260474759394],[-122.00289368212458,36.83990980174158],[-122.00558862797693,36.83990980174158],[-122.00558862797693,36.83721485588922],[-122.00289368212458,36.83721485588922],[-122.00289368212458,36.83451991003686],[-122.00828357382929,36.83451991003686],[-122.00828357382929,36.829130018332144],[-122.00558862797693,36.829130018332144],[-122.00558862797693,36.831824964184506],[-121.99750379041986,36.831824964184506],[-121.99750379041986,36.83721485588922],[-122.00019873627222,36.83721485588922],[-122.00019873627222,36.84260474759394],[-122.00289368212458,36.84260474759394]]]},"id":"-45271+13670","properties":{"area_sq_km":1.0,"count":10,"label":2,"latitude":36.83532831091562,"longitude":-122.00262427550085,"near_healthy_bed":1,"priority_score":1.0,"priority_tier":"monitor","recommended_action":"no_action","region_id":"monterey_bay","region_name":"Monterey Bay, CA","state":"CA","status":2,"status_label":"healthy"}},{"type":"Feature","geometry":{"geodesic":false,"type":"Polygon","coordinates":[[[-122.00289368212458,36.85607947685573],[-122.00019873627222,36.85607947685573],[-122.00019873627222,36.85877442270809],[-122.00289368212458,36.85877442270809],[-122.00289368212458,36.85607947685573]]]},"id":"-45271+13676","properties":{"area_sq_km":0.0,"count":1,"label":2,"latitude":36.85742694965484,"longitude":-122.00154620926516,"near_healthy_bed":1,"priority_score":1.0,"priority_tier":"monitor","recommended_action":"no_action","region_id":"monterey_bay","region_name":"Monterey Bay, CA","state":"CA","status":2,"status_label":"healthy"}},{"type":"Feature","geometry":{"geodesic":false,"type":"Polygon","coordinates":[[[-122.00289368212458,36.85877442270809],[-122.00019873627222,36.85877442270809],[-122.00019873627222,36.86146936856045],[-122.00289368212458,36.86146936856045],[-122.00289368212458,36.85877442270809]]]},"id":"-45271+13677","properties":{"area_sq_km":0.0,"count":1,"label":0,"latitude":36.86012189526908,"longitude":-122.00154620927417,"near_healthy_bed":1,"priority_score":1.0,"priority_tier":"monitor","recommended_action":"urchin_removal_then_replant","region_id":"monterey_bay","region_name":"Monterey Bay, CA","state":"CA","status":0,"status_label":"barren"}},{"type":"Feature","geometry":{"geodesic":false,"type":"Polygon","coordinates":[[[-122.00289368212458,36.92614806901705],[-122.00019873627222,36.92614806901705],[-122.00019873627222,36.92884301486941],[-122.00289368212458,36.92884301486941],[-122.00289368212458,36.92614806901705]]]},"id":"-45271+13702","properties":{"area_sq_km":0.0,"count":1,"label":2,"latitude":36.92749554155696,"longitude":-122.00154620916452,"near_healthy_bed":1,"priority_score":1.0,"priority_tier":"monitor","recommended_action":"no_action","region_id":"monterey_bay","region_name":"Monterey Bay, CA","state":"CA","status":2,"status_label":"healthy"}},{"type":"Feature","geometry":{"geodesic":false,"type":"Polygon","coordinates":[[[-122.00558862797693,36.93962279827885],[-122.00558862797693,36.936927852426486],[-122.00289368212458,36.936927852426486],[-122.00289368212458,36.93423290657413],[-122.00019873627222,36.93423290657413],[-122.00019873627222,36.93962279827885],[-122.00558862797693,36.93962279827885]]]},"id":"-45271+13706","properties":{"area_sq_km":0.0,"count":3,"label":2,"latitude":36.93737700370603,"longitude":-122.00244450491188,"near_healthy_bed":1,"priority_score":1.0,"priority_tier":"monitor","recommended_action":"no_action","region_id":"monterey_bay","region_name":"Monterey Bay, CA","state":"CA","status":2,"status_label":"healthy"}},{"type":"Feature","geometry":{"geodesic":false,"type":"Polygon","coordinates":[[[-122.00289368212458,36.94770763583592],[-122.00019873627222,36.94770763583592],[-122.00019873627222,36.95040258168828],[-122.00289368212458,36.95040258168828],[-122.00289368212458,36.94770763583592]]]},"id":"-45271+13710","properties":{"area_sq_km":0.0,"count":1,"label":2,"latitude":36.949055108429384,"longitude":-122.00154620915131,"near_healthy_bed":1,"priority_score":1.0,"priority_tier":"monitor","recommended_action":"no_action","region_id":"monterey_bay","region_name":"Monterey Bay, CA","state":"CA","status":2,"status_label":"healthy"}},{"type":"Feature","geometry":{"geodesic":false,"type":"Polygon","coordinates":[[[-122.00558862797693,36.79679066810384],[-122.00558862797693,36.794095722251484],[-122.00828357382929,36.794095722251484],[-122.00828357382929,36.79140077639912],[-122.00019873627222,36.79140077639912],[-122.00019873627222,36.794095722251484],[-122.00289368212458,36.794095722251484],[-122.00289368212458,36.79679066810384],[-122.00558862797693,36.79679066810384]]]},"id":"-45272+13653","properties":{"area_sq_km":0.0,"count":4,"label":2,"latitude":36.79342200564954,"longitude":-122.00424115503476,"near_healthy_bed":1,"priority_score":1.0,"priority_tier":"monitor","recommended_action":"no_action","region_id":"monterey_bay","region_name":"Monterey Bay, CA","state":"CA","status":2,"status_label":"healthy"}},{"type":"Feature","geometry":{"geodesic":false,"type":"Polygon","coordinates":[[[-122.00558862797693,36.7994856139562],[-122.00289368212458,36.7994856139562],[-122.00289368212458,36.802180559808555],[-122.00558862797693,36.802180559808555],[-122.00558862797693,36.7994856139562]]]},"id":"-45272+13655","properties":{"area_sq_km":0.0,"count":1,"label":2,"latitude":36.800833086577704,"longitude":-122.00424115488049,"near_healthy_bed":1,"priority_score":1.0,"priority_tier":"monitor","recommended_action":"no_action","region_id":"monterey_bay","region_name":"Monterey Bay, CA","state":"CA","status":2,"status_label":"healthy"}},{"type":"Feature","geometry":{"geodesic":false,"type":"Polygon","coordinates":[[[-122.00558862797693,36.82643507247978],[-122.00289368212458,36.82643507247978],[-122.00289368212458,36.829130018332144],[-122.00558862797693,36.829130018332144],[-122.00558862797693,36.82643507247978]]]},"id":"-45272+13665","properties":{"area_sq_km":0.0,"count":1,"label":2,"latitude":36.82778254509243,"longitude":-122.00424115488642,"near_healthy_bed":1,"priority_score":1.0,"priority_tier":"monitor","recommended_action":"no_action","region_id":"monterey_bay","region_name":"Monterey Bay, CA","state":"CA","status":2,"status_label":"healthy"}},{"type":"Feature","geometry":{"geodesic":false,"type":"Polygon","coordinates":[[[-122.00828357382929,36.85068958515101],[-122.00828357382929,36.847994639298655],[-122.00558862797693,36.847994639298655],[-122.00558862797693,36.84529969344629],[-122.00289368212458,36.84529969344629],[-122.00289368212458,36.85068958515101],[-122.00828357382929,36.85068958515101]]]},"id":"-45272+13673","properties":{"area_sq_km":0.0,"count":3,"label":2,"latitude":36.84844379083641,"longitude":-122.00513945076084,"near_healthy_bed":1,"priority_score":1.0,"priority_tier":"monitor","recommended_action":"no_action","region_id":"monterey_bay","region_name":"Monterey Bay, CA","state":"CA","status":2,"status_label":"healthy"}},{"type":"Feature","geometry":{"geodesic":false,"type":"Polygon","coordinates":[[[-122.00558862797693,36.85338453100337],[-122.00289368212458,36.85338453100337],[-122.00289368212458,36.85607947685573],[-122.00558862797693,36.85607947685573],[-122.00558862797693,36.85338453100337]]]},"id":"-45272+13675","properties":{"area_sq_km":0.0,"count":1,"label":2,"latitude":36.85473200340798,"longitude":-122.00424115491728,"near_healthy_bed":1,"priority_score":1.0,"priority_tier":"monitor","recommended_action":"no_action","region_id":"monterey_bay","region_name":"Monterey Bay, CA","state":"CA","status":2,"status_label":"healthy"}},{"type":"Feature","geometry":{"geodesic":false,"type":"Polygon","coordinates":[[[-122.00558862797693,36.85877442270809],[-122.00289368212458,36.85877442270809],[-122.00289368212458,36.86146936856045],[-122.00558862797693,36.86146936856045],[-122.00558862797693,36.85877442270809]]]},"id":"-45272+13677","properties":{"area_sq_km":0.0,"count":1,"label":2,"latitude":36.86012189523883,"longitude":-122.00424115488954,"near_healthy_bed":1,"priority_score":1.0,"priority_tier":"monitor","recommended_action":"no_action","region_id":"monterey_bay","region_name":"Monterey Bay, CA","state":"CA","status":2,"status_label":"healthy"}},{"type":"Feature","geometry":{"geodesic":false,"type":"Polygon","coordinates":[[[-122.00558862797693,36.92075817731234],[-122.00289368212458,36.92075817731234],[-122.00289368212458,36.92345312316469],[-122.00558862797693,36.92345312316469],[-122.00558862797693,36.92075817731234]]]},"id":"-45272+13700","properties":{"area_sq_km":0.0,"count":1,"label":2,"latitude":36.92210564977486,"longitude":-122.00424115492166,"near_healthy_bed":1,"priority_score":1.0,"priority_tier":"monitor","recommended_action":"no_action","region_id":"monterey_bay","region_name":"Monterey Bay, CA","state":"CA","status":2,"status_label":"healthy"}},{"type":"Feature","geometry":{"geodesic":false,"type":"Polygon","coordinates":[[[-122.00828357382929,36.78331593884205],[-122.00558862797693,36.78331593884205],[-122.00558862797693,36.78870583054677],[-122.00828357382929,36.78870583054677],[-122.00828357382929,36.78331593884205]]]},"id":"-45273+13650","properties":{"area_sq_km":0.0,"count":2,"label":2,"latitude":36.786010860615,"longitude":-122.00693610099,"near_healthy_bed":1,"priority_score":1.0,"priority_tier":"monitor","recommended_action":"no_action","region_id":"monterey_bay","region_name":"Monterey Bay, CA","state":"CA","status":2,"status_label":"healthy"}},{"type":"Feature","geometry":{"geodesic":false,"type":"Polygon","coordinates":[[[-122.00828357382929,36.83990980174158],[-122.00558862797693,36.83990980174158],[-122.00558862797693,36.84260474759394],[-122.00828357382929,36.84260474759394],[-122.00828357382929,36.83990980174158]]]},"id":"-45273+13670","properties":{"area_sq_km":0.0,"count":1,"label":2,"latitude":36.841257274202995,"longitude":-122.00693610100166,"near_healthy_bed":1,"priority_score":1.0,"priority_tier":"monitor","recommended_action":"no_action","region_id":"monterey_bay","region_name":"Monterey Bay, CA","state":"CA","status":2,"status_label":"healthy"}},{"type":"Feature","geometry":{"geodesic":false,"type":"Polygon","coordinates":[[[-122.00828357382929,36.8776390436746],[-122.00558862797693,36.8776390436746],[-122.00558862797693,36.88033398952696],[-122.00828357382929,36.88033398952696],[-122.00828357382929,36.8776390436746]]]},"id":"-45273+13684","properties":{"area_sq_km":0.0,"count":1,"label":2,"latitude":36.87898651619941,"longitude":-122.00693610103161,"near_healthy_bed":1,"priority_score":1.0,"priority_tier":"monitor","recommended_action":"no_action","region_id":"monterey_bay","region_name":"Monterey Bay, CA","state":"CA","status":2,"status_label":"healthy"}},{"type":"Feature","geometry":{"geodesic":false,"type":"Polygon","coordinates":[[[-122.01097851968166,36.88841882708403],[-122.00558862797693,36.88841882708403],[-122.00558862797693,36.89111377293639],[-122.01097851968166,36.89111377293639],[-122.01097851968166,36.88841882708403]]]},"id":"-45273+13688","properties":{"area_sq_km":0.0,"count":2,"label":2,"latitude":36.88976632254676,"longitude":-122.00828357383129,"near_healthy_bed":1,"priority_score":1.0,"priority_tier":"monitor","recommended_action":"no_action","region_id":"monterey_bay","region_name":"Monterey Bay, CA","state":"CA","status":2,"status_label":"healthy"}},{"type":"Feature","geometry":{"geodesic":false,"type":"Polygon","coordinates":[[[-122.01367346553401,36.899198610493464],[-122.00558862797693,36.899198610493464],[-122.00558862797693,36.901893556345826],[-122.01367346553401,36.901893556345826],[-122.01367346553401,36.899198610493464]]]},"id":"-45273+13692","properties":{"area_sq_km":0.0,"count":3,"label":2,"latitude":36.900546144015124,"longitude":-122.00963104680106,"near_healthy_bed":1,"priority_score":1.0,"priority_tier":"monitor","recommended_action":"no_action","region_id":"monterey_bay","region_name":"Monterey Bay, CA","state":"CA","status":2,"status_label":"healthy"}},{"type":"Feature","geometry":{"geodesic":false,"type":"Polygon","coordinates":[[[-122.01367346553401,36.92884301486941],[-122.00558862797693,36.92884301486941],[-122.00558862797693,36.93153796072177],[-122.01367346553401,36.93153796072177],[-122.01367346553401,36.92884301486941]]]},"id":"-45273+13703","properties":{"area_sq_km":0.0,"count":3,"label":2,"latitude":36.93019054842524,"longitude":-122.00963104680096,"near_healthy_bed":1,"priority_score":1.0,"priority_tier":"monitor","recommended_action":"no_action","region_id":"monterey_bay","region_name":"Monterey Bay, CA","state":"CA","status":2,"status_label":"healthy"}},{"type":"Feature","geometry":{"geodesic":false,"type":"Polygon","coordinates":[[[-122.01097851968166,36.78870583054677],[-122.00828357382929,36.78870583054677],[-122.00828357382929,36.79140077639912],[-122.01097851968166,36.79140077639912],[-122.01097851968166,36.78870583054677]]]},"id":"-45274+13651","properties":{"area_sq_km":0.0,"count":1,"label":2,"latitude":36.79005330326915,"longitude":-122.0096310466744,"near_healthy_bed":1,"priority_score":1.0,"priority_tier":"monitor","recommended_action":"no_action","region_id":"monterey_bay","region_name":"Monterey Bay, CA","state":"CA","status":2,"status_label":"healthy"}},{"type":"Feature","geometry":{"geodesic":false,"type":"Polygon","coordinates":[[[-122.01097851968166,36.79140077639912],[-122.00828357382929,36.79140077639912],[-122.00828357382929,36.794095722251484],[-122.01097851968166,36.794095722251484],[-122.01097851968166,36.79140077639912]]]},"id":"-45274+13652","properties":{"area_sq_km":0.0,"count":1,"label":0,"latitude":36.79274824900571,"longitude":-122.00963104668274,"near_healthy_bed":1,"priority_score":1.0,"priority_tier":"monitor","recommended_action":"urchin_removal_then_replant","region_id":"monterey_bay","region_name":"Monterey Bay, CA","state":"CA","status":0,"status_label":"barren"}},{"type":"Feature","geometry":{"geodesic":false,"type":"Polygon","coordinates":[[[-122.01097851968166,36.802180559808555],[-122.01097851968166,36.7994856139562],[-122.01367346553401,36.7994856139562],[-122.01367346553401,36.79140077639912],[-122.01097851968166,36.79140077639912],[-122.01097851968166,36.794095722251484],[-122.00828357382929,36.794095722251484],[-122.00828357382929,36.802180559808555],[-122.01097851968166,36.802180559808555]]]},"id":"-45274+13655","properties":{"area_sq_km":0.0,"count":6,"label":2,"latitude":36.796790588483354,"longitude":-122.01097856707207,"near_healthy_bed":1,"priority_score":1.0,"priority_tier":"monitor","recommended_action":"no_action","region_id":"monterey_bay","region_name":"Monterey Bay, CA","state":"CA","status":2,"status_label":"healthy"}},{"type":"Feature","geometry":{"geodesic":false,"type":"Polygon","coordinates":[[[-122.01097851968166,36.82643507247978],[-122.00828357382929,36.82643507247978],[-122.00828357382929,36.829130018332144],[-122.01097851968166,36.829130018332144],[-122.01097851968166,36.82643507247978]]]},"id":"-45274+13665","properties":{"area_sq_km":0.0,"count":1,"label":2,"latitude":36.82778254504603,"longitude":-122.00963104668905,"near_healthy_bed":1,"priority_score":1.0,"priority_tier":"monitor","recommended_action":"no_action","region_id":"monterey_bay","region_name":"Monterey Bay, CA","state":"CA","status":2,"status_label":"healthy"}},{"type":"Feature","geometry":{"geodesic":false,"type":"Polygon","coordinates":[[[-122.01097851968166,36.85068958515101],[-122.00828357382929,36.85068958515101],[-122.00828357382929,36.85338453100337],[-122.01097851968166,36.85338453100337],[-122.01097851968166,36.85068958515101]]]},"id":"-45274+13674","properties":{"area_sq_km":0.0,"count":1,"label":2,"latitude":36.85203705775981,"longitude":-122.00963104672458,"near_healthy_bed":1,"priority_score":1.0,"priority_tier":"monitor","recommended_action":"no_action","region_id":"monterey_bay","region_name":"Monterey Bay, CA","state":"CA","status":2,"status_label":"healthy"}},{"type":"Feature","geometry":{"geodesic":false,"type":"Polygon","coordinates":[[[-122.01097851968166,36.883028935379315],[-122.00828357382929,36.883028935379315],[-122.00828357382929,36.88572388123168],[-122.01097851968166,36.88572388123168],[-122.01097851968166,36.883028935379315]]]},"id":"-45274+13686","properties":{"area_sq_km":0.0,"count":1,"label":2,"latitude":36.88437640817065,"longitude":-122.00963104668106,"near_healthy_bed":1,"priority_score":1.0,"priority_tier":"monitor","recommended_action":"no_action","region_id":"monterey_bay","region_name":"Monterey Bay, CA","state":"CA","status":2,"status_label":"healthy"}},{"type":"Feature","geometry":{"geodesic":false,"type":"Polygon","coordinates":[[[-122.01097851968166,36.936927852426486],[-122.00828357382929,36.936927852426486],[-122.00828357382929,36.93962279827885],[-122.01097851968166,36.93962279827885],[-122.01097851968166,36.936927852426486]]]},"id":"-45274+13706","properties":{"area_sq_km":0.0,"count":1,"label":2,"latitude":36.938275324957395,"longitude":-122.00963104665821,"near_healthy_bed":1,"priority_score":1.0,"priority_tier":"monitor","recommended_action":"no_action","region_id":"monterey_bay","region_name":"Monterey Bay, CA","state":"CA","status":2,"status_label":"healthy"}},{"type":"Feature","geometry":{"geodesic":false,"type":"Polygon","coordinates":[[[-122.01367346553401,36.78870583054677],[-122.01367346553401,36.78331593884205],[-122.01636841138637,36.78331593884205],[-122.01636841138637,36.78062099298969],[-122.01097851968166,36.78062099298969],[-122.01097851968166,36.78870583054677],[-122.01367346553401,36.78870583054677]]]},"id":"-45275+13650","properties":{"area_sq_km":0.0,"count":4,"label":2,"latitude":36.783989625092346,"longitude":-122.01299976280644,"near_healthy_bed":1,"priority_score":1.0,"priority_tier":"monitor","recommended_action":"no_action","region_id":"monterey_bay","region_name":"Monterey Bay, CA","state":"CA","status":2,"status_label":"healthy"}},{"type":"Feature","geometry":{"geodesic":false,"type":"Polygon","coordinates":[[[-122.01367346553401,36.78870583054677],[-122.01097851968166,36.78870583054677],[-122.01097851968166,36.79140077639912],[-122.01367346553401,36.79140077639912],[-122.01367346553401,36.78870583054677]]]},"id":"-45275+13651","properties":{"area_sq_km":0.0,"count":1,"label":0,"latitude":36.79005330323442,"longitude":-122.01232599268437,"near_healthy_bed":1,"priority_score":1.0,"priority_tier":"monitor","recommended_action":"urchin_removal_then_replant","region_id":"monterey_bay","region_name":"Monterey Bay, CA","state":"CA","status":0,"status_label":"barren"}},{"type":"Feature","geometry":{"geodesic":false,"type":"Polygon","coordinates":[[[-122.01367346553401,36.829130018332144],[-122.01097851968166,36.829130018332144],[-122.01097851968166,36.831824964184506],[-122.01367346553401,36.831824964184506],[-122.01367346553401,36.829130018332144]]]},"id":"-45275+13666","properties":{"area_sq_km":0.0,"count":1,"label":2,"latitude":36.83047749090489,"longitude":-122.01232599271897,"near_healthy_bed":1,"priority_score":1.0,"priority_tier":"monitor","recommended_action":"no_action","region_id":"monterey_bay","region_name":"Monterey Bay, CA","state":"CA","status":2,"status_label":"healthy"}},{"type":"Feature","geometry":{"geodesic":false,"type":"Polygon","coordinates":[[[-122.01367346553401,36.95040258168828],[-122.01367346553401,36.94770763583592],[-122.01636841138637,36.94770763583592],[-122.01636841138637,36.945012689983564],[-122.01367346553401,36.945012689983564],[-122.01367346553401,36.93962279827885],[-122.01097851968166,36.93962279827885],[-122.01097851968166,36.95040258168828],[-122.01367346553401,36.95040258168828]]]},"id":"-45275+13710","properties":{"area_sq_km":0.0,"count":5,"label":2,"latitude":36.94528208995101,"longitude":-122.01286496662382,"near_healthy_bed":1,"priority_score":1.0,"priority_tier":"monitor","recommended_action":"no_action","region_id":"monterey_bay","region_name":"Monterey Bay, CA","state":"CA","status":2,"status_label":"healthy"}},{"type":"Feature","geometry":{"geodesic":false,"type":"Polygon","coordinates":[[[-122.01906335723874,36.78870583054677],[-122.01906335723874,36.786010884694406],[-122.01636841138637,36.786010884694406],[-122.01636841138637,36.78331593884205],[-122.01367346553401,36.78331593884205],[-122.01367346553401,36.78870583054677],[-122.01906335723874,36.78870583054677]]]},"id":"-45276+13650","properties":{"area_sq_km":0.0,"count":3,"label":0,"latitude":36.78646003616102,"longitude":-122.01591923417438,"near_healthy_bed":1,"priority_score":1.0,"priority_tier":"monitor","recommended_action":"urchin_removal_then_replant","region_id":"monterey_bay","region_name":"Monterey Bay, CA","state":"CA","status":0,"status_label":"barren"}},{"type":"Feature","geometry":{"geodesic":false,"type":"Polygon","coordinates":[[[-122.01636841138637,36.79140077639912],[-122.01367346553401,36.79140077639912],[-122.01367346553401,36.7994856139562],[-122.01636841138637,36.7994856139562],[-122.01636841138637,36.79140077639912]]]},"id":"-45276+13654","properties":{"area_sq_km":0.0,"count":3,"label":0,"latitude":36.79544313166558,"longitude":-122.01502093845711,"near_healthy_bed":1,"priority_score":1.0,"priority_tier":"monitor","recommended_action":"urchin_removal_then_replant","region_id":"monterey_bay","region_name":"Monterey Bay, CA","state":"CA","status":0,"status_label":"barren"}},{"type":"Feature","geometry":{"geodesic":false,"type":"Polygon","coordinates":[[[-122.01636841138637,36.7994856139562],[-122.01367346553401,36.7994856139562],[-122.01367346553401,36.80487550566092],[-122.01636841138637,36.80487550566092],[-122.01636841138637,36.7994856139562]]]},"id":"-45276+13656","properties":{"area_sq_km":0.0,"count":2,"label":2,"latitude":36.80218053575488,"longitude":-122.01502093839468,"near_healthy_bed":1,"priority_score":1.0,"priority_tier":"monitor","recommended_action":"no_action","region_id":"monterey_bay","region_name":"Monterey Bay, CA","state":"CA","status":2,"status_label":"healthy"}},{"type":"Feature","geometry":{"geodesic":false,"type":"Polygon","coordinates":[[[-122.01636841138637,36.86146936856045],[-122.01367346553401,36.86146936856045],[-122.01367346553401,36.864164314412804],[-122.01636841138637,36.864164314412804],[-122.01636841138637,36.86146936856045]]]},"id":"-45276+13678","properties":{"area_sq_km":0.0,"count":1,"label":2,"latitude":36.86281684114185,"longitude":-122.0150209383367,"near_healthy_bed":1,"priority_score":1.0,"priority_tier":"monitor","recommended_action":"no_action","region_id":"monterey_bay","region_name":"Monterey Bay, CA","state":"CA","status":2,"status_label":"healthy"}},{"type":"Feature","geometry":{"geodesic":false,"type":"Polygon","coordinates":[[[-122.01636841138637,36.87494409782224],[-122.01367346553401,36.87494409782224],[-122.01367346553401,36.8776390436746],[-122.01636841138637,36.8776390436746],[-122.01636841138637,36.87494409782224]]]},"id":"-45276+13683","properties":{"area_sq_km":0.0,"count":1,"label":2,"latitude":36.87629157067255,"longitude":-122.01502093837279,"near_healthy_bed":1,"priority_score":1.0,"priority_tier":"monitor","recommended_action":"no_action","region_id":"monterey_bay","region_name":"Monterey Bay, CA","state":"CA","status":2,"status_label":"healthy"}},{"type":"Feature","geometry":{"geodesic":false,"type":"Polygon","coordinates":[[[-122.01636841138637,36.936927852426486],[-122.01367346553401,36.936927852426486],[-122.01367346553401,36.93962279827885],[-122.01636841138637,36.93962279827885],[-122.01636841138637,36.936927852426486]]]},"id":"-45276+13706","properties":{"area_sq_km":0.0,"count":1,"label":2,"latitude":36.93827532498931,"longitude":-122.01502093840062,"near_healthy_bed":1,"priority_score":1.0,"priority_tier":"monitor","recommended_action":"no_action","region_id":"monterey_bay","region_name":"Monterey Bay, CA","state":"CA","status":2,"status_label":"healthy"}},{"type":"Feature","geometry":{"geodesic":false,"type":"Polygon","coordinates":[[[-122.01636841138637,36.94770763583592],[-122.01367346553401,36.94770763583592],[-122.01367346553401,36.95040258168828],[-122.01636841138637,36.95040258168828],[-122.01636841138637,36.94770763583592]]]},"id":"-45276+13710","properties":{"area_sq_km":0.0,"count":1,"label":0,"latitude":36.949055108438756,"longitude":-122.01502093835914,"near_healthy_bed":1,"priority_score":1.0,"priority_tier":"monitor","recommended_action":"urchin_removal_then_replant","region_id":"monterey_bay","region_name":"Monterey Bay, CA","state":"CA","status":0,"status_label":"barren"}},{"type":"Feature","geometry":{"geodesic":false,"type":"Polygon","coordinates":[[[-122.01906335723874,36.78331593884205],[-122.01636841138637,36.78331593884205],[-122.01636841138637,36.786010884694406],[-122.01906335723874,36.786010884694406],[-122.01906335723874,36.78331593884205]]]},"id":"-45277+13649","properties":{"area_sq_km":0.0,"count":1,"label":2,"latitude":36.78466341126812,"longitude":-122.01771588427572,"near_healthy_bed":1,"priority_score":1.0,"priority_tier":"monitor","recommended_action":"no_action","region_id":"monterey_bay","region_name":"Monterey Bay, CA","state":"CA","status":2,"status_label":"healthy"}},{"type":"Feature","geometry":{"geodesic":false,"type":"Polygon","coordinates":[[[-122.02175830309109,36.7994856139562],[-122.02175830309109,36.79679066810384],[-122.0271481947958,36.79679066810384],[-122.0271481947958,36.794095722251484],[-122.02445324894344,36.794095722251484],[-122.02445324894344,36.79140077639912],[-122.0271481947958,36.79140077639912],[-122.0271481947958,36.78870583054677],[-122.02175830309109,36.78870583054677],[-122.02175830309109,36.79140077639912],[-122.01906335723874,36.79140077639912],[-122.01906335723874,36.78870583054677],[-122.01367346553401,36.78870583054677],[-122.01367346553401,36.79140077639912],[-122.01636841138637,36.79140077639912],[-122.01636841138637,36.7994856139562],[-122.02175830309109,36.7994856139562]]]},"id":"-45277+13654","properties":{"area_sq_km":1.0,"count":13,"label":2,"latitude":36.79357741604174,"longitude":-122.02061814049593,"near_healthy_bed":1,"priority_score":1.0,"priority_tier":"monitor","recommended_action":"no_action","region_id":"monterey_bay","region_name":"Monterey Bay, CA","state":"CA","status":2,"status_label":"healthy"}},{"type":"Feature","geometry":{"geodesic":false,"type":"Polygon","coordinates":[[[-122.03792797820525,36.936927852426486],[-122.03792797820525,36.93423290657413],[-122.03523303235288,36.93423290657413],[-122.03523303235288,36.93153796072177],[-122.02984314064817,36.93153796072177],[-122.02984314064817,36.936927852426486],[-122.0271481947958,36.936927852426486],[-122.0271481947958,36.93962279827885],[-122.02984314064817,36.93962279827885],[-122.02984314064817,36.9423177441312],[-122.02445324894344,36.9423177441312],[-122.02445324894344,36.93962279827885],[-122.01906335723874,36.93962279827885],[-122.01906335723874,36.9423177441312],[-122.02175830309109,36.9423177441312],[-122.02175830309109,36.945012689983564],[-122.01906335723874,36.945012689983564],[-122.01906335723874,36.94770763583592],[-122.01636841138637,36.94770763583592],[-122.01636841138637,36.95040258168828],[-122.02175830309109,36.95040258168828],[-122.02175830309109,36.94770763583592],[-122.02445324894344,36.94770763583592],[-122.02445324894344,36.945012689983564],[-122.0271481947958,36.945012689983564],[-122.0271481947958,36.94770763583592],[-122.03523303235288,36.94770763583592],[-122.03523303235288,36.95040258168828],[-122.04331786990996,36.95040258168828],[-122.04331786990996,36.94770763583592],[-122.04870776161468,36.94770763583592],[-122.04870776161468,36.945012689983564],[-122.06487743672882,36.945012689983564],[-122.06487743672882,36.94770763583592],[-122.06757238258119,36.94770763583592],[-122.06757238258119,36.945012689983564],[-122.07026732843354,36.945012689983564],[-122.07026732843354,36.94770763583592],[-122.0729622742859,36.94770763583592],[-122.0729622742859,36.9423177441312],[-122.06757238258119,36.9423177441312],[-122.06757238258119,36.93962279827885],[-122.05140270746703,36.93962279827885],[-122.05140270746703,36.9423177441312],[-122.04870776161468,36.9423177441312],[-122.04870776161468,36.93962279827885],[-122.04331786990996,36.93962279827885],[-122.04331786990996,36.9423177441312],[-122.0406229240576,36.9423177441312],[-122.0406229240576,36.936927852426486],[-122.03792797820525,36.936927852426486]],[[-122.03792797820525,36.936927852426486],[-122.03253808650052,36.936927852426486],[-122.03253808650052,36.93962279827885],[-122.03523303235288,36.93962279827885],[-122.03523303235288,36.9423177441312],[-122.03792797820525,36.9423177441312],[-122.03792797820525,36.936927852426486]]]},"id":"-45277+13710","properties":{"area_sq_km":4.0,"count":57,"label":2,"latitude":36.943004062247745,"longitude":-122.04215945028263,"near_healthy_bed":1,"priority_score":1.0,"priority_tier":"monitor","recommended_action":"no_action","region_id":"monterey_bay","region_name":"Monterey Bay, CA","state":"CA","status":2,"status_label":"healthy"}},{"type":"Feature","geometry":{"geodesic":false,"type":"Polygon","coordinates":[[[-122.02175830309109,36.75367153446611],[-122.01906335723874,36.75367153446611],[-122.01906335723874,36.759061426170824],[-122.02175830309109,36.759061426170824],[-122.02175830309109,36.75367153446611]]]},"id":"-45278+13639","properties":{"area_sq_km":0.0,"count":2,"label":2,"latitude":36.7563664563344,"longitude":-122.02041083018489,"near_healthy_bed":1,"priority_score":1.0,"priority_tier":"monitor","recommended_action":"no_action","region_id":"monterey_bay","region_name":"Monterey Bay, CA","state":"CA","status":2,"status_label":"healthy"}},{"type":"Feature","geometry":{"geodesic":false,"type":"Polygon","coordinates":[[[-122.02175830309109,36.786010884694406],[-122.01906335723874,36.786010884694406],[-122.01906335723874,36.78870583054677],[-122.02175830309109,36.78870583054677],[-122.02175830309109,36.786010884694406]]]},"id":"-45278+13650","properties":{"area_sq_km":0.0,"count":1,"label":2,"latitude":36.78735835742968,"longitude":-122.0204108302587,"near_healthy_bed":1,"priority_score":1.0,"priority_tier":"monitor","recommended_action":"no_action","region_id":"monterey_bay","region_name":"Monterey Bay, CA","state":"CA","status":2,"status_label":"healthy"}},{"type":"Feature","geometry":{"geodesic":false,"type":"Polygon","coordinates":[[[-122.02175830309109,36.78870583054677],[-122.01906335723874,36.78870583054677],[-122.01906335723874,36.79140077639912],[-122.02175830309109,36.79140077639912],[-122.02175830309109,36.78870583054677]]]},"id":"-45278+13651","properties":{"area_sq_km":0.0,"count":1,"label":0,"latitude":36.79005330319318,"longitude":-122.02041083018139,"near_healthy_bed":1,"priority_score":1.0,"priority_tier":"monitor","recommended_action":"urchin_removal_then_replant","region_id":"monterey_bay","region_name":"Monterey Bay, CA","state":"CA","status":0,"status_label":"barren"}},{"type":"Feature","geometry":{"geodesic":false,"type":"Polygon","coordinates":[[[-122.02175830309109,36.85607947685573],[-122.01906335723874,36.85607947685573],[-122.01906335723874,36.85877442270809],[-122.02175830309109,36.85877442270809],[-122.02175830309109,36.85607947685573]]]},"id":"-45278+13676","properties":{"area_sq_km":0.0,"count":1,"label":2,"latitude":36.85742694966962,"longitude":-122.02041083014964,"near_healthy_bed":1,"priority_score":1.0,"priority_tier":"monitor","recommended_action":"no_action","region_id":"monterey_bay","region_name":"Monterey Bay, CA","state":"CA","status":2,"status_label":"healthy"}},{"type":"Feature","geometry":{"geodesic":false,"type":"Polygon","coordinates":[[[-122.02175830309109,36.883028935379315],[-122.01906335723874,36.883028935379315],[-122.01906335723874,36.88572388123168],[-122.02175830309109,36.88572388123168],[-122.02175830309109,36.883028935379315]]]},"id":"-45278+13686","properties":{"area_sq_km":0.0,"count":1,"label":2,"latitude":36.88437640823128,"longitude":-122.02041083019417,"near_healthy_bed":1,"priority_score":1.0,"priority_tier":"monitor","recommended_action":"no_action","region_id":"monterey_bay","region_name":"Monterey Bay, CA","state":"CA","status":2,"status_label":"healthy"}},{"type":"Feature","geometry":{"geodesic":false,"type":"Polygon","coordinates":[[[-122.02175830309109,36.93423290657413],[-122.01906335723874,36.93423290657413],[-122.01906335723874,36.936927852426486],[-122.02175830309109,36.936927852426486],[-122.02175830309109,36.93423290657413]]]},"id":"-45278+13705","properties":{"area_sq_km":0.0,"count":1,"label":2,"latitude":36.93558037922968,"longitude":-122.0204108302286,"near_healthy_bed":1,"priority_score":1.0,"priority_tier":"monitor","recommended_action":"no_action","region_id":"monterey_bay","region_name":"Monterey Bay, CA","state":"CA","status":2,"status_label":"healthy"}},{"type":"Feature","geometry":{"geodesic":false,"type":"Polygon","coordinates":[[[-122.02445324894344,36.76984120958026],[-122.02175830309109,36.76984120958026],[-122.02175830309109,36.77253615543261],[-122.02445324894344,36.77253615543261],[-122.02445324894344,36.76984120958026]]]},"id":"-45279+13644","properties":{"area_sq_km":0.0,"count":1,"label":2,"latitude":36.77118868208446,"longitude":-122.02310577610723,"near_healthy_bed":1,"priority_score":1.0,"priority_tier":"monitor","recommended_action":"no_action","region_id":"monterey_bay","region_name":"Monterey Bay, CA","state":"CA","status":2,"status_label":"healthy"}},{"type":"Feature","geometry":{"geodesic":false,"type":"Polygon","coordinates":[[[-122.02445324894344,36.78062099298969],[-122.02445324894344,36.77792604713733],[-122.0271481947958,36.77792604713733],[-122.0271481947958,36.77523110128497],[-122.01906335723874,36.77523110128497],[-122.01906335723874,36.77792604713733],[-122.02175830309109,36.77792604713733],[-122.02175830309109,36.78062099298969],[-122.02445324894344,36.78062099298969]]]},"id":"-45279+13647","properties":{"area_sq_km":0.0,"count":4,"label":2,"latitude":36.77725233058945,"longitude":-122.0231057760649,"near_healthy_bed":1,"priority_score":1.0,"priority_tier":"monitor","recommended_action":"no_action","region_id":"monterey_bay","region_name":"Monterey Bay, CA","state":"CA","status":2,"status_label":"healthy"}},{"type":"Feature","geometry":{"geodesic":false,"type":"Polygon","coordinates":[[[-122.02445324894344,36.93153796072177],[-122.02175830309109,36.93153796072177],[-122.02175830309109,36.93423290657413],[-122.02445324894344,36.93423290657413],[-122.02445324894344,36.93153796072177]]]},"id":"-45279+13704","properties":{"area_sq_km":0.0,"count":1,"label":2,"latitude":36.93288543345151,"longitude":-122.0231057760296,"near_healthy_bed":1,"priority_score":1.0,"priority_tier":"monitor","recommended_action":"no_action","region_id":"monterey_bay","region_name":"Monterey Bay, CA","state":"CA","status":2,"status_label":"healthy"}},{"type":"Feature","geometry":{"geodesic":false,"type":"Polygon","coordinates":[[[-122.0271481947958,36.76445131787554],[-122.02445324894344,36.76445131787554],[-122.02445324894344,36.767146263727895],[-122.0271481947958,36.767146263727895],[-122.0271481947958,36.76445131787554]]]},"id":"-45280+13642","properties":{"area_sq_km":0.0,"count":1,"label":2,"latitude":36.765798790592136,"longitude":-122.02580072188502,"near_healthy_bed":1,"priority_score":1.0,"priority_tier":"monitor","recommended_action":"no_action","region_id":"monterey_bay","region_name":"Monterey Bay, CA","state":"CA","status":2,"status_label":"healthy"}},{"type":"Feature","geometry":{"geodesic":false,"type":"Polygon","coordinates":[[[-122.0271481947958,36.80487550566092],[-122.02445324894344,36.80487550566092],[-122.02445324894344,36.80757045151328],[-122.0271481947958,36.80757045151328],[-122.0271481947958,36.80487550566092]]]},"id":"-45280+13657","properties":{"area_sq_km":0.0,"count":1,"label":2,"latitude":36.8062229784436,"longitude":-122.0258007218583,"near_healthy_bed":1,"priority_score":1.0,"priority_tier":"monitor","recommended_action":"no_action","region_id":"monterey_bay","region_name":"Monterey Bay, CA","state":"CA","status":2,"status_label":"healthy"}},{"type":"Feature","geometry":{"geodesic":false,"type":"Polygon","coordinates":[[[-122.0271481947958,36.85607947685573],[-122.02445324894344,36.85607947685573],[-122.02445324894344,36.85877442270809],[-122.0271481947958,36.85877442270809],[-122.0271481947958,36.85607947685573]]]},"id":"-45280+13676","properties":{"area_sq_km":0.0,"count":1,"label":2,"latitude":36.857426949692744,"longitude":-122.0258007218442,"near_healthy_bed":1,"priority_score":1.0,"priority_tier":"monitor","recommended_action":"no_action","region_id":"monterey_bay","region_name":"Monterey Bay, CA","state":"CA","status":2,"status_label":"healthy"}},{"type":"Feature","geometry":{"geodesic":false,"type":"Polygon","coordinates":[[[-122.03253808650052,36.864164314412804],[-122.02445324894344,36.864164314412804],[-122.02445324894344,36.866859260265166],[-122.03253808650052,36.866859260265166],[-122.03253808650052,36.864164314412804]]]},"id":"-45280+13679","properties":{"area_sq_km":0.0,"count":3,"label":2,"latitude":36.86551184788269,"longitude":-122.02849566767088,"near_healthy_bed":1,"priority_score":1.0,"priority_tier":"monitor","recommended_action":"no_action","region_id":"monterey_bay","region_name":"Monterey Bay, CA","state":"CA","status":2,"status_label":"healthy"}},{"type":"Feature","geometry":{"geodesic":false,"type":"Polygon","coordinates":[[[-122.0271481947958,36.8776390436746],[-122.02445324894344,36.8776390436746],[-122.02445324894344,36.88033398952696],[-122.0271481947958,36.88033398952696],[-122.0271481947958,36.8776390436746]]]},"id":"-45280+13684","properties":{"area_sq_km":0.0,"count":1,"label":2,"latitude":36.878986516191446,"longitude":-122.02580072189129,"near_healthy_bed":1,"priority_score":1.0,"priority_tier":"monitor","recommended_action":"no_action","region_id":"monterey_bay","region_name":"Monterey Bay, CA","state":"CA","status":2,"status_label":"healthy"}},{"type":"Feature","geometry":{"geodesic":false,"type":"Polygon","coordinates":[[[-122.02984314064817,36.767146263727895],[-122.0271481947958,36.767146263727895],[-122.0271481947958,36.76984120958026],[-122.02984314064817,36.76984120958026],[-122.02984314064817,36.767146263727895]]]},"id":"-45281+13643","properties":{"area_sq_km":0.0,"count":1,"label":2,"latitude":36.768493736430365,"longitude":-122.02849566754544,"near_healthy_bed":1,"priority_score":1.0,"priority_tier":"monitor","recommended_action":"no_action","region_id":"monterey_bay","region_name":"Monterey Bay, CA","state":"CA","status":2,"status_label":"healthy"}},{"type":"Feature","geometry":{"geodesic":false,"type":"Polygon","coordinates":[[[-122.02984314064817,36.78331593884205],[-122.0271481947958,36.78331593884205],[-122.0271481947958,36.786010884694406],[-122.02984314064817,36.786010884694406],[-122.02984314064817,36.78331593884205]]]},"id":"-45281+13649","properties":{"area_sq_km":0.0,"count":1,"label":2,"latitude":36.78466341122871,"longitude":-122.02849566764644,"near_healthy_bed":1,"priority_score":1.0,"priority_tier":"monitor","recommended_action":"no_action","region_id":"monterey_bay","region_name":"Monterey Bay, CA","state":"CA","status":2,"status_label":"healthy"}},{"type":"Feature","geometry":{"geodesic":false,"type":"Polygon","coordinates":[[[-122.03523303235288,36.84529969344629],[-122.0271481947958,36.84529969344629],[-122.0271481947958,36.847994639298655],[-122.03523303235288,36.847994639298655],[-122.03523303235288,36.84529969344629]]]},"id":"-45281+13672","properties":{"area_sq_km":0.0,"count":3,"label":2,"latitude":36.846647226860576,"longitude":-122.0311906135437,"near_healthy_bed":1,"priority_score":1.0,"priority_tier":"monitor","recommended_action":"no_action","region_id":"monterey_bay","region_name":"Monterey Bay, CA","state":"CA","status":2,"status_label":"healthy"}},{"type":"Feature","geometry":{"geodesic":false,"type":"Polygon","coordinates":[[[-122.02984314064817,36.92614806901705],[-122.0271481947958,36.92614806901705],[-122.0271481947958,36.92884301486941],[-122.02984314064817,36.92884301486941],[-122.02984314064817,36.92614806901705]]]},"id":"-45281+13702","properties":{"area_sq_km":0.0,"count":1,"label":2,"latitude":36.927495541579994,"longitude":-122.02849566754051,"near_healthy_bed":1,"priority_score":1.0,"priority_tier":"monitor","recommended_action":"no_action","region_id":"monterey_bay","region_name":"Monterey Bay, CA","state":"CA","status":2,"status_label":"healthy"}},{"type":"Feature","geometry":{"geodesic":false,"type":"Polygon","coordinates":[[[-122.03253808650052,36.76445131787554],[-122.02984314064817,36.76445131787554],[-122.02984314064817,36.767146263727895],[-122.03253808650052,36.767146263727895],[-122.03253808650052,36.76445131787554]]]},"id":"-45282+13642","properties":{"area_sq_km":0.0,"count":1,"label":2,"latitude":36.76579879061825,"longitude":-122.03119061360402,"near_healthy_bed":1,"priority_score":1.0,"priority_tier":"monitor","recommended_action":"no_action","region_id":"monterey_bay","region_name":"Monterey Bay, CA","state":"CA","status":2,"status_label":"healthy"}},{"type":"Feature","geometry":{"geodesic":false,"type":"Polygon","coordinates":[[[-122.03523303235288,36.80757045151328],[-122.02984314064817,36.80757045151328],[-122.02984314064817,36.81026539736563],[-122.03523303235288,36.81026539736563],[-122.03523303235288,36.80757045151328]]]},"id":"-45282+13658","properties":{"area_sq_km":0.0,"count":2,"label":2,"latitude":36.808917946965344,"longitude":-122.03253808654348,"near_healthy_bed":1,"priority_score":1.0,"priority_tier":"monitor","recommended_action":"no_action","region_id":"monterey_bay","region_name":"Monterey Bay, CA","state":"CA","status":2,"status_label":"healthy"}},{"type":"Feature","geometry":{"geodesic":false,"type":"Polygon","coordinates":[[[-122.03523303235288,36.85068958515101],[-122.02984314064817,36.85068958515101],[-122.02984314064817,36.85338453100337],[-122.03523303235288,36.85338453100337],[-122.03523303235288,36.85068958515101]]]},"id":"-45282+13674","properties":{"area_sq_km":0.0,"count":2,"label":2,"latitude":36.85203708065204,"longitude":-122.03253808651648,"near_healthy_bed":1,"priority_score":1.0,"priority_tier":"monitor","recommended_action":"no_action","region_id":"monterey_bay","region_name":"Monterey Bay, CA","state":"CA","status":2,"status_label":"healthy"}},{"type":"Feature","geometry":{"geodesic":false,"type":"Polygon","coordinates":[[[-122.03253808650052,36.85877442270809],[-122.02984314064817,36.85877442270809],[-122.02984314064817,36.86146936856045],[-122.03253808650052,36.86146936856045],[-122.03253808650052,36.85877442270809]]]},"id":"-45282+13677","properties":{"area_sq_km":0.0,"count":1,"label":2,"latitude":36.86012189522822,"longitude":-122.03119061355939,"near_healthy_bed":1,"priority_score":1.0,"priority_tier":"monitor","recommended_action":"no_action","region_id":"monterey_bay","region_name":"Monterey Bay, CA","state":"CA","status":2,"status_label":"healthy"}},{"type":"Feature","geometry":{"geodesic":false,"type":"Polygon","coordinates":[[[-122.03253808650052,36.883028935379315],[-122.02984314064817,36.883028935379315],[-122.02984314064817,36.88572388123168],[-122.03253808650052,36.88572388123168],[-122.03253808650052,36.883028935379315]]]},"id":"-45282+13686","properties":{"area_sq_km":0.0,"count":1,"label":2,"latitude":36.88437640819182,"longitude":-122.03119061367008,"near_healthy_bed":1,"priority_score":1.0,"priority_tier":"monitor","recommended_action":"no_action","region_id":"monterey_bay","region_name":"Monterey Bay, CA","state":"CA","status":2,"status_label":"healthy"}},{"type":"Feature","geometry":{"geodesic":false,"type":"Polygon","coordinates":[[[-122.03523303235288,36.73750185935195],[-122.03253808650052,36.73750185935195],[-122.03253808650052,36.74019680520431],[-122.03523303235288,36.74019680520431],[-122.03523303235288,36.73750185935195]]]},"id":"-45283+13632","properties":{"area_sq_km":0.0,"count":1,"label":2,"latitude":36.73884933199524,"longitude":-122.03388555946864,"near_healthy_bed":1,"priority_score":1.0,"priority_tier":"monitor","recommended_action":"no_action","region_id":"monterey_bay","region_name":"Monterey Bay, CA","state":"CA","status":2,"status_label":"healthy"}},{"type":"Feature","geometry":{"geodesic":false,"type":"Polygon","coordinates":[[[-122.03523303235288,36.748281642761384],[-122.03253808650052,36.748281642761384],[-122.03253808650052,36.750976588613746],[-122.03523303235288,36.750976588613746],[-122.03523303235288,36.748281642761384]]]},"id":"-45283+13636","properties":{"area_sq_km":0.0,"count":1,"label":2,"latitude":36.74962911543406,"longitude":-122.03388555944345,"near_healthy_bed":1,"priority_score":1.0,"priority_tier":"monitor","recommended_action":"no_action","region_id":"monterey_bay","region_name":"Monterey Bay, CA","state":"CA","status":2,"status_label":"healthy"}},{"type":"Feature","geometry":{"geodesic":false,"type":"Polygon","coordinates":[[[-122.03523303235288,36.76175637202318],[-122.03253808650052,36.76175637202318],[-122.03253808650052,36.76445131787554],[-122.03523303235288,36.76445131787554],[-122.03523303235288,36.76175637202318]]]},"id":"-45283+13641","properties":{"area_sq_km":0.0,"count":1,"label":2,"latitude":36.763103844520025,"longitude":-122.03388555948443,"near_healthy_bed":1,"priority_score":1.0,"priority_tier":"monitor","recommended_action":"no_action","region_id":"monterey_bay","region_name":"Monterey Bay, CA","state":"CA","status":2,"status_label":"healthy"}},{"type":"Feature","geometry":{"geodesic":false,"type":"Polygon","coordinates":[[[-122.03523303235288,36.85607947685573],[-122.03253808650052,36.85607947685573],[-122.03253808650052,36.85877442270809],[-122.03523303235288,36.85877442270809],[-122.03523303235288,36.85607947685573]]]},"id":"-45283+13676","properties":{"area_sq_km":0.0,"count":1,"label":2,"latitude":36.85742694961659,"longitude":-122.03388555947785,"near_healthy_bed":1,"priority_score":1.0,"priority_tier":"monitor","recommended_action":"no_action","region_id":"monterey_bay","region_name":"Monterey Bay, CA","state":"CA","status":2,"status_label":"healthy"}},{"type":"Feature","geometry":{"geodesic":false,"type":"Polygon","coordinates":[[[-122.03792797820525,36.72672207594252],[-122.03523303235288,36.72672207594252],[-122.03523303235288,36.72941702179488],[-122.03792797820525,36.72941702179488],[-122.03792797820525,36.72672207594252]]]},"id":"-45284+13628","properties":{"area_sq_km":0.0,"count":1,"label":2,"latitude":36.72806954864398,"longitude":-122.03658050528622,"near_healthy_bed":1,"priority_score":1.0,"priority_tier":"monitor","recommended_action":"no_action","region_id":"monterey_bay","region_name":"Monterey Bay, CA","state":"CA","status":2,"status_label":"healthy"}},{"type":"Feature","geometry":{"geodesic":false,"type":"Polygon","coordinates":[[[-122.03792797820525,36.732111967647235],[-122.03523303235288,36.732111967647235],[-122.03523303235288,36.7348069134996],[-122.03792797820525,36.7348069134996],[-122.03792797820525,36.732111967647235]]]},"id":"-45284+13630","properties":{"area_sq_km":0.0,"count":1,"label":2,"latitude":36.7334594403148,"longitude":-122.03658050527208,"near_healthy_bed":1,"priority_score":1.0,"priority_tier":"monitor","recommended_action":"no_action","region_id":"monterey_bay","region_name":"Monterey Bay, CA","state":"CA","status":2,"status_label":"healthy"}},{"type":"Feature","geometry":{"geodesic":false,"type":"Polygon","coordinates":[[[-122.03792797820525,36.87224915196988],[-122.03523303235288,36.87224915196988],[-122.03523303235288,36.87494409782224],[-122.03792797820525,36.87494409782224],[-122.03792797820525,36.87224915196988]]]},"id":"-45284+13682","properties":{"area_sq_km":0.0,"count":1,"label":2,"latitude":36.87359662445192,"longitude":-122.03658050534766,"near_healthy_bed":1,"priority_score":1.0,"priority_tier":"monitor","recommended_action":"no_action","region_id":"monterey_bay","region_name":"Monterey Bay, CA","state":"CA","status":2,"status_label":"healthy"}},{"type":"Feature","geometry":{"geodesic":false,"type":"Polygon","coordinates":[[[-122.03792797820525,36.883028935379315],[-122.03523303235288,36.883028935379315],[-122.03523303235288,36.88572388123168],[-122.03792797820525,36.88572388123168],[-122.03792797820525,36.883028935379315]]]},"id":"-45284+13686","properties":{"area_sq_km":0.0,"count":1,"label":2,"latitude":36.8843764081693,"longitude":-122.03658050530308,"near_healthy_bed":1,"priority_score":1.0,"priority_tier":"monitor","recommended_action":"no_action","region_id":"monterey_bay","region_name":"Monterey Bay, CA","state":"CA","status":2,"status_label":"healthy"}},{"type":"Feature","geometry":{"geodesic":false,"type":"Polygon","coordinates":[[[-122.03792797820525,36.9423177441312],[-122.03792797820525,36.936927852426486],[-122.03253808650052,36.936927852426486],[-122.03253808650052,36.93962279827885],[-122.03523303235288,36.93962279827885],[-122.03523303235288,36.9423177441312],[-122.03792797820525,36.9423177441312]]]},"id":"-45284+13707","properties":{"area_sq_km":0.0,"count":3,"label":0,"latitude":36.939173634359186,"longitude":-122.0356821706613,"near_healthy_bed":1,"priority_score":1.0,"priority_tier":"monitor","recommended_action":"urchin_removal_then_replant","region_id":"monterey_bay","region_name":"Monterey Bay, CA","state":"CA","status":0,"status_label":"barren"}},{"type":"Feature","geometry":{"geodesic":false,"type":"Polygon","coordinates":[[[-122.0406229240576,36.72402713009016],[-122.03792797820525,36.72402713009016],[-122.03792797820525,36.72672207594252],[-122.0406229240576,36.72672207594252],[-122.0406229240576,36.72402713009016]]]},"id":"-45285+13627","properties":{"area_sq_km":0.0,"count":1,"label":2,"latitude":36.72537460250873,"longitude":-122.03927545113848,"near_healthy_bed":1,"priority_score":1.0,"priority_tier":"monitor","recommended_action":"no_action","region_id":"monterey_bay","region_name":"Monterey Bay, CA","state":"CA","status":2,"status_label":"healthy"}},{"type":"Feature","geometry":{"geodesic":false,"type":"Polygon","coordinates":[[[-122.04331786990996,36.72672207594252],[-122.0406229240576,36.72672207594252],[-122.0406229240576,36.72941702179488],[-122.04331786990996,36.72941702179488],[-122.04331786990996,36.72672207594252]]]},"id":"-45286+13628","properties":{"area_sq_km":0.0,"count":1,"label":2,"latitude":36.728069548666845,"longitude":-122.0419703970439,"near_healthy_bed":1,"priority_score":1.0,"priority_tier":"monitor","recommended_action":"no_action","region_id":"monterey_bay","region_name":"Monterey Bay, CA","state":"CA","status":2,"status_label":"healthy"}},{"type":"Feature","geometry":{"geodesic":false,"type":"Polygon","coordinates":[[[-122.04331786990996,36.7348069134996],[-122.0406229240576,36.7348069134996],[-122.0406229240576,36.73750185935195],[-122.04331786990996,36.73750185935195],[-122.04331786990996,36.7348069134996]]]},"id":"-45286+13631","properties":{"area_sq_km":0.0,"count":1,"label":2,"latitude":36.73615438621183,"longitude":-122.04197039698086,"near_healthy_bed":1,"priority_score":1.0,"priority_tier":"monitor","recommended_action":"no_action","region_id":"monterey_bay","region_name":"Monterey Bay, CA","state":"CA","status":2,"status_label":"healthy"}},{"type":"Feature","geometry":{"geodesic":false,"type":"Polygon","coordinates":[[[-122.04331786990996,36.85877442270809],[-122.0406229240576,36.85877442270809],[-122.0406229240576,36.86146936856045],[-122.04331786990996,36.86146936856045],[-122.04331786990996,36.85877442270809]]]},"id":"-45286+13677","properties":{"area_sq_km":0.0,"count":1,"label":2,"latitude":36.86012189523871,"longitude":-122.04197039694742,"near_healthy_bed":1,"priority_score":1.0,"priority_tier":"monitor","recommended_action":"no_action","region_id":"monterey_bay","region_name":"Monterey Bay, CA","state":"CA","status":2,"status_label":"healthy"}},{"type":"Feature","geometry":{"geodesic":false,"type":"Polygon","coordinates":[[[-122.04331786990996,36.864164314412804],[-122.0406229240576,36.864164314412804],[-122.0406229240576,36.86955420611752],[-122.04331786990996,36.86955420611752],[-122.04331786990996,36.864164314412804]]]},"id":"-45286+13680","properties":{"area_sq_km":0.0,"count":2,"label":2,"latitude":36.8668592361922,"longitude":-122.04197039695428,"near_healthy_bed":1,"priority_score":1.0,"priority_tier":"monitor","recommended_action":"no_action","region_id":"monterey_bay","region_name":"Monterey Bay, CA","state":"CA","status":2,"status_label":"healthy"}},{"type":"Feature","geometry":{"geodesic":false,"type":"Polygon","coordinates":[[[-122.04601281576231,36.802180559808555],[-122.04331786990996,36.802180559808555],[-122.04331786990996,36.80487550566092],[-122.04601281576231,36.80487550566092],[-122.04601281576231,36.802180559808555]]]},"id":"-45287+13656","properties":{"area_sq_km":0.0,"count":1,"label":2,"latitude":36.80352803232036,"longitude":-122.04466534280134,"near_healthy_bed":1,"priority_score":1.0,"priority_tier":"monitor","recommended_action":"no_action","region_id":"monterey_bay","region_name":"Monterey Bay, CA","state":"CA","status":2,"status_label":"healthy"}},{"type":"Feature","geometry":{"geodesic":false,"type":"Polygon","coordinates":[[[-122.04870776161468,36.85877442270809],[-122.04870776161468,36.85607947685573],[-122.05409765331939,36.85607947685573],[-122.05409765331939,36.85338453100337],[-122.04601281576231,36.85338453100337],[-122.04601281576231,36.85607947685573],[-122.04331786990996,36.85607947685573],[-122.04331786990996,36.85877442270809],[-122.04870776161468,36.85877442270809]]]},"id":"-45287+13676","properties":{"area_sq_km":0.0,"count":5,"label":2,"latitude":36.85581002007984,"longitude":-122.04843832204803,"near_healthy_bed":1,"priority_score":1.0,"priority_tier":"monitor","recommended_action":"no_action","region_id":"monterey_bay","region_name":"Monterey Bay, CA","state":"CA","status":2,"status_label":"healthy"}},{"type":"Feature","geometry":{"geodesic":false,"type":"Polygon","coordinates":[[[-122.04601281576231,36.8776390436746],[-122.04601281576231,36.87494409782224],[-122.04870776161468,36.87494409782224],[-122.04870776161468,36.87224915196988],[-122.04601281576231,36.87224915196988],[-122.04601281576231,36.86955420611752],[-122.04331786990996,36.86955420611752],[-122.04331786990996,36.8776390436746],[-122.04601281576231,36.8776390436746]]]},"id":"-45287+13683","properties":{"area_sq_km":0.0,"count":4,"label":2,"latitude":36.873596582734066,"longitude":-122.04533907917008,"near_healthy_bed":1,"priority_score":1.0,"priority_tier":"monitor","recommended_action":"no_action","region_id":"monterey_bay","region_name":"Monterey Bay, CA","state":"CA","status":2,"status_label":"healthy"}},{"type":"Feature","geometry":{"geodesic":false,"type":"Polygon","coordinates":[[[-122.05140270746703,36.83990980174158],[-122.04601281576231,36.83990980174158],[-122.04601281576231,36.84260474759394],[-122.05140270746703,36.84260474759394],[-122.05140270746703,36.83990980174158]]]},"id":"-45288+13670","properties":{"area_sq_km":0.0,"count":2,"label":2,"latitude":36.84125729701322,"longitude":-122.04870776159495,"near_healthy_bed":1,"priority_score":1.0,"priority_tier":"monitor","recommended_action":"no_action","region_id":"monterey_bay","region_name":"Monterey Bay, CA","state":"CA","status":2,"status_label":"healthy"}},{"type":"Feature","geometry":{"geodesic":false,"type":"Polygon","coordinates":[[[-122.04870776161468,36.8776390436746],[-122.04601281576231,36.8776390436746],[-122.04601281576231,36.88033398952696],[-122.04870776161468,36.88033398952696],[-122.04870776161468,36.8776390436746]]]},"id":"-45288+13684","properties":{"area_sq_km":0.0,"count":1,"label":2,"latitude":36.878986516226114,"longitude":-122.04736028871868,"near_healthy_bed":1,"priority_score":1.0,"priority_tier":"monitor","recommended_action":"no_action","region_id":"monterey_bay","region_name":"Monterey Bay, CA","state":"CA","status":2,"status_label":"healthy"}},{"type":"Feature","geometry":{"geodesic":false,"type":"Polygon","coordinates":[[[-122.04870776161468,36.88572388123168],[-122.04601281576231,36.88572388123168],[-122.04601281576231,36.88841882708403],[-122.04870776161468,36.88841882708403],[-122.04870776161468,36.88572388123168]]]},"id":"-45288+13687","properties":{"area_sq_km":0.0,"count":1,"label":2,"latitude":36.88707135371215,"longitude":-122.04736028865771,"near_healthy_bed":1,"priority_score":1.0,"priority_tier":"monitor","recommended_action":"no_action","region_id":"monterey_bay","region_name":"Monterey Bay, CA","state":"CA","status":2,"status_label":"healthy"}},{"type":"Feature","geometry":{"geodesic":false,"type":"Polygon","coordinates":[[[-122.04870776161468,36.93153796072177],[-122.04601281576231,36.93153796072177],[-122.04601281576231,36.936927852426486],[-122.04870776161468,36.936927852426486],[-122.04870776161468,36.93153796072177]]]},"id":"-45288+13705","properties":{"area_sq_km":0.0,"count":2,"label":2,"latitude":36.93423288250704,"longitude":-122.04736028871787,"near_healthy_bed":1,"priority_score":1.0,"priority_tier":"monitor","recommended_action":"no_action","region_id":"monterey_bay","region_name":"Monterey Bay, CA","state":"CA","status":2,"status_label":"healthy"}},{"type":"Feature","geometry":{"geodesic":false,"type":"Polygon","coordinates":[[[-122.05409765331939,36.750976588613746],[-122.04870776161468,36.750976588613746],[-122.04870776161468,36.75367153446611],[-122.05409765331939,36.75367153446611],[-122.05409765331939,36.750976588613746]]]},"id":"-45289+13637","properties":{"area_sq_km":0.0,"count":2,"label":2,"latitude":36.75232408403918,"longitude":-122.05140270747555,"near_healthy_bed":1,"priority_score":1.0,"priority_tier":"monitor","recommended_action":"no_action","region_id":"monterey_bay","region_name":"Monterey Bay, CA","state":"CA","status":2,"status_label":"healthy"}},{"type":"Feature","geometry":{"geodesic":false,"type":"Polygon","coordinates":[[[-122.05409765331939,36.864164314412804],[-122.05140270746703,36.864164314412804],[-122.05140270746703,36.866859260265166],[-122.05409765331939,36.866859260265166],[-122.05409765331939,36.864164314412804]]]},"id":"-45290+13679","properties":{"area_sq_km":0.0,"count":1,"label":2,"latitude":36.86551178686315,"longitude":-122.0527501803016,"near_healthy_bed":1,"priority_score":1.0,"priority_tier":"monitor","recommended_action":"no_action","region_id":"monterey_bay","region_name":"Monterey Bay, CA","state":"CA","status":2,"status_label":"healthy"}},{"type":"Feature","geometry":{"geodesic":false,"type":"Polygon","coordinates":[[[-122.06757238258119,36.85607947685573],[-122.06218249087647,36.85607947685573],[-122.06218249087647,36.85877442270809],[-122.06757238258119,36.85877442270809],[-122.06757238258119,36.85607947685573]]]},"id":"-45294+13676","properties":{"area_sq_km":0.0,"count":2,"label":2,"latitude":36.85742697237169,"longitude":-122.06487743668956,"near_healthy_bed":1,"priority_score":1.0,"priority_tier":"monitor","recommended_action":"no_action","region_id":"monterey_bay","region_name":"Monterey Bay, CA","state":"CA","status":2,"status_label":"healthy"}},{"type":"Feature","geometry":{"geodesic":false,"type":"Polygon","coordinates":[[[-122.06487743672882,36.866859260265166],[-122.06487743672882,36.86146936856045],[-122.05679259917174,36.86146936856045],[-122.05679259917174,36.864164314412804],[-122.06218249087647,36.864164314412804],[-122.06218249087647,36.866859260265166],[-122.06487743672882,36.866859260265166]]]},"id":"-45294+13679","properties":{"area_sq_km":0.0,"count":4,"label":2,"latitude":36.863490605385984,"longitude":-122.0615087207032,"near_healthy_bed":1,"priority_score":1.0,"priority_tier":"monitor","recommended_action":"no_action","region_id":"monterey_bay","region_name":"Monterey Bay, CA","state":"CA","status":2,"status_label":"healthy"}},{"type":"Feature","geometry":{"geodesic":false,"type":"Polygon","coordinates":[[[-122.07026732843354,36.86146936856045],[-122.06757238258119,36.86146936856045],[-122.06757238258119,36.866859260265166],[-122.07026732843354,36.866859260265166],[-122.07026732843354,36.86146936856045]]]},"id":"-45296+13679","properties":{"area_sq_km":0.0,"count":2,"label":2,"latitude":36.864164290265705,"longitude":-122.06891985544884,"near_healthy_bed":1,"priority_score":1.0,"priority_tier":"monitor","recommended_action":"no_action","region_id":"monterey_bay","region_name":"Monterey Bay, CA","state":"CA","status":2,"status_label":"healthy"}},{"type":"Feature","geometry":{"geodesic":false,"type":"Polygon","coordinates":[[[-122.0729622742859,36.86955420611752],[-122.07026732843354,36.86955420611752],[-122.07026732843354,36.87494409782224],[-122.0729622742859,36.87494409782224],[-122.0729622742859,36.86955420611752]]]},"id":"-45297+13682","properties":{"area_sq_km":0.0,"count":2,"label":2,"latitude":36.87224912780935,"longitude":-122.07161480137017,"near_healthy_bed":1,"priority_score":1.0,"priority_tier":"monitor","recommended_action":"no_action","region_id":"monterey_bay","region_name":"Monterey Bay, CA","state":"CA","status":2,"status_label":"healthy"}},{"type":"Feature","geometry":{"geodesic":false,"type":"Polygon","coordinates":[[[-122.07565722013825,36.86146936856045],[-122.0729622742859,36.86146936856045],[-122.0729622742859,36.86955420611752],[-122.07565722013825,36.86955420611752],[-122.07565722013825,36.86146936856045]]]},"id":"-45298+13680","properties":{"area_sq_km":0.0,"count":3,"label":2,"latitude":36.86551172365286,"longitude":-122.07430974722547,"near_healthy_bed":1,"priority_score":1.0,"priority_tier":"monitor","recommended_action":"no_action","region_id":"monterey_bay","region_name":"Monterey Bay, CA","state":"CA","status":2,"status_label":"healthy"}},{"type":"Feature","geometry":{"geodesic":false,"type":"Polygon","coordinates":[[[-122.07835216599062,36.85338453100337],[-122.07565722013825,36.85338453100337],[-122.07565722013825,36.85607947685573],[-122.07835216599062,36.85607947685573],[-122.07835216599062,36.85338453100337]]]},"id":"-45299+13675","properties":{"area_sq_km":0.0,"count":1,"label":2,"latitude":36.85473200344642,"longitude":-122.0770046929593,"near_healthy_bed":1,"priority_score":1.0,"priority_tier":"monitor","recommended_action":"no_action","region_id":"monterey_bay","region_name":"Monterey Bay, CA","state":"CA","status":2,"status_label":"healthy"}},{"type":"Feature","geometry":{"geodesic":false,"type":"Polygon","coordinates":[[[-122.07835216599062,36.85877442270809],[-122.07565722013825,36.85877442270809],[-122.07565722013825,36.86146936856045],[-122.07835216599062,36.86146936856045],[-122.07835216599062,36.85877442270809]]]},"id":"-45299+13677","properties":{"area_sq_km":0.0,"count":1,"label":2,"latitude":36.86012189529425,"longitude":-122.07700469293081,"near_healthy_bed":1,"priority_score":1.0,"priority_tier":"monitor","recommended_action":"no_action","region_id":"monterey_bay","region_name":"Monterey Bay, CA","state":"CA","status":2,"status_label":"healthy"}},{"type":"Feature","geometry":{"geodesic":false,"type":"Polygon","coordinates":[[[-122.08104711184298,36.8776390436746],[-122.07565722013825,36.8776390436746],[-122.07565722013825,36.88033398952696],[-122.08104711184298,36.88033398952696],[-122.08104711184298,36.8776390436746]]]},"id":"-45299+13684","properties":{"area_sq_km":0.0,"count":2,"label":2,"latitude":36.87898653906883,"longitude":-122.0783521659651,"near_healthy_bed":1,"priority_score":1.0,"priority_tier":"monitor","recommended_action":"no_action","region_id":"monterey_bay","region_name":"Monterey Bay, CA","state":"CA","status":2,"status_label":"healthy"}},{"type":"Feature","geometry":{"geodesic":false,"type":"Polygon","coordinates":[[[-122.08104711184298,36.866859260265166],[-122.07835216599062,36.866859260265166],[-122.07835216599062,36.86955420611752],[-122.08104711184298,36.86955420611752],[-122.08104711184298,36.866859260265166]]]},"id":"-45300+13680","properties":{"area_sq_km":0.0,"count":1,"label":2,"latitude":36.86820673305793,"longitude":-122.07969963890798,"near_healthy_bed":1,"priority_score":1.0,"priority_tier":"monitor","recommended_action":"no_action","region_id":"monterey_bay","region_name":"Monterey Bay, CA","state":"CA","status":2,"status_label":"healthy"}},{"type":"Feature","geometry":{"geodesic":false,"type":"Polygon","coordinates":[[[-122.08374205769533,36.93962279827885],[-122.07835216599062,36.93962279827885],[-122.07835216599062,36.9423177441312],[-122.08374205769533,36.9423177441312],[-122.08374205769533,36.93962279827885]]]},"id":"-45300+13707","properties":{"area_sq_km":0.0,"count":2,"label":2,"latitude":36.94097029393979,"longitude":-122.0810471118836,"near_healthy_bed":1,"priority_score":1.0,"priority_tier":"monitor","recommended_action":"no_action","region_id":"monterey_bay","region_name":"Monterey Bay, CA","state":"CA","status":2,"status_label":"healthy"}},{"type":"Feature","geometry":{"geodesic":false,"type":"Polygon","coordinates":[[[-122.08104711184298,36.95040258168828],[-122.08104711184298,36.94770763583592],[-122.08374205769533,36.94770763583592],[-122.08374205769533,36.945012689983564],[-122.07835216599062,36.945012689983564],[-122.07835216599062,36.95040258168828],[-122.08104711184298,36.95040258168828]]]},"id":"-45300+13710","properties":{"area_sq_km":0.0,"count":3,"label":2,"latitude":36.94725847193616,"longitude":-122.08059797363138,"near_healthy_bed":1,"priority_score":1.0,"priority_tier":"monitor","recommended_action":"no_action","region_id":"monterey_bay","region_name":"Monterey Bay, CA","state":"CA","status":2,"status_label":"healthy"}},{"type":"Feature","geometry":{"geodesic":false,"type":"Polygon","coordinates":[[[-122.08913194940006,36.945012689983564],[-122.08913194940006,36.93962279827885],[-122.0864370035477,36.93962279827885],[-122.0864370035477,36.9423177441312],[-122.08374205769533,36.9423177441312],[-122.08374205769533,36.945012689983564],[-122.08913194940006,36.945012689983564]]]},"id":"-45302+13708","properties":{"area_sq_km":0.0,"count":3,"label":2,"latitude":36.942766895438034,"longitude":-122.08688618077028,"near_healthy_bed":1,"priority_score":1.0,"priority_tier":"monitor","recommended_action":"no_action","region_id":"monterey_bay","region_name":"Monterey Bay, CA","state":"CA","status":2,"status_label":"healthy"}},{"type":"Feature","geometry":{"geodesic":false,"type":"Polygon","coordinates":[[[-122.08913194940006,36.86146936856045],[-122.0864370035477,36.86146936856045],[-122.0864370035477,36.864164314412804],[-122.08913194940006,36.864164314412804],[-122.08913194940006,36.86146936856045]]]},"id":"-45303+13678","properties":{"area_sq_km":0.0,"count":1,"label":2,"latitude":36.86281684120006,"longitude":-122.08778447651272,"near_healthy_bed":1,"priority_score":1.0,"priority_tier":"monitor","recommended_action":"no_action","region_id":"monterey_bay","region_name":"Monterey Bay, CA","state":"CA","status":2,"status_label":"healthy"}},{"type":"Feature","geometry":{"geodesic":false,"type":"Polygon","coordinates":[[[-122.09721678695713,36.95040258168828],[-122.09721678695713,36.945012689983564],[-122.09452184110476,36.945012689983564],[-122.09452184110476,36.94770763583592],[-122.0864370035477,36.94770763583592],[-122.0864370035477,36.95040258168828],[-122.09721678695713,36.95040258168828]]]},"id":"-45303+13710","properties":{"area_sq_km":0.0,"count":5,"label":2,"latitude":36.94851619531244,"longitude":-122.09263542599128,"near_healthy_bed":1,"priority_score":1.0,"priority_tier":"monitor","recommended_action":"no_action","region_id":"monterey_bay","region_name":"Monterey Bay, CA","state":"CA","status":2,"status_label":"healthy"}},{"type":"Feature","geometry":{"geodesic":false,"type":"Polygon","coordinates":[[[-122.09452184110476,36.86955420611752],[-122.09182689525241,36.86955420611752],[-122.09182689525241,36.87224915196988],[-122.09452184110476,36.87224915196988],[-122.09452184110476,36.86955420611752]]]},"id":"-45305+13681","properties":{"area_sq_km":0.0,"count":1,"label":2,"latitude":36.87090167866706,"longitude":-122.09317436819634,"near_healthy_bed":1,"priority_score":1.0,"priority_tier":"monitor","recommended_action":"no_action","region_id":"monterey_bay","region_name":"Monterey Bay, CA","state":"CA","status":2,"status_label":"healthy"}},{"type":"Feature","geometry":{"geodesic":false,"type":"Polygon","coordinates":[[[-122.09991173280949,36.945012689983564],[-122.09721678695713,36.945012689983564],[-122.09721678695713,36.95040258168828],[-122.09991173280949,36.95040258168828],[-122.09991173280949,36.945012689983564]]]},"id":"-45307+13710","properties":{"area_sq_km":0.0,"count":2,"label":0,"latitude":36.94770761165468,"longitude":-122.09856426000832,"near_healthy_bed":1,"priority_score":1.0,"priority_tier":"monitor","recommended_action":"urchin_removal_then_replant","region_id":"monterey_bay","region_name":"Monterey Bay, CA","state":"CA","status":0,"status_label":"barren"}},{"type":"Feature","geometry":{"geodesic":false,"type":"Polygon","coordinates":[[[-122.10260667866184,36.95040258168828],[-122.10260667866184,36.9423177441312],[-122.09721678695713,36.9423177441312],[-122.09721678695713,36.945012689983564],[-122.09991173280949,36.945012689983564],[-122.09991173280949,36.95040258168828],[-122.10260667866184,36.95040258168828]]]},"id":"-45308+13710","properties":{"area_sq_km":0.0,"count":4,"label":2,"latitude":36.94568637573916,"longitude":-122.10058543546184,"near_healthy_bed":1,"priority_score":1.0,"priority_tier":"monitor","recommended_action":"no_action","region_id":"monterey_bay","region_name":"Monterey Bay, CA","state":"CA","status":2,"status_label":"healthy"}},{"type":"Feature","geometry":{"geodesic":false,"type":"Polygon","coordinates":[[[-122.11338646207128,36.94770763583592],[-122.10799657036657,36.94770763583592],[-122.10799657036657,36.95040258168828],[-122.11338646207128,36.95040258168828],[-122.11338646207128,36.94770763583592]]]},"id":"-45311+13710","properties":{"area_sq_km":0.0,"count":2,"label":2,"latitude":36.94905513109048,"longitude":-122.11069151625222,"near_healthy_bed":1,"priority_score":1.0,"priority_tier":"monitor","recommended_action":"no_action","region_id":"monterey_bay","region_name":"Monterey Bay, CA","state":"CA","status":2,"status_label":"healthy"}},{"type":"Feature","geometry":{"geodesic":false,"type":"Polygon","coordinates":[[[-122.11608140792364,36.945012689983564],[-122.11338646207128,36.945012689983564],[-122.11338646207128,36.94770763583592],[-122.11608140792364,36.94770763583592],[-122.11608140792364,36.945012689983564]]]},"id":"-45313+13709","properties":{"area_sq_km":0.0,"count":1,"label":2,"latitude":36.946360162561014,"longitude":-122.11473393501328,"near_healthy_bed":1,"priority_score":1.0,"priority_tier":"monitor","recommended_action":"no_action","region_id":"monterey_bay","region_name":"Monterey Bay, CA","state":"CA","status":2,"status_label":"healthy"}},{"type":"Feature","geometry":{"geodesic":false,"type":"Polygon","coordinates":[[[-122.11608140792364,36.94770763583592],[-122.11338646207128,36.94770763583592],[-122.11338646207128,36.95040258168828],[-122.11608140792364,36.95040258168828],[-122.11608140792364,36.94770763583592]]]},"id":"-45313+13710","properties":{"area_sq_km":0.0,"count":1,"label":0,"latitude":36.94905510841198,"longitude":-122.11473393499763,"near_healthy_bed":1,"priority_score":1.0,"priority_tier":"monitor","recommended_action":"urchin_removal_then_replant","region_id":"monterey_bay","region_name":"Monterey Bay, CA","state":"CA","status":0,"status_label":"barren"}},{"type":"Feature","geometry":{"geodesic":false,"type":"Polygon","coordinates":[[[-122.118776353776,36.94770763583592],[-122.11608140792364,36.94770763583592],[-122.11608140792364,36.95040258168828],[-122.118776353776,36.95040258168828],[-122.118776353776,36.94770763583592]]]},"id":"-45314+13710","properties":{"area_sq_km":0.0,"count":1,"label":2,"latitude":36.94905510843723,"longitude":-122.11742888082581,"near_healthy_bed":1,"priority_score":1.0,"priority_tier":"monitor","recommended_action":"no_action","region_id":"monterey_bay","region_name":"Monterey Bay, CA","state":"CA","status":2,"status_label":"healthy"}},{"type":"Feature","geometry":{"geodesic":false,"type":"Polygon","coordinates":[[[-122.12416624548071,36.94770763583592],[-122.12147129962835,36.94770763583592],[-122.12147129962835,36.95040258168828],[-122.12416624548071,36.95040258168828],[-122.12416624548071,36.94770763583592]]]},"id":"-45316+13710","properties":{"area_sq_km":0.0,"count":1,"label":2,"latitude":36.949055108424446,"longitude":-122.12281877251138,"near_healthy_bed":1,"priority_score":1.0,"priority_tier":"monitor","recommended_action":"no_action","region_id":"monterey_bay","region_name":"Monterey Bay, CA","state":"CA","status":2,"status_label":"healthy"}},{"type":"Feature","geometry":{"geodesic":false,"type":"Polygon","coordinates":[[[-122.12686119133308,36.945012689983564],[-122.12416624548071,36.945012689983564],[-122.12416624548071,36.94770763583592],[-122.12686119133308,36.94770763583592],[-122.12686119133308,36.945012689983564]]]},"id":"-45317+13709","properties":{"area_sq_km":0.0,"count":1,"label":2,"latitude":36.946360162548636,"longitude":-122.12551371844673,"near_healthy_bed":1,"priority_score":1.0,"priority_tier":"monitor","recommended_action":"no_action","region_id":"monterey_bay","region_name":"Monterey Bay, CA","state":"CA","status":2,"status_label":"healthy"}},{"type":"Feature","geometry":{"geodesic":false,"type":"Polygon","coordinates":[[[-122.13764097474251,36.95040258168828],[-122.13764097474251,36.945012689983564],[-122.13494602889014,36.945012689983564],[-122.13494602889014,36.94770763583592],[-122.12955613718543,36.94770763583592],[-122.12955613718543,36.95040258168828],[-122.13764097474251,36.95040258168828]]]},"id":"-45319+13710","properties":{"area_sq_km":0.0,"count":4,"label":2,"latitude":36.948381399803154,"longitude":-122.13427232635833,"near_healthy_bed":1,"priority_score":1.0,"priority_tier":"monitor","recommended_action":"no_action","region_id":"monterey_bay","region_name":"Monterey Bay, CA","state":"CA","status":2,"status_label":"healthy"}},{"type":"Feature","geometry":{"geodesic":false,"type":"Polygon","coordinates":[[[-122.14303086644722,36.945012689983564],[-122.14033592059486,36.945012689983564],[-122.14033592059486,36.95040258168828],[-122.14303086644722,36.95040258168828],[-122.14303086644722,36.945012689983564]]]},"id":"-45323+13710","properties":{"area_sq_km":0.0,"count":2,"label":2,"latitude":36.94770761165946,"longitude":-122.14168339354863,"near_healthy_bed":1,"priority_score":1.0,"priority_tier":"monitor","recommended_action":"no_action","region_id":"monterey_bay","region_name":"Monterey Bay, CA","state":"CA","status":2,"status_label":"healthy"}},{"type":"Feature","geometry":{"geodesic":false,"type":"Polygon","coordinates":[[[-122.1511157040043,36.936927852426486],[-122.14842075815194,36.936927852426486],[-122.14842075815194,36.93962279827885],[-122.1511157040043,36.93962279827885],[-122.1511157040043,36.936927852426486]]]},"id":"-45326+13706","properties":{"area_sq_km":0.0,"count":1,"label":2,"latitude":36.93827532498736,"longitude":-122.14976823118793,"near_healthy_bed":1,"priority_score":1.0,"priority_tier":"monitor","recommended_action":"no_action","region_id":"monterey_bay","region_name":"Monterey Bay, CA","state":"CA","status":2,"status_label":"healthy"}},{"type":"Feature","geometry":{"geodesic":false,"type":"Polygon","coordinates":[[[-121.7738232846741,36.81026539736563],[-121.77112833882174,36.81026539736563],[-121.77112833882174,36.812960343217995],[-121.7738232846741,36.812960343217995],[-121.7738232846741,36.81026539736563]]]},"id":"-45186+13659","properties":{"area_sq_km":0.0,"count":1,"label":1,"latitude":36.811612869914384,"longitude":-121.77247581168135,"near_healthy_bed":0,"priority_score":0.0,"priority_tier":"monitor","recommended_action":"monitor_and_replant","region_id":"monterey_bay","region_name":"Monterey Bay, CA","state":"CA","status":1,"status_label":"recovering"}},{"type":"Feature","geometry":{"geodesic":false,"type":"Polygon","coordinates":[[[-121.91935036070146,36.627009079405255],[-121.9166554148491,36.627009079405255],[-121.9166554148491,36.62970402525761],[-121.91935036070146,36.62970402525761],[-121.91935036070146,36.627009079405255]]]},"id":"-45240+13591","properties":{"area_sq_km":0.0,"count":1,"label":1,"latitude":36.628356552085954,"longitude":-121.91800288786999,"near_healthy_bed":0,"priority_score":0.0,"priority_tier":"monitor","recommended_action":"monitor_and_replant","region_id":"monterey_bay","region_name":"Monterey Bay, CA","state":"CA","status":1,"status_label":"recovering"}},{"type":"Feature","geometry":{"geodesic":false,"type":"Polygon","coordinates":[[[-121.93552003581561,36.52190619116327],[-121.93282508996326,36.52190619116327],[-121.93282508996326,36.52460113701563],[-121.93552003581561,36.52460113701563],[-121.93552003581561,36.52190619116327]]]},"id":"-45246+13552","properties":{"area_sq_km":0.0,"count":1,"label":1,"latitude":36.523253663943706,"longitude":-121.93417256283699,"near_healthy_bed":0,"priority_score":0.0,"priority_tier":"monitor","recommended_action":"monitor_and_replant","region_id":"monterey_bay","region_name":"Monterey Bay, CA","state":"CA","status":1,"status_label":"recovering"}},{"type":"Feature","geometry":{"geodesic":false,"type":"Polygon","coordinates":[[[-121.93552003581561,36.55424554139157],[-121.93282508996326,36.55424554139157],[-121.93282508996326,36.55694048724393],[-121.93552003581561,36.55694048724393],[-121.93552003581561,36.55424554139157]]]},"id":"-45246+13564","properties":{"area_sq_km":0.0,"count":1,"label":1,"latitude":36.55559301417513,"longitude":-121.93417256290678,"near_healthy_bed":0,"priority_score":0.0,"priority_tier":"monitor","recommended_action":"monitor_and_replant","region_id":"monterey_bay","region_name":"Monterey Bay, CA","state":"CA","status":1,"status_label":"recovering"}},{"type":"Feature","geometry":{"geodesic":false,"type":"Polygon","coordinates":[[[-121.94090992752034,36.52190619116327],[-121.93821498166797,36.52190619116327],[-121.93821498166797,36.52460113701563],[-121.94090992752034,36.52460113701563],[-121.94090992752034,36.52190619116327]]]},"id":"-45248+13552","properties":{"area_sq_km":0.0,"count":1,"label":1,"latitude":36.52325366391444,"longitude":-121.93956245451253,"near_healthy_bed":0,"priority_score":0.0,"priority_tier":"monitor","recommended_action":"monitor_and_replant","region_id":"monterey_bay","region_name":"Monterey Bay, CA","state":"CA","status":1,"status_label":"recovering"}},{"type":"Feature","geometry":{"geodesic":false,"type":"Polygon","coordinates":[[[-121.94360487337269,36.562330378948644],[-121.94090992752034,36.562330378948644],[-121.94090992752034,36.565025324801006],[-121.94360487337269,36.565025324801006],[-121.94360487337269,36.562330378948644]]]},"id":"-45249+13567","properties":{"area_sq_km":0.0,"count":1,"label":1,"latitude":36.56367785168455,"longitude":-121.94225740040012,"near_healthy_bed":0,"priority_score":0.0,"priority_tier":"monitor","recommended_action":"monitor_and_replant","region_id":"monterey_bay","region_name":"Monterey Bay, CA","state":"CA","status":1,"status_label":"recovering"}},{"type":"Feature","geometry":{"geodesic":false,"type":"Polygon","coordinates":[[[-121.94629981922505,36.55963543309629],[-121.94360487337269,36.55963543309629],[-121.94360487337269,36.562330378948644],[-121.94629981922505,36.562330378948644],[-121.94629981922505,36.55963543309629]]]},"id":"-45250+13566","properties":{"area_sq_km":0.0,"count":1,"label":1,"latitude":36.56098290553691,"longitude":-121.94495234639064,"near_healthy_bed":0,"priority_score":0.0,"priority_tier":"monitor","recommended_action":"monitor_and_replant","region_id":"monterey_bay","region_name":"Monterey Bay, CA","state":"CA","status":1,"status_label":"recovering"}},{"type":"Feature","geometry":{"geodesic":false,"type":"Polygon","coordinates":[[[-121.96785938604391,36.58927983747223],[-121.96516444019156,36.58927983747223],[-121.96516444019156,36.59197478332459],[-121.96785938604391,36.59197478332459],[-121.96785938604391,36.58927983747223]]]},"id":"-45258+13577","properties":{"area_sq_km":0.0,"count":1,"label":1,"latitude":36.59062731022306,"longitude":-121.96651191307615,"near_healthy_bed":0,"priority_score":0.0,"priority_tier":"monitor","recommended_action":"monitor_and_replant","region_id":"monterey_bay","region_name":"Monterey Bay, CA","state":"CA","status":1,"status_label":"recovering"}},{"type":"Feature","geometry":{"geodesic":false,"type":"Polygon","coordinates":[[[-121.97324927774864,36.57041521650572],[-121.97055433189628,36.57041521650572],[-121.97055433189628,36.57311016235808],[-121.97324927774864,36.57311016235808],[-121.97324927774864,36.57041521650572]]]},"id":"-45260+13570","properties":{"area_sq_km":0.0,"count":1,"label":1,"latitude":36.57176268924007,"longitude":-121.97190180502346,"near_healthy_bed":0,"priority_score":0.0,"priority_tier":"monitor","recommended_action":"monitor_and_replant","region_id":"monterey_bay","region_name":"Monterey Bay, CA","state":"CA","status":1,"status_label":"recovering"}}]}