{"type":"FeatureCollection","features":[{"type":"Feature","geometry":{"geodesic":false,"type":"Polygon","coordinates":[[[-122.78981787101328,47.30168960059753],[-122.78981787101328,47.298994654745165],[-122.74400379152318,47.298994654745165],[-122.74400379152318,47.30438454644988],[-122.74130884567083,47.30438454644988],[-122.74130884567083,47.309774438154605],[-122.7359189539661,47.309774438154605],[-122.7359189539661,47.31246938400696],[-122.73322400811375,47.31246938400696],[-122.73322400811375,47.31516432985932],[-122.7305290622614,47.31516432985932],[-122.7305290622614,47.32324916741639],[-122.72783411640903,47.32324916741639],[-122.72783411640903,47.33672389667819],[-122.71974927885196,47.33672389667819],[-122.71974927885196,47.33941884253055],[-122.71435938714724,47.33941884253055],[-122.71435938714724,47.3421137883829],[-122.70896949544252,47.3421137883829],[-122.70896949544252,47.34750368008762],[-122.70088465788545,47.34750368008762],[-122.70088465788545,47.35019862593998],[-122.69549476618073,47.35019862593998],[-122.69549476618073,47.352893571792336],[-122.69279982032837,47.352893571792336],[-122.69279982032837,47.3555885176447],[-122.690104874476,47.3555885176447],[-122.690104874476,47.35828346349706],[-122.68202003691894,47.35828346349706],[-122.68202003691894,47.363673355201776],[-122.67663014521422,47.363673355201776],[-122.67663014521422,47.36636830105413],[-122.67393519936186,47.36636830105413],[-122.67393519936186,47.363673355201776],[-122.67124025350951,47.363673355201776],[-122.67124025350951,47.36636830105413],[-122.66585036180479,47.36636830105413],[-122.66585036180479,47.36906324690649],[-122.66315541595243,47.36906324690649],[-122.66315541595243,47.36636830105413],[-122.65776552424771,47.36636830105413],[-122.65776552424771,47.363673355201776],[-122.66315541595243,47.363673355201776],[-122.66315541595243,47.360978409349414],[-122.66585036180479,47.360978409349414],[-122.66585036180479,47.35828346349706],[-122.66046047010006,47.35828346349706],[-122.66046047010006,47.35019862593998],[-122.66315541595243,47.35019862593998],[-122.66315541595243,47.34750368008762],[-122.66585036180479,47.34750368008762],[-122.66585036180479,47.344808734235265],[-122.67663014521422,47.344808734235265],[-122.67663014521422,47.33941884253055],[-122.67932509106657,47.33941884253055],[-122.67932509106657,47.33402895082583],[-122.68202003691894,47.33402895082583],[-122.68202003691894,47.33133400497347],[-122.690104874476,47.33133400497347],[-122.690104874476,47.33941884253055],[-122.69279982032837,47.33941884253055],[-122.69279982032837,47.33672389667819],[-122.69549476618073,47.33672389667819],[-122.69549476618073,47.33941884253055],[-122.70088465788545,47.33941884253055],[-122.70088465788545,47.33672389667819],[-122.69818971203308,47.33672389667819],[-122.69818971203308,47.33133400497347],[-122.70627454959016,47.33133400497347],[-122.70627454959016,47.325944113268754],[-122.70088465788545,47.325944113268754],[-122.70088465788545,47.32324916741639],[-122.70896949544252,47.32324916741639],[-122.70896949544252,47.32055422156404],[-122.70627454959016,47.32055422156404],[-122.70627454959016,47.317859275711676],[-122.70357960373781,47.317859275711676],[-122.70357960373781,47.32055422156404],[-122.70088465788545,47.32055422156404],[-122.70088465788545,47.317859275711676],[-122.69818971203308,47.317859275711676],[-122.69818971203308,47.32324916741639],[-122.69279982032837,47.32324916741639],[-122.69279982032837,47.32055422156404],[-122.690104874476,47.32055422156404],[-122.690104874476,47.317859275711676],[-122.6847149827713,47.317859275711676],[-122.6847149827713,47.32324916741639],[-122.68202003691894,47.32324916741639],[-122.68202003691894,47.32863905912111],[-122.67932509106657,47.32863905912111],[-122.67932509106657,47.325944113268754],[-122.67663014521422,47.325944113268754],[-122.67663014521422,47.32055422156404],[-122.67932509106657,47.32055422156404],[-122.67932509106657,47.31516432985932],[-122.68740992862365,47.31516432985932],[-122.68740992862365,47.309774438154605],[-122.690104874476,47.309774438154605],[-122.690104874476,47.298994654745165],[-122.55805252771044,47.298994654745165],[-122.55805252771044,47.30168960059753],[-122.55535758185809,47.30168960059753],[-122.55535758185809,47.30707949230224],[-122.55266263600572,47.30707949230224],[-122.55266263600572,47.309774438154605],[-122.54457779844866,47.309774438154605],[-122.54457779844866,47.30707949230224],[-122.53918790674393,47.30707949230224],[-122.53918790674393,47.30438454644988],[-122.54996769015337,47.30438454644988],[-122.54996769015337,47.30168960059753],[-122.54727274430101,47.30168960059753],[-122.54727274430101,47.298994654745165],[-122.54457779844866,47.298994654745165],[-122.54457779844866,47.30168960059753],[-122.53649296089158,47.30168960059753],[-122.53649296089158,47.298994654745165],[-122.49876371895856,47.298994654745165],[-122.49876371895856,47.30168960059753],[-122.50145866481091,47.30168960059753],[-122.50145866481091,47.30438454644988],[-122.50415361066327,47.30438454644988],[-122.50415361066327,47.31246938400696],[-122.51493339407271,47.31246938400696],[-122.51493339407271,47.309774438154605],[-122.51762833992507,47.309774438154605],[-122.51762833992507,47.31246938400696],[-122.52032328577742,47.31246938400696],[-122.52032328577742,47.32055422156404],[-122.52301823162978,47.32055422156404],[-122.52301823162978,47.32863905912111],[-122.52032328577742,47.32863905912111],[-122.52032328577742,47.33133400497347],[-122.51493339407271,47.33133400497347],[-122.51493339407271,47.32863905912111],[-122.50684855651564,47.32863905912111],[-122.50684855651564,47.325944113268754],[-122.50415361066327,47.325944113268754],[-122.50415361066327,47.32863905912111],[-122.4960687731062,47.32863905912111],[-122.4960687731062,47.325944113268754],[-122.49337382725383,47.325944113268754],[-122.49337382725383,47.32055422156404],[-122.48528898969676,47.32055422156404],[-122.48528898969676,47.325944113268754],[-122.48798393554912,47.325944113268754],[-122.48798393554912,47.32863905912111],[-122.49337382725383,47.32863905912111],[-122.49337382725383,47.33133400497347],[-122.48798393554912,47.33133400497347],[-122.48798393554912,47.3555885176447],[-122.48528898969676,47.3555885176447],[-122.48528898969676,47.36906324690649],[-122.4825940438444,47.36906324690649],[-122.4825940438444,47.38253797616828],[-122.47720415213969,47.38253797616828],[-122.47720415213969,47.379843030315925],[-122.47450920628732,47.379843030315925],[-122.47450920628732,47.38253797616828],[-122.46911931458261,47.38253797616828],[-122.46911931458261,47.38523292202064],[-122.45564458532081,47.38523292202064],[-122.45564458532081,47.38253797616828],[-122.44755974776375,47.38253797616828],[-122.44755974776375,47.37714808446356],[-122.45564458532081,47.37714808446356],[-122.45564458532081,47.379843030315925],[-122.45833953117318,47.379843030315925],[-122.45833953117318,47.37714808446356],[-122.46642436873026,47.37714808446356],[-122.46642436873026,47.37175819275885],[-122.46911931458261,47.37175819275885],[-122.46911931458261,47.36906324690649],[-122.47181426043497,47.36906324690649],[-122.47181426043497,47.37445313861121],[-122.47450920628732,47.37445313861121],[-122.47450920628732,47.37175819275885],[-122.47720415213969,47.37175819275885],[-122.47720415213969,47.36636830105413],[-122.47450920628732,47.36636830105413],[-122.47450920628732,47.360978409349414],[-122.47720415213969,47.360978409349414],[-122.47720415213969,47.3555885176447],[-122.47989909799205,47.3555885176447],[-122.47989909799205,47.35019862593998],[-122.47720415213969,47.35019862593998],[-122.47720415213969,47.34750368008762],[-122.47989909799205,47.34750368008762],[-122.47989909799205,47.344808734235265],[-122.47720415213969,47.344808734235265],[-122.47720415213969,47.3421137883829],[-122.47181426043497,47.3421137883829],[-122.47181426043497,47.344808734235265],[-122.46372942287789,47.344808734235265],[-122.46372942287789,47.3421137883829],[-122.45833953117318,47.3421137883829],[-122.45833953117318,47.33672389667819],[-122.4502546936161,47.33672389667819],[-122.4502546936161,47.33941884253055],[-122.44755974776375,47.33941884253055],[-122.44755974776375,47.33402895082583],[-122.44216985605902,47.33402895082583],[-122.44216985605902,47.33133400497347],[-122.4367799643543,47.33133400497347],[-122.4367799643543,47.325944113268754],[-122.43408501850195,47.325944113268754],[-122.43408501850195,47.32324916741639],[-122.43139007264959,47.32324916741639],[-122.43139007264959,47.317859275711676],[-122.43408501850195,47.317859275711676],[-122.43408501850195,47.31516432985932],[-122.4367799643543,47.31516432985932],[-122.4367799643543,47.31246938400696],[-122.43408501850195,47.31246938400696],[-122.43408501850195,47.309774438154605],[-122.44486480191138,47.309774438154605],[-122.44486480191138,47.30438454644988],[-122.44755974776375,47.30438454644988],[-122.44755974776375,47.30168960059753],[-122.45564458532081,47.30168960059753],[-122.45564458532081,47.298994654745165],[-122.19962472934675,47.298994654745165],[-122.19962472934675,47.53614988975272],[-122.2023196751991,47.53614988975272],[-122.2023196751991,47.53884483560508],[-122.20770956690383,47.53884483560508],[-122.20770956690383,47.54153978145744],[-122.2023196751991,47.54153978145744],[-122.2023196751991,47.549624619014516],[-122.19962472934675,47.549624619014516],[-122.19962472934675,47.999680576358394],[-122.23465902542742,47.999680576358394],[-122.23465902542742,47.991595738801315],[-122.23735397127977,47.991595738801315],[-122.23735397127977,47.98890079294896],[-122.24004891713213,47.98890079294896],[-122.24004891713213,47.983510901244244],[-122.23735397127977,47.983510901244244],[-122.23735397127977,47.9862058470966],[-122.23465902542742,47.9862058470966],[-122.23465902542742,47.975426063687166],[-122.23196407957505,47.975426063687166],[-122.23196407957505,47.97003617198245],[-122.23465902542742,47.97003617198245],[-122.23465902542742,47.96734122613009],[-122.2427438629845,47.96734122613009],[-122.2427438629845,47.964646280277734],[-122.24543880883685,47.964646280277734],[-122.24543880883685,47.96195133442537],[-122.25082870054156,47.96195133442537],[-122.25082870054156,47.95925638857302],[-122.25352364639393,47.95925638857302],[-122.25352364639393,47.956561442720655],[-122.25891353809864,47.956561442720655],[-122.25891353809864,47.95925638857302],[-122.26430342980336,47.95925638857302],[-122.26430342980336,47.956561442720655],[-122.27777815906515,47.956561442720655],[-122.27777815906515,47.95925638857302],[-122.2804731049175,47.95925638857302],[-122.2804731049175,47.956561442720655],[-122.2939478341793,47.956561442720655],[-122.2939478341793,47.9538664968683],[-122.29933772588402,47.9538664968683],[-122.29933772588402,47.95117155101594],[-122.30203267173638,47.95117155101594],[-122.30203267173638,47.948476605163584],[-122.31011750929345,47.948476605163584],[-122.31011750929345,47.94308671345887],[-122.31550740099817,47.94308671345887],[-122.31550740099817,47.940391767606506],[-122.31820234685053,47.940391767606506],[-122.31820234685053,47.94308671345887],[-122.3208972927029,47.94308671345887],[-122.3208972927029,47.94578165931122],[-122.32359223855525,47.94578165931122],[-122.32359223855525,47.940391767606506],[-122.32898213025996,47.940391767606506],[-122.32898213025996,47.93500187590179],[-122.33437202196468,47.93500187590179],[-122.33437202196468,47.93230693004943],[-122.33167707611233,47.93230693004943],[-122.33167707611233,47.929611984197074],[-122.3262871844076,47.929611984197074],[-122.3262871844076,47.92691703834471],[-122.32898213025996,47.92691703834471],[-122.32898213025996,47.92422209249236],[-122.33167707611233,47.92422209249236],[-122.33167707611233,47.921527146639995],[-122.33437202196468,47.921527146639995],[-122.33437202196468,47.91883220078764],[-122.33706696781704,47.91883220078764],[-122.33706696781704,47.921527146639995],[-122.34245685952176,47.921527146639995],[-122.34245685952176,47.92691703834471],[-122.34784675122647,47.92691703834471],[-122.34784675122647,47.92422209249236],[-122.35054169707884,47.92422209249236],[-122.35054169707884,47.93230693004943],[-122.34784675122647,47.93230693004943],[-122.34784675122647,47.93500187590179],[-122.35054169707884,47.93500187590179],[-122.35054169707884,47.937696821754145],[-122.3532366429312,47.937696821754145],[-122.3532366429312,47.94578165931122],[-122.35054169707884,47.94578165931122],[-122.35054169707884,47.948476605163584],[-122.34784675122647,47.948476605163584],[-122.34784675122647,47.95117155101594],[-122.3397619136694,47.95117155101594],[-122.3397619136694,47.948476605163584],[-122.33706696781704,47.948476605163584],[-122.33706696781704,47.94578165931122],[-122.33437202196468,47.94578165931122],[-122.33437202196468,47.95117155101594],[-122.33167707611233,47.95117155101594],[-122.33167707611233,47.956561442720655],[-122.33706696781704,47.956561442720655],[-122.33706696781704,47.95925638857302],[-122.3397619136694,47.95925638857302],[-122.3397619136694,47.96195133442537],[-122.32898213025996,47.96195133442537],[-122.32898213025996,47.964646280277734],[-122.31820234685053,47.964646280277734],[-122.31820234685053,47.96734122613009],[-122.31550740099817,47.96734122613009],[-122.31550740099817,47.964646280277734],[-122.31281245514582,47.964646280277734],[-122.31281245514582,47.96195133442537],[-122.3074225634411,47.96195133442537],[-122.3074225634411,47.964646280277734],[-122.30472761758874,47.964646280277734],[-122.30472761758874,47.96195133442537],[-122.29664278003166,47.96195133442537],[-122.29664278003166,47.964646280277734],[-122.29125288832695,47.964646280277734],[-122.29125288832695,47.96734122613009],[-122.28855794247458,47.96734122613009],[-122.28855794247458,47.97003617198245],[-122.29933772588402,47.97003617198245],[-122.29933772588402,47.97273111783481],[-122.29664278003166,47.97273111783481],[-122.29664278003166,47.975426063687166],[-122.29933772588402,47.975426063687166],[-122.29933772588402,47.97812100953953],[-122.29664278003166,47.97812100953953],[-122.29664278003166,47.983510901244244],[-122.29125288832695,47.983510901244244],[-122.29125288832695,47.99429068465368],[-122.2939478341793,47.99429068465368],[-122.2939478341793,47.999680576358394],[-122.55535758185809,47.999680576358394],[-122.55535758185809,47.99698563050604],[-122.55805252771044,47.99698563050604],[-122.55805252771044,47.999680576358394],[-122.56883231111988,47.999680576358394],[-122.56883231111988,47.99698563050604],[-122.57961209452931,47.99698563050604],[-122.57961209452931,47.99429068465368],[-122.57152725697223,47.99429068465368],[-122.57152725697223,47.991595738801315],[-122.56883231111988,47.991595738801315],[-122.56883231111988,47.99429068465368],[-122.56613736526752,47.99429068465368],[-122.56613736526752,47.9862058470966],[-122.56883231111988,47.9862058470966],[-122.56883231111988,47.983510901244244],[-122.5742222028246,47.983510901244244],[-122.5742222028246,47.98081595539188],[-122.56883231111988,47.98081595539188],[-122.56883231111988,47.97812100953953],[-122.57152725697223,47.97812100953953],[-122.57152725697223,47.975426063687166],[-122.56883231111988,47.975426063687166],[-122.56883231111988,47.97273111783481],[-122.56613736526752,47.97273111783481],[-122.56613736526752,47.97003617198245],[-122.56344241941515,47.97003617198245],[-122.56344241941515,47.96734122613009],[-122.5607474735628,47.96734122613009],[-122.5607474735628,47.96195133442537],[-122.56344241941515,47.96195133442537],[-122.56344241941515,47.95925638857302],[-122.55805252771044,47.95925638857302],[-122.55805252771044,47.956561442720655],[-122.54996769015337,47.956561442720655],[-122.54996769015337,47.95117155101594],[-122.55266263600572,47.95117155101594],[-122.55266263600572,47.94578165931122],[-122.55535758185809,47.94578165931122],[-122.55535758185809,47.948476605163584],[-122.56344241941515,47.948476605163584],[-122.56344241941515,47.94578165931122],[-122.56613736526752,47.94578165931122],[-122.56613736526752,47.94308671345887],[-122.57152725697223,47.94308671345887],[-122.57152725697223,47.940391767606506],[-122.56883231111988,47.940391767606506],[-122.56883231111988,47.937696821754145],[-122.57152725697223,47.937696821754145],[-122.57152725697223,47.93500187590179],[-122.5742222028246,47.93500187590179],[-122.5742222028246,47.93230693004943],[-122.56883231111988,47.93230693004943],[-122.56883231111988,47.929611984197074],[-122.5742222028246,47.929611984197074],[-122.5742222028246,47.92691703834471],[-122.57961209452931,47.92691703834471],[-122.57961209452931,47.92422209249236],[-122.57691714867696,47.92422209249236],[-122.57691714867696,47.921527146639995],[-122.58230704038166,47.921527146639995],[-122.58230704038166,47.91883220078764],[-122.58500198623403,47.91883220078764],[-122.58500198623403,47.921527146639995],[-122.59039187793874,47.921527146639995],[-122.59039187793874,47.92422209249236],[-122.59308682379111,47.92422209249236],[-122.59308682379111,47.92691703834471],[-122.59847671549582,47.92691703834471],[-122.59847671549582,47.93230693004943],[-122.60117166134818,47.93230693004943],[-122.60117166134818,47.940391767606506],[-122.59847671549582,47.940391767606506],[-122.59847671549582,47.94308671345887],[-122.61464639060998,47.94308671345887],[-122.61464639060998,47.940391767606506],[-122.62003628231469,47.940391767606506],[-122.62003628231469,47.93500187590179],[-122.62273122816705,47.93500187590179],[-122.62273122816705,47.929611984197074],[-122.62003628231469,47.929611984197074],[-122.62003628231469,47.92422209249236],[-122.61734133646233,47.92422209249236],[-122.61734133646233,47.91613725493528],[-122.61464639060998,47.91613725493528],[-122.61464639060998,47.91344230908292],[-122.61195144475761,47.91344230908292],[-122.61195144475761,47.91883220078764],[-122.61464639060998,47.91883220078764],[-122.61464639060998,47.921527146639995],[-122.6065615530529,47.921527146639995],[-122.6065615530529,47.91883220078764],[-122.60925649890525,47.91883220078764],[-122.60925649890525,47.91613725493528],[-122.60117166134818,47.91613725493528],[-122.60117166134818,47.91883220078764],[-122.59578176964347,47.91883220078764],[-122.59578176964347,47.91344230908292],[-122.59308682379111,47.91344230908292],[-122.59308682379111,47.9080524173782],[-122.59847671549582,47.9080524173782],[-122.59847671549582,47.902662525673485],[-122.59578176964347,47.902662525673485],[-122.59578176964347,47.89996757982113],[-122.59847671549582,47.89996757982113],[-122.59847671549582,47.89727263396877],[-122.59039187793874,47.89727263396877],[-122.59039187793874,47.89188274226405],[-122.59308682379111,47.89188274226405],[-122.59308682379111,47.894577688116414],[-122.59578176964347,47.894577688116414],[-122.59578176964347,47.88918779641169],[-122.59847671549582,47.88918779641169],[-122.59847671549582,47.89188274226405],[-122.60117166134818,47.89188274226405],[-122.60117166134818,47.89727263396877],[-122.6065615530529,47.89727263396877],[-122.6065615530529,47.902662525673485],[-122.60925649890525,47.902662525673485],[-122.60925649890525,47.905357471525846],[-122.60117166134818,47.905357471525846],[-122.60117166134818,47.9080524173782],[-122.60386660720054,47.9080524173782],[-122.60386660720054,47.91074736323056],[-122.61464639060998,47.91074736323056],[-122.61464639060998,47.9080524173782],[-122.61734133646233,47.9080524173782],[-122.61734133646233,47.91344230908292],[-122.62003628231469,47.91344230908292],[-122.62003628231469,47.91074736323056],[-122.62542617401941,47.91074736323056],[-122.62542617401941,47.91344230908292],[-122.63081606572412,47.91344230908292],[-122.63081606572412,47.91074736323056],[-122.6389009032812,47.91074736323056],[-122.6389009032812,47.9080524173782],[-122.64429079498592,47.9080524173782],[-122.64429079498592,47.91074736323056],[-122.64968068669063,47.91074736323056],[-122.64968068669063,47.91613725493528],[-122.64698574083828,47.91613725493528],[-122.64698574083828,47.91344230908292],[-122.64429079498592,47.91344230908292],[-122.64429079498592,47.91883220078764],[-122.64698574083828,47.91883220078764],[-122.64698574083828,47.921527146639995],[-122.64968068669063,47.921527146639995],[-122.64968068669063,47.92422209249236],[-122.65507057839535,47.92422209249236],[-122.65507057839535,47.92691703834471],[-122.64968068669063,47.92691703834471],[-122.64968068669063,47.929611984197074],[-122.65507057839535,47.929611984197074],[-122.65507057839535,47.93230693004943],[-122.65776552424771,47.93230693004943],[-122.65776552424771,47.93500187590179],[-122.66046047010006,47.93500187590179],[-122.66046047010006,47.937696821754145],[-122.66585036180479,47.937696821754145],[-122.66585036180479,47.940391767606506],[-122.66854530765714,47.940391767606506],[-122.66854530765714,47.94308671345887],[-122.67124025350951,47.94308671345887],[-122.67124025350951,47.94578165931122],[-122.67393519936186,47.94578165931122],[-122.67393519936186,47.94308671345887],[-122.67663014521422,47.94308671345887],[-122.67663014521422,47.940391767606506],[-122.67393519936186,47.940391767606506],[-122.67393519936186,47.937696821754145],[-122.67124025350951,47.937696821754145],[-122.67124025350951,47.93500187590179],[-122.66585036180479,47.93500187590179],[-122.66585036180479,47.92691703834471],[-122.66854530765714,47.92691703834471],[-122.66854530765714,47.92422209249236],[-122.67393519936186,47.92422209249236],[-122.67393519936186,47.921527146639995],[-122.67663014521422,47.921527146639995],[-122.67663014521422,47.91883220078764],[-122.67932509106657,47.91883220078764],[-122.67932509106657,47.91613725493528],[-122.6847149827713,47.91613725493528],[-122.6847149827713,47.921527146639995],[-122.67932509106657,47.921527146639995],[-122.67932509106657,47.92422209249236],[-122.67663014521422,47.92422209249236],[-122.67663014521422,47.93230693004943],[-122.67393519936186,47.93230693004943],[-122.67393519936186,47.93500187590179],[-122.67932509106657,47.93500187590179],[-122.67932509106657,47.937696821754145],[-122.6847149827713,47.937696821754145],[-122.6847149827713,47.940391767606506],[-122.68202003691894,47.940391767606506],[-122.68202003691894,47.94578165931122],[-122.67663014521422,47.94578165931122],[-122.67663014521422,47.9538664968683],[-122.67393519936186,47.9538664968683],[-122.67393519936186,47.95925638857302],[-122.67663014521422,47.95925638857302],[-122.67663014521422,47.97003617198245],[-122.67932509106657,47.97003617198245],[-122.67932509106657,47.975426063687166],[-122.6847149827713,47.975426063687166],[-122.6847149827713,47.97812100953953],[-122.68740992862365,47.97812100953953],[-122.68740992862365,47.97273111783481],[-122.690104874476,47.97273111783481],[-122.690104874476,47.975426063687166],[-122.69549476618073,47.975426063687166],[-122.69549476618073,47.97812100953953],[-122.69818971203308,47.97812100953953],[-122.69818971203308,47.98081595539188],[-122.690104874476,47.98081595539188],[-122.690104874476,47.983510901244244],[-122.69549476618073,47.983510901244244],[-122.69549476618073,47.98890079294896],[-122.70088465788545,47.98890079294896],[-122.70088465788545,47.991595738801315],[-122.70627454959016,47.991595738801315],[-122.70627454959016,47.99429068465368],[-122.70896949544252,47.99429068465368],[-122.70896949544252,47.991595738801315],[-122.71166444129489,47.991595738801315],[-122.71166444129489,47.99698563050604],[-122.70627454959016,47.99698563050604],[-122.70627454959016,47.999680576358394],[-122.80059765442272,47.999680576358394],[-122.80059765442272,47.75983039549848],[-122.79790270857036,47.75983039549848],[-122.79790270857036,47.75713544964612],[-122.80059765442272,47.75713544964612],[-122.80059765442272,47.67898201992772],[-122.78712292516092,47.67898201992772],[-122.78712292516092,47.681676965780085],[-122.7817330334562,47.681676965780085],[-122.7817330334562,47.67628707407537],[-122.77903808760385,47.67628707407537],[-122.77903808760385,47.67898201992772],[-122.77634314175148,47.67898201992772],[-122.77634314175148,47.681676965780085],[-122.77903808760385,47.681676965780085],[-122.77903808760385,47.68437191163244],[-122.77634314175148,47.68437191163244],[-122.77634314175148,47.6870668574848],[-122.77095325004677,47.6870668574848],[-122.77095325004677,47.697846640894234],[-122.77364819589913,47.697846640894234],[-122.77364819589913,47.700541586746596],[-122.77634314175148,47.700541586746596],[-122.77634314175148,47.70593147845131],[-122.77903808760385,47.70593147845131],[-122.77903808760385,47.70862642430367],[-122.77634314175148,47.70862642430367],[-122.77634314175148,47.71132137015603],[-122.77903808760385,47.71132137015603],[-122.77903808760385,47.72479609941782],[-122.77634314175148,47.72479609941782],[-122.77634314175148,47.73018599112254],[-122.77364819589913,47.73018599112254],[-122.77364819589913,47.735575882827256],[-122.77095325004677,47.735575882827256],[-122.77095325004677,47.73827082867961],[-122.76556335834205,47.73827082867961],[-122.76556335834205,47.743660720384334],[-122.7628684124897,47.743660720384334],[-122.7628684124897,47.74096577453197],[-122.75747852078497,47.74096577453197],[-122.75747852078497,47.743660720384334],[-122.75478357493262,47.743660720384334],[-122.75478357493262,47.7652202872032],[-122.74939368322791,47.7652202872032],[-122.74939368322791,47.76252534135084],[-122.74669873737554,47.76252534135084],[-122.74669873737554,47.77330512476028],[-122.74400379152318,47.77330512476028],[-122.74400379152318,47.78138996231735],[-122.74669873737554,47.78138996231735],[-122.74669873737554,47.78408490816971],[-122.74400379152318,47.78408490816971],[-122.74400379152318,47.78947479987443],[-122.74130884567083,47.78947479987443],[-122.74130884567083,47.80025458328386],[-122.73322400811375,47.80025458328386],[-122.73322400811375,47.80294952913622],[-122.72783411640903,47.80294952913622],[-122.72783411640903,47.80833942084094],[-122.72513917055667,47.80833942084094],[-122.72513917055667,47.81103436669329],[-122.7170543329996,47.81103436669329],[-122.7170543329996,47.813729312545654],[-122.71166444129489,47.813729312545654],[-122.71166444129489,47.816424258398015],[-122.70627454959016,47.816424258398015],[-122.70627454959016,47.81911920425037],[-122.69818971203308,47.81911920425037],[-122.69818971203308,47.82181415010273],[-122.70357960373781,47.82181415010273],[-122.70357960373781,47.82450909595509],[-122.69549476618073,47.82450909595509],[-122.69549476618073,47.82720404180745],[-122.690104874476,47.82720404180745],[-122.690104874476,47.8298989876598],[-122.68740992862365,47.8298989876598],[-122.68740992862365,47.83528887936452],[-122.68202003691894,47.83528887936452],[-122.68202003691894,47.83798382521688],[-122.67932509106657,47.83798382521688],[-122.67932509106657,47.851458554478675],[-122.68202003691894,47.851458554478675],[-122.68202003691894,47.85954339203575],[-122.68740992862365,47.85954339203575],[-122.68740992862365,47.86223833788811],[-122.6847149827713,47.86223833788811],[-122.6847149827713,47.86493328374046],[-122.68202003691894,47.86493328374046],[-122.68202003691894,47.867628229592825],[-122.67932509106657,47.867628229592825],[-122.67932509106657,47.86493328374046],[-122.67663014521422,47.86493328374046],[-122.67663014521422,47.867628229592825],[-122.67393519936186,47.867628229592825],[-122.67393519936186,47.86493328374046],[-122.67124025350951,47.86493328374046],[-122.67124025350951,47.867628229592825],[-122.66854530765714,47.867628229592825],[-122.66854530765714,47.86493328374046],[-122.66585036180479,47.86493328374046],[-122.66585036180479,47.85954339203575],[-122.66315541595243,47.85954339203575],[-122.66315541595243,47.86223833788811],[-122.64429079498592,47.86223833788811],[-122.64429079498592,47.86493328374046],[-122.63351101157649,47.86493328374046],[-122.63351101157649,47.86223833788811],[-122.63081606572412,47.86223833788811],[-122.63081606572412,47.85954339203575],[-122.62812111987176,47.85954339203575],[-122.62812111987176,47.85684844618339],[-122.62003628231469,47.85684844618339],[-122.62003628231469,47.85415350033103],[-122.61464639060998,47.85415350033103],[-122.61464639060998,47.851458554478675],[-122.61734133646233,47.851458554478675],[-122.61734133646233,47.848763608626314],[-122.61464639060998,47.848763608626314],[-122.61464639060998,47.84606866277396],[-122.62273122816705,47.84606866277396],[-122.62273122816705,47.84067877106924],[-122.62542617401941,47.84067877106924],[-122.62542617401941,47.83798382521688],[-122.63351101157649,47.83798382521688],[-122.63351101157649,47.83528887936452],[-122.64159584913357,47.83528887936452],[-122.64159584913357,47.832593933512165],[-122.64968068669063,47.832593933512165],[-122.64968068669063,47.8298989876598],[-122.652375632543,47.8298989876598],[-122.652375632543,47.82720404180745],[-122.64968068669063,47.82720404180745],[-122.64968068669063,47.82181415010273],[-122.652375632543,47.82181415010273],[-122.652375632543,47.82450909595509],[-122.65507057839535,47.82450909595509],[-122.65507057839535,47.82181415010273],[-122.66315541595243,47.82181415010273],[-122.66315541595243,47.816424258398015],[-122.66854530765714,47.816424258398015],[-122.66854530765714,47.813729312545654],[-122.67124025350951,47.813729312545654],[-122.67124025350951,47.805644474988576],[-122.68202003691894,47.805644474988576],[-122.68202003691894,47.80833942084094],[-122.6847149827713,47.80833942084094],[-122.6847149827713,47.80294952913622],[-122.68740992862365,47.80294952913622],[-122.68740992862365,47.79216974572679],[-122.69549476618073,47.79216974572679],[-122.69549476618073,47.78947479987443],[-122.690104874476,47.78947479987443],[-122.690104874476,47.78138996231735],[-122.69279982032837,47.78138996231735],[-122.69279982032837,47.778695016464994],[-122.69549476618073,47.778695016464994],[-122.69549476618073,47.77600007061263],[-122.70627454959016,47.77600007061263],[-122.70627454959016,47.770610178907916],[-122.70896949544252,47.770610178907916],[-122.70896949544252,47.77330512476028],[-122.71435938714724,47.77330512476028],[-122.71435938714724,47.76791523305556],[-122.72244422470432,47.76791523305556],[-122.72244422470432,47.76252534135084],[-122.72513917055667,47.76252534135084],[-122.72513917055667,47.75983039549848],[-122.72783411640903,47.75983039549848],[-122.72783411640903,47.75713544964612],[-122.7305290622614,47.75713544964612],[-122.7305290622614,47.75444050379377],[-122.7359189539661,47.75444050379377],[-122.7359189539661,47.751745557941405],[-122.73861389981846,47.751745557941405],[-122.73861389981846,47.74635566623669],[-122.74130884567083,47.74635566623669],[-122.74130884567083,47.74096577453197],[-122.74400379152318,47.74096577453197],[-122.74400379152318,47.73827082867961],[-122.74669873737554,47.73827082867961],[-122.74669873737554,47.732880936974894],[-122.74400379152318,47.732880936974894],[-122.74400379152318,47.73018599112254],[-122.74669873737554,47.73018599112254],[-122.74669873737554,47.72749104527018],[-122.75208862908026,47.72749104527018],[-122.75208862908026,47.71940620771311],[-122.75478357493262,47.71940620771311],[-122.75478357493262,47.700541586746596],[-122.75747852078497,47.700541586746596],[-122.75747852078497,47.697846640894234],[-122.75478357493262,47.697846640894234],[-122.75478357493262,47.69245674918952],[-122.75747852078497,47.69245674918952],[-122.75747852078497,47.68976180333716],[-122.76017346663734,47.68976180333716],[-122.76017346663734,47.681676965780085],[-122.75747852078497,47.681676965780085],[-122.75747852078497,47.67628707407537],[-122.7628684124897,47.67628707407537],[-122.7628684124897,47.67359212822301],[-122.77634314175148,47.67359212822301],[-122.77634314175148,47.67089718237065],[-122.77364819589913,47.67089718237065],[-122.77364819589913,47.66820223651829],[-122.77634314175148,47.66820223651829],[-122.77634314175148,47.662812344813574],[-122.77903808760385,47.662812344813574],[-122.77903808760385,47.65742245310886],[-122.79251281686564,47.65742245310886],[-122.79251281686564,47.66011739896121],[-122.78981787101328,47.66011739896121],[-122.78981787101328,47.662812344813574],[-122.795207762718,47.662812344813574],[-122.795207762718,47.66011739896121],[-122.79790270857036,47.66011739896121],[-122.79790270857036,47.65742245310886],[-122.80059765442272,47.65742245310886],[-122.80059765442272,47.33672389667819],[-122.79790270857036,47.33672389667819],[-122.79790270857036,47.33133400497347],[-122.80059765442272,47.33133400497347],[-122.80059765442272,47.32324916741639],[-122.79790270857036,47.32324916741639],[-122.79790270857036,47.32055422156404],[-122.80059765442272,47.32055422156404],[-122.80059765442272,47.30707949230224],[-122.79790270857036,47.30707949230224],[-122.79790270857036,47.30438454644988],[-122.80059765442272,47.30438454644988],[-122.80059765442272,47.298994654745165],[-122.795207762718,47.298994654745165],[-122.795207762718,47.30168960059753],[-122.78981787101328,47.30168960059753]],[[-122.78981787101328,47.30168960059753],[-122.78712292516092,47.30168960059753],[-122.78712292516092,47.30438454644988],[-122.78981787101328,47.30438454644988],[-122.78981787101328,47.30168960059753]],[[-122.74400379152318,47.732880936974894],[-122.74130884567083,47.732880936974894],[-122.74130884567083,47.735575882827256],[-122.74400379152318,47.735575882827256],[-122.74400379152318,47.732880936974894]],[[-122.7359189539661,47.751745557941405],[-122.7359189539661,47.74635566623669],[-122.7305290622614,47.74635566623669],[-122.7305290622614,47.74905061208905],[-122.72783411640903,47.74905061208905],[-122.72783411640903,47.751745557941405],[-122.7359189539661,47.751745557941405]],[[-122.71166444129489,47.991595738801315],[-122.71435938714724,47.991595738801315],[-122.71435938714724,47.9862058470966],[-122.71166444129489,47.9862058470966],[-122.71166444129489,47.991595738801315]],[[-122.69818971203308,47.33133400497347],[-122.69818971203308,47.32863905912111],[-122.69549476618073,47.32863905912111],[-122.69549476618073,47.33133400497347],[-122.69818971203308,47.33133400497347]],[[-122.6847149827713,47.32324916741639],[-122.6847149827713,47.32863905912111],[-122.690104874476,47.32863905912111],[-122.690104874476,47.32324916741639],[-122.6847149827713,47.32324916741639]],[[-122.6847149827713,47.86493328374046],[-122.6847149827713,47.867628229592825],[-122.68740992862365,47.867628229592825],[-122.68740992862365,47.86493328374046],[-122.6847149827713,47.86493328374046]],[[-122.67932509106657,47.32863905912111],[-122.67663014521422,47.32863905912111],[-122.67663014521422,47.33133400497347],[-122.67932509106657,47.33133400497347],[-122.67932509106657,47.32863905912111]],[[-122.67932509106657,47.92422209249236],[-122.67932509106657,47.929611984197074],[-122.68202003691894,47.929611984197074],[-122.68202003691894,47.92422209249236],[-122.67932509106657,47.92422209249236]],[[-122.67663014521422,47.91883220078764],[-122.67663014521422,47.91613725493528],[-122.67393519936186,47.91613725493528],[-122.67393519936186,47.91883220078764],[-122.67663014521422,47.91883220078764]],[[-122.66315541595243,47.816424258398015],[-122.66315541595243,47.813729312545654],[-122.65776552424771,47.813729312545654],[-122.65776552424771,47.816424258398015],[-122.66315541595243,47.816424258398015]],[[-122.64968068669063,47.91613725493528],[-122.64968068669063,47.91883220078764],[-122.652375632543,47.91883220078764],[-122.652375632543,47.91613725493528],[-122.64968068669063,47.91613725493528]],[[-122.55535758185809,47.94578165931122],[-122.55805252771044,47.94578165931122],[-122.55805252771044,47.94308671345887],[-122.55535758185809,47.94308671345887],[-122.55535758185809,47.94578165931122]],[[-122.46911931458261,47.36906324690649],[-122.46911931458261,47.36636830105413],[-122.46642436873026,47.36636830105413],[-122.46642436873026,47.36906324690649],[-122.46911931458261,47.36906324690649]],[[-122.44216985605902,47.33402895082583],[-122.43947491020667,47.33402895082583],[-122.43947491020667,47.33941884253055],[-122.44486480191138,47.33941884253055],[-122.44486480191138,47.33672389667819],[-122.44216985605902,47.33672389667819],[-122.44216985605902,47.33402895082583]],[[-122.3532366429312,47.937696821754145],[-122.35593158878355,47.937696821754145],[-122.35593158878355,47.93500187590179],[-122.36132148048827,47.93500187590179],[-122.36132148048827,47.929611984197074],[-122.35593158878355,47.929611984197074],[-122.35593158878355,47.93230693004943],[-122.3532366429312,47.93230693004943],[-122.3532366429312,47.937696821754145]],[[-122.3397619136694,47.95117155101594],[-122.33706696781704,47.95117155101594],[-122.33706696781704,47.9538664968683],[-122.3397619136694,47.9538664968683],[-122.3397619136694,47.95117155101594]],[[-122.2023196751991,47.53614988975272],[-122.21040451275618,47.53614988975272],[-122.21040451275618,47.530759998048005],[-122.20770956690383,47.530759998048005],[-122.20770956690383,47.53345494390036],[-122.2023196751991,47.53345494390036],[-122.2023196751991,47.53614988975272]],[[-122.79790270857036,47.35828346349706],[-122.78981787101328,47.35828346349706],[-122.78981787101328,47.360978409349414],[-122.79790270857036,47.360978409349414],[-122.79790270857036,47.35828346349706]],[[-122.79790270857036,47.76791523305556],[-122.795207762718,47.76791523305556],[-122.795207762718,47.770610178907916],[-122.79790270857036,47.770610178907916],[-122.79790270857036,47.76791523305556]],[[-122.79790270857036,47.82181415010273],[-122.795207762718,47.82181415010273],[-122.795207762718,47.82450909595509],[-122.79790270857036,47.82450909595509],[-122.79790270857036,47.82181415010273]],[[-122.795207762718,47.33133400497347],[-122.78981787101328,47.33133400497347],[-122.78981787101328,47.33402895082583],[-122.795207762718,47.33402895082583],[-122.795207762718,47.33133400497347]],[[-122.795207762718,47.35019862593998],[-122.78981787101328,47.35019862593998],[-122.78981787101328,47.352893571792336],[-122.795207762718,47.352893571792336],[-122.795207762718,47.35019862593998]],[[-122.79251281686564,47.33672389667819],[-122.78981787101328,47.33672389667819],[-122.78981787101328,47.33941884253055],[-122.79251281686564,47.33941884253055],[-122.79251281686564,47.33672389667819]],[[-122.75208862908026,47.67628707407537],[-122.74669873737554,47.67628707407537],[-122.74669873737554,47.67898201992772],[-122.75208862908026,47.67898201992772],[-122.75208862908026,47.67628707407537]],[[-122.73861389981846,47.74096577453197],[-122.7359189539661,47.74096577453197],[-122.7359189539661,47.743660720384334],[-122.73861389981846,47.743660720384334],[-122.73861389981846,47.74096577453197]],[[-122.73861389981846,47.805644474988576],[-122.7305290622614,47.805644474988576],[-122.7305290622614,47.80833942084094],[-122.73861389981846,47.80833942084094],[-122.73861389981846,47.805644474988576]],[[-122.71974927885196,47.98890079294896],[-122.7170543329996,47.98890079294896],[-122.7170543329996,47.991595738801315],[-122.71974927885196,47.991595738801315],[-122.71974927885196,47.98890079294896]],[[-122.70896949544252,47.983510901244244],[-122.70627454959016,47.983510901244244],[-122.70627454959016,47.9862058470966],[-122.70896949544252,47.9862058470966],[-122.70896949544252,47.983510901244244]],[[-122.70627454959016,47.56848923998103],[-122.70357960373781,47.56848923998103],[-122.70357960373781,47.57387913168574],[-122.70627454959016,47.57387913168574],[-122.70627454959016,47.56848923998103]],[[-122.70627454959016,47.975426063687166],[-122.70357960373781,47.975426063687166],[-122.70357960373781,47.97812100953953],[-122.70627454959016,47.97812100953953],[-122.70627454959016,47.975426063687166]],[[-122.70357960373781,47.60352353606169],[-122.70088465788545,47.60352353606169],[-122.70088465788545,47.60621848191404],[-122.70357960373781,47.60621848191404],[-122.70357960373781,47.60352353606169]],[[-122.69818971203308,47.635862886289985],[-122.69279982032837,47.635862886289985],[-122.69279982032837,47.63855783214235],[-122.69818971203308,47.63855783214235],[-122.69818971203308,47.635862886289985]],[[-122.69549476618073,47.63047299458527],[-122.69279982032837,47.63047299458527],[-122.69279982032837,47.63316794043763],[-122.69549476618073,47.63316794043763],[-122.69549476618073,47.63047299458527]],[[-122.690104874476,47.64125277799471],[-122.68740992862365,47.64125277799471],[-122.68740992862365,47.64394772384706],[-122.690104874476,47.64394772384706],[-122.690104874476,47.64125277799471]],[[-122.6847149827713,47.581963969242814],[-122.68202003691894,47.581963969242814],[-122.68202003691894,47.584658915095176],[-122.6847149827713,47.584658915095176],[-122.6847149827713,47.581963969242814]],[[-122.68202003691894,47.63316794043763],[-122.67932509106657,47.63316794043763],[-122.67932509106657,47.63047299458527],[-122.67663014521422,47.63047299458527],[-122.67663014521422,47.635862886289985],[-122.68202003691894,47.635862886289985],[-122.68202003691894,47.63316794043763]],[[-122.67663014521422,47.53345494390036],[-122.66854530765714,47.53345494390036],[-122.66854530765714,47.53884483560508],[-122.66585036180479,47.53884483560508],[-122.66585036180479,47.54153978145744],[-122.67393519936186,47.54153978145744],[-122.67393519936186,47.53614988975272],[-122.67663014521422,47.53614988975272],[-122.67663014521422,47.53345494390036]],[[-122.66046047010006,47.53884483560508],[-122.65776552424771,47.53884483560508],[-122.65776552424771,47.54153978145744],[-122.66046047010006,47.54153978145744],[-122.66046047010006,47.53884483560508]],[[-122.65776552424771,47.35019862593998],[-122.65507057839535,47.35019862593998],[-122.65507057839535,47.352893571792336],[-122.65776552424771,47.352893571792336],[-122.65776552424771,47.35019862593998]],[[-122.652375632543,47.716711261860745],[-122.64968068669063,47.716711261860745],[-122.64968068669063,47.71940620771311],[-122.652375632543,47.71940620771311],[-122.652375632543,47.716711261860745]],[[-122.64429079498592,47.82720404180745],[-122.64159584913357,47.82720404180745],[-122.64159584913357,47.8298989876598],[-122.64429079498592,47.8298989876598],[-122.64429079498592,47.82720404180745]],[[-122.6389009032812,47.71132137015603],[-122.63351101157649,47.71132137015603],[-122.63351101157649,47.71401631600839],[-122.6389009032812,47.71401631600839],[-122.6389009032812,47.71132137015603]],[[-122.63620595742884,47.38253797616828],[-122.63351101157649,47.38253797616828],[-122.63351101157649,47.38523292202064],[-122.63620595742884,47.38523292202064],[-122.63620595742884,47.38253797616828]],[[-122.63351101157649,47.716711261860745],[-122.62542617401941,47.716711261860745],[-122.62542617401941,47.71940620771311],[-122.63351101157649,47.71940620771311],[-122.63351101157649,47.716711261860745]],[[-122.63351101157649,47.89996757982113],[-122.63081606572412,47.89996757982113],[-122.63081606572412,47.902662525673485],[-122.63351101157649,47.902662525673485],[-122.63351101157649,47.89996757982113]],[[-122.63081606572412,47.70862642430367],[-122.62812111987176,47.70862642430367],[-122.62812111987176,47.71401631600839],[-122.63081606572412,47.71401631600839],[-122.63081606572412,47.70862642430367]],[[-122.63081606572412,47.905357471525846],[-122.62542617401941,47.905357471525846],[-122.62542617401941,47.9080524173782],[-122.63081606572412,47.9080524173782],[-122.63081606572412,47.905357471525846]],[[-122.62003628231469,47.70862642430367],[-122.61195144475761,47.70862642430367],[-122.61195144475761,47.71132137015603],[-122.62003628231469,47.71132137015603],[-122.62003628231469,47.70862642430367]],[[-122.61734133646233,47.6870668574848],[-122.61195144475761,47.6870668574848],[-122.61195144475761,47.68976180333716],[-122.61734133646233,47.68976180333716],[-122.61734133646233,47.6870668574848]],[[-122.61195144475761,47.69515169504188],[-122.60925649890525,47.69515169504188],[-122.60925649890525,47.697846640894234],[-122.61195144475761,47.697846640894234],[-122.61195144475761,47.69515169504188]],[[-122.60925649890525,47.665507290665936],[-122.6065615530529,47.665507290665936],[-122.6065615530529,47.66820223651829],[-122.60925649890525,47.66820223651829],[-122.60925649890525,47.665507290665936]],[[-122.60925649890525,47.85954339203575],[-122.60386660720054,47.85954339203575],[-122.60386660720054,47.86223833788811],[-122.59847671549582,47.86223833788811],[-122.59847671549582,47.867628229592825],[-122.60386660720054,47.867628229592825],[-122.60386660720054,47.86493328374046],[-122.6065615530529,47.86493328374046],[-122.6065615530529,47.86223833788811],[-122.60925649890525,47.86223833788811],[-122.60925649890525,47.85954339203575]],[[-122.6065615530529,47.88110295885462],[-122.60117166134818,47.88110295885462],[-122.60117166134818,47.883797904706974],[-122.6065615530529,47.883797904706974],[-122.6065615530529,47.88110295885462]],[[-122.59578176964347,47.86493328374046],[-122.59308682379111,47.86493328374046],[-122.59308682379111,47.867628229592825],[-122.59578176964347,47.867628229592825],[-122.59578176964347,47.86493328374046]],[[-122.59039187793874,47.89996757982113],[-122.58769693208639,47.89996757982113],[-122.58769693208639,47.902662525673485],[-122.59039187793874,47.902662525673485],[-122.59039187793874,47.89996757982113]],[[-122.58769693208639,47.63316794043763],[-122.58500198623403,47.63316794043763],[-122.58500198623403,47.635862886289985],[-122.58769693208639,47.635862886289985],[-122.58769693208639,47.63316794043763]],[[-122.58769693208639,47.8757130671499],[-122.58500198623403,47.8757130671499],[-122.58500198623403,47.87840801300226],[-122.57961209452931,47.87840801300226],[-122.57961209452931,47.88110295885462],[-122.58769693208639,47.88110295885462],[-122.58769693208639,47.8757130671499]],[[-122.58500198623403,47.883797904706974],[-122.58230704038166,47.883797904706974],[-122.58230704038166,47.886492850559335],[-122.58500198623403,47.886492850559335],[-122.58500198623403,47.883797904706974]],[[-122.58230704038166,47.619693211175836],[-122.57961209452931,47.619693211175836],[-122.57961209452931,47.6223881570282],[-122.58230704038166,47.6223881570282],[-122.58230704038166,47.619693211175836]],[[-122.57691714867696,47.58735386094754],[-122.57152725697223,47.58735386094754],[-122.57152725697223,47.59004880679989],[-122.57691714867696,47.59004880679989],[-122.57691714867696,47.58735386094754]],[[-122.5742222028246,47.81911920425037],[-122.57152725697223,47.81911920425037],[-122.57152725697223,47.82181415010273],[-122.5742222028246,47.82181415010273],[-122.5742222028246,47.81911920425037]],[[-122.57152725697223,47.70593147845131],[-122.56883231111988,47.70593147845131],[-122.56883231111988,47.70323653259895],[-122.56613736526752,47.70323653259895],[-122.56613736526752,47.71132137015603],[-122.56883231111988,47.71132137015603],[-122.56883231111988,47.70862642430367],[-122.57152725697223,47.70862642430367],[-122.57152725697223,47.70593147845131]],[[-122.56883231111988,47.82181415010273],[-122.56613736526752,47.82181415010273],[-122.56613736526752,47.82450909595509],[-122.56883231111988,47.82450909595509],[-122.56883231111988,47.82181415010273]],[[-122.56344241941515,47.30707949230224],[-122.55805252771044,47.30707949230224],[-122.55805252771044,47.309774438154605],[-122.56344241941515,47.309774438154605],[-122.56344241941515,47.30707949230224]],[[-122.55535758185809,47.93230693004943],[-122.55266263600572,47.93230693004943],[-122.55266263600572,47.93500187590179],[-122.55535758185809,47.93500187590179],[-122.55535758185809,47.93230693004943]],[[-122.55266263600572,47.59813364435697],[-122.54996769015337,47.59813364435697],[-122.54996769015337,47.600828590209325],[-122.55266263600572,47.600828590209325],[-122.55266263600572,47.59813364435697]],[[-122.55266263600572,47.940391767606506],[-122.54457779844866,47.940391767606506],[-122.54457779844866,47.94308671345887],[-122.55266263600572,47.94308671345887],[-122.55266263600572,47.940391767606506]],[[-122.54727274430101,47.52537010634329],[-122.54457779844866,47.52537010634329],[-122.54457779844866,47.52806505219564],[-122.54727274430101,47.52806505219564],[-122.54727274430101,47.52537010634329]],[[-122.54457779844866,47.93500187590179],[-122.54188285259629,47.93500187590179],[-122.54188285259629,47.937696821754145],[-122.54457779844866,47.937696821754145],[-122.54457779844866,47.93500187590179]],[[-122.53918790674393,47.32055422156404],[-122.53649296089158,47.32055422156404],[-122.53649296089158,47.32324916741639],[-122.53918790674393,47.32324916741639],[-122.53918790674393,47.32055422156404]],[[-122.53918790674393,47.36636830105413],[-122.53379801503921,47.36636830105413],[-122.53379801503921,47.36906324690649],[-122.53918790674393,47.36906324690649],[-122.53918790674393,47.36636830105413]],[[-122.53918790674393,47.937696821754145],[-122.53649296089158,47.937696821754145],[-122.53649296089158,47.940391767606506],[-122.53918790674393,47.940391767606506],[-122.53918790674393,47.937696821754145]],[[-122.53649296089158,47.6223881570282],[-122.53379801503921,47.6223881570282],[-122.53379801503921,47.62508310288055],[-122.53649296089158,47.62508310288055],[-122.53649296089158,47.6223881570282]],[[-122.53110306918686,47.70323653259895],[-122.5284081233345,47.70323653259895],[-122.5284081233345,47.70593147845131],[-122.53110306918686,47.70593147845131],[-122.53110306918686,47.70323653259895]],[[-122.5284081233345,47.352893571792336],[-122.52571317748215,47.352893571792336],[-122.52571317748215,47.3555885176447],[-122.5284081233345,47.3555885176447],[-122.5284081233345,47.352893571792336]],[[-122.5284081233345,47.38523292202064],[-122.52571317748215,47.38523292202064],[-122.52571317748215,47.387927867873],[-122.5284081233345,47.387927867873],[-122.5284081233345,47.38523292202064]],[[-122.52571317748215,47.74096577453197],[-122.52301823162978,47.74096577453197],[-122.52301823162978,47.743660720384334],[-122.52571317748215,47.743660720384334],[-122.52571317748215,47.74096577453197]],[[-122.52301823162978,47.894577688116414],[-122.51493339407271,47.894577688116414],[-122.51493339407271,47.89188274226405],[-122.51223844822034,47.89188274226405],[-122.51223844822034,47.89727263396877],[-122.52301823162978,47.89727263396877],[-122.52301823162978,47.894577688116414]],[[-122.52301823162978,47.9080524173782],[-122.52032328577742,47.9080524173782],[-122.52032328577742,47.91074736323056],[-122.52301823162978,47.91074736323056],[-122.52301823162978,47.9080524173782]],[[-122.52032328577742,47.36906324690649],[-122.51762833992507,47.36906324690649],[-122.51762833992507,47.37175819275885],[-122.52032328577742,47.37175819275885],[-122.52032328577742,47.36906324690649]],[[-122.51762833992507,47.937696821754145],[-122.51493339407271,47.937696821754145],[-122.51493339407271,47.940391767606506],[-122.51762833992507,47.940391767606506],[-122.51762833992507,47.937696821754145]],[[-122.51223844822034,47.95925638857302],[-122.50954350236799,47.95925638857302],[-122.50954350236799,47.96195133442537],[-122.51223844822034,47.96195133442537],[-122.51223844822034,47.95925638857302]],[[-122.50954350236799,47.30707949230224],[-122.50684855651564,47.30707949230224],[-122.50684855651564,47.309774438154605],[-122.50954350236799,47.309774438154605],[-122.50954350236799,47.30707949230224]],[[-122.50954350236799,47.937696821754145],[-122.50415361066327,47.937696821754145],[-122.50415361066327,47.940391767606506],[-122.50954350236799,47.940391767606506],[-122.50954350236799,47.937696821754145]],[[-122.50954350236799,47.94308671345887],[-122.50684855651564,47.94308671345887],[-122.50684855651564,47.94578165931122],[-122.50954350236799,47.94578165931122],[-122.50954350236799,47.94308671345887]],[[-122.50684855651564,47.619693211175836],[-122.50415361066327,47.619693211175836],[-122.50415361066327,47.6223881570282],[-122.50684855651564,47.6223881570282],[-122.50684855651564,47.619693211175836]],[[-122.50415361066327,47.94308671345887],[-122.50145866481091,47.94308671345887],[-122.50145866481091,47.94578165931122],[-122.50415361066327,47.94578165931122],[-122.50415361066327,47.94308671345887]],[[-122.50145866481091,47.71401631600839],[-122.49876371895856,47.71401631600839],[-122.49876371895856,47.716711261860745],[-122.50145866481091,47.716711261860745],[-122.50145866481091,47.71401631600839]],[[-122.4960687731062,47.60621848191404],[-122.49337382725383,47.60621848191404],[-122.49337382725383,47.6089134277664],[-122.4960687731062,47.6089134277664],[-122.4960687731062,47.60621848191404]],[[-122.49337382725383,47.511895377081494],[-122.49067888140148,47.511895377081494],[-122.49067888140148,47.514590322933856],[-122.49337382725383,47.514590322933856],[-122.49337382725383,47.511895377081494]],[[-122.49337382725383,47.59543869850461],[-122.49067888140148,47.59543869850461],[-122.49067888140148,47.592743752652254],[-122.48528898969676,47.592743752652254],[-122.48528898969676,47.59813364435697],[-122.49337382725383,47.59813364435697],[-122.49337382725383,47.59543869850461]],[[-122.49337382725383,47.95925638857302],[-122.49067888140148,47.95925638857302],[-122.49067888140148,47.96195133442537],[-122.49337382725383,47.96195133442537],[-122.49337382725383,47.95925638857302]],[[-122.48798393554912,47.48225097270555],[-122.48528898969676,47.48225097270555],[-122.48528898969676,47.48494591855791],[-122.48798393554912,47.48494591855791],[-122.48798393554912,47.48225097270555]],[[-122.48798393554912,47.786779854022065],[-122.48528898969676,47.786779854022065],[-122.48528898969676,47.78947479987443],[-122.48798393554912,47.78947479987443],[-122.48798393554912,47.786779854022065]],[[-122.48528898969676,47.81911920425037],[-122.47989909799205,47.81911920425037],[-122.47989909799205,47.82181415010273],[-122.48528898969676,47.82181415010273],[-122.48528898969676,47.81911920425037]],[[-122.48528898969676,47.85415350033103],[-122.4825940438444,47.85415350033103],[-122.4825940438444,47.85684844618339],[-122.48528898969676,47.85684844618339],[-122.48528898969676,47.85415350033103]],[[-122.4825940438444,47.48225097270555],[-122.47989909799205,47.48225097270555],[-122.47989909799205,47.48494591855791],[-122.4825940438444,47.48494591855791],[-122.4825940438444,47.48225097270555]],[[-122.4825940438444,47.883797904706974],[-122.47989909799205,47.883797904706974],[-122.47989909799205,47.886492850559335],[-122.4825940438444,47.886492850559335],[-122.4825940438444,47.883797904706974]],[[-122.47989909799205,47.89727263396877],[-122.47720415213969,47.89727263396877],[-122.47720415213969,47.89996757982113],[-122.47989909799205,47.89996757982113],[-122.47989909799205,47.89727263396877]],[[-122.47989909799205,47.921527146639995],[-122.47720415213969,47.921527146639995],[-122.47720415213969,47.92422209249236],[-122.47989909799205,47.92422209249236],[-122.47989909799205,47.921527146639995]],[[-122.47989909799205,47.929611984197074],[-122.47720415213969,47.929611984197074],[-122.47720415213969,47.93500187590179],[-122.47989909799205,47.93500187590179],[-122.47989909799205,47.929611984197074]],[[-122.47989909799205,47.98081595539188],[-122.47720415213969,47.98081595539188],[-122.47720415213969,47.983510901244244],[-122.47989909799205,47.983510901244244],[-122.47989909799205,47.98081595539188]],[[-122.47720415213969,47.50920043122913],[-122.47450920628732,47.50920043122913],[-122.47450920628732,47.511895377081494],[-122.47720415213969,47.511895377081494],[-122.47720415213969,47.50920043122913]],[[-122.47450920628732,47.80294952913622],[-122.46911931458261,47.80294952913622],[-122.46911931458261,47.805644474988576],[-122.47450920628732,47.805644474988576],[-122.47450920628732,47.80294952913622]],[[-122.47450920628732,47.81911920425037],[-122.47181426043497,47.81911920425037],[-122.47181426043497,47.82181415010273],[-122.46642436873026,47.82181415010273],[-122.46642436873026,47.82450909595509],[-122.46911931458261,47.82450909595509],[-122.46911931458261,47.82720404180745],[-122.47181426043497,47.82720404180745],[-122.47181426043497,47.82450909595509],[-122.47450920628732,47.82450909595509],[-122.47450920628732,47.81911920425037]],[[-122.47450920628732,47.921527146639995],[-122.47181426043497,47.921527146639995],[-122.47181426043497,47.92422209249236],[-122.47450920628732,47.92422209249236],[-122.47450920628732,47.921527146639995]],[[-122.47181426043497,47.743660720384334],[-122.46642436873026,47.743660720384334],[-122.46642436873026,47.74096577453197],[-122.46103447702554,47.74096577453197],[-122.46103447702554,47.74635566623669],[-122.46372942287789,47.74635566623669],[-122.46372942287789,47.74905061208905],[-122.46642436873026,47.74905061208905],[-122.46642436873026,47.74635566623669],[-122.47181426043497,47.74635566623669],[-122.47181426043497,47.743660720384334]],[[-122.47181426043497,47.83528887936452],[-122.46911931458261,47.83528887936452],[-122.46911931458261,47.83798382521688],[-122.47181426043497,47.83798382521688],[-122.47181426043497,47.83528887936452]],[[-122.47181426043497,47.89727263396877],[-122.46911931458261,47.89727263396877],[-122.46911931458261,47.89996757982113],[-122.47181426043497,47.89996757982113],[-122.47181426043497,47.89727263396877]],[[-122.46911931458261,47.6223881570282],[-122.45833953117318,47.6223881570282],[-122.45833953117318,47.627778048732914],[-122.45564458532081,47.627778048732914],[-122.45564458532081,47.63047299458527],[-122.45833953117318,47.63047299458527],[-122.45833953117318,47.63316794043763],[-122.46642436873026,47.63316794043763],[-122.46642436873026,47.627778048732914],[-122.46911931458261,47.627778048732914],[-122.46911931458261,47.6223881570282]],[[-122.46911931458261,47.75713544964612],[-122.46372942287789,47.75713544964612],[-122.46372942287789,47.76252534135084],[-122.46911931458261,47.76252534135084],[-122.46911931458261,47.75713544964612]],[[-122.46911931458261,47.937696821754145],[-122.46642436873026,47.937696821754145],[-122.46642436873026,47.940391767606506],[-122.46911931458261,47.940391767606506],[-122.46911931458261,47.937696821754145]],[[-122.46911931458261,47.94578165931122],[-122.46103447702554,47.94578165931122],[-122.46103447702554,47.948476605163584],[-122.46911931458261,47.948476605163584],[-122.46911931458261,47.94578165931122]],[[-122.46642436873026,47.52537010634329],[-122.46372942287789,47.52537010634329],[-122.46372942287789,47.52806505219564],[-122.46642436873026,47.52806505219564],[-122.46642436873026,47.52537010634329]],[[-122.46642436873026,47.902662525673485],[-122.46372942287789,47.902662525673485],[-122.46372942287789,47.905357471525846],[-122.46642436873026,47.905357471525846],[-122.46642436873026,47.902662525673485]],[[-122.46642436873026,47.93230693004943],[-122.46372942287789,47.93230693004943],[-122.46372942287789,47.93500187590179],[-122.46642436873026,47.93500187590179],[-122.46642436873026,47.93230693004943]],[[-122.46642436873026,47.9538664968683],[-122.46103447702554,47.9538664968683],[-122.46103447702554,47.956561442720655],[-122.46642436873026,47.956561442720655],[-122.46642436873026,47.9538664968683]],[[-122.46372942287789,47.9080524173782],[-122.45833953117318,47.9080524173782],[-122.45833953117318,47.91074736323056],[-122.46372942287789,47.91074736323056],[-122.46372942287789,47.9080524173782]],[[-122.46103447702554,47.778695016464994],[-122.45833953117318,47.778695016464994],[-122.45833953117318,47.78138996231735],[-122.46103447702554,47.78138996231735],[-122.46103447702554,47.778695016464994]],[[-122.46103447702554,47.8298989876598],[-122.45564458532081,47.8298989876598],[-122.45564458532081,47.832593933512165],[-122.46103447702554,47.832593933512165],[-122.46103447702554,47.8298989876598]],[[-122.46103447702554,47.902662525673485],[-122.45833953117318,47.902662525673485],[-122.45833953117318,47.905357471525846],[-122.46103447702554,47.905357471525846],[-122.46103447702554,47.902662525673485]],[[-122.45833953117318,47.732880936974894],[-122.45564458532081,47.732880936974894],[-122.45564458532081,47.735575882827256],[-122.45833953117318,47.735575882827256],[-122.45833953117318,47.732880936974894]],[[-122.45833953117318,47.743660720384334],[-122.45564458532081,47.743660720384334],[-122.45564458532081,47.74635566623669],[-122.45833953117318,47.74635566623669],[-122.45833953117318,47.743660720384334]],[[-122.45564458532081,47.654727507256496],[-122.45294963946846,47.654727507256496],[-122.45294963946846,47.65742245310886],[-122.45564458532081,47.65742245310886],[-122.45564458532081,47.654727507256496]],[[-122.45564458532081,47.87840801300226],[-122.45294963946846,47.87840801300226],[-122.45294963946846,47.88110295885462],[-122.45564458532081,47.88110295885462],[-122.45564458532081,47.87840801300226]],[[-122.45294963946846,47.396012705430074],[-122.44755974776375,47.396012705430074],[-122.44755974776375,47.398707651282436],[-122.45294963946846,47.398707651282436],[-122.45294963946846,47.396012705430074]],[[-122.45294963946846,47.92691703834471],[-122.4502546936161,47.92691703834471],[-122.4502546936161,47.929611984197074],[-122.45294963946846,47.929611984197074],[-122.45294963946846,47.92691703834471]],[[-122.4502546936161,47.948476605163584],[-122.44486480191138,47.948476605163584],[-122.44486480191138,47.9538664968683],[-122.4502546936161,47.9538664968683],[-122.4502546936161,47.948476605163584]],[[-122.44755974776375,47.886492850559335],[-122.44216985605902,47.886492850559335],[-122.44216985605902,47.88918779641169],[-122.44755974776375,47.88918779641169],[-122.44755974776375,47.886492850559335]],[[-122.44486480191138,47.3421137883829],[-122.44216985605902,47.3421137883829],[-122.44216985605902,47.344808734235265],[-122.44486480191138,47.344808734235265],[-122.44486480191138,47.3421137883829]],[[-122.44486480191138,47.4984206478197],[-122.44216985605902,47.4984206478197],[-122.44216985605902,47.50111559367206],[-122.44486480191138,47.50111559367206],[-122.44486480191138,47.4984206478197]],[[-122.44486480191138,47.50650548537678],[-122.44216985605902,47.50650548537678],[-122.44216985605902,47.50920043122913],[-122.44486480191138,47.50920043122913],[-122.44486480191138,47.50650548537678]],[[-122.44486480191138,47.91883220078764],[-122.44216985605902,47.91883220078764],[-122.44216985605902,47.921527146639995],[-122.44486480191138,47.921527146639995],[-122.44486480191138,47.91883220078764]],[[-122.44216985605902,47.84067877106924],[-122.43947491020667,47.84067877106924],[-122.43947491020667,47.8433737169216],[-122.44216985605902,47.8433737169216],[-122.44216985605902,47.84067877106924]],[[-122.44216985605902,47.948476605163584],[-122.43947491020667,47.948476605163584],[-122.43947491020667,47.95117155101594],[-122.44216985605902,47.95117155101594],[-122.44216985605902,47.948476605163584]],[[-122.43947491020667,47.45260656832961],[-122.4367799643543,47.45260656832961],[-122.4367799643543,47.45799646003432],[-122.43947491020667,47.45799646003432],[-122.43947491020667,47.45260656832961]],[[-122.43947491020667,47.50111559367206],[-122.4367799643543,47.50111559367206],[-122.4367799643543,47.503810539524416],[-122.43947491020667,47.503810539524416],[-122.43947491020667,47.50111559367206]],[[-122.4367799643543,47.414877326396585],[-122.42869512679724,47.414877326396585],[-122.42869512679724,47.4202672181013],[-122.43139007264959,47.4202672181013],[-122.43139007264959,47.41757227224895],[-122.4367799643543,47.41757227224895],[-122.4367799643543,47.414877326396585]],[[-122.4367799643543,47.75444050379377],[-122.43408501850195,47.75444050379377],[-122.43408501850195,47.75713544964612],[-122.4367799643543,47.75713544964612],[-122.4367799643543,47.75444050379377]],[[-122.43408501850195,47.33133400497347],[-122.42869512679724,47.33133400497347],[-122.42869512679724,47.32863905912111],[-122.43139007264959,47.32863905912111],[-122.43139007264959,47.325944113268754],[-122.42600018094487,47.325944113268754],[-122.42600018094487,47.33402895082583],[-122.43408501850195,47.33402895082583],[-122.43408501850195,47.33133400497347]],[[-122.43139007264959,47.49303075611498],[-122.42869512679724,47.49303075611498],[-122.42869512679724,47.495725701967345],[-122.43139007264959,47.495725701967345],[-122.43139007264959,47.49303075611498]],[[-122.42869512679724,47.40140259713479],[-122.42600018094487,47.40140259713479],[-122.42600018094487,47.40409754298715],[-122.42869512679724,47.40409754298715],[-122.42869512679724,47.40140259713479]],[[-122.42869512679724,47.83798382521688],[-122.42600018094487,47.83798382521688],[-122.42600018094487,47.84067877106924],[-122.42869512679724,47.84067877106924],[-122.42869512679724,47.83798382521688]],[[-122.42600018094487,47.48225097270555],[-122.42330523509251,47.48225097270555],[-122.42330523509251,47.48494591855791],[-122.42600018094487,47.48494591855791],[-122.42600018094487,47.48225097270555]],[[-122.42600018094487,47.48764086441027],[-122.42330523509251,47.48764086441027],[-122.42330523509251,47.49033581026263],[-122.42600018094487,47.49033581026263],[-122.42600018094487,47.48764086441027]],[[-122.42600018094487,47.53614988975272],[-122.42330523509251,47.53614988975272],[-122.42330523509251,47.53884483560508],[-122.42600018094487,47.53884483560508],[-122.42600018094487,47.53614988975272]],[[-122.42330523509251,47.84606866277396],[-122.42061028924016,47.84606866277396],[-122.42061028924016,47.848763608626314],[-122.42330523509251,47.848763608626314],[-122.42330523509251,47.84606866277396]],[[-122.4179153433878,47.32055422156404],[-122.41522039753544,47.32055422156404],[-122.41522039753544,47.32324916741639],[-122.4179153433878,47.32324916741639],[-122.4179153433878,47.32055422156404]],[[-122.4179153433878,47.495725701967345],[-122.41522039753544,47.495725701967345],[-122.41522039753544,47.4984206478197],[-122.4179153433878,47.4984206478197],[-122.4179153433878,47.495725701967345]],[[-122.41522039753544,47.50111559367206],[-122.41252545168308,47.50111559367206],[-122.41252545168308,47.495725701967345],[-122.40983050583073,47.495725701967345],[-122.40983050583073,47.503810539524416],[-122.41522039753544,47.503810539524416],[-122.41522039753544,47.50111559367206]],[[-122.41522039753544,47.546929673162154],[-122.40983050583073,47.546929673162154],[-122.40983050583073,47.549624619014516],[-122.41522039753544,47.549624619014516],[-122.41522039753544,47.546929673162154]],[[-122.41522039753544,47.870323175445186],[-122.41252545168308,47.870323175445186],[-122.41252545168308,47.87301812129754],[-122.41522039753544,47.87301812129754],[-122.41522039753544,47.870323175445186]],[[-122.41252545168308,47.58735386094754],[-122.40983050583073,47.58735386094754],[-122.40983050583073,47.59004880679989],[-122.41252545168308,47.59004880679989],[-122.41252545168308,47.58735386094754]],[[-122.41252545168308,47.85684844618339],[-122.40983050583073,47.85684844618339],[-122.40983050583073,47.85954339203575],[-122.41252545168308,47.85954339203575],[-122.41252545168308,47.85684844618339]],[[-122.40983050583073,47.91344230908292],[-122.40713555997836,47.91344230908292],[-122.40713555997836,47.91613725493528],[-122.40983050583073,47.91613725493528],[-122.40983050583073,47.91344230908292]],[[-122.40713555997836,47.61430331947112],[-122.404440614126,47.61430331947112],[-122.404440614126,47.60621848191404],[-122.3990507224213,47.60621848191404],[-122.3990507224213,47.60352353606169],[-122.39635577656892,47.60352353606169],[-122.39635577656892,47.600828590209325],[-122.39366083071657,47.600828590209325],[-122.39366083071657,47.60621848191404],[-122.39635577656892,47.60621848191404],[-122.39635577656892,47.61699826532348],[-122.39366083071657,47.61699826532348],[-122.39366083071657,47.619693211175836],[-122.39635577656892,47.619693211175836],[-122.39635577656892,47.6223881570282],[-122.3990507224213,47.6223881570282],[-122.3990507224213,47.62508310288055],[-122.40713555997836,47.62508310288055],[-122.40713555997836,47.61430331947112]],[[-122.404440614126,47.592743752652254],[-122.39366083071657,47.592743752652254],[-122.39366083071657,47.59543869850461],[-122.39096588486422,47.59543869850461],[-122.39096588486422,47.59813364435697],[-122.39635577656892,47.59813364435697],[-122.39635577656892,47.59543869850461],[-122.404440614126,47.59543869850461],[-122.404440614126,47.592743752652254]],[[-122.404440614126,47.627778048732914],[-122.3990507224213,47.627778048732914],[-122.3990507224213,47.63047299458527],[-122.404440614126,47.63047299458527],[-122.404440614126,47.627778048732914]],[[-122.404440614126,47.85684844618339],[-122.40174566827365,47.85684844618339],[-122.40174566827365,47.85954339203575],[-122.404440614126,47.85954339203575],[-122.404440614126,47.85684844618339]],[[-122.40174566827365,47.4984206478197],[-122.3990507224213,47.4984206478197],[-122.3990507224213,47.50111559367206],[-122.40174566827365,47.50111559367206],[-122.40174566827365,47.4984206478197]],[[-122.39635577656892,47.83798382521688],[-122.39366083071657,47.83798382521688],[-122.39366083071657,47.84067877106924],[-122.39635577656892,47.84067877106924],[-122.39635577656892,47.83798382521688]],[[-122.39366083071657,47.396012705430074],[-122.39096588486422,47.396012705430074],[-122.39096588486422,47.398707651282436],[-122.39366083071657,47.398707651282436],[-122.39366083071657,47.396012705430074]],[[-122.39096588486422,47.61430331947112],[-122.38288104730714,47.61430331947112],[-122.38288104730714,47.60621848191404],[-122.37749115560241,47.60621848191404],[-122.37749115560241,47.59813364435697],[-122.37479620975006,47.59813364435697],[-122.37479620975006,47.59543869850461],[-122.3721012638977,47.59543869850461],[-122.3721012638977,47.600828590209325],[-122.36401642634063,47.600828590209325],[-122.36401642634063,47.619693211175836],[-122.37479620975006,47.619693211175836],[-122.37479620975006,47.62508310288055],[-122.39096588486422,47.62508310288055],[-122.39096588486422,47.6223881570282],[-122.38827093901186,47.6223881570282],[-122.38827093901186,47.619693211175836],[-122.39096588486422,47.619693211175836],[-122.39096588486422,47.61430331947112]],[[-122.38827093901186,47.83528887936452],[-122.38557599315949,47.83528887936452],[-122.38557599315949,47.83798382521688],[-122.38827093901186,47.83798382521688],[-122.38827093901186,47.83528887936452]],[[-122.38288104730714,47.32863905912111],[-122.38018610145478,47.32863905912111],[-122.38018610145478,47.33133400497347],[-122.38288104730714,47.33133400497347],[-122.38288104730714,47.32863905912111]],[[-122.38288104730714,47.886492850559335],[-122.38018610145478,47.886492850559335],[-122.38018610145478,47.88918779641169],[-122.38288104730714,47.88918779641169],[-122.38288104730714,47.886492850559335]],[[-122.38288104730714,47.89996757982113],[-122.38018610145478,47.89996757982113],[-122.38018610145478,47.902662525673485],[-122.38288104730714,47.902662525673485],[-122.38288104730714,47.89996757982113]],[[-122.37479620975006,47.72749104527018],[-122.3721012638977,47.72749104527018],[-122.3721012638977,47.73018599112254],[-122.37479620975006,47.73018599112254],[-122.37479620975006,47.72749104527018]],[[-122.3721012638977,47.44452173077253],[-122.36940631804535,47.44452173077253],[-122.36940631804535,47.44721667662489],[-122.3721012638977,47.44721667662489],[-122.3721012638977,47.44452173077253]],[[-122.3721012638977,47.476861081000834],[-122.36671137219298,47.476861081000834],[-122.36671137219298,47.47955602685319],[-122.36401642634063,47.47955602685319],[-122.36401642634063,47.48494591855791],[-122.36671137219298,47.48494591855791],[-122.36671137219298,47.48225097270555],[-122.3721012638977,47.48225097270555],[-122.3721012638977,47.476861081000834]],[[-122.3721012638977,47.88918779641169],[-122.36940631804535,47.88918779641169],[-122.36940631804535,47.89188274226405],[-122.3721012638977,47.89188274226405],[-122.3721012638977,47.88918779641169]],[[-122.36671137219298,47.441826784920174],[-122.36401642634063,47.441826784920174],[-122.36401642634063,47.44452173077253],[-122.36671137219298,47.44452173077253],[-122.36671137219298,47.441826784920174]],[[-122.3586265346359,47.42565710980602],[-122.35593158878355,47.42565710980602],[-122.35593158878355,47.42835205565838],[-122.3586265346359,47.42835205565838],[-122.3586265346359,47.42565710980602]],[[-122.3532366429312,47.42565710980602],[-122.35054169707884,47.42565710980602],[-122.35054169707884,47.42835205565838],[-122.3532366429312,47.42835205565838],[-122.3532366429312,47.42565710980602]],[[-122.34784675122647,47.40140259713479],[-122.34515180537412,47.40140259713479],[-122.34515180537412,47.40409754298715],[-122.34784675122647,47.40409754298715],[-122.34784675122647,47.40140259713479]],[[-122.34784675122647,47.40679248883951],[-122.34245685952176,47.40679248883951],[-122.34245685952176,47.40140259713479],[-122.3397619136694,47.40140259713479],[-122.3397619136694,47.398707651282436],[-122.33706696781704,47.398707651282436],[-122.33706696781704,47.40140259713479],[-122.33437202196468,47.40140259713479],[-122.33437202196468,47.40679248883951],[-122.3397619136694,47.40679248883951],[-122.3397619136694,47.40948743469187],[-122.34245685952176,47.40948743469187],[-122.34245685952176,47.41218238054423],[-122.34784675122647,47.41218238054423],[-122.34784675122647,47.40679248883951]],[[-122.34784675122647,47.59543869850461],[-122.34515180537412,47.59543869850461],[-122.34515180537412,47.59813364435697],[-122.34784675122647,47.59813364435697],[-122.34784675122647,47.59543869850461]],[[-122.34784675122647,47.85954339203575],[-122.34515180537412,47.85954339203575],[-122.34515180537412,47.86223833788811],[-122.34784675122647,47.86223833788811],[-122.34784675122647,47.85954339203575]],[[-122.34515180537412,47.67359212822301],[-122.34245685952176,47.67359212822301],[-122.34245685952176,47.67628707407537],[-122.34515180537412,47.67628707407537],[-122.34515180537412,47.67359212822301]],[[-122.34515180537412,47.85415350033103],[-122.34245685952176,47.85415350033103],[-122.34245685952176,47.85684844618339],[-122.34515180537412,47.85684844618339],[-122.34515180537412,47.85415350033103]],[[-122.34245685952176,47.88918779641169],[-122.3397619136694,47.88918779641169],[-122.3397619136694,47.89188274226405],[-122.34245685952176,47.89188274226405],[-122.34245685952176,47.88918779641169]],[[-122.3397619136694,47.91344230908292],[-122.33706696781704,47.91344230908292],[-122.33706696781704,47.91613725493528],[-122.3397619136694,47.91613725493528],[-122.3397619136694,47.91344230908292]],[[-122.33706696781704,47.870323175445186],[-122.33167707611233,47.870323175445186],[-122.33167707611233,47.8757130671499],[-122.33437202196468,47.8757130671499],[-122.33437202196468,47.87301812129754],[-122.33706696781704,47.87301812129754],[-122.33706696781704,47.870323175445186]],[[-122.33706696781704,47.89727263396877],[-122.33437202196468,47.89727263396877],[-122.33437202196468,47.89996757982113],[-122.33167707611233,47.89996757982113],[-122.33167707611233,47.902662525673485],[-122.33706696781704,47.902662525673485],[-122.33706696781704,47.89727263396877]],[[-122.33437202196468,47.396012705430074],[-122.33167707611233,47.396012705430074],[-122.33167707611233,47.398707651282436],[-122.33437202196468,47.398707651282436],[-122.33437202196468,47.396012705430074]],[[-122.33437202196468,47.886492850559335],[-122.33167707611233,47.886492850559335],[-122.33167707611233,47.89188274226405],[-122.33437202196468,47.89188274226405],[-122.33437202196468,47.886492850559335]],[[-122.33437202196468,47.91074736323056],[-122.32898213025996,47.91074736323056],[-122.32898213025996,47.91344230908292],[-122.33437202196468,47.91344230908292],[-122.33437202196468,47.91074736323056]],[[-122.33167707611233,47.894577688116414],[-122.32898213025996,47.894577688116414],[-122.32898213025996,47.89727263396877],[-122.33167707611233,47.89727263396877],[-122.33167707611233,47.894577688116414]],[[-122.32359223855525,47.93230693004943],[-122.31820234685053,47.93230693004943],[-122.31820234685053,47.93500187590179],[-122.32359223855525,47.93500187590179],[-122.32359223855525,47.93230693004943]],[[-122.28586299662223,47.59004880679989],[-122.27777815906515,47.59004880679989],[-122.27777815906515,47.592743752652254],[-122.27238826736044,47.592743752652254],[-122.27238826736044,47.59543869850461],[-122.28586299662223,47.59543869850461],[-122.28586299662223,47.59004880679989]],[[-122.28316805076987,47.584658915095176],[-122.27777815906515,47.584658915095176],[-122.27777815906515,47.58735386094754],[-122.28316805076987,47.58735386094754],[-122.28316805076987,47.584658915095176]],[[-122.28316805076987,47.59813364435697],[-122.27777815906515,47.59813364435697],[-122.27777815906515,47.600828590209325],[-122.28316805076987,47.600828590209325],[-122.28316805076987,47.59813364435697]],[[-122.2804731049175,47.57387913168574],[-122.2750832132128,47.57387913168574],[-122.2750832132128,47.5765740775381],[-122.2804731049175,47.5765740775381],[-122.2804731049175,47.57387913168574]],[[-122.2804731049175,47.57926902339046],[-122.2750832132128,47.57926902339046],[-122.2750832132128,47.581963969242814],[-122.2804731049175,47.581963969242814],[-122.2804731049175,47.57926902339046]],[[-122.2804731049175,47.60352353606169],[-122.27777815906515,47.60352353606169],[-122.27777815906515,47.6089134277664],[-122.2804731049175,47.6089134277664],[-122.2804731049175,47.60352353606169]],[[-122.27238826736044,47.56848923998103],[-122.26969332150807,47.56848923998103],[-122.26969332150807,47.57118418583338],[-122.27238826736044,47.57118418583338],[-122.27238826736044,47.56848923998103]],[[-122.26699837565572,47.565794294128665],[-122.26430342980336,47.565794294128665],[-122.26430342980336,47.56040440242395],[-122.26160848395101,47.56040440242395],[-122.26160848395101,47.55501451071923],[-122.25621859224628,47.55501451071923],[-122.25621859224628,47.565794294128665],[-122.25891353809864,47.565794294128665],[-122.25891353809864,47.57118418583338],[-122.26160848395101,47.57118418583338],[-122.26160848395101,47.56848923998103],[-122.26699837565572,47.56848923998103],[-122.26699837565572,47.565794294128665]],[[-122.26699837565572,47.57118418583338],[-122.26430342980336,47.57118418583338],[-122.26430342980336,47.57387913168574],[-122.26699837565572,47.57387913168574],[-122.26699837565572,47.57118418583338]],[[-122.26699837565572,47.64125277799471],[-122.26430342980336,47.64125277799471],[-122.26430342980336,47.64394772384706],[-122.26699837565572,47.64394772384706],[-122.26699837565572,47.64125277799471]],[[-122.26430342980336,47.63047299458527],[-122.26160848395101,47.63047299458527],[-122.26160848395101,47.63316794043763],[-122.26430342980336,47.63316794043763],[-122.26430342980336,47.63047299458527]],[[-122.26160848395101,47.530759998048005],[-122.25621859224628,47.530759998048005],[-122.25621859224628,47.52806505219564],[-122.25352364639393,47.52806505219564],[-122.25352364639393,47.53345494390036],[-122.25621859224628,47.53345494390036],[-122.25621859224628,47.53614988975272],[-122.25352364639393,47.53614988975272],[-122.25352364639393,47.54153978145744],[-122.25082870054156,47.54153978145744],[-122.25082870054156,47.546929673162154],[-122.25352364639393,47.546929673162154],[-122.25352364639393,47.5442347273098],[-122.25621859224628,47.5442347273098],[-122.25621859224628,47.54153978145744],[-122.26160848395101,47.54153978145744],[-122.26160848395101,47.530759998048005]],[[-122.26160848395101,47.57387913168574],[-122.25891353809864,47.57387913168574],[-122.25891353809864,47.5765740775381],[-122.26160848395101,47.5765740775381],[-122.26160848395101,47.57387913168574]],[[-122.25891353809864,47.52267516049093],[-122.25352364639393,47.52267516049093],[-122.25352364639393,47.52537010634329],[-122.25891353809864,47.52537010634329],[-122.25891353809864,47.52267516049093]],[[-122.25891353809864,47.635862886289985],[-122.25082870054156,47.635862886289985],[-122.25082870054156,47.63855783214235],[-122.25891353809864,47.63855783214235],[-122.25891353809864,47.635862886289985]],[[-122.25082870054156,47.53345494390036],[-122.2481337546892,47.53345494390036],[-122.2481337546892,47.530759998048005],[-122.24543880883685,47.530759998048005],[-122.24543880883685,47.53884483560508],[-122.2481337546892,47.53884483560508],[-122.2481337546892,47.53614988975272],[-122.25082870054156,47.53614988975272],[-122.25082870054156,47.53345494390036]],[[-122.25082870054156,47.56309934827631],[-122.24543880883685,47.56309934827631],[-122.24543880883685,47.565794294128665],[-122.25082870054156,47.565794294128665],[-122.25082870054156,47.56309934827631]],[[-122.25082870054156,47.592743752652254],[-122.2481337546892,47.592743752652254],[-122.2481337546892,47.59543869850461],[-122.25082870054156,47.59543869850461],[-122.25082870054156,47.592743752652254]],[[-122.25082870054156,47.64933761555178],[-122.2481337546892,47.64933761555178],[-122.2481337546892,47.65203256140414],[-122.25082870054156,47.65203256140414],[-122.25082870054156,47.64933761555178]],[[-122.2481337546892,47.55770945657159],[-122.24543880883685,47.55770945657159],[-122.24543880883685,47.56040440242395],[-122.2481337546892,47.56040440242395],[-122.2481337546892,47.55770945657159]],[[-122.24543880883685,47.6223881570282],[-122.2427438629845,47.6223881570282],[-122.2427438629845,47.62508310288055],[-122.24543880883685,47.62508310288055],[-122.24543880883685,47.6223881570282]],[[-122.2427438629845,47.52806505219564],[-122.23735397127977,47.52806505219564],[-122.23735397127977,47.530759998048005],[-122.2427438629845,47.530759998048005],[-122.2427438629845,47.52806505219564]],[[-122.24004891713213,47.546929673162154],[-122.23735397127977,47.546929673162154],[-122.23735397127977,47.549624619014516],[-122.24004891713213,47.549624619014516],[-122.24004891713213,47.546929673162154]],[[-122.23735397127977,47.64394772384706],[-122.23465902542742,47.64394772384706],[-122.23465902542742,47.64933761555178],[-122.23735397127977,47.64933761555178],[-122.23735397127977,47.64394772384706]],[[-122.23735397127977,47.67089718237065],[-122.23465902542742,47.67089718237065],[-122.23465902542742,47.67359212822301],[-122.23735397127977,47.67359212822301],[-122.23735397127977,47.67089718237065]],[[-122.23465902542742,47.56309934827631],[-122.23196407957505,47.56309934827631],[-122.23196407957505,47.565794294128665],[-122.23465902542742,47.565794294128665],[-122.23465902542742,47.56309934827631]],[[-122.23465902542742,47.6089134277664],[-122.23196407957505,47.6089134277664],[-122.23196407957505,47.61160837361876],[-122.23465902542742,47.61160837361876],[-122.23465902542742,47.6089134277664]],[[-122.22387924201799,47.503810539524416],[-122.21309945860855,47.503810539524416],[-122.21309945860855,47.50111559367206],[-122.21040451275618,47.50111559367206],[-122.21040451275618,47.503810539524416],[-122.20770956690383,47.503810539524416],[-122.20770956690383,47.511895377081494],[-122.21040451275618,47.511895377081494],[-122.21040451275618,47.514590322933856],[-122.21309945860855,47.514590322933856],[-122.21309945860855,47.51998021463857],[-122.21579440446091,47.51998021463857],[-122.21579440446091,47.514590322933856],[-122.21848935031326,47.514590322933856],[-122.21848935031326,47.511895377081494],[-122.21579440446091,47.511895377081494],[-122.21579440446091,47.50920043122913],[-122.21848935031326,47.50920043122913],[-122.21848935031326,47.50650548537678],[-122.22387924201799,47.50650548537678],[-122.22387924201799,47.503810539524416]],[[-122.22387924201799,47.52267516049093],[-122.21848935031326,47.52267516049093],[-122.21848935031326,47.52537010634329],[-122.22387924201799,47.52537010634329],[-122.22387924201799,47.52267516049093]],[[-122.21848935031326,47.584658915095176],[-122.21579440446091,47.584658915095176],[-122.21579440446091,47.58735386094754],[-122.21848935031326,47.58735386094754],[-122.21848935031326,47.584658915095176]],[[-122.21579440446091,47.59813364435697],[-122.21309945860855,47.59813364435697],[-122.21309945860855,47.600828590209325],[-122.21579440446091,47.600828590209325],[-122.21579440446091,47.59813364435697]],[[-122.21309945860855,47.52267516049093],[-122.21040451275618,47.52267516049093],[-122.21040451275618,47.52537010634329],[-122.21309945860855,47.52537010634329],[-122.21309945860855,47.52267516049093]],[[-122.21040451275618,47.55501451071923],[-122.20501462105148,47.55501451071923],[-122.20501462105148,47.56309934827631],[-122.21040451275618,47.56309934827631],[-122.21040451275618,47.55501451071923]],[[-122.48798393554912,47.97273111783481],[-122.48528898969676,47.97273111783481],[-122.48528898969676,47.975426063687166],[-122.48798393554912,47.975426063687166],[-122.48798393554912,47.97273111783481]],[[-122.47450920628732,47.627778048732914],[-122.47450920628732,47.62508310288055],[-122.47181426043497,47.62508310288055],[-122.47181426043497,47.627778048732914],[-122.47450920628732,47.627778048732914]],[[-122.55535758185809,47.97273111783481],[-122.55535758185809,47.97003617198245],[-122.55266263600572,47.97003617198245],[-122.55266263600572,47.97273111783481],[-122.55535758185809,47.97273111783481]],[[-122.54457779844866,47.74096577453197],[-122.54457779844866,47.743660720384334],[-122.54727274430101,47.743660720384334],[-122.54727274430101,47.74096577453197],[-122.54457779844866,47.74096577453197]],[[-122.3990507224213,47.9080524173782],[-122.3990507224213,47.91074736323056],[-122.40174566827365,47.91074736323056],[-122.40174566827365,47.9080524173782],[-122.3990507224213,47.9080524173782]],[[-122.44216985605902,47.77600007061263],[-122.44486480191138,47.77600007061263],[-122.44486480191138,47.76791523305556],[-122.44216985605902,47.76791523305556],[-122.44216985605902,47.77600007061263]],[[-122.44755974776375,47.592743752652254],[-122.44755974776375,47.59004880679989],[-122.44486480191138,47.59004880679989],[-122.44486480191138,47.592743752652254],[-122.44755974776375,47.592743752652254]],[[-122.4960687731062,47.72479609941782],[-122.4960687731062,47.72749104527018],[-122.49876371895856,47.72749104527018],[-122.49876371895856,47.72479609941782],[-122.4960687731062,47.72479609941782]],[[-122.41522039753544,47.9080524173782],[-122.41522039753544,47.91074736323056],[-122.42600018094487,47.91074736323056],[-122.42600018094487,47.91344230908292],[-122.43408501850195,47.91344230908292],[-122.43408501850195,47.9080524173782],[-122.41522039753544,47.9080524173782]],[[-122.55805252771044,47.59004880679989],[-122.54996769015337,47.59004880679989],[-122.54996769015337,47.58735386094754],[-122.54727274430101,47.58735386094754],[-122.54727274430101,47.59004880679989],[-122.54457779844866,47.59004880679989],[-122.54457779844866,47.592743752652254],[-122.55266263600572,47.592743752652254],[-122.55266263600572,47.59543869850461],[-122.55805252771044,47.59543869850461],[-122.55805252771044,47.59004880679989]],[[-122.27238826736044,47.627778048732914],[-122.27777815906515,47.627778048732914],[-122.27777815906515,47.62508310288055],[-122.2804731049175,47.62508310288055],[-122.2804731049175,47.6223881570282],[-122.27777815906515,47.6223881570282],[-122.27777815906515,47.61160837361876],[-122.2750832132128,47.61160837361876],[-122.2750832132128,47.61430331947112],[-122.27238826736044,47.61430331947112],[-122.27238826736044,47.627778048732914]],[[-122.4960687731062,47.72479609941782],[-122.4960687731062,47.71940620771311],[-122.49337382725383,47.71940620771311],[-122.49337382725383,47.72479609941782],[-122.4960687731062,47.72479609941782]],[[-122.55266263600572,47.751745557941405],[-122.55266263600572,47.74905061208905],[-122.54996769015337,47.74905061208905],[-122.54996769015337,47.751745557941405],[-122.55266263600572,47.751745557941405]],[[-122.67393519936186,47.33672389667819],[-122.67124025350951,47.33672389667819],[-122.67124025350951,47.33941884253055],[-122.67393519936186,47.33941884253055],[-122.67393519936186,47.33672389667819]],[[-122.4825940438444,47.732880936974894],[-122.47720415213969,47.732880936974894],[-122.47720415213969,47.73827082867961],[-122.47989909799205,47.73827082867961],[-122.47989909799205,47.74096577453197],[-122.4825940438444,47.74096577453197],[-122.4825940438444,47.743660720384334],[-122.48528898969676,47.743660720384334],[-122.48528898969676,47.74096577453197],[-122.48798393554912,47.74096577453197],[-122.48798393554912,47.73827082867961],[-122.4825940438444,47.73827082867961],[-122.4825940438444,47.732880936974894]],[[-122.54188285259629,47.96195133442537],[-122.54188285259629,47.964646280277734],[-122.54996769015337,47.964646280277734],[-122.54996769015337,47.96195133442537],[-122.54188285259629,47.96195133442537]],[[-122.52032328577742,47.94578165931122],[-122.52032328577742,47.94308671345887],[-122.51762833992507,47.94308671345887],[-122.51762833992507,47.94578165931122],[-122.52032328577742,47.94578165931122]],[[-122.6847149827713,47.62508310288055],[-122.68202003691894,47.62508310288055],[-122.68202003691894,47.627778048732914],[-122.6847149827713,47.627778048732914],[-122.6847149827713,47.62508310288055]],[[-122.54727274430101,47.360978409349414],[-122.54996769015337,47.360978409349414],[-122.54996769015337,47.3555885176447],[-122.54457779844866,47.3555885176447],[-122.54457779844866,47.35828346349706],[-122.54727274430101,47.35828346349706],[-122.54727274430101,47.360978409349414]],[[-122.51493339407271,47.732880936974894],[-122.50954350236799,47.732880936974894],[-122.50954350236799,47.73827082867961],[-122.51493339407271,47.73827082867961],[-122.51493339407271,47.732880936974894]],[[-122.652375632543,47.73018599112254],[-122.652375632543,47.72749104527018],[-122.64968068669063,47.72749104527018],[-122.64968068669063,47.73018599112254],[-122.652375632543,47.73018599112254]],[[-122.55266263600572,47.751745557941405],[-122.55266263600572,47.75444050379377],[-122.55535758185809,47.75444050379377],[-122.55535758185809,47.751745557941405],[-122.55266263600572,47.751745557941405]],[[-122.652375632543,47.73018599112254],[-122.652375632543,47.732880936974894],[-122.65507057839535,47.732880936974894],[-122.65507057839535,47.73018599112254],[-122.652375632543,47.73018599112254]],[[-122.4179153433878,47.8433737169216],[-122.42061028924016,47.8433737169216],[-122.42061028924016,47.84067877106924],[-122.4179153433878,47.84067877106924],[-122.4179153433878,47.8433737169216]],[[-122.47720415213969,47.81103436669329],[-122.47989909799205,47.81103436669329],[-122.47989909799205,47.80833942084094],[-122.47720415213969,47.80833942084094],[-122.47720415213969,47.81103436669329]],[[-122.50684855651564,47.71132137015603],[-122.50684855651564,47.71401631600839],[-122.50954350236799,47.71401631600839],[-122.50954350236799,47.71132137015603],[-122.50684855651564,47.71132137015603]],[[-122.43408501850195,47.387927867873],[-122.43139007264959,47.387927867873],[-122.43139007264959,47.39062281372536],[-122.43408501850195,47.39062281372536],[-122.43408501850195,47.387927867873]],[[-122.48528898969676,47.93500187590179],[-122.4825940438444,47.93500187590179],[-122.4825940438444,47.937696821754145],[-122.48528898969676,47.937696821754145],[-122.48528898969676,47.93500187590179]],[[-122.40983050583073,47.51728526878621],[-122.40713555997836,47.51728526878621],[-122.40713555997836,47.51998021463857],[-122.40983050583073,47.51998021463857],[-122.40983050583073,47.51728526878621]],[[-122.41252545168308,47.49033581026263],[-122.40983050583073,47.49033581026263],[-122.40983050583073,47.49303075611498],[-122.41252545168308,47.49303075611498],[-122.41252545168308,47.49033581026263]],[[-122.52301823162978,47.93500187590179],[-122.52032328577742,47.93500187590179],[-122.52032328577742,47.940391767606506],[-122.52301823162978,47.940391767606506],[-122.52301823162978,47.93500187590179]],[[-122.31820234685053,47.92422209249236],[-122.31550740099817,47.92422209249236],[-122.31550740099817,47.92691703834471],[-122.31820234685053,47.92691703834471],[-122.31820234685053,47.92422209249236]],[[-122.61734133646233,47.86223833788811],[-122.61734133646233,47.86493328374046],[-122.61464639060998,47.86493328374046],[-122.61464639060998,47.870323175445186],[-122.61734133646233,47.870323175445186],[-122.61734133646233,47.87301812129754],[-122.61464639060998,47.87301812129754],[-122.61464639060998,47.87840801300226],[-122.61734133646233,47.87840801300226],[-122.61734133646233,47.8757130671499],[-122.62542617401941,47.8757130671499],[-122.62542617401941,47.870323175445186],[-122.62273122816705,47.870323175445186],[-122.62273122816705,47.86223833788811],[-122.61734133646233,47.86223833788811]],[[-122.53379801503921,47.95117155101594],[-122.53379801503921,47.9538664968683],[-122.53649296089158,47.9538664968683],[-122.53649296089158,47.95117155101594],[-122.53379801503921,47.95117155101594]],[[-122.33706696781704,47.64125277799471],[-122.33706696781704,47.635862886289985],[-122.33167707611233,47.635862886289985],[-122.33167707611233,47.64394772384706],[-122.33437202196468,47.64394772384706],[-122.33437202196468,47.64125277799471],[-122.33706696781704,47.64125277799471]],[[-122.45564458532081,47.72479609941782],[-122.45833953117318,47.72479609941782],[-122.45833953117318,47.72210115356546],[-122.45564458532081,47.72210115356546],[-122.45564458532081,47.72479609941782]],[[-122.43139007264959,47.61430331947112],[-122.4367799643543,47.61430331947112],[-122.4367799643543,47.61160837361876],[-122.43139007264959,47.61160837361876],[-122.43139007264959,47.61430331947112]],[[-122.40713555997836,47.32324916741639],[-122.40983050583073,47.32324916741639],[-122.40983050583073,47.32055422156404],[-122.40713555997836,47.32055422156404],[-122.40713555997836,47.32324916741639]],[[-122.45564458532081,47.94578165931122],[-122.45564458532081,47.95117155101594],[-122.45833953117318,47.95117155101594],[-122.45833953117318,47.94578165931122],[-122.45564458532081,47.94578165931122]],[[-122.25352364639393,47.627778048732914],[-122.25352364639393,47.62508310288055],[-122.25082870054156,47.62508310288055],[-122.25082870054156,47.627778048732914],[-122.25352364639393,47.627778048732914]],[[-122.47181426043497,47.61160837361876],[-122.47450920628732,47.61160837361876],[-122.47450920628732,47.60621848191404],[-122.47989909799205,47.60621848191404],[-122.47989909799205,47.61160837361876],[-122.47720415213969,47.61160837361876],[-122.47720415213969,47.619693211175836],[-122.47450920628732,47.619693211175836],[-122.47450920628732,47.6223881570282],[-122.47720415213969,47.6223881570282],[-122.47720415213969,47.62508310288055],[-122.47989909799205,47.62508310288055],[-122.47989909799205,47.61699826532348],[-122.4825940438444,47.61699826532348],[-122.4825940438444,47.62508310288055],[-122.48528898969676,47.62508310288055],[-122.48528898969676,47.619693211175836],[-122.48798393554912,47.619693211175836],[-122.48798393554912,47.61699826532348],[-122.49067888140148,47.61699826532348],[-122.49067888140148,47.61430331947112],[-122.48528898969676,47.61430331947112],[-122.48528898969676,47.60621848191404],[-122.49067888140148,47.60621848191404],[-122.49067888140148,47.60352353606169],[-122.4825940438444,47.60352353606169],[-122.4825940438444,47.59813364435697],[-122.47720415213969,47.59813364435697],[-122.47720415213969,47.592743752652254],[-122.47450920628732,47.592743752652254],[-122.47450920628732,47.59543869850461],[-122.47181426043497,47.59543869850461],[-122.47181426043497,47.59813364435697],[-122.46642436873026,47.59813364435697],[-122.46642436873026,47.600828590209325],[-122.46372942287789,47.600828590209325],[-122.46372942287789,47.60621848191404],[-122.46911931458261,47.60621848191404],[-122.46911931458261,47.6089134277664],[-122.47181426043497,47.6089134277664],[-122.47181426043497,47.61160837361876]],[[-122.38288104730714,47.33941884253055],[-122.38018610145478,47.33941884253055],[-122.38018610145478,47.3421137883829],[-122.38288104730714,47.3421137883829],[-122.38288104730714,47.33941884253055]],[[-122.48798393554912,47.71940620771311],[-122.49067888140148,47.71940620771311],[-122.49067888140148,47.716711261860745],[-122.48798393554912,47.716711261860745],[-122.48798393554912,47.71940620771311]],[[-122.690104874476,47.9538664968683],[-122.690104874476,47.95117155101594],[-122.68740992862365,47.95117155101594],[-122.68740992862365,47.9538664968683],[-122.690104874476,47.9538664968683]],[[-122.53379801503921,47.743660720384334],[-122.53110306918686,47.743660720384334],[-122.53110306918686,47.74635566623669],[-122.53379801503921,47.74635566623669],[-122.53379801503921,47.743660720384334]],[[-122.46911931458261,47.91344230908292],[-122.47181426043497,47.91344230908292],[-122.47181426043497,47.91074736323056],[-122.46911931458261,47.91074736323056],[-122.46911931458261,47.91344230908292]],[[-122.60117166134818,47.67359212822301],[-122.60386660720054,47.67359212822301],[-122.60386660720054,47.67089718237065],[-122.60117166134818,47.67089718237065],[-122.60117166134818,47.67359212822301]],[[-122.49067888140148,47.940391767606506],[-122.48798393554912,47.940391767606506],[-122.48798393554912,47.94308671345887],[-122.49067888140148,47.94308671345887],[-122.49067888140148,47.940391767606506]],[[-122.25352364639393,47.627778048732914],[-122.25352364639393,47.63047299458527],[-122.25621859224628,47.63047299458527],[-122.25621859224628,47.627778048732914],[-122.25352364639393,47.627778048732914]],[[-122.50415361066327,47.55231956486687],[-122.50415361066327,47.546929673162154],[-122.50145866481091,47.546929673162154],[-122.50145866481091,47.55231956486687],[-122.50415361066327,47.55231956486687]],[[-122.6065615530529,47.65742245310886],[-122.6065615530529,47.662812344813574],[-122.60925649890525,47.662812344813574],[-122.60925649890525,47.65742245310886],[-122.6065615530529,47.65742245310886]],[[-122.54457779844866,47.74096577453197],[-122.54457779844866,47.73827082867961],[-122.54188285259629,47.73827082867961],[-122.54188285259629,47.74096577453197],[-122.54457779844866,47.74096577453197]],[[-122.33706696781704,47.67628707407537],[-122.3397619136694,47.67628707407537],[-122.3397619136694,47.67359212822301],[-122.33706696781704,47.67359212822301],[-122.33706696781704,47.67628707407537]],[[-122.33706696781704,47.67628707407537],[-122.33437202196468,47.67628707407537],[-122.33437202196468,47.67898201992772],[-122.33167707611233,47.67898201992772],[-122.33167707611233,47.681676965780085],[-122.33706696781704,47.681676965780085],[-122.33706696781704,47.67628707407537]],[[-122.44216985605902,47.78408490816971],[-122.44486480191138,47.78408490816971],[-122.44486480191138,47.78138996231735],[-122.44216985605902,47.78138996231735],[-122.44216985605902,47.78408490816971]],[[-122.53379801503921,47.581963969242814],[-122.53379801503921,47.59004880679989],[-122.53649296089158,47.59004880679989],[-122.53649296089158,47.592743752652254],[-122.53918790674393,47.592743752652254],[-122.53918790674393,47.59004880679989],[-122.54188285259629,47.59004880679989],[-122.54188285259629,47.58735386094754],[-122.54457779844866,47.58735386094754],[-122.54457779844866,47.584658915095176],[-122.54727274430101,47.584658915095176],[-122.54727274430101,47.581963969242814],[-122.54457779844866,47.581963969242814],[-122.54457779844866,47.57926902339046],[-122.53918790674393,47.57926902339046],[-122.53918790674393,47.581963969242814],[-122.53379801503921,47.581963969242814]],[[-122.690104874476,47.9538664968683],[-122.690104874476,47.956561442720655],[-122.69279982032837,47.956561442720655],[-122.69279982032837,47.9538664968683],[-122.690104874476,47.9538664968683]],[[-122.24543880883685,47.55231956486687],[-122.24004891713213,47.55231956486687],[-122.24004891713213,47.55501451071923],[-122.24543880883685,47.55501451071923],[-122.24543880883685,47.55231956486687]],[[-122.75478357493262,47.66820223651829],[-122.75208862908026,47.66820223651829],[-122.75208862908026,47.67089718237065],[-122.75478357493262,47.67089718237065],[-122.75478357493262,47.66820223651829]],[[-122.47720415213969,47.81103436669329],[-122.47181426043497,47.81103436669329],[-122.47181426043497,47.80833942084094],[-122.46911931458261,47.80833942084094],[-122.46911931458261,47.813729312545654],[-122.47450920628732,47.813729312545654],[-122.47450920628732,47.816424258398015],[-122.47720415213969,47.816424258398015],[-122.47720415213969,47.81103436669329]],[[-122.44216985605902,47.75713544964612],[-122.43947491020667,47.75713544964612],[-122.43947491020667,47.75983039549848],[-122.4367799643543,47.75983039549848],[-122.4367799643543,47.76252534135084],[-122.44216985605902,47.76252534135084],[-122.44216985605902,47.75713544964612]],[[-122.44216985605902,47.75444050379377],[-122.44216985605902,47.74905061208905],[-122.43947491020667,47.74905061208905],[-122.43947491020667,47.75444050379377],[-122.44216985605902,47.75444050379377]],[[-122.41252545168308,47.33133400497347],[-122.41252545168308,47.32863905912111],[-122.41522039753544,47.32863905912111],[-122.41522039753544,47.325944113268754],[-122.40983050583073,47.325944113268754],[-122.40983050583073,47.32863905912111],[-122.404440614126,47.32863905912111],[-122.404440614126,47.33133400497347],[-122.40713555997836,47.33133400497347],[-122.40713555997836,47.33402895082583],[-122.40983050583073,47.33402895082583],[-122.40983050583073,47.33133400497347],[-122.41252545168308,47.33133400497347]],[[-122.3990507224213,47.886492850559335],[-122.40174566827365,47.886492850559335],[-122.40174566827365,47.883797904706974],[-122.3990507224213,47.883797904706974],[-122.3990507224213,47.886492850559335]],[[-122.68202003691894,47.59813364435697],[-122.6847149827713,47.59813364435697],[-122.6847149827713,47.592743752652254],[-122.68202003691894,47.592743752652254],[-122.68202003691894,47.59813364435697]],[[-122.55805252771044,47.33941884253055],[-122.54996769015337,47.33941884253055],[-122.54996769015337,47.3421137883829],[-122.55805252771044,47.3421137883829],[-122.55805252771044,47.33941884253055]],[[-122.40983050583073,47.51728526878621],[-122.42061028924016,47.51728526878621],[-122.42061028924016,47.52267516049093],[-122.4179153433878,47.52267516049093],[-122.4179153433878,47.52806505219564],[-122.41522039753544,47.52806505219564],[-122.41522039753544,47.530759998048005],[-122.42061028924016,47.530759998048005],[-122.42061028924016,47.52537010634329],[-122.43139007264959,47.52537010634329],[-122.43139007264959,47.52267516049093],[-122.42600018094487,47.52267516049093],[-122.42600018094487,47.51998021463857],[-122.42330523509251,47.51998021463857],[-122.42330523509251,47.51728526878621],[-122.42869512679724,47.51728526878621],[-122.42869512679724,47.514590322933856],[-122.42600018094487,47.514590322933856],[-122.42600018094487,47.511895377081494],[-122.42869512679724,47.511895377081494],[-122.42869512679724,47.50650548537678],[-122.42600018094487,47.50650548537678],[-122.42600018094487,47.50111559367206],[-122.42330523509251,47.50111559367206],[-122.42330523509251,47.503810539524416],[-122.4179153433878,47.503810539524416],[-122.4179153433878,47.511895377081494],[-122.40713555997836,47.511895377081494],[-122.40713555997836,47.514590322933856],[-122.40983050583073,47.514590322933856],[-122.40983050583073,47.51728526878621]],[[-122.45833953117318,47.61160837361876],[-122.46103447702554,47.61160837361876],[-122.46103447702554,47.6089134277664],[-122.45833953117318,47.6089134277664],[-122.45833953117318,47.61160837361876]],[[-122.61734133646233,47.86223833788811],[-122.61734133646233,47.85684844618339],[-122.61464639060998,47.85684844618339],[-122.61464639060998,47.86223833788811],[-122.61734133646233,47.86223833788811]],[[-122.58500198623403,47.646642669699425],[-122.58230704038166,47.646642669699425],[-122.58230704038166,47.64933761555178],[-122.58500198623403,47.64933761555178],[-122.58500198623403,47.646642669699425]],[[-122.4502546936161,47.937696821754145],[-122.44755974776375,47.937696821754145],[-122.44755974776375,47.940391767606506],[-122.44486480191138,47.940391767606506],[-122.44486480191138,47.94578165931122],[-122.4502546936161,47.94578165931122],[-122.4502546936161,47.937696821754145]],[[-122.3990507224213,47.886492850559335],[-122.39635577656892,47.886492850559335],[-122.39635577656892,47.88918779641169],[-122.3990507224213,47.88918779641169],[-122.3990507224213,47.886492850559335]],[[-122.21848935031326,47.6089134277664],[-122.21848935031326,47.61430331947112],[-122.22118429616562,47.61430331947112],[-122.22118429616562,47.6089134277664],[-122.21848935031326,47.6089134277664]],[[-122.64429079498592,47.360978409349414],[-122.64698574083828,47.360978409349414],[-122.64698574083828,47.35828346349706],[-122.64429079498592,47.35828346349706],[-122.64429079498592,47.360978409349414]],[[-122.58769693208639,47.6089134277664],[-122.58769693208639,47.619693211175836],[-122.59039187793874,47.619693211175836],[-122.59039187793874,47.6089134277664],[-122.58769693208639,47.6089134277664]],[[-122.48798393554912,47.51998021463857],[-122.48798393554912,47.51728526878621],[-122.47989909799205,47.51728526878621],[-122.47989909799205,47.51998021463857],[-122.48798393554912,47.51998021463857]],[[-122.57961209452931,47.832593933512165],[-122.58230704038166,47.832593933512165],[-122.58230704038166,47.82181415010273],[-122.57961209452931,47.82181415010273],[-122.57961209452931,47.81911920425037],[-122.57691714867696,47.81911920425037],[-122.57691714867696,47.82450909595509],[-122.57961209452931,47.82450909595509],[-122.57961209452931,47.832593933512165]],[[-122.22387924201799,47.69515169504188],[-122.22118429616562,47.69515169504188],[-122.22118429616562,47.697846640894234],[-122.21579440446091,47.697846640894234],[-122.21579440446091,47.70323653259895],[-122.22118429616562,47.70323653259895],[-122.22118429616562,47.700541586746596],[-122.22387924201799,47.700541586746596],[-122.22387924201799,47.69515169504188]],[[-122.67393519936186,47.33672389667819],[-122.67663014521422,47.33672389667819],[-122.67663014521422,47.33402895082583],[-122.67393519936186,47.33402895082583],[-122.67393519936186,47.33672389667819]],[[-122.42869512679724,47.530759998048005],[-122.42869512679724,47.52806505219564],[-122.42600018094487,47.52806505219564],[-122.42600018094487,47.530759998048005],[-122.42869512679724,47.530759998048005]],[[-122.24543880883685,47.63047299458527],[-122.2481337546892,47.63047299458527],[-122.2481337546892,47.627778048732914],[-122.24543880883685,47.627778048732914],[-122.24543880883685,47.63047299458527]],[[-122.4179153433878,47.851458554478675],[-122.4179153433878,47.85954339203575],[-122.42061028924016,47.85954339203575],[-122.42061028924016,47.851458554478675],[-122.4179153433878,47.851458554478675]],[[-122.57152725697223,47.832593933512165],[-122.57152725697223,47.82720404180745],[-122.56883231111988,47.82720404180745],[-122.56883231111988,47.832593933512165],[-122.57152725697223,47.832593933512165]],[[-122.53379801503921,47.38523292202064],[-122.54188285259629,47.38523292202064],[-122.54188285259629,47.387927867873],[-122.53649296089158,47.387927867873],[-122.53649296089158,47.39062281372536],[-122.53110306918686,47.39062281372536],[-122.53110306918686,47.39331775957772],[-122.5284081233345,47.39331775957772],[-122.5284081233345,47.398707651282436],[-122.52571317748215,47.398707651282436],[-122.52571317748215,47.40679248883951],[-122.52301823162978,47.40679248883951],[-122.52301823162978,47.40948743469187],[-122.52032328577742,47.40948743469187],[-122.52032328577742,47.41218238054423],[-122.51493339407271,47.41218238054423],[-122.51493339407271,47.414877326396585],[-122.51762833992507,47.414877326396585],[-122.51762833992507,47.4202672181013],[-122.51493339407271,47.4202672181013],[-122.51493339407271,47.42835205565838],[-122.51223844822034,47.42835205565838],[-122.51223844822034,47.433741947363096],[-122.51493339407271,47.433741947363096],[-122.51493339407271,47.43913183906781],[-122.51762833992507,47.43913183906781],[-122.51762833992507,47.441826784920174],[-122.51223844822034,47.441826784920174],[-122.51223844822034,47.44721667662489],[-122.51762833992507,47.44721667662489],[-122.51762833992507,47.449911622477245],[-122.51493339407271,47.449911622477245],[-122.51493339407271,47.45260656832961],[-122.52032328577742,47.45260656832961],[-122.52032328577742,47.45530151418196],[-122.51762833992507,47.45530151418196],[-122.51762833992507,47.460691405886685],[-122.50954350236799,47.460691405886685],[-122.50954350236799,47.46338635173904],[-122.50415361066327,47.46338635173904],[-122.50415361066327,47.468776243443756],[-122.50145866481091,47.468776243443756],[-122.50145866481091,47.47416613514847],[-122.50415361066327,47.47416613514847],[-122.50415361066327,47.476861081000834],[-122.50145866481091,47.476861081000834],[-122.50145866481091,47.48225097270555],[-122.50954350236799,47.48225097270555],[-122.50954350236799,47.48764086441027],[-122.50415361066327,47.48764086441027],[-122.50415361066327,47.48494591855791],[-122.4960687731062,47.48494591855791],[-122.4960687731062,47.49033581026263],[-122.50145866481091,47.49033581026263],[-122.50145866481091,47.4984206478197],[-122.50415361066327,47.4984206478197],[-122.50415361066327,47.49303075611498],[-122.50954350236799,47.49303075611498],[-122.50954350236799,47.49033581026263],[-122.51223844822034,47.49033581026263],[-122.51223844822034,47.48494591855791],[-122.51493339407271,47.48494591855791],[-122.51493339407271,47.47955602685319],[-122.51762833992507,47.47955602685319],[-122.51762833992507,47.47416613514847],[-122.52032328577742,47.47416613514847],[-122.52032328577742,47.47147118929612],[-122.5284081233345,47.47147118929612],[-122.5284081233345,47.449911622477245],[-122.53379801503921,47.449911622477245],[-122.53379801503921,47.44452173077253],[-122.53110306918686,47.44452173077253],[-122.53110306918686,47.43643689321546],[-122.53379801503921,47.43643689321546],[-122.53379801503921,47.431047001510734],[-122.5284081233345,47.431047001510734],[-122.5284081233345,47.42565710980602],[-122.53379801503921,47.42565710980602],[-122.53379801503921,47.4202672181013],[-122.53649296089158,47.4202672181013],[-122.53649296089158,47.41757227224895],[-122.53918790674393,47.41757227224895],[-122.53918790674393,47.414877326396585],[-122.54188285259629,47.414877326396585],[-122.54188285259629,47.40948743469187],[-122.53379801503921,47.40948743469187],[-122.53379801503921,47.40679248883951],[-122.54457779844866,47.40679248883951],[-122.54457779844866,47.40409754298715],[-122.54727274430101,47.40409754298715],[-122.54727274430101,47.40679248883951],[-122.54996769015337,47.40679248883951],[-122.54996769015337,47.387927867873],[-122.54457779844866,47.387927867873],[-122.54457779844866,47.38253797616828],[-122.54188285259629,47.38253797616828],[-122.54188285259629,47.379843030315925],[-122.53918790674393,47.379843030315925],[-122.53918790674393,47.37714808446356],[-122.53649296089158,47.37714808446356],[-122.53649296089158,47.37445313861121],[-122.53110306918686,47.37445313861121],[-122.53110306918686,47.37714808446356],[-122.5284081233345,47.37714808446356],[-122.5284081233345,47.38253797616828],[-122.53379801503921,47.38253797616828],[-122.53379801503921,47.38523292202064]],[[-122.41522039753544,47.851458554478675],[-122.41252545168308,47.851458554478675],[-122.41252545168308,47.85415350033103],[-122.41522039753544,47.85415350033103],[-122.41522039753544,47.851458554478675]],[[-122.49337382725383,47.983510901244244],[-122.48798393554912,47.983510901244244],[-122.48798393554912,47.9862058470966],[-122.49337382725383,47.9862058470966],[-122.49337382725383,47.983510901244244]],[[-122.54188285259629,47.95117155101594],[-122.54457779844866,47.95117155101594],[-122.54457779844866,47.948476605163584],[-122.54188285259629,47.948476605163584],[-122.54188285259629,47.95117155101594]],[[-122.38288104730714,47.33941884253055],[-122.38827093901186,47.33941884253055],[-122.38827093901186,47.33672389667819],[-122.38288104730714,47.33672389667819],[-122.38288104730714,47.33941884253055]],[[-122.4960687731062,47.96734122613009],[-122.4960687731062,47.97273111783481],[-122.50145866481091,47.97273111783481],[-122.50145866481091,47.96734122613009],[-122.4960687731062,47.96734122613009]],[[-122.38557599315949,47.97273111783481],[-122.38827093901186,47.97273111783481],[-122.38827093901186,47.97003617198245],[-122.38557599315949,47.97003617198245],[-122.38557599315949,47.97273111783481]],[[-122.46911931458261,47.76791523305556],[-122.46911931458261,47.7652202872032],[-122.46642436873026,47.7652202872032],[-122.46642436873026,47.76791523305556],[-122.46911931458261,47.76791523305556]],[[-122.45833953117318,47.64933761555178],[-122.45833953117318,47.65203256140414],[-122.46642436873026,47.65203256140414],[-122.46642436873026,47.64933761555178],[-122.45833953117318,47.64933761555178]],[[-122.41252545168308,47.33133400497347],[-122.41252545168308,47.33402895082583],[-122.41522039753544,47.33402895082583],[-122.41522039753544,47.33133400497347],[-122.41252545168308,47.33133400497347]],[[-122.55805252771044,47.33941884253055],[-122.5607474735628,47.33941884253055],[-122.5607474735628,47.33672389667819],[-122.55805252771044,47.33672389667819],[-122.55805252771044,47.33941884253055]],[[-122.51762833992507,47.905357471525846],[-122.52301823162978,47.905357471525846],[-122.52301823162978,47.89996757982113],[-122.51762833992507,47.89996757982113],[-122.51762833992507,47.905357471525846]],[[-122.60117166134818,47.68976180333716],[-122.60117166134818,47.69515169504188],[-122.6065615530529,47.69515169504188],[-122.6065615530529,47.69245674918952],[-122.60386660720054,47.69245674918952],[-122.60386660720054,47.68976180333716],[-122.60117166134818,47.68976180333716]],[[-122.24543880883685,47.63047299458527],[-122.2427438629845,47.63047299458527],[-122.2427438629845,47.635862886289985],[-122.2481337546892,47.635862886289985],[-122.2481337546892,47.63316794043763],[-122.24543880883685,47.63316794043763],[-122.24543880883685,47.63047299458527]],[[-122.4502546936161,47.83528887936452],[-122.4502546936161,47.84067877106924],[-122.45294963946846,47.84067877106924],[-122.45294963946846,47.83528887936452],[-122.4502546936161,47.83528887936452]],[[-122.70088465788545,47.61430331947112],[-122.70627454959016,47.61430331947112],[-122.70627454959016,47.61160837361876],[-122.70088465788545,47.61160837361876],[-122.70088465788545,47.61430331947112]],[[-122.49337382725383,47.92691703834471],[-122.49067888140148,47.92691703834471],[-122.49067888140148,47.929611984197074],[-122.49337382725383,47.929611984197074],[-122.49337382725383,47.92691703834471]],[[-122.33706696781704,47.64125277799471],[-122.33706696781704,47.64394772384706],[-122.3397619136694,47.64394772384706],[-122.3397619136694,47.64125277799471],[-122.33706696781704,47.64125277799471]],[[-122.2939478341793,47.64933761555178],[-122.29664278003166,47.64933761555178],[-122.29664278003166,47.646642669699425],[-122.2939478341793,47.646642669699425],[-122.2939478341793,47.64933761555178]],[[-122.34515180537412,47.88110295885462],[-122.3397619136694,47.88110295885462],[-122.3397619136694,47.883797904706974],[-122.34515180537412,47.883797904706974],[-122.34515180537412,47.88110295885462]],[[-122.44216985605902,47.654727507256496],[-122.44216985605902,47.66011739896121],[-122.44486480191138,47.66011739896121],[-122.44486480191138,47.654727507256496],[-122.44216985605902,47.654727507256496]],[[-122.2292691337227,47.67089718237065],[-122.23196407957505,47.67089718237065],[-122.23196407957505,47.66820223651829],[-122.2292691337227,47.66820223651829],[-122.2292691337227,47.67089718237065]],[[-122.2292691337227,47.67898201992772],[-122.2292691337227,47.67628707407537],[-122.22657418787034,47.67628707407537],[-122.22657418787034,47.67898201992772],[-122.2292691337227,47.67898201992772]],[[-122.58769693208639,47.6089134277664],[-122.58769693208639,47.60621848191404],[-122.59308682379111,47.60621848191404],[-122.59308682379111,47.600828590209325],[-122.59578176964347,47.600828590209325],[-122.59578176964347,47.59813364435697],[-122.58769693208639,47.59813364435697],[-122.58769693208639,47.59004880679989],[-122.59308682379111,47.59004880679989],[-122.59308682379111,47.584658915095176],[-122.59578176964347,47.584658915095176],[-122.59578176964347,47.57926902339046],[-122.59847671549582,47.57926902339046],[-122.59847671549582,47.57387913168574],[-122.60117166134818,47.57387913168574],[-122.60117166134818,47.57118418583338],[-122.60386660720054,47.57118418583338],[-122.60386660720054,47.565794294128665],[-122.61464639060998,47.565794294128665],[-122.61464639060998,47.56309934827631],[-122.61734133646233,47.56309934827631],[-122.61734133646233,47.56040440242395],[-122.62273122816705,47.56040440242395],[-122.62273122816705,47.55770945657159],[-122.62812111987176,47.55770945657159],[-122.62812111987176,47.55501451071923],[-122.63351101157649,47.55501451071923],[-122.63351101157649,47.55231956486687],[-122.64698574083828,47.55231956486687],[-122.64698574083828,47.5442347273098],[-122.64429079498592,47.5442347273098],[-122.64429079498592,47.546929673162154],[-122.64159584913357,47.546929673162154],[-122.64159584913357,47.5442347273098],[-122.6389009032812,47.5442347273098],[-122.6389009032812,47.546929673162154],[-122.63351101157649,47.546929673162154],[-122.63351101157649,47.5442347273098],[-122.63081606572412,47.5442347273098],[-122.63081606572412,47.546929673162154],[-122.62812111987176,47.546929673162154],[-122.62812111987176,47.55231956486687],[-122.62273122816705,47.55231956486687],[-122.62273122816705,47.549624619014516],[-122.61734133646233,47.549624619014516],[-122.61734133646233,47.55231956486687],[-122.61464639060998,47.55231956486687],[-122.61464639060998,47.549624619014516],[-122.60386660720054,47.549624619014516],[-122.60386660720054,47.55231956486687],[-122.60117166134818,47.55231956486687],[-122.60117166134818,47.55501451071923],[-122.59847671549582,47.55501451071923],[-122.59847671549582,47.56040440242395],[-122.59578176964347,47.56040440242395],[-122.59578176964347,47.56309934827631],[-122.59308682379111,47.56309934827631],[-122.59308682379111,47.56848923998103],[-122.58769693208639,47.56848923998103],[-122.58769693208639,47.57118418583338],[-122.58500198623403,47.57118418583338],[-122.58500198623403,47.57387913168574],[-122.57961209452931,47.57387913168574],[-122.57961209452931,47.57926902339046],[-122.57691714867696,47.57926902339046],[-122.57691714867696,47.584658915095176],[-122.58769693208639,47.584658915095176],[-122.58769693208639,47.58735386094754],[-122.58500198623403,47.58735386094754],[-122.58500198623403,47.592743752652254],[-122.57691714867696,47.592743752652254],[-122.57691714867696,47.59543869850461],[-122.57961209452931,47.59543869850461],[-122.57961209452931,47.600828590209325],[-122.57691714867696,47.600828590209325],[-122.57691714867696,47.60352353606169],[-122.58500198623403,47.60352353606169],[-122.58500198623403,47.6089134277664],[-122.58769693208639,47.6089134277664]],[[-122.42869512679724,47.530759998048005],[-122.42869512679724,47.53345494390036],[-122.43139007264959,47.53345494390036],[-122.43139007264959,47.530759998048005],[-122.42869512679724,47.530759998048005]],[[-122.49876371895856,47.55501451071923],[-122.49876371895856,47.55770945657159],[-122.50145866481091,47.55770945657159],[-122.50145866481091,47.55501451071923],[-122.49876371895856,47.55501451071923]],[[-122.57691714867696,47.697846640894234],[-122.5742222028246,47.697846640894234],[-122.5742222028246,47.700541586746596],[-122.57152725697223,47.700541586746596],[-122.57152725697223,47.70323653259895],[-122.5742222028246,47.70323653259895],[-122.5742222028246,47.70593147845131],[-122.57691714867696,47.70593147845131],[-122.57691714867696,47.70323653259895],[-122.58230704038166,47.70323653259895],[-122.58230704038166,47.700541586746596],[-122.57691714867696,47.700541586746596],[-122.57691714867696,47.697846640894234]],[[-122.38557599315949,47.97273111783481],[-122.38018610145478,47.97273111783481],[-122.38018610145478,47.975426063687166],[-122.38557599315949,47.975426063687166],[-122.38557599315949,47.97273111783481]],[[-122.40713555997836,47.9080524173782],[-122.404440614126,47.9080524173782],[-122.404440614126,47.91074736323056],[-122.40713555997836,47.91074736323056],[-122.40713555997836,47.9080524173782]],[[-122.55805252771044,47.59004880679989],[-122.56613736526752,47.59004880679989],[-122.56613736526752,47.58735386094754],[-122.55805252771044,47.58735386094754],[-122.55805252771044,47.59004880679989]],[[-122.49337382725383,47.975426063687166],[-122.49337382725383,47.97812100953953],[-122.4960687731062,47.97812100953953],[-122.4960687731062,47.975426063687166],[-122.49337382725383,47.975426063687166]],[[-122.25352364639393,47.57926902339046],[-122.25352364639393,47.581963969242814],[-122.25621859224628,47.581963969242814],[-122.25621859224628,47.57926902339046],[-122.25352364639393,47.57926902339046]],[[-122.36940631804535,47.89727263396877],[-122.37749115560241,47.89727263396877],[-122.37749115560241,47.89188274226405],[-122.37479620975006,47.89188274226405],[-122.37479620975006,47.894577688116414],[-122.36940631804535,47.894577688116414],[-122.36940631804535,47.89727263396877]],[[-122.65507057839535,47.36906324690649],[-122.65507057839535,47.37175819275885],[-122.65776552424771,47.37175819275885],[-122.65776552424771,47.36906324690649],[-122.65507057839535,47.36906324690649]],[[-122.59847671549582,47.66011739896121],[-122.59847671549582,47.665507290665936],[-122.60117166134818,47.665507290665936],[-122.60117166134818,47.66011739896121],[-122.59847671549582,47.66011739896121]],[[-122.50415361066327,47.85684844618339],[-122.50415361066327,47.85954339203575],[-122.49876371895856,47.85954339203575],[-122.49876371895856,47.86223833788811],[-122.49337382725383,47.86223833788811],[-122.49337382725383,47.86493328374046],[-122.49876371895856,47.86493328374046],[-122.49876371895856,47.867628229592825],[-122.50415361066327,47.867628229592825],[-122.50415361066327,47.870323175445186],[-122.50684855651564,47.870323175445186],[-122.50684855651564,47.87301812129754],[-122.50954350236799,47.87301812129754],[-122.50954350236799,47.87840801300226],[-122.51223844822034,47.87840801300226],[-122.51223844822034,47.86223833788811],[-122.50954350236799,47.86223833788811],[-122.50954350236799,47.85954339203575],[-122.50684855651564,47.85954339203575],[-122.50684855651564,47.85684844618339],[-122.50415361066327,47.85684844618339]],[[-122.27238826736044,47.627778048732914],[-122.26699837565572,47.627778048732914],[-122.26699837565572,47.63047299458527],[-122.26969332150807,47.63047299458527],[-122.26969332150807,47.63316794043763],[-122.26699837565572,47.63316794043763],[-122.26699837565572,47.635862886289985],[-122.26969332150807,47.635862886289985],[-122.26969332150807,47.64125277799471],[-122.27238826736044,47.64125277799471],[-122.27238826736044,47.627778048732914]],[[-122.40713555997836,47.32324916741639],[-122.3990507224213,47.32324916741639],[-122.3990507224213,47.325944113268754],[-122.40713555997836,47.325944113268754],[-122.40713555997836,47.32324916741639]],[[-122.46642436873026,47.716711261860745],[-122.46642436873026,47.71401631600839],[-122.46372942287789,47.71401631600839],[-122.46372942287789,47.716711261860745],[-122.46642436873026,47.716711261860745]],[[-122.54457779844866,47.363673355201776],[-122.54188285259629,47.363673355201776],[-122.54188285259629,47.36636830105413],[-122.54457779844866,47.36636830105413],[-122.54457779844866,47.363673355201776]],[[-122.21579440446091,47.6089134277664],[-122.21309945860855,47.6089134277664],[-122.21309945860855,47.61160837361876],[-122.21579440446091,47.61160837361876],[-122.21579440446091,47.6089134277664]],[[-122.47720415213969,47.778695016464994],[-122.47720415213969,47.786779854022065],[-122.4825940438444,47.786779854022065],[-122.4825940438444,47.78408490816971],[-122.48528898969676,47.78408490816971],[-122.48528898969676,47.78138996231735],[-122.4825940438444,47.78138996231735],[-122.4825940438444,47.778695016464994],[-122.47720415213969,47.778695016464994]],[[-122.53379801503921,47.38523292202064],[-122.53110306918686,47.38523292202064],[-122.53110306918686,47.387927867873],[-122.53379801503921,47.387927867873],[-122.53379801503921,47.38523292202064]],[[-122.4960687731062,47.96734122613009],[-122.4960687731062,47.964646280277734],[-122.48798393554912,47.964646280277734],[-122.48798393554912,47.96734122613009],[-122.4960687731062,47.96734122613009]],[[-122.36671137219298,47.92691703834471],[-122.36401642634063,47.92691703834471],[-122.36401642634063,47.929611984197074],[-122.36671137219298,47.929611984197074],[-122.36671137219298,47.92691703834471]],[[-122.64429079498592,47.360978409349414],[-122.6389009032812,47.360978409349414],[-122.6389009032812,47.363673355201776],[-122.64429079498592,47.363673355201776],[-122.64429079498592,47.360978409349414]],[[-122.30203267173638,47.98081595539188],[-122.30203267173638,47.9862058470966],[-122.30472761758874,47.9862058470966],[-122.30472761758874,47.98081595539188],[-122.30203267173638,47.98081595539188]],[[-122.46911931458261,47.97003617198245],[-122.46911931458261,47.97273111783481],[-122.47181426043497,47.97273111783481],[-122.47181426043497,47.975426063687166],[-122.47720415213969,47.975426063687166],[-122.47720415213969,47.97273111783481],[-122.47450920628732,47.97273111783481],[-122.47450920628732,47.97003617198245],[-122.46911931458261,47.97003617198245]],[[-122.4960687731062,47.85684844618339],[-122.49067888140148,47.85684844618339],[-122.49067888140148,47.85954339203575],[-122.4960687731062,47.85954339203575],[-122.4960687731062,47.85684844618339]],[[-122.3262871844076,47.91883220078764],[-122.33167707611233,47.91883220078764],[-122.33167707611233,47.91613725493528],[-122.3262871844076,47.91613725493528],[-122.3262871844076,47.91883220078764]],[[-122.24543880883685,47.55231956486687],[-122.2481337546892,47.55231956486687],[-122.2481337546892,47.549624619014516],[-122.24543880883685,47.549624619014516],[-122.24543880883685,47.55231956486687]],[[-122.25352364639393,47.57926902339046],[-122.25352364639393,47.5765740775381],[-122.25621859224628,47.5765740775381],[-122.25621859224628,47.57387913168574],[-122.25082870054156,47.57387913168574],[-122.25082870054156,47.57118418583338],[-122.2481337546892,47.57118418583338],[-122.2481337546892,47.56848923998103],[-122.24004891713213,47.56848923998103],[-122.24004891713213,47.57387913168574],[-122.2481337546892,47.57387913168574],[-122.2481337546892,47.5765740775381],[-122.25082870054156,47.5765740775381],[-122.25082870054156,47.57926902339046],[-122.25352364639393,47.57926902339046]],[[-122.46911931458261,47.97003617198245],[-122.46911931458261,47.96734122613009],[-122.47450920628732,47.96734122613009],[-122.47450920628732,47.964646280277734],[-122.47181426043497,47.964646280277734],[-122.47181426043497,47.95925638857302],[-122.46642436873026,47.95925638857302],[-122.46642436873026,47.96734122613009],[-122.46103447702554,47.96734122613009],[-122.46103447702554,47.964646280277734],[-122.46372942287789,47.964646280277734],[-122.46372942287789,47.95925638857302],[-122.45833953117318,47.95925638857302],[-122.45833953117318,47.9538664968683],[-122.45294963946846,47.9538664968683],[-122.45294963946846,47.95925638857302],[-122.4502546936161,47.95925638857302],[-122.4502546936161,47.964646280277734],[-122.45294963946846,47.964646280277734],[-122.45294963946846,47.96734122613009],[-122.45833953117318,47.96734122613009],[-122.45833953117318,47.97003617198245],[-122.46911931458261,47.97003617198245]],[[-122.41252545168308,47.49033581026263],[-122.41522039753544,47.49033581026263],[-122.41522039753544,47.48764086441027],[-122.41252545168308,47.48764086441027],[-122.41252545168308,47.49033581026263]],[[-122.75747852078497,47.66820223651829],[-122.75747852078497,47.665507290665936],[-122.75478357493262,47.665507290665936],[-122.75478357493262,47.66820223651829],[-122.75747852078497,47.66820223651829]],[[-122.76017346663734,47.66820223651829],[-122.75747852078497,47.66820223651829],[-122.75747852078497,47.67359212822301],[-122.76017346663734,47.67359212822301],[-122.76017346663734,47.66820223651829]],[[-122.7628684124897,47.66820223651829],[-122.7628684124897,47.665507290665936],[-122.76017346663734,47.665507290665936],[-122.76017346663734,47.66820223651829],[-122.7628684124897,47.66820223651829]],[[-122.77095325004677,47.66820223651829],[-122.7628684124897,47.66820223651829],[-122.7628684124897,47.67089718237065],[-122.77095325004677,47.67089718237065],[-122.77095325004677,47.66820223651829]],[[-122.77364819589913,47.66820223651829],[-122.77364819589913,47.662812344813574],[-122.77095325004677,47.662812344813574],[-122.77095325004677,47.66820223651829],[-122.77364819589913,47.66820223651829]],[[-122.6847149827713,47.62508310288055],[-122.690104874476,47.62508310288055],[-122.690104874476,47.6223881570282],[-122.70088465788545,47.6223881570282],[-122.70088465788545,47.62508310288055],[-122.70357960373781,47.62508310288055],[-122.70357960373781,47.619693211175836],[-122.70627454959016,47.619693211175836],[-122.70627454959016,47.61699826532348],[-122.70088465788545,47.61699826532348],[-122.70088465788545,47.61430331947112],[-122.69818971203308,47.61430331947112],[-122.69818971203308,47.6089134277664],[-122.6847149827713,47.6089134277664],[-122.6847149827713,47.60621848191404],[-122.68202003691894,47.60621848191404],[-122.68202003691894,47.60352353606169],[-122.6847149827713,47.60352353606169],[-122.6847149827713,47.600828590209325],[-122.68202003691894,47.600828590209325],[-122.68202003691894,47.59813364435697],[-122.67932509106657,47.59813364435697],[-122.67932509106657,47.600828590209325],[-122.67663014521422,47.600828590209325],[-122.67663014521422,47.60352353606169],[-122.67124025350951,47.60352353606169],[-122.67124025350951,47.60621848191404],[-122.66854530765714,47.60621848191404],[-122.66854530765714,47.6089134277664],[-122.66315541595243,47.6089134277664],[-122.66315541595243,47.61430331947112],[-122.66585036180479,47.61430331947112],[-122.66585036180479,47.61160837361876],[-122.66854530765714,47.61160837361876],[-122.66854530765714,47.61699826532348],[-122.67124025350951,47.61699826532348],[-122.67124025350951,47.619693211175836],[-122.67932509106657,47.619693211175836],[-122.67932509106657,47.6223881570282],[-122.68202003691894,47.6223881570282],[-122.68202003691894,47.619693211175836],[-122.6847149827713,47.619693211175836],[-122.6847149827713,47.62508310288055]],[[-122.65776552424771,47.363673355201776],[-122.65776552424771,47.35828346349706],[-122.65507057839535,47.35828346349706],[-122.65507057839535,47.360978409349414],[-122.64968068669063,47.360978409349414],[-122.64968068669063,47.363673355201776],[-122.64698574083828,47.363673355201776],[-122.64698574083828,47.37175819275885],[-122.64159584913357,47.37175819275885],[-122.64159584913357,47.36636830105413],[-122.6389009032812,47.36636830105413],[-122.6389009032812,47.36906324690649],[-122.62812111987176,47.36906324690649],[-122.62812111987176,47.37445313861121],[-122.62542617401941,47.37445313861121],[-122.62542617401941,47.37714808446356],[-122.62812111987176,47.37714808446356],[-122.62812111987176,47.379843030315925],[-122.63620595742884,47.379843030315925],[-122.63620595742884,47.37714808446356],[-122.64698574083828,47.37714808446356],[-122.64698574083828,47.37445313861121],[-122.652375632543,47.37445313861121],[-122.652375632543,47.36906324690649],[-122.65507057839535,47.36906324690649],[-122.65507057839535,47.363673355201776],[-122.65776552424771,47.363673355201776]],[[-122.6065615530529,47.65742245310886],[-122.6065615530529,47.654727507256496],[-122.60925649890525,47.654727507256496],[-122.60925649890525,47.64933761555178],[-122.6065615530529,47.64933761555178],[-122.6065615530529,47.646642669699425],[-122.60386660720054,47.646642669699425],[-122.60386660720054,47.64933761555178],[-122.59847671549582,47.64933761555178],[-122.59847671549582,47.63855783214235],[-122.59308682379111,47.63855783214235],[-122.59308682379111,47.64394772384706],[-122.59039187793874,47.64394772384706],[-122.59039187793874,47.64125277799471],[-122.58500198623403,47.64125277799471],[-122.58500198623403,47.646642669699425],[-122.59308682379111,47.646642669699425],[-122.59308682379111,47.64933761555178],[-122.58769693208639,47.64933761555178],[-122.58769693208639,47.65742245310886],[-122.59308682379111,47.65742245310886],[-122.59308682379111,47.66011739896121],[-122.59847671549582,47.66011739896121],[-122.59847671549582,47.65742245310886],[-122.6065615530529,47.65742245310886]],[[-122.60117166134818,47.67898201992772],[-122.60117166134818,47.67359212822301],[-122.59847671549582,47.67359212822301],[-122.59847671549582,47.66820223651829],[-122.59578176964347,47.66820223651829],[-122.59578176964347,47.662812344813574],[-122.59308682379111,47.662812344813574],[-122.59308682379111,47.665507290665936],[-122.58769693208639,47.665507290665936],[-122.58769693208639,47.66820223651829],[-122.58500198623403,47.66820223651829],[-122.58500198623403,47.67089718237065],[-122.57691714867696,47.67089718237065],[-122.57691714867696,47.67359212822301],[-122.5742222028246,47.67359212822301],[-122.5742222028246,47.67628707407537],[-122.56883231111988,47.67628707407537],[-122.56883231111988,47.67359212822301],[-122.56613736526752,47.67359212822301],[-122.56613736526752,47.67089718237065],[-122.56344241941515,47.67089718237065],[-122.56344241941515,47.67898201992772],[-122.56613736526752,47.67898201992772],[-122.56613736526752,47.6870668574848],[-122.56883231111988,47.6870668574848],[-122.56883231111988,47.69245674918952],[-122.56613736526752,47.69245674918952],[-122.56613736526752,47.700541586746596],[-122.56883231111988,47.700541586746596],[-122.56883231111988,47.69515169504188],[-122.57691714867696,47.69515169504188],[-122.57691714867696,47.697846640894234],[-122.57961209452931,47.697846640894234],[-122.57961209452931,47.68976180333716],[-122.58230704038166,47.68976180333716],[-122.58230704038166,47.69245674918952],[-122.58500198623403,47.69245674918952],[-122.58500198623403,47.6870668574848],[-122.59039187793874,47.6870668574848],[-122.59039187793874,47.68976180333716],[-122.59308682379111,47.68976180333716],[-122.59308682379111,47.6870668574848],[-122.59578176964347,47.6870668574848],[-122.59578176964347,47.681676965780085],[-122.59847671549582,47.681676965780085],[-122.59847671549582,47.67898201992772],[-122.60117166134818,47.67898201992772]],[[-122.60117166134818,47.68976180333716],[-122.60117166134818,47.6870668574848],[-122.6065615530529,47.6870668574848],[-122.6065615530529,47.68976180333716],[-122.60925649890525,47.68976180333716],[-122.60925649890525,47.68437191163244],[-122.6065615530529,47.68437191163244],[-122.6065615530529,47.681676965780085],[-122.60386660720054,47.681676965780085],[-122.60386660720054,47.67898201992772],[-122.60117166134818,47.67898201992772],[-122.60117166134818,47.68437191163244],[-122.59847671549582,47.68437191163244],[-122.59847671549582,47.68976180333716],[-122.60117166134818,47.68976180333716]],[[-122.57152725697223,47.832593933512165],[-122.57152725697223,47.83528887936452],[-122.5742222028246,47.83528887936452],[-122.5742222028246,47.8433737169216],[-122.58230704038166,47.8433737169216],[-122.58230704038166,47.84067877106924],[-122.57961209452931,47.84067877106924],[-122.57961209452931,47.832593933512165],[-122.57152725697223,47.832593933512165]],[[-122.55535758185809,47.975426063687166],[-122.55805252771044,47.975426063687166],[-122.55805252771044,47.97273111783481],[-122.55535758185809,47.97273111783481],[-122.55535758185809,47.975426063687166]],[[-122.55535758185809,47.99698563050604],[-122.55535758185809,47.98890079294896],[-122.55805252771044,47.98890079294896],[-122.55805252771044,47.9862058470966],[-122.55535758185809,47.9862058470966],[-122.55535758185809,47.983510901244244],[-122.5607474735628,47.983510901244244],[-122.5607474735628,47.98081595539188],[-122.55805252771044,47.98081595539188],[-122.55805252771044,47.97812100953953],[-122.55535758185809,47.97812100953953],[-122.55535758185809,47.975426063687166],[-122.55266263600572,47.975426063687166],[-122.55266263600572,47.98081595539188],[-122.54457779844866,47.98081595539188],[-122.54457779844866,47.983510901244244],[-122.54188285259629,47.983510901244244],[-122.54188285259629,47.9862058470966],[-122.54457779844866,47.9862058470966],[-122.54457779844866,47.99698563050604],[-122.55535758185809,47.99698563050604]],[[-122.53379801503921,47.743660720384334],[-122.53649296089158,47.743660720384334],[-122.53649296089158,47.74096577453197],[-122.53918790674393,47.74096577453197],[-122.53918790674393,47.732880936974894],[-122.54188285259629,47.732880936974894],[-122.54188285259629,47.735575882827256],[-122.54727274430101,47.735575882827256],[-122.54727274430101,47.732880936974894],[-122.54457779844866,47.732880936974894],[-122.54457779844866,47.73018599112254],[-122.54727274430101,47.73018599112254],[-122.54727274430101,47.72749104527018],[-122.55266263600572,47.72749104527018],[-122.55266263600572,47.72479609941782],[-122.55535758185809,47.72479609941782],[-122.55535758185809,47.72210115356546],[-122.54727274430101,47.72210115356546],[-122.54727274430101,47.71940620771311],[-122.54457779844866,47.71940620771311],[-122.54457779844866,47.72210115356546],[-122.54188285259629,47.72210115356546],[-122.54188285259629,47.72749104527018],[-122.53918790674393,47.72749104527018],[-122.53918790674393,47.72479609941782],[-122.53379801503921,47.72479609941782],[-122.53379801503921,47.72210115356546],[-122.53918790674393,47.72210115356546],[-122.53918790674393,47.71940620771311],[-122.54188285259629,47.71940620771311],[-122.54188285259629,47.71401631600839],[-122.53918790674393,47.71401631600839],[-122.53918790674393,47.716711261860745],[-122.53110306918686,47.716711261860745],[-122.53110306918686,47.71132137015603],[-122.52571317748215,47.71132137015603],[-122.52571317748215,47.70862642430367],[-122.52301823162978,47.70862642430367],[-122.52301823162978,47.71132137015603],[-122.52032328577742,47.71132137015603],[-122.52032328577742,47.70593147845131],[-122.51762833992507,47.70593147845131],[-122.51762833992507,47.70862642430367],[-122.51493339407271,47.70862642430367],[-122.51493339407271,47.71132137015603],[-122.51223844822034,47.71132137015603],[-122.51223844822034,47.716711261860745],[-122.50954350236799,47.716711261860745],[-122.50954350236799,47.71940620771311],[-122.51223844822034,47.71940620771311],[-122.51223844822034,47.72210115356546],[-122.50954350236799,47.72210115356546],[-122.50954350236799,47.72479609941782],[-122.50145866481091,47.72479609941782],[-122.50145866481091,47.73018599112254],[-122.50415361066327,47.73018599112254],[-122.50415361066327,47.72749104527018],[-122.50954350236799,47.72749104527018],[-122.50954350236799,47.73018599112254],[-122.51223844822034,47.73018599112254],[-122.51223844822034,47.72479609941782],[-122.51493339407271,47.72479609941782],[-122.51493339407271,47.72749104527018],[-122.52301823162978,47.72749104527018],[-122.52301823162978,47.73018599112254],[-122.51493339407271,47.73018599112254],[-122.51493339407271,47.732880936974894],[-122.51762833992507,47.732880936974894],[-122.51762833992507,47.735575882827256],[-122.52571317748215,47.735575882827256],[-122.52571317748215,47.73827082867961],[-122.5284081233345,47.73827082867961],[-122.5284081233345,47.74096577453197],[-122.53379801503921,47.74096577453197],[-122.53379801503921,47.743660720384334]],[[-122.48528898969676,47.92691703834471],[-122.48528898969676,47.93500187590179],[-122.48798393554912,47.93500187590179],[-122.48798393554912,47.937696821754145],[-122.49067888140148,47.937696821754145],[-122.49067888140148,47.940391767606506],[-122.49337382725383,47.940391767606506],[-122.49337382725383,47.937696821754145],[-122.49876371895856,47.937696821754145],[-122.49876371895856,47.93500187590179],[-122.49337382725383,47.93500187590179],[-122.49337382725383,47.93230693004943],[-122.48798393554912,47.93230693004943],[-122.48798393554912,47.92691703834471],[-122.48528898969676,47.92691703834471]],[[-122.48528898969676,47.92422209249236],[-122.4825940438444,47.92422209249236],[-122.4825940438444,47.92691703834471],[-122.48528898969676,47.92691703834471],[-122.48528898969676,47.92422209249236]],[[-122.52301823162978,47.93500187590179],[-122.52571317748215,47.93500187590179],[-122.52571317748215,47.93230693004943],[-122.5284081233345,47.93230693004943],[-122.5284081233345,47.937696821754145],[-122.52571317748215,47.937696821754145],[-122.52571317748215,47.940391767606506],[-122.5284081233345,47.940391767606506],[-122.5284081233345,47.94308671345887],[-122.53110306918686,47.94308671345887],[-122.53110306918686,47.940391767606506],[-122.53379801503921,47.940391767606506],[-122.53379801503921,47.929611984197074],[-122.54457779844866,47.929611984197074],[-122.54457779844866,47.92691703834471],[-122.54727274430101,47.92691703834471],[-122.54727274430101,47.93500187590179],[-122.54996769015337,47.93500187590179],[-122.54996769015337,47.929611984197074],[-122.55266263600572,47.929611984197074],[-122.55266263600572,47.92691703834471],[-122.54996769015337,47.92691703834471],[-122.54996769015337,47.921527146639995],[-122.54727274430101,47.921527146639995],[-122.54727274430101,47.92422209249236],[-122.54188285259629,47.92422209249236],[-122.54188285259629,47.91613725493528],[-122.53379801503921,47.91613725493528],[-122.53379801503921,47.91344230908292],[-122.53110306918686,47.91344230908292],[-122.53110306918686,47.91613725493528],[-122.5284081233345,47.91613725493528],[-122.5284081233345,47.91344230908292],[-122.52301823162978,47.91344230908292],[-122.52301823162978,47.91613725493528],[-122.52032328577742,47.91613725493528],[-122.52032328577742,47.91344230908292],[-122.51762833992507,47.91344230908292],[-122.51762833992507,47.905357471525846],[-122.51493339407271,47.905357471525846],[-122.51493339407271,47.89996757982113],[-122.50684855651564,47.89996757982113],[-122.50684855651564,47.89727263396877],[-122.50954350236799,47.89727263396877],[-122.50954350236799,47.89188274226405],[-122.4960687731062,47.89188274226405],[-122.4960687731062,47.88918779641169],[-122.48798393554912,47.88918779641169],[-122.48798393554912,47.886492850559335],[-122.48528898969676,47.886492850559335],[-122.48528898969676,47.88918779641169],[-122.4825940438444,47.88918779641169],[-122.4825940438444,47.89188274226405],[-122.48528898969676,47.89188274226405],[-122.48528898969676,47.894577688116414],[-122.4825940438444,47.894577688116414],[-122.4825940438444,47.902662525673485],[-122.48528898969676,47.902662525673485],[-122.48528898969676,47.89996757982113],[-122.48798393554912,47.89996757982113],[-122.48798393554912,47.905357471525846],[-122.47989909799205,47.905357471525846],[-122.47989909799205,47.9080524173782],[-122.47450920628732,47.9080524173782],[-122.47450920628732,47.91074736323056],[-122.47720415213969,47.91074736323056],[-122.47720415213969,47.91613725493528],[-122.46911931458261,47.91613725493528],[-122.46911931458261,47.91344230908292],[-122.46642436873026,47.91344230908292],[-122.46642436873026,47.91883220078764],[-122.4825940438444,47.91883220078764],[-122.4825940438444,47.91613725493528],[-122.48528898969676,47.91613725493528],[-122.48528898969676,47.92422209249236],[-122.48798393554912,47.92422209249236],[-122.48798393554912,47.91883220078764],[-122.49067888140148,47.91883220078764],[-122.49067888140148,47.921527146639995],[-122.49337382725383,47.921527146639995],[-122.49337382725383,47.92691703834471],[-122.49876371895856,47.92691703834471],[-122.49876371895856,47.929611984197074],[-122.50415361066327,47.929611984197074],[-122.50415361066327,47.93500187590179],[-122.51493339407271,47.93500187590179],[-122.51493339407271,47.93230693004943],[-122.52301823162978,47.93230693004943],[-122.52301823162978,47.93500187590179]],[[-122.54457779844866,47.363673355201776],[-122.54727274430101,47.363673355201776],[-122.54727274430101,47.360978409349414],[-122.54457779844866,47.360978409349414],[-122.54457779844866,47.363673355201776]],[[-122.54188285259629,47.9538664968683],[-122.54188285259629,47.95117155101594],[-122.53918790674393,47.95117155101594],[-122.53918790674393,47.9538664968683],[-122.54188285259629,47.9538664968683]],[[-122.51223844822034,47.975426063687166],[-122.50954350236799,47.975426063687166],[-122.50954350236799,47.96734122613009],[-122.50415361066327,47.96734122613009],[-122.50415361066327,47.97003617198245],[-122.50684855651564,47.97003617198245],[-122.50684855651564,47.97273111783481],[-122.50415361066327,47.97273111783481],[-122.50415361066327,47.975426063687166],[-122.50145866481091,47.975426063687166],[-122.50145866481091,47.98081595539188],[-122.49337382725383,47.98081595539188],[-122.49337382725383,47.983510901244244],[-122.49876371895856,47.983510901244244],[-122.49876371895856,47.9862058470966],[-122.50145866481091,47.9862058470966],[-122.50145866481091,47.983510901244244],[-122.50684855651564,47.983510901244244],[-122.50684855651564,47.98081595539188],[-122.50954350236799,47.98081595539188],[-122.50954350236799,47.97812100953953],[-122.51223844822034,47.97812100953953],[-122.51223844822034,47.975426063687166]],[[-122.51762833992507,47.97273111783481],[-122.51223844822034,47.97273111783481],[-122.51223844822034,47.975426063687166],[-122.51762833992507,47.975426063687166],[-122.51762833992507,47.97273111783481]],[[-122.54188285259629,47.96195133442537],[-122.54188285259629,47.95925638857302],[-122.54457779844866,47.95925638857302],[-122.54457779844866,47.9538664968683],[-122.54188285259629,47.9538664968683],[-122.54188285259629,47.956561442720655],[-122.53379801503921,47.956561442720655],[-122.53379801503921,47.96195133442537],[-122.5284081233345,47.96195133442537],[-122.5284081233345,47.95925638857302],[-122.52032328577742,47.95925638857302],[-122.52032328577742,47.96195133442537],[-122.51762833992507,47.96195133442537],[-122.51762833992507,47.97273111783481],[-122.52032328577742,47.97273111783481],[-122.52032328577742,47.97003617198245],[-122.52301823162978,47.97003617198245],[-122.52301823162978,47.96734122613009],[-122.52571317748215,47.96734122613009],[-122.52571317748215,47.964646280277734],[-122.53918790674393,47.964646280277734],[-122.53918790674393,47.96195133442537],[-122.54188285259629,47.96195133442537]],[[-122.47989909799205,47.56040440242395],[-122.47989909799205,47.55770945657159],[-122.48798393554912,47.55770945657159],[-122.48798393554912,47.55501451071923],[-122.49876371895856,47.55501451071923],[-122.49876371895856,47.546929673162154],[-122.4960687731062,47.546929673162154],[-122.4960687731062,47.549624619014516],[-122.4825940438444,47.549624619014516],[-122.4825940438444,47.5442347273098],[-122.47989909799205,47.5442347273098],[-122.47989909799205,47.546929673162154],[-122.47181426043497,47.546929673162154],[-122.47181426043497,47.549624619014516],[-122.46911931458261,47.549624619014516],[-122.46911931458261,47.55231956486687],[-122.46642436873026,47.55231956486687],[-122.46642436873026,47.55501451071923],[-122.46372942287789,47.55501451071923],[-122.46372942287789,47.56040440242395],[-122.46642436873026,47.56040440242395],[-122.46642436873026,47.55770945657159],[-122.47450920628732,47.55770945657159],[-122.47450920628732,47.56040440242395],[-122.47989909799205,47.56040440242395]],[[-122.49337382725383,47.57387913168574],[-122.49067888140148,47.57387913168574],[-122.49067888140148,47.56309934827631],[-122.4825940438444,47.56309934827631],[-122.4825940438444,47.56040440242395],[-122.47989909799205,47.56040440242395],[-122.47989909799205,47.56309934827631],[-122.47720415213969,47.56309934827631],[-122.47720415213969,47.565794294128665],[-122.47181426043497,47.565794294128665],[-122.47181426043497,47.57926902339046],[-122.46642436873026,47.57926902339046],[-122.46642436873026,47.581963969242814],[-122.46372942287789,47.581963969242814],[-122.46372942287789,47.584658915095176],[-122.46642436873026,47.584658915095176],[-122.46642436873026,47.58735386094754],[-122.47181426043497,47.58735386094754],[-122.47181426043497,47.59004880679989],[-122.47720415213969,47.59004880679989],[-122.47720415213969,47.581963969242814],[-122.47989909799205,47.581963969242814],[-122.47989909799205,47.5765740775381],[-122.49337382725383,47.5765740775381],[-122.49337382725383,47.57387913168574]],[[-122.53379801503921,47.581963969242814],[-122.53379801503921,47.57926902339046],[-122.53649296089158,47.57926902339046],[-122.53649296089158,47.5765740775381],[-122.54188285259629,47.5765740775381],[-122.54188285259629,47.57387913168574],[-122.53918790674393,47.57387913168574],[-122.53918790674393,47.56848923998103],[-122.53649296089158,47.56848923998103],[-122.53649296089158,47.57118418583338],[-122.53379801503921,47.57118418583338],[-122.53379801503921,47.565794294128665],[-122.53110306918686,47.565794294128665],[-122.53110306918686,47.56309934827631],[-122.52571317748215,47.56309934827631],[-122.52571317748215,47.56040440242395],[-122.5284081233345,47.56040440242395],[-122.5284081233345,47.55770945657159],[-122.53110306918686,47.55770945657159],[-122.53110306918686,47.56040440242395],[-122.53918790674393,47.56040440242395],[-122.53918790674393,47.55770945657159],[-122.54188285259629,47.55770945657159],[-122.54188285259629,47.55501451071923],[-122.53918790674393,47.55501451071923],[-122.53918790674393,47.549624619014516],[-122.53649296089158,47.549624619014516],[-122.53649296089158,47.54153978145744],[-122.53918790674393,47.54153978145744],[-122.53918790674393,47.53614988975272],[-122.54188285259629,47.53614988975272],[-122.54188285259629,47.52537010634329],[-122.53918790674393,47.52537010634329],[-122.53918790674393,47.52267516049093],[-122.53379801503921,47.52267516049093],[-122.53379801503921,47.52537010634329],[-122.51762833992507,47.52537010634329],[-122.51762833992507,47.52267516049093],[-122.51493339407271,47.52267516049093],[-122.51493339407271,47.51998021463857],[-122.50954350236799,47.51998021463857],[-122.50954350236799,47.51728526878621],[-122.50684855651564,47.51728526878621],[-122.50684855651564,47.51998021463857],[-122.50145866481091,47.51998021463857],[-122.50145866481091,47.51728526878621],[-122.49067888140148,47.51728526878621],[-122.49067888140148,47.51998021463857],[-122.48798393554912,47.51998021463857],[-122.48798393554912,47.52267516049093],[-122.49067888140148,47.52267516049093],[-122.49067888140148,47.52537010634329],[-122.48798393554912,47.52537010634329],[-122.48798393554912,47.52806505219564],[-122.4960687731062,47.52806505219564],[-122.4960687731062,47.530759998048005],[-122.50145866481091,47.530759998048005],[-122.50145866481091,47.52806505219564],[-122.50684855651564,47.52806505219564],[-122.50684855651564,47.53345494390036],[-122.50415361066327,47.53345494390036],[-122.50415361066327,47.53614988975272],[-122.51223844822034,47.53614988975272],[-122.51223844822034,47.54153978145744],[-122.50954350236799,47.54153978145744],[-122.50954350236799,47.5442347273098],[-122.50684855651564,47.5442347273098],[-122.50684855651564,47.546929673162154],[-122.50954350236799,47.546929673162154],[-122.50954350236799,47.549624619014516],[-122.50684855651564,47.549624619014516],[-122.50684855651564,47.55231956486687],[-122.50415361066327,47.55231956486687],[-122.50415361066327,47.56040440242395],[-122.4960687731062,47.56040440242395],[-122.4960687731062,47.56848923998103],[-122.49337382725383,47.56848923998103],[-122.49337382725383,47.57387913168574],[-122.50415361066327,47.57387913168574],[-122.50415361066327,47.57118418583338],[-122.51762833992507,47.57118418583338],[-122.51762833992507,47.56848923998103],[-122.52032328577742,47.56848923998103],[-122.52032328577742,47.57118418583338],[-122.52301823162978,47.57118418583338],[-122.52301823162978,47.57387913168574],[-122.52571317748215,47.57387913168574],[-122.52571317748215,47.5765740775381],[-122.5284081233345,47.5765740775381],[-122.5284081233345,47.581963969242814],[-122.53379801503921,47.581963969242814]],[[-122.53379801503921,47.95117155101594],[-122.53379801503921,47.948476605163584],[-122.53918790674393,47.948476605163584],[-122.53918790674393,47.94578165931122],[-122.54188285259629,47.94578165931122],[-122.54188285259629,47.94308671345887],[-122.53649296089158,47.94308671345887],[-122.53649296089158,47.94578165931122],[-122.52571317748215,47.94578165931122],[-122.52571317748215,47.948476605163584],[-122.52301823162978,47.948476605163584],[-122.52301823162978,47.94578165931122],[-122.52032328577742,47.94578165931122],[-122.52032328577742,47.948476605163584],[-122.51762833992507,47.948476605163584],[-122.51762833992507,47.9538664968683],[-122.52032328577742,47.9538664968683],[-122.52032328577742,47.95117155101594],[-122.52301823162978,47.95117155101594],[-122.52301823162978,47.9538664968683],[-122.52571317748215,47.9538664968683],[-122.52571317748215,47.95117155101594],[-122.5284081233345,47.95117155101594],[-122.5284081233345,47.9538664968683],[-122.53110306918686,47.9538664968683],[-122.53110306918686,47.95117155101594],[-122.53379801503921,47.95117155101594]],[[-122.46911931458261,47.61430331947112],[-122.47181426043497,47.61430331947112],[-122.47181426043497,47.61160837361876],[-122.46911931458261,47.61160837361876],[-122.46911931458261,47.61430331947112]],[[-122.46911931458261,47.64394772384706],[-122.46911931458261,47.63855783214235],[-122.46103447702554,47.63855783214235],[-122.46103447702554,47.635862886289985],[-122.45833953117318,47.635862886289985],[-122.45833953117318,47.63855783214235],[-122.4502546936161,47.63855783214235],[-122.4502546936161,47.63316794043763],[-122.45294963946846,47.63316794043763],[-122.45294963946846,47.63047299458527],[-122.4502546936161,47.63047299458527],[-122.4502546936161,47.627778048732914],[-122.44486480191138,47.627778048732914],[-122.44486480191138,47.62508310288055],[-122.44216985605902,47.62508310288055],[-122.44216985605902,47.6223881570282],[-122.44755974776375,47.6223881570282],[-122.44755974776375,47.619693211175836],[-122.4502546936161,47.619693211175836],[-122.4502546936161,47.6223881570282],[-122.45294963946846,47.6223881570282],[-122.45294963946846,47.61699826532348],[-122.45564458532081,47.61699826532348],[-122.45564458532081,47.619693211175836],[-122.45833953117318,47.619693211175836],[-122.45833953117318,47.61699826532348],[-122.46642436873026,47.61699826532348],[-122.46642436873026,47.619693211175836],[-122.46911931458261,47.619693211175836],[-122.46911931458261,47.61430331947112],[-122.45833953117318,47.61430331947112],[-122.45833953117318,47.61160837361876],[-122.45564458532081,47.61160837361876],[-122.45564458532081,47.6089134277664],[-122.44755974776375,47.6089134277664],[-122.44755974776375,47.60352353606169],[-122.4502546936161,47.60352353606169],[-122.4502546936161,47.592743752652254],[-122.44755974776375,47.592743752652254],[-122.44755974776375,47.59543869850461],[-122.44486480191138,47.59543869850461],[-122.44486480191138,47.600828590209325],[-122.44216985605902,47.600828590209325],[-122.44216985605902,47.60621848191404],[-122.43947491020667,47.60621848191404],[-122.43947491020667,47.6089134277664],[-122.44216985605902,47.6089134277664],[-122.44216985605902,47.61160837361876],[-122.4502546936161,47.61160837361876],[-122.4502546936161,47.61430331947112],[-122.44755974776375,47.61430331947112],[-122.44755974776375,47.61699826532348],[-122.44486480191138,47.61699826532348],[-122.44486480191138,47.61430331947112],[-122.43947491020667,47.61430331947112],[-122.43947491020667,47.61699826532348],[-122.43139007264959,47.61699826532348],[-122.43139007264959,47.61430331947112],[-122.42600018094487,47.61430331947112],[-122.42600018094487,47.619693211175836],[-122.42330523509251,47.619693211175836],[-122.42330523509251,47.62508310288055],[-122.42061028924016,47.62508310288055],[-122.42061028924016,47.627778048732914],[-122.4179153433878,47.627778048732914],[-122.4179153433878,47.63316794043763],[-122.41252545168308,47.63316794043763],[-122.41252545168308,47.627778048732914],[-122.40983050583073,47.627778048732914],[-122.40983050583073,47.635862886289985],[-122.42061028924016,47.635862886289985],[-122.42061028924016,47.63855783214235],[-122.42330523509251,47.63855783214235],[-122.42330523509251,47.635862886289985],[-122.42600018094487,47.635862886289985],[-122.42600018094487,47.63855783214235],[-122.42869512679724,47.63855783214235],[-122.42869512679724,47.64394772384706],[-122.42600018094487,47.64394772384706],[-122.42600018094487,47.64125277799471],[-122.42061028924016,47.64125277799471],[-122.42061028924016,47.64394772384706],[-122.42330523509251,47.64394772384706],[-122.42330523509251,47.65203256140414],[-122.42600018094487,47.65203256140414],[-122.42600018094487,47.654727507256496],[-122.43139007264959,47.654727507256496],[-122.43139007264959,47.65742245310886],[-122.4367799643543,47.65742245310886],[-122.4367799643543,47.66011739896121],[-122.43947491020667,47.66011739896121],[-122.43947491020667,47.654727507256496],[-122.44216985605902,47.654727507256496],[-122.44216985605902,47.65203256140414],[-122.44486480191138,47.65203256140414],[-122.44486480191138,47.64933761555178],[-122.4502546936161,47.64933761555178],[-122.4502546936161,47.65203256140414],[-122.45564458532081,47.65203256140414],[-122.45564458532081,47.64933761555178],[-122.45833953117318,47.64933761555178],[-122.45833953117318,47.64394772384706],[-122.46911931458261,47.64394772384706]],[[-122.36401642634063,47.86493328374046],[-122.35593158878355,47.86493328374046],[-122.35593158878355,47.867628229592825],[-122.35054169707884,47.867628229592825],[-122.35054169707884,47.86493328374046],[-122.34784675122647,47.86493328374046],[-122.34784675122647,47.870323175445186],[-122.34515180537412,47.870323175445186],[-122.34515180537412,47.8757130671499],[-122.34784675122647,47.8757130671499],[-122.34784675122647,47.87840801300226],[-122.34515180537412,47.87840801300226],[-122.34515180537412,47.88110295885462],[-122.35054169707884,47.88110295885462],[-122.35054169707884,47.8757130671499],[-122.3532366429312,47.8757130671499],[-122.3532366429312,47.883797904706974],[-122.35593158878355,47.883797904706974],[-122.35593158878355,47.886492850559335],[-122.34515180537412,47.886492850559335],[-122.34515180537412,47.894577688116414],[-122.3397619136694,47.894577688116414],[-122.3397619136694,47.89727263396877],[-122.34245685952176,47.89727263396877],[-122.34245685952176,47.902662525673485],[-122.34784675122647,47.902662525673485],[-122.34784675122647,47.905357471525846],[-122.35054169707884,47.905357471525846],[-122.35054169707884,47.91074736323056],[-122.34784675122647,47.91074736323056],[-122.34784675122647,47.91613725493528],[-122.34245685952176,47.91613725493528],[-122.34245685952176,47.91883220078764],[-122.34515180537412,47.91883220078764],[-122.34515180537412,47.921527146639995],[-122.34784675122647,47.921527146639995],[-122.34784675122647,47.91883220078764],[-122.35054169707884,47.91883220078764],[-122.35054169707884,47.92422209249236],[-122.3532366429312,47.92422209249236],[-122.3532366429312,47.921527146639995],[-122.36132148048827,47.921527146639995],[-122.36132148048827,47.91883220078764],[-122.36401642634063,47.91883220078764],[-122.36401642634063,47.921527146639995],[-122.36671137219298,47.921527146639995],[-122.36671137219298,47.92691703834471],[-122.3721012638977,47.92691703834471],[-122.3721012638977,47.921527146639995],[-122.37479620975006,47.921527146639995],[-122.37479620975006,47.905357471525846],[-122.37749115560241,47.905357471525846],[-122.37749115560241,47.902662525673485],[-122.37479620975006,47.902662525673485],[-122.37479620975006,47.89996757982113],[-122.36940631804535,47.89996757982113],[-122.36940631804535,47.89727263396877],[-122.36671137219298,47.89727263396877],[-122.36671137219298,47.886492850559335],[-122.36940631804535,47.886492850559335],[-122.36940631804535,47.88110295885462],[-122.36671137219298,47.88110295885462],[-122.36671137219298,47.8757130671499],[-122.36940631804535,47.8757130671499],[-122.36940631804535,47.87301812129754],[-122.36671137219298,47.87301812129754],[-122.36671137219298,47.870323175445186],[-122.36132148048827,47.870323175445186],[-122.36132148048827,47.867628229592825],[-122.36401642634063,47.867628229592825],[-122.36401642634063,47.86493328374046]],[[-122.37749115560241,47.8298989876598],[-122.36940631804535,47.8298989876598],[-122.36940631804535,47.832593933512165],[-122.36671137219298,47.832593933512165],[-122.36671137219298,47.8298989876598],[-122.36401642634063,47.8298989876598],[-122.36401642634063,47.832593933512165],[-122.36132148048827,47.832593933512165],[-122.36132148048827,47.83798382521688],[-122.3586265346359,47.83798382521688],[-122.3586265346359,47.8433737169216],[-122.34245685952176,47.8433737169216],[-122.34245685952176,47.851458554478675],[-122.34515180537412,47.851458554478675],[-122.34515180537412,47.84606866277396],[-122.34784675122647,47.84606866277396],[-122.34784675122647,47.848763608626314],[-122.35054169707884,47.848763608626314],[-122.35054169707884,47.85415350033103],[-122.34784675122647,47.85415350033103],[-122.34784675122647,47.85684844618339],[-122.35054169707884,47.85684844618339],[-122.35054169707884,47.85954339203575],[-122.3532366429312,47.85954339203575],[-122.3532366429312,47.86223833788811],[-122.36401642634063,47.86223833788811],[-122.36401642634063,47.86493328374046],[-122.36671137219298,47.86493328374046],[-122.36671137219298,47.867628229592825],[-122.36940631804535,47.867628229592825],[-122.36940631804535,47.86223833788811],[-122.37749115560241,47.86223833788811],[-122.37749115560241,47.86493328374046],[-122.38827093901186,47.86493328374046],[-122.38827093901186,47.86223833788811],[-122.39366083071657,47.86223833788811],[-122.39366083071657,47.85954339203575],[-122.38827093901186,47.85954339203575],[-122.38827093901186,47.85684844618339],[-122.39635577656892,47.85684844618339],[-122.39635577656892,47.851458554478675],[-122.38557599315949,47.851458554478675],[-122.38557599315949,47.848763608626314],[-122.38827093901186,47.848763608626314],[-122.38827093901186,47.84606866277396],[-122.38557599315949,47.84606866277396],[-122.38557599315949,47.8433737169216],[-122.37749115560241,47.8433737169216],[-122.37749115560241,47.84606866277396],[-122.3721012638977,47.84606866277396],[-122.3721012638977,47.8433737169216],[-122.36940631804535,47.8433737169216],[-122.36940631804535,47.83798382521688],[-122.37749115560241,47.83798382521688],[-122.37749115560241,47.84067877106924],[-122.38018610145478,47.84067877106924],[-122.38018610145478,47.83798382521688],[-122.38288104730714,47.83798382521688],[-122.38288104730714,47.832593933512165],[-122.38018610145478,47.832593933512165],[-122.38018610145478,47.83528887936452],[-122.37479620975006,47.83528887936452],[-122.37479620975006,47.832593933512165],[-122.37749115560241,47.832593933512165],[-122.37749115560241,47.8298989876598]],[[-122.37749115560241,47.82720404180745],[-122.37749115560241,47.8298989876598],[-122.38018610145478,47.8298989876598],[-122.38018610145478,47.82720404180745],[-122.37749115560241,47.82720404180745]],[[-122.43408501850195,47.77600007061263],[-122.43408501850195,47.778695016464994],[-122.4367799643543,47.778695016464994],[-122.4367799643543,47.78138996231735],[-122.43947491020667,47.78138996231735],[-122.43947491020667,47.778695016464994],[-122.44216985605902,47.778695016464994],[-122.44216985605902,47.77600007061263],[-122.43408501850195,47.77600007061263]],[[-122.50684855651564,47.71132137015603],[-122.50684855651564,47.70862642430367],[-122.50415361066327,47.70862642430367],[-122.50415361066327,47.700541586746596],[-122.50145866481091,47.700541586746596],[-122.50145866481091,47.697846640894234],[-122.49876371895856,47.697846640894234],[-122.49876371895856,47.700541586746596],[-122.4960687731062,47.700541586746596],[-122.4960687731062,47.69515169504188],[-122.49876371895856,47.69515169504188],[-122.49876371895856,47.6870668574848],[-122.50145866481091,47.6870668574848],[-122.50145866481091,47.68437191163244],[-122.50415361066327,47.68437191163244],[-122.50415361066327,47.681676965780085],[-122.50145866481091,47.681676965780085],[-122.50145866481091,47.67628707407537],[-122.49876371895856,47.67628707407537],[-122.49876371895856,47.67359212822301],[-122.50415361066327,47.67359212822301],[-122.50415361066327,47.67089718237065],[-122.49876371895856,47.67089718237065],[-122.49876371895856,47.662812344813574],[-122.4960687731062,47.662812344813574],[-122.4960687731062,47.66011739896121],[-122.49337382725383,47.66011739896121],[-122.49337382725383,47.654727507256496],[-122.4960687731062,47.654727507256496],[-122.4960687731062,47.65742245310886],[-122.50415361066327,47.65742245310886],[-122.50415361066327,47.654727507256496],[-122.50954350236799,47.654727507256496],[-122.50954350236799,47.65203256140414],[-122.50145866481091,47.65203256140414],[-122.50145866481091,47.64933761555178],[-122.4960687731062,47.64933761555178],[-122.4960687731062,47.65203256140414],[-122.49337382725383,47.65203256140414],[-122.49337382725383,47.64394772384706],[-122.49067888140148,47.64394772384706],[-122.49067888140148,47.64933761555178],[-122.48798393554912,47.64933761555178],[-122.48798393554912,47.646642669699425],[-122.48528898969676,47.646642669699425],[-122.48528898969676,47.64394772384706],[-122.4825940438444,47.64394772384706],[-122.4825940438444,47.63855783214235],[-122.47720415213969,47.63855783214235],[-122.47720415213969,47.63316794043763],[-122.4825940438444,47.63316794043763],[-122.4825940438444,47.627778048732914],[-122.47450920628732,47.627778048732914],[-122.47450920628732,47.63047299458527],[-122.47181426043497,47.63047299458527],[-122.47181426043497,47.635862886289985],[-122.47450920628732,47.635862886289985],[-122.47450920628732,47.63855783214235],[-122.47181426043497,47.63855783214235],[-122.47181426043497,47.64394772384706],[-122.46911931458261,47.64394772384706],[-122.46911931458261,47.646642669699425],[-122.47181426043497,47.646642669699425],[-122.47181426043497,47.64933761555178],[-122.47450920628732,47.64933761555178],[-122.47450920628732,47.65203256140414],[-122.46911931458261,47.65203256140414],[-122.46911931458261,47.65742245310886],[-122.46103447702554,47.65742245310886],[-122.46103447702554,47.654727507256496],[-122.45833953117318,47.654727507256496],[-122.45833953117318,47.66011739896121],[-122.46103447702554,47.66011739896121],[-122.46103447702554,47.662812344813574],[-122.45833953117318,47.662812344813574],[-122.45833953117318,47.665507290665936],[-122.46103447702554,47.665507290665936],[-122.46103447702554,47.66820223651829],[-122.45833953117318,47.66820223651829],[-122.45833953117318,47.67089718237065],[-122.45564458532081,47.67089718237065],[-122.45564458532081,47.66820223651829],[-122.45294963946846,47.66820223651829],[-122.45294963946846,47.665507290665936],[-122.43947491020667,47.665507290665936],[-122.43947491020667,47.662812344813574],[-122.4367799643543,47.662812344813574],[-122.4367799643543,47.66820223651829],[-122.43408501850195,47.66820223651829],[-122.43408501850195,47.665507290665936],[-122.42869512679724,47.665507290665936],[-122.42869512679724,47.66820223651829],[-122.42061028924016,47.66820223651829],[-122.42061028924016,47.67089718237065],[-122.41252545168308,47.67089718237065],[-122.41252545168308,47.67628707407537],[-122.41522039753544,47.67628707407537],[-122.41522039753544,47.67898201992772],[-122.41252545168308,47.67898201992772],[-122.41252545168308,47.68437191163244],[-122.40983050583073,47.68437191163244],[-122.40983050583073,47.6870668574848],[-122.40713555997836,47.6870668574848],[-122.40713555997836,47.68976180333716],[-122.40983050583073,47.68976180333716],[-122.40983050583073,47.69515169504188],[-122.404440614126,47.69515169504188],[-122.404440614126,47.697846640894234],[-122.40174566827365,47.697846640894234],[-122.40174566827365,47.700541586746596],[-122.39366083071657,47.700541586746596],[-122.39366083071657,47.70323653259895],[-122.39096588486422,47.70323653259895],[-122.39096588486422,47.70593147845131],[-122.39366083071657,47.70593147845131],[-122.39366083071657,47.70862642430367],[-122.38557599315949,47.70862642430367],[-122.38557599315949,47.71132137015603],[-122.38288104730714,47.71132137015603],[-122.38288104730714,47.71401631600839],[-122.38018610145478,47.71401631600839],[-122.38018610145478,47.716711261860745],[-122.37749115560241,47.716711261860745],[-122.37749115560241,47.73827082867961],[-122.38018610145478,47.73827082867961],[-122.38018610145478,47.743660720384334],[-122.38288104730714,47.743660720384334],[-122.38288104730714,47.74635566623669],[-122.38557599315949,47.74635566623669],[-122.38557599315949,47.74905061208905],[-122.38288104730714,47.74905061208905],[-122.38288104730714,47.75983039549848],[-122.38557599315949,47.75983039549848],[-122.38557599315949,47.76252534135084],[-122.39096588486422,47.76252534135084],[-122.39096588486422,47.76791523305556],[-122.39635577656892,47.76791523305556],[-122.39635577656892,47.77600007061263],[-122.3990507224213,47.77600007061263],[-122.3990507224213,47.778695016464994],[-122.40174566827365,47.778695016464994],[-122.40174566827365,47.78138996231735],[-122.3990507224213,47.78138996231735],[-122.3990507224213,47.78408490816971],[-122.39366083071657,47.78408490816971],[-122.39366083071657,47.786779854022065],[-122.39096588486422,47.786779854022065],[-122.39096588486422,47.78947479987443],[-122.39366083071657,47.78947479987443],[-122.39366083071657,47.797559637431505],[-122.39635577656892,47.797559637431505],[-122.39635577656892,47.80025458328386],[-122.3990507224213,47.80025458328386],[-122.3990507224213,47.80833942084094],[-122.39366083071657,47.80833942084094],[-122.39366083071657,47.81103436669329],[-122.38827093901186,47.81103436669329],[-122.38827093901186,47.813729312545654],[-122.38557599315949,47.813729312545654],[-122.38557599315949,47.816424258398015],[-122.37749115560241,47.816424258398015],[-122.37749115560241,47.81911920425037],[-122.37479620975006,47.81911920425037],[-122.37479620975006,47.82450909595509],[-122.3721012638977,47.82450909595509],[-122.3721012638977,47.82720404180745],[-122.37749115560241,47.82720404180745],[-122.37749115560241,47.82450909595509],[-122.39096588486422,47.82450909595509],[-122.39096588486422,47.82181415010273],[-122.39366083071657,47.82181415010273],[-122.39366083071657,47.82720404180745],[-122.38557599315949,47.82720404180745],[-122.38557599315949,47.8298989876598],[-122.39366083071657,47.8298989876598],[-122.39366083071657,47.832593933512165],[-122.39635577656892,47.832593933512165],[-122.39635577656892,47.8298989876598],[-122.3990507224213,47.8298989876598],[-122.3990507224213,47.832593933512165],[-122.404440614126,47.832593933512165],[-122.404440614126,47.82720404180745],[-122.40174566827365,47.82720404180745],[-122.40174566827365,47.82450909595509],[-122.40983050583073,47.82450909595509],[-122.40983050583073,47.82720404180745],[-122.40713555997836,47.82720404180745],[-122.40713555997836,47.8298989876598],[-122.4179153433878,47.8298989876598],[-122.4179153433878,47.832593933512165],[-122.43139007264959,47.832593933512165],[-122.43139007264959,47.8298989876598],[-122.43408501850195,47.8298989876598],[-122.43408501850195,47.82720404180745],[-122.43139007264959,47.82720404180745],[-122.43139007264959,47.82450909595509],[-122.4367799643543,47.82450909595509],[-122.4367799643543,47.82181415010273],[-122.43947491020667,47.82181415010273],[-122.43947491020667,47.82450909595509],[-122.44486480191138,47.82450909595509],[-122.44486480191138,47.82720404180745],[-122.44216985605902,47.82720404180745],[-122.44216985605902,47.8298989876598],[-122.4367799643543,47.8298989876598],[-122.4367799643543,47.83798382521688],[-122.44486480191138,47.83798382521688],[-122.44486480191138,47.83528887936452],[-122.4502546936161,47.83528887936452],[-122.4502546936161,47.8298989876598],[-122.45294963946846,47.8298989876598],[-122.45294963946846,47.82720404180745],[-122.45564458532081,47.82720404180745],[-122.45564458532081,47.82450909595509],[-122.45294963946846,47.82450909595509],[-122.45294963946846,47.82181415010273],[-122.4502546936161,47.82181415010273],[-122.4502546936161,47.81911920425037],[-122.45833953117318,47.81911920425037],[-122.45833953117318,47.82181415010273],[-122.46103447702554,47.82181415010273],[-122.46103447702554,47.816424258398015],[-122.46642436873026,47.816424258398015],[-122.46642436873026,47.81103436669329],[-122.46372942287789,47.81103436669329],[-122.46372942287789,47.80833942084094],[-122.46103447702554,47.80833942084094],[-122.46103447702554,47.80294952913622],[-122.46372942287789,47.80294952913622],[-122.46372942287789,47.80025458328386],[-122.46911931458261,47.80025458328386],[-122.46911931458261,47.79216974572679],[-122.46372942287789,47.79216974572679],[-122.46372942287789,47.78947479987443],[-122.46642436873026,47.78947479987443],[-122.46642436873026,47.786779854022065],[-122.46103447702554,47.786779854022065],[-122.46103447702554,47.78408490816971],[-122.45833953117318,47.78408490816971],[-122.45833953117318,47.78947479987443],[-122.45564458532081,47.78947479987443],[-122.45564458532081,47.79216974572679],[-122.45294963946846,47.79216974572679],[-122.45294963946846,47.79486469157914],[-122.45833953117318,47.79486469157914],[-122.45833953117318,47.80294952913622],[-122.45294963946846,47.80294952913622],[-122.45294963946846,47.797559637431505],[-122.44755974776375,47.797559637431505],[-122.44755974776375,47.79486469157914],[-122.4502546936161,47.79486469157914],[-122.4502546936161,47.79216974572679],[-122.44486480191138,47.79216974572679],[-122.44486480191138,47.79486469157914],[-122.44216985605902,47.79486469157914],[-122.44216985605902,47.78947479987443],[-122.44755974776375,47.78947479987443],[-122.44755974776375,47.786779854022065],[-122.44216985605902,47.786779854022065],[-122.44216985605902,47.78408490816971],[-122.43947491020667,47.78408490816971],[-122.43947491020667,47.78947479987443],[-122.43139007264959,47.78947479987443],[-122.43139007264959,47.79216974572679],[-122.42600018094487,47.79216974572679],[-122.42600018094487,47.78138996231735],[-122.43139007264959,47.78138996231735],[-122.43139007264959,47.778695016464994],[-122.42869512679724,47.778695016464994],[-122.42869512679724,47.77600007061263],[-122.43408501850195,47.77600007061263],[-122.43408501850195,47.77330512476028],[-122.43139007264959,47.77330512476028],[-122.43139007264959,47.751745557941405],[-122.43408501850195,47.751745557941405],[-122.43408501850195,47.74905061208905],[-122.4367799643543,47.74905061208905],[-122.4367799643543,47.74635566623669],[-122.43947491020667,47.74635566623669],[-122.43947491020667,47.743660720384334],[-122.44216985605902,47.743660720384334],[-122.44216985605902,47.74096577453197],[-122.43947491020667,47.74096577453197],[-122.43947491020667,47.735575882827256],[-122.44216985605902,47.735575882827256],[-122.44216985605902,47.73827082867961],[-122.44486480191138,47.73827082867961],[-122.44486480191138,47.735575882827256],[-122.44755974776375,47.735575882827256],[-122.44755974776375,47.732880936974894],[-122.44486480191138,47.732880936974894],[-122.44486480191138,47.73018599112254],[-122.45564458532081,47.73018599112254],[-122.45564458532081,47.72479609941782],[-122.45294963946846,47.72479609941782],[-122.45294963946846,47.71940620771311],[-122.45833953117318,47.71940620771311],[-122.45833953117318,47.716711261860745],[-122.46103447702554,47.716711261860745],[-122.46103447702554,47.71401631600839],[-122.44216985605902,47.71401631600839],[-122.44216985605902,47.71132137015603],[-122.44486480191138,47.71132137015603],[-122.44486480191138,47.70862642430367],[-122.43947491020667,47.70862642430367],[-122.43947491020667,47.70593147845131],[-122.44486480191138,47.70593147845131],[-122.44486480191138,47.70323653259895],[-122.44216985605902,47.70323653259895],[-122.44216985605902,47.697846640894234],[-122.43947491020667,47.697846640894234],[-122.43947491020667,47.69245674918952],[-122.44216985605902,47.69245674918952],[-122.44216985605902,47.68976180333716],[-122.43947491020667,47.68976180333716],[-122.43947491020667,47.6870668574848],[-122.44486480191138,47.6870668574848],[-122.44486480191138,47.68976180333716],[-122.45564458532081,47.68976180333716],[-122.45564458532081,47.681676965780085],[-122.46103447702554,47.681676965780085],[-122.46103447702554,47.68437191163244],[-122.45833953117318,47.68437191163244],[-122.45833953117318,47.69245674918952],[-122.45294963946846,47.69245674918952],[-122.45294963946846,47.69515169504188],[-122.44486480191138,47.69515169504188],[-122.44486480191138,47.700541586746596],[-122.44755974776375,47.700541586746596],[-122.44755974776375,47.70323653259895],[-122.45294963946846,47.70323653259895],[-122.45294963946846,47.700541586746596],[-122.45564458532081,47.700541586746596],[-122.45564458532081,47.70323653259895],[-122.45833953117318,47.70323653259895],[-122.45833953117318,47.70593147845131],[-122.46103447702554,47.70593147845131],[-122.46103447702554,47.70323653259895],[-122.46372942287789,47.70323653259895],[-122.46372942287789,47.70862642430367],[-122.45833953117318,47.70862642430367],[-122.45833953117318,47.71132137015603],[-122.46911931458261,47.71132137015603],[-122.46911931458261,47.71401631600839],[-122.47181426043497,47.71401631600839],[-122.47181426043497,47.716711261860745],[-122.46642436873026,47.716711261860745],[-122.46642436873026,47.71940620771311],[-122.46372942287789,47.71940620771311],[-122.46372942287789,47.72210115356546],[-122.46642436873026,47.72210115356546],[-122.46642436873026,47.73018599112254],[-122.47181426043497,47.73018599112254],[-122.47181426043497,47.732880936974894],[-122.47450920628732,47.732880936974894],[-122.47450920628732,47.73018599112254],[-122.4825940438444,47.73018599112254],[-122.4825940438444,47.732880936974894],[-122.48798393554912,47.732880936974894],[-122.48798393554912,47.735575882827256],[-122.49067888140148,47.735575882827256],[-122.49067888140148,47.73018599112254],[-122.48798393554912,47.73018599112254],[-122.48798393554912,47.72749104527018],[-122.4825940438444,47.72749104527018],[-122.4825940438444,47.72210115356546],[-122.48798393554912,47.72210115356546],[-122.48798393554912,47.71940620771311],[-122.4825940438444,47.71940620771311],[-122.4825940438444,47.71132137015603],[-122.49337382725383,47.71132137015603],[-122.49337382725383,47.70862642430367],[-122.4960687731062,47.70862642430367],[-122.4960687731062,47.71132137015603],[-122.50684855651564,47.71132137015603]],[[-122.50415361066327,47.85684844618339],[-122.50415361066327,47.8298989876598],[-122.49876371895856,47.8298989876598],[-122.49876371895856,47.832593933512165],[-122.4960687731062,47.832593933512165],[-122.4960687731062,47.83528887936452],[-122.49337382725383,47.83528887936452],[-122.49337382725383,47.832593933512165],[-122.48798393554912,47.832593933512165],[-122.48798393554912,47.8298989876598],[-122.48528898969676,47.8298989876598],[-122.48528898969676,47.82450909595509],[-122.47720415213969,47.82450909595509],[-122.47720415213969,47.832593933512165],[-122.47989909799205,47.832593933512165],[-122.47989909799205,47.83528887936452],[-122.47720415213969,47.83528887936452],[-122.47720415213969,47.83798382521688],[-122.4825940438444,47.83798382521688],[-122.4825940438444,47.832593933512165],[-122.48528898969676,47.832593933512165],[-122.48528898969676,47.83798382521688],[-122.48798393554912,47.83798382521688],[-122.48798393554912,47.8433737169216],[-122.47989909799205,47.8433737169216],[-122.47989909799205,47.84606866277396],[-122.48798393554912,47.84606866277396],[-122.48798393554912,47.848763608626314],[-122.4960687731062,47.848763608626314],[-122.4960687731062,47.851458554478675],[-122.49067888140148,47.851458554478675],[-122.49067888140148,47.85415350033103],[-122.4960687731062,47.85415350033103],[-122.4960687731062,47.85684844618339],[-122.50415361066327,47.85684844618339]],[[-122.49067888140148,47.97273111783481],[-122.49067888140148,47.97003617198245],[-122.48798393554912,47.97003617198245],[-122.48798393554912,47.97273111783481],[-122.49067888140148,47.97273111783481]],[[-122.49337382725383,47.975426063687166],[-122.49337382725383,47.97273111783481],[-122.49067888140148,47.97273111783481],[-122.49067888140148,47.975426063687166],[-122.49337382725383,47.975426063687166]],[[-122.47720415213969,47.778695016464994],[-122.47720415213969,47.77600007061263],[-122.47450920628732,47.77600007061263],[-122.47450920628732,47.76791523305556],[-122.46911931458261,47.76791523305556],[-122.46911931458261,47.770610178907916],[-122.47181426043497,47.770610178907916],[-122.47181426043497,47.778695016464994],[-122.47720415213969,47.778695016464994]],[[-122.45294963946846,47.937696821754145],[-122.45294963946846,47.93230693004943],[-122.4502546936161,47.93230693004943],[-122.4502546936161,47.937696821754145],[-122.45294963946846,47.937696821754145]],[[-122.45564458532081,47.94578165931122],[-122.45564458532081,47.940391767606506],[-122.45833953117318,47.940391767606506],[-122.45833953117318,47.937696821754145],[-122.45294963946846,47.937696821754145],[-122.45294963946846,47.94578165931122],[-122.45564458532081,47.94578165931122]],[[-122.43408501850195,47.387927867873],[-122.4367799643543,47.387927867873],[-122.4367799643543,47.39062281372536],[-122.43947491020667,47.39062281372536],[-122.43947491020667,47.40140259713479],[-122.44486480191138,47.40140259713479],[-122.44486480191138,47.387927867873],[-122.44755974776375,47.387927867873],[-122.44755974776375,47.38253797616828],[-122.44486480191138,47.38253797616828],[-122.44486480191138,47.38523292202064],[-122.43408501850195,47.38523292202064],[-122.43408501850195,47.387927867873]],[[-122.44216985605902,47.75713544964612],[-122.44486480191138,47.75713544964612],[-122.44486480191138,47.75444050379377],[-122.44216985605902,47.75444050379377],[-122.44216985605902,47.75713544964612]],[[-122.41522039753544,47.848763608626314],[-122.41522039753544,47.84606866277396],[-122.4179153433878,47.84606866277396],[-122.4179153433878,47.8433737169216],[-122.41252545168308,47.8433737169216],[-122.41252545168308,47.84606866277396],[-122.3990507224213,47.84606866277396],[-122.3990507224213,47.851458554478675],[-122.404440614126,47.851458554478675],[-122.404440614126,47.848763608626314],[-122.41522039753544,47.848763608626314]],[[-122.4179153433878,47.851458554478675],[-122.4179153433878,47.848763608626314],[-122.41522039753544,47.848763608626314],[-122.41522039753544,47.851458554478675],[-122.4179153433878,47.851458554478675]],[[-122.41522039753544,47.9080524173782],[-122.41522039753544,47.902662525673485],[-122.41252545168308,47.902662525673485],[-122.41252545168308,47.89727263396877],[-122.404440614126,47.89727263396877],[-122.404440614126,47.89996757982113],[-122.40713555997836,47.89996757982113],[-122.40713555997836,47.902662525673485],[-122.40174566827365,47.902662525673485],[-122.40174566827365,47.89727263396877],[-122.3990507224213,47.89727263396877],[-122.3990507224213,47.89996757982113],[-122.39635577656892,47.89996757982113],[-122.39635577656892,47.89727263396877],[-122.39366083071657,47.89727263396877],[-122.39366083071657,47.894577688116414],[-122.38827093901186,47.894577688116414],[-122.38827093901186,47.89996757982113],[-122.38557599315949,47.89996757982113],[-122.38557599315949,47.902662525673485],[-122.38827093901186,47.902662525673485],[-122.38827093901186,47.905357471525846],[-122.39635577656892,47.905357471525846],[-122.39635577656892,47.9080524173782],[-122.3990507224213,47.9080524173782],[-122.3990507224213,47.905357471525846],[-122.40713555997836,47.905357471525846],[-122.40713555997836,47.9080524173782],[-122.41522039753544,47.9080524173782]],[[-122.31820234685053,47.92422209249236],[-122.32359223855525,47.92422209249236],[-122.32359223855525,47.921527146639995],[-122.3262871844076,47.921527146639995],[-122.3262871844076,47.91883220078764],[-122.3208972927029,47.91883220078764],[-122.3208972927029,47.921527146639995],[-122.31820234685053,47.921527146639995],[-122.31820234685053,47.92422209249236]],[[-122.30203267173638,47.98081595539188],[-122.30203267173638,47.97812100953953],[-122.29933772588402,47.97812100953953],[-122.29933772588402,47.98081595539188],[-122.30203267173638,47.98081595539188]],[[-122.2804731049175,47.646642669699425],[-122.2804731049175,47.65203256140414],[-122.2939478341793,47.65203256140414],[-122.2939478341793,47.64933761555178],[-122.28855794247458,47.64933761555178],[-122.28855794247458,47.646642669699425],[-122.2804731049175,47.646642669699425]],[[-122.27238826736044,47.64933761555178],[-122.2750832132128,47.64933761555178],[-122.2750832132128,47.646642669699425],[-122.2804731049175,47.646642669699425],[-122.2804731049175,47.64394772384706],[-122.26969332150807,47.64394772384706],[-122.26969332150807,47.646642669699425],[-122.27238826736044,47.646642669699425],[-122.27238826736044,47.64933761555178]],[[-122.26699837565572,47.654727507256496],[-122.26969332150807,47.654727507256496],[-122.26969332150807,47.65203256140414],[-122.27238826736044,47.65203256140414],[-122.27238826736044,47.64933761555178],[-122.26699837565572,47.64933761555178],[-122.26699837565572,47.654727507256496]],[[-122.26430342980336,47.65742245310886],[-122.26699837565572,47.65742245310886],[-122.26699837565572,47.654727507256496],[-122.26430342980336,47.654727507256496],[-122.26430342980336,47.65742245310886]],[[-122.2481337546892,47.67089718237065],[-122.25352364639393,47.67089718237065],[-122.25352364639393,47.66820223651829],[-122.25621859224628,47.66820223651829],[-122.25621859224628,47.665507290665936],[-122.25891353809864,47.665507290665936],[-122.25891353809864,47.662812344813574],[-122.26430342980336,47.662812344813574],[-122.26430342980336,47.65742245310886],[-122.25891353809864,47.65742245310886],[-122.25891353809864,47.66011739896121],[-122.25621859224628,47.66011739896121],[-122.25621859224628,47.65742245310886],[-122.2481337546892,47.65742245310886],[-122.2481337546892,47.66011739896121],[-122.25082870054156,47.66011739896121],[-122.25082870054156,47.665507290665936],[-122.2481337546892,47.665507290665936],[-122.2481337546892,47.67089718237065]],[[-122.2427438629845,47.67898201992772],[-122.24543880883685,47.67898201992772],[-122.24543880883685,47.67628707407537],[-122.2481337546892,47.67628707407537],[-122.2481337546892,47.67089718237065],[-122.24004891713213,47.67089718237065],[-122.24004891713213,47.67359212822301],[-122.2427438629845,47.67359212822301],[-122.2427438629845,47.67898201992772]],[[-122.22657418787034,47.665507290665936],[-122.22118429616562,47.665507290665936],[-122.22118429616562,47.67359212822301],[-122.2292691337227,47.67359212822301],[-122.2292691337227,47.67089718237065],[-122.22387924201799,47.67089718237065],[-122.22387924201799,47.66820223651829],[-122.22657418787034,47.66820223651829],[-122.22657418787034,47.665507290665936]],[[-122.21579440446091,47.67628707407537],[-122.21579440446091,47.67359212822301],[-122.21848935031326,47.67359212822301],[-122.21848935031326,47.67089718237065],[-122.21579440446091,47.67089718237065],[-122.21579440446091,47.66820223651829],[-122.21848935031326,47.66820223651829],[-122.21848935031326,47.662812344813574],[-122.22118429616562,47.662812344813574],[-122.22118429616562,47.65742245310886],[-122.22387924201799,47.65742245310886],[-122.22387924201799,47.66011739896121],[-122.22657418787034,47.66011739896121],[-122.22657418787034,47.665507290665936],[-122.2292691337227,47.665507290665936],[-122.2292691337227,47.65742245310886],[-122.22657418787034,47.65742245310886],[-122.22657418787034,47.654727507256496],[-122.23196407957505,47.654727507256496],[-122.23196407957505,47.662812344813574],[-122.23465902542742,47.662812344813574],[-122.23465902542742,47.654727507256496],[-122.23735397127977,47.654727507256496],[-122.23735397127977,47.65203256140414],[-122.22657418787034,47.65203256140414],[-122.22657418787034,47.646642669699425],[-122.22387924201799,47.646642669699425],[-122.22387924201799,47.65203256140414],[-122.21848935031326,47.65203256140414],[-122.21848935031326,47.654727507256496],[-122.21040451275618,47.654727507256496],[-122.21040451275618,47.65742245310886],[-122.21309945860855,47.65742245310886],[-122.21309945860855,47.66011739896121],[-122.21040451275618,47.66011739896121],[-122.21040451275618,47.67089718237065],[-122.21309945860855,47.67089718237065],[-122.21309945860855,47.67628707407537],[-122.21579440446091,47.67628707407537]],[[-122.22387924201799,47.69515169504188],[-122.23735397127977,47.69515169504188],[-122.23735397127977,47.697846640894234],[-122.24543880883685,47.697846640894234],[-122.24543880883685,47.700541586746596],[-122.2481337546892,47.700541586746596],[-122.2481337546892,47.70323653259895],[-122.25082870054156,47.70323653259895],[-122.25082870054156,47.70593147845131],[-122.25352364639393,47.70593147845131],[-122.25352364639393,47.70862642430367],[-122.25621859224628,47.70862642430367],[-122.25621859224628,47.71132137015603],[-122.26160848395101,47.71132137015603],[-122.26160848395101,47.71940620771311],[-122.26430342980336,47.71940620771311],[-122.26430342980336,47.72479609941782],[-122.26699837565572,47.72479609941782],[-122.26699837565572,47.735575882827256],[-122.26969332150807,47.735575882827256],[-122.26969332150807,47.74096577453197],[-122.26699837565572,47.74096577453197],[-122.26699837565572,47.74635566623669],[-122.26430342980336,47.74635566623669],[-122.26430342980336,47.74905061208905],[-122.26160848395101,47.74905061208905],[-122.26160848395101,47.751745557941405],[-122.27238826736044,47.751745557941405],[-122.27238826736044,47.74905061208905],[-122.27777815906515,47.74905061208905],[-122.27777815906515,47.74635566623669],[-122.2804731049175,47.74635566623669],[-122.2804731049175,47.735575882827256],[-122.28316805076987,47.735575882827256],[-122.28316805076987,47.732880936974894],[-122.27777815906515,47.732880936974894],[-122.27777815906515,47.71940620771311],[-122.2750832132128,47.71940620771311],[-122.2750832132128,47.71132137015603],[-122.27238826736044,47.71132137015603],[-122.27238826736044,47.700541586746596],[-122.26969332150807,47.700541586746596],[-122.26969332150807,47.697846640894234],[-122.26699837565572,47.697846640894234],[-122.26699837565572,47.69515169504188],[-122.26430342980336,47.69515169504188],[-122.26430342980336,47.68976180333716],[-122.25352364639393,47.68976180333716],[-122.25352364639393,47.6870668574848],[-122.2481337546892,47.6870668574848],[-122.2481337546892,47.68437191163244],[-122.23735397127977,47.68437191163244],[-122.23735397127977,47.681676965780085],[-122.2427438629845,47.681676965780085],[-122.2427438629845,47.67898201992772],[-122.23465902542742,47.67898201992772],[-122.23465902542742,47.67628707407537],[-122.23196407957505,47.67628707407537],[-122.23196407957505,47.67898201992772],[-122.2292691337227,47.67898201992772],[-122.2292691337227,47.681676965780085],[-122.22387924201799,47.681676965780085],[-122.22387924201799,47.67628707407537],[-122.21579440446091,47.67628707407537],[-122.21579440446091,47.681676965780085],[-122.21848935031326,47.681676965780085],[-122.21848935031326,47.68437191163244],[-122.22118429616562,47.68437191163244],[-122.22118429616562,47.69245674918952],[-122.22387924201799,47.69245674918952],[-122.22387924201799,47.69515169504188]],[[-122.21848935031326,47.6089134277664],[-122.21848935031326,47.60352353606169],[-122.21579440446091,47.60352353606169],[-122.21579440446091,47.6089134277664],[-122.21848935031326,47.6089134277664]]]},"id":"-45345+17810","properties":{"area_sq_km":2979.0,"count":49230,"label":0,"latitude":47.63460774710104,"longitude":-122.49816934407197,"near_healthy_bed":0,"priority_score":8937.0,"priority_tier":"critical","recommended_action":"urchin_removal_then_replant","region_id":"puget_sound","region_name":"Puget Sound, WA","state":"WA","status":0,"status_label":"barren"}},{"type":"Feature","geometry":{"geodesic":false,"type":"Polygon","coordinates":[[[-122.64429079498592,47.95117155101594],[-122.64429079498592,47.948476605163584],[-122.64968068669063,47.948476605163584],[-122.64968068669063,47.94578165931122],[-122.64429079498592,47.94578165931122],[-122.64429079498592,47.937696821754145],[-122.64159584913355,47.937696821754145],[-122.64159584913355,47.93230693004943],[-122.6389009032812,47.93230693004943],[-122.6389009032812,47.92691703834471],[-122.63620595742884,47.92691703834471],[-122.63620595742884,47.92422209249236],[-122.63351101157649,47.92422209249236],[-122.63351101157649,47.921527146639995],[-122.63081606572412,47.921527146639995],[-122.63081606572412,47.91883220078764],[-122.62542617401941,47.91883220078764],[-122.62542617401941,47.921527146639995],[-122.62003628231469,47.921527146639995],[-122.62003628231469,47.92422209249236],[-122.62273122816705,47.92422209249236],[-122.62273122816705,47.929611984197074],[-122.62542617401941,47.929611984197074],[-122.62542617401941,47.93230693004943],[-122.62812111987176,47.93230693004943],[-122.62812111987176,47.93500187590179],[-122.63351101157649,47.93500187590179],[-122.63351101157649,47.94308671345886],[-122.6389009032812,47.94308671345886],[-122.6389009032812,47.94578165931122],[-122.64159584913355,47.94578165931122],[-122.64159584913355,47.95117155101594],[-122.64429079498592,47.95117155101594]]]},"id":"-45509+17792","properties":{"area_sq_km":3.0,"count":45,"label":0,"latitude":47.93305446519047,"longitude":-122.63431783288773,"near_healthy_bed":1,"priority_score":9.0,"priority_tier":"critical","recommended_action":"urchin_removal_then_replant","region_id":"puget_sound","region_name":"Puget Sound, WA","state":"WA","status":0,"status_label":"barren"}},{"type":"Feature","geometry":{"geodesic":false,"type":"Polygon","coordinates":[[[-122.49337382725383,47.70862642430367],[-122.49337382725383,47.70593147845131],[-122.49067888140148,47.70593147845131],[-122.49067888140148,47.70323653259895],[-122.49337382725383,47.70323653259895],[-122.49337382725383,47.700541586746596],[-122.49067888140148,47.700541586746596],[-122.49067888140148,47.69515169504188],[-122.4960687731062,47.69515169504188],[-122.4960687731062,47.69245674918952],[-122.49067888140148,47.69245674918952],[-122.49067888140148,47.68976180333716],[-122.48798393554912,47.68976180333716],[-122.48798393554912,47.6870668574848],[-122.49067888140148,47.6870668574848],[-122.49067888140148,47.68437191163244],[-122.48798393554912,47.68437191163244],[-122.48798393554912,47.681676965780085],[-122.48528898969676,47.681676965780085],[-122.48528898969676,47.6870668574848],[-122.4825940438444,47.6870668574848],[-122.4825940438444,47.68976180333716],[-122.47720415213969,47.68976180333716],[-122.47720415213969,47.69515169504188],[-122.47989909799205,47.69515169504188],[-122.47989909799205,47.69245674918952],[-122.4825940438444,47.69245674918952],[-122.4825940438444,47.69515169504188],[-122.48528898969676,47.69515169504188],[-122.48528898969676,47.697846640894234],[-122.48798393554912,47.697846640894234],[-122.48798393554912,47.70323653259895],[-122.47720415213969,47.70323653259895],[-122.47720415213969,47.70593147845131],[-122.48798393554912,47.70593147845131],[-122.48798393554912,47.70862642430367],[-122.49337382725383,47.70862642430367]]]},"id":"-45452+17702","properties":{"area_sq_km":2.0,"count":28,"label":0,"latitude":47.69582460314418,"longitude":-122.48663635763772,"near_healthy_bed":1,"priority_score":6.0,"priority_tier":"critical","recommended_action":"urchin_removal_then_replant","region_id":"puget_sound","region_name":"Puget Sound, WA","state":"WA","status":0,"status_label":"barren"}},{"type":"Feature","geometry":{"geodesic":false,"type":"Polygon","coordinates":[[[-122.51223844822034,47.565794294128665],[-122.51223844822034,47.56309934827631],[-122.5149333940727,47.56309934827631],[-122.5149333940727,47.56040440242395],[-122.52571317748215,47.56040440242395],[-122.52571317748215,47.55770945657159],[-122.5284081233345,47.55770945657159],[-122.5284081233345,47.55501451071923],[-122.52571317748215,47.55501451071923],[-122.52571317748215,47.549624619014516],[-122.51762833992507,47.549624619014516],[-122.51762833992507,47.55231956486687],[-122.5149333940727,47.55231956486687],[-122.5149333940727,47.549624619014516],[-122.50954350236799,47.549624619014516],[-122.50954350236799,47.55231956486687],[-122.50684855651564,47.55231956486687],[-122.50684855651564,47.56309934827631],[-122.50954350236799,47.56309934827631],[-122.50954350236799,47.565794294128665],[-122.51223844822034,47.565794294128665]],[[-122.52032328577742,47.55770945657159],[-122.52301823162978,47.55770945657159],[-122.52301823162978,47.55501451071923],[-122.52032328577742,47.55501451071923],[-122.52032328577742,47.55770945657159]]]},"id":"-45460+17649","properties":{"area_sq_km":2.0,"count":30,"label":0,"latitude":47.556272063236335,"longitude":-122.51601160459015,"near_healthy_bed":1,"priority_score":6.0,"priority_tier":"critical","recommended_action":"urchin_removal_then_replant","region_id":"puget_sound","region_name":"Puget Sound, WA","state":"WA","status":0,"status_label":"barren"}},{"type":"Feature","geometry":{"geodesic":false,"type":"Polygon","coordinates":[[[-122.2481337546892,47.991595738801315],[-122.2481337546892,47.983510901244244],[-122.25082870054156,47.983510901244244],[-122.25082870054156,47.9862058470966],[-122.25352364639393,47.9862058470966],[-122.25352364639393,47.97812100953953],[-122.25082870054156,47.97812100953953],[-122.25082870054156,47.96734122613009],[-122.2481337546892,47.96734122613009],[-122.2481337546892,47.97003617198245],[-122.24543880883685,47.97003617198245],[-122.24543880883685,47.97273111783481],[-122.2481337546892,47.97273111783481],[-122.2481337546892,47.97812100953953],[-122.2427438629845,47.97812100953953],[-122.2427438629845,47.97273111783481],[-122.23735397127977,47.97273111783481],[-122.23735397127977,47.98081595539188],[-122.24543880883685,47.98081595539188],[-122.24543880883685,47.98890079294896],[-122.24004891713213,47.98890079294896],[-122.24004891713213,47.991595738801315],[-122.2481337546892,47.991595738801315]]]},"id":"-45360+17807","properties":{"area_sq_km":1.0,"count":24,"label":0,"latitude":47.97980476809087,"longitude":-122.24600023765882,"near_healthy_bed":1,"priority_score":5.0,"priority_tier":"needs_help","recommended_action":"urchin_removal_then_replant","region_id":"puget_sound","region_name":"Puget Sound, WA","state":"WA","status":0,"status_label":"barren"}},{"type":"Feature","geometry":{"geodesic":false,"type":"Polygon","coordinates":[[[-122.44216985605902,47.65203256140414],[-122.44216985605902,47.64933761555178],[-122.44486480191138,47.64933761555178],[-122.44486480191138,47.646642669699425],[-122.4502546936161,47.646642669699425],[-122.4502546936161,47.64933761555178],[-122.45294963946846,47.64933761555178],[-122.45294963946846,47.64394772384706],[-122.4502546936161,47.64394772384706],[-122.4502546936161,47.63855783214235],[-122.44486480191138,47.63855783214235],[-122.44486480191138,47.63316794043763],[-122.44216985605902,47.63316794043763],[-122.44216985605902,47.627778048732914],[-122.43947491020667,47.627778048732914],[-122.43947491020667,47.63316794043763],[-122.4367799643543,47.63316794043763],[-122.4367799643543,47.64394772384706],[-122.43947491020667,47.64394772384706],[-122.43947491020667,47.65203256140414],[-122.44216985605902,47.65203256140414]]]},"id":"-45434+17681","properties":{"area_sq_km":2.0,"count":27,"label":0,"latitude":47.6411025975946,"longitude":-122.44331740590188,"near_healthy_bed":1,"priority_score":5.0,"priority_tier":"critical","recommended_action":"urchin_removal_then_replant","region_id":"puget_sound","region_name":"Puget Sound, WA","state":"WA","status":0,"status_label":"barren"}},{"type":"Feature","geometry":{"geodesic":false,"type":"Polygon","coordinates":[[[-122.23465902542742,47.69245674918952],[-122.23465902542742,47.68976180333716],[-122.23735397127977,47.68976180333716],[-122.23735397127977,47.68437191163244],[-122.23465902542742,47.68437191163244],[-122.23465902542742,47.67898201992772],[-122.23196407957505,47.67898201992772],[-122.23196407957505,47.681676965780085],[-122.2292691337227,47.681676965780085],[-122.2292691337227,47.68437191163244],[-122.22387924201799,47.68437191163244],[-122.22387924201799,47.69245674918952],[-122.23465902542742,47.69245674918952]]]},"id":"-45354+17696","properties":{"area_sq_km":1.0,"count":17,"label":0,"latitude":47.68714602518857,"longitude":-122.23061671484804,"near_healthy_bed":1,"priority_score":4.0,"priority_tier":"needs_help","recommended_action":"urchin_removal_then_replant","region_id":"puget_sound","region_name":"Puget Sound, WA","state":"WA","status":0,"status_label":"barren"}},{"type":"Feature","geometry":{"geodesic":false,"type":"Polygon","coordinates":[[[-122.41252545168308,47.81911920425037],[-122.41252545168308,47.81103436669329],[-122.40983050583073,47.81103436669329],[-122.40983050583073,47.813729312545654],[-122.40713555997836,47.813729312545654],[-122.40713555997836,47.805644474988576],[-122.40983050583073,47.805644474988576],[-122.40983050583073,47.80025458328386],[-122.40174566827365,47.80025458328386],[-122.40174566827365,47.805644474988576],[-122.404440614126,47.805644474988576],[-122.404440614126,47.80833942084094],[-122.40174566827365,47.80833942084094],[-122.40174566827365,47.81642425839801],[-122.40983050583073,47.81642425839801],[-122.40983050583073,47.81911920425037],[-122.41252545168308,47.81911920425037]]]},"id":"-45423+17743","properties":{"area_sq_km":1.0,"count":17,"label":0,"latitude":47.80936935998419,"longitude":-122.40642200332705,"near_healthy_bed":1,"priority_score":4.0,"priority_tier":"needs_help","recommended_action":"urchin_removal_then_replant","region_id":"puget_sound","region_name":"Puget Sound, WA","state":"WA","status":0,"status_label":"barren"}},{"type":"Feature","geometry":{"geodesic":false,"type":"Polygon","coordinates":[[[-122.45564458532081,47.681676965780085],[-122.45564458532081,47.67089718237065],[-122.45294963946846,47.67089718237065],[-122.45294963946846,47.66820223651829],[-122.4367799643543,47.66820223651829],[-122.4367799643543,47.67359212822301],[-122.4502546936161,47.67359212822301],[-122.4502546936161,47.67628707407537],[-122.45294963946846,47.67628707407537],[-122.45294963946846,47.67898201992772],[-122.44755974776375,47.67898201992772],[-122.44755974776375,47.681676965780085],[-122.45564458532081,47.681676965780085]]]},"id":"-45437+17692","properties":{"area_sq_km":1.0,"count":19,"label":0,"latitude":47.67323751704888,"longitude":-122.44777211543058,"near_healthy_bed":1,"priority_score":4.0,"priority_tier":"needs_help","recommended_action":"urchin_removal_then_replant","region_id":"puget_sound","region_name":"Puget Sound, WA","state":"WA","status":0,"status_label":"barren"}},{"type":"Feature","geometry":{"geodesic":false,"type":"Polygon","coordinates":[[[-122.64698574083828,47.991595738801315],[-122.64698574083828,47.98890079294896],[-122.64429079498592,47.98890079294896],[-122.64429079498592,47.9862058470966],[-122.6389009032812,47.9862058470966],[-122.6389009032812,47.99429068465368],[-122.63620595742884,47.99429068465368],[-122.63620595742884,47.999680576358394],[-122.6389009032812,47.999680576358394],[-122.6389009032812,47.99698563050604],[-122.64159584913357,47.99698563050604],[-122.64159584913357,47.999680576358394],[-122.64429079498592,47.999680576358394],[-122.64429079498592,47.99698563050604],[-122.65507057839535,47.99698563050604],[-122.65507057839535,47.99429068465368],[-122.652375632543,47.99429068465368],[-122.652375632543,47.991595738801315],[-122.64698574083828,47.991595738801315]],[[-122.64698574083828,47.991595738801315],[-122.64429079498592,47.991595738801315],[-122.64429079498592,47.99429068465368],[-122.64698574083828,47.99429068465368],[-122.64698574083828,47.991595738801315]]]},"id":"-45507+17810","properties":{"area_sq_km":1.0,"count":18,"label":0,"latitude":47.99354200861677,"longitude":-122.64414105937135,"near_healthy_bed":1,"priority_score":4.0,"priority_tier":"needs_help","recommended_action":"urchin_removal_then_replant","region_id":"puget_sound","region_name":"Puget Sound, WA","state":"WA","status":0,"status_label":"barren"}},{"type":"Feature","geometry":{"geodesic":false,"type":"Polygon","coordinates":[[[-122.67932509106657,47.999680576358394],[-122.67932509106657,47.99698563050604],[-122.67663014521422,47.99698563050604],[-122.67663014521422,47.99429068465368],[-122.67932509106657,47.99429068465368],[-122.67932509106657,47.9862058470966],[-122.6847149827713,47.9862058470966],[-122.6847149827713,47.97812100953953],[-122.67663014521422,47.97812100953953],[-122.67663014521422,47.98081595539188],[-122.67932509106657,47.98081595539188],[-122.67932509106657,47.983510901244244],[-122.67663014521422,47.983510901244244],[-122.67663014521422,47.9862058470966],[-122.67393519936186,47.9862058470966],[-122.67393519936186,47.991595738801315],[-122.67124025350951,47.991595738801315],[-122.67124025350951,47.99429068465368],[-122.67393519936186,47.99429068465368],[-122.67393519936186,47.999680576358394],[-122.67932509106657,47.999680576358394]]]},"id":"-45521+17810","properties":{"area_sq_km":1.0,"count":18,"label":0,"latitude":47.98800182440741,"longitude":-122.67827755722813,"near_healthy_bed":1,"priority_score":4.0,"priority_tier":"needs_help","recommended_action":"urchin_removal_then_replant","region_id":"puget_sound","region_name":"Puget Sound, WA","state":"WA","status":0,"status_label":"barren"}},{"type":"Feature","geometry":{"geodesic":false,"type":"Polygon","coordinates":[[[-122.36132148048827,47.85415350033103],[-122.36132148048827,47.851458554478675],[-122.36940631804535,47.851458554478675],[-122.36940631804535,47.848763608626314],[-122.3721012638977,47.848763608626314],[-122.3721012638977,47.84606866277396],[-122.36940631804535,47.84606866277396],[-122.36940631804535,47.8433737169216],[-122.36671137219298,47.8433737169216],[-122.36671137219298,47.84606866277396],[-122.36401642634063,47.84606866277396],[-122.36401642634063,47.848763608626314],[-122.3532366429312,47.848763608626314],[-122.3532366429312,47.851458554478675],[-122.35593158878355,47.851458554478675],[-122.35593158878355,47.85415350033103],[-122.36132148048827,47.85415350033103]]]},"id":"-45403+17756","properties":{"area_sq_km":1.0,"count":12,"label":0,"latitude":47.84943737350525,"longitude":-122.36311845096961,"near_healthy_bed":1,"priority_score":3.0,"priority_tier":"needs_help","recommended_action":"urchin_removal_then_replant","region_id":"puget_sound","region_name":"Puget Sound, WA","state":"WA","status":0,"status_label":"barren"}},{"type":"Feature","geometry":{"geodesic":false,"type":"Polygon","coordinates":[[[-122.38827093901185,47.72749104527018],[-122.38827093901185,47.71940620771311],[-122.39366083071657,47.71940620771311],[-122.39366083071657,47.71132137015603],[-122.39096588486422,47.71132137015603],[-122.39096588486422,47.71401631600838],[-122.38827093901185,47.71401631600838],[-122.38827093901185,47.716711261860745],[-122.38557599315949,47.716711261860745],[-122.38557599315949,47.71940620771311],[-122.38018610145478,47.71940620771311],[-122.38018610145478,47.72479609941782],[-122.38288104730714,47.72479609941782],[-122.38288104730714,47.72210115356546],[-122.38557599315949,47.72210115356546],[-122.38557599315949,47.72749104527018],[-122.38827093901185,47.72749104527018]]]},"id":"-45414+17709","properties":{"area_sq_km":1.0,"count":12,"label":0,"latitude":47.7194059952638,"longitude":-122.38759757053653,"near_healthy_bed":1,"priority_score":3.0,"priority_tier":"needs_help","recommended_action":"urchin_removal_then_replant","region_id":"puget_sound","region_name":"Puget Sound, WA","state":"WA","status":0,"status_label":"barren"}},{"type":"Feature","geometry":{"geodesic":false,"type":"Polygon","coordinates":[[[-122.46103447702554,47.67898201992772],[-122.46103447702554,47.67628707407537],[-122.46642436873026,47.67628707407537],[-122.46642436873026,47.67898201992772],[-122.46911931458261,47.67898201992772],[-122.46911931458261,47.67359212822301],[-122.47181426043497,47.67359212822301],[-122.47181426043497,47.67089718237065],[-122.46911931458261,47.67089718237065],[-122.46911931458261,47.66820223651829],[-122.46103447702554,47.66820223651829],[-122.46103447702554,47.67089718237065],[-122.45833953117318,47.67089718237065],[-122.45833953117318,47.67898201992772],[-122.46103447702554,47.67898201992772]]]},"id":"-45441+17691","properties":{"area_sq_km":1.0,"count":14,"label":0,"latitude":47.673207070582166,"longitude":-122.46449946303929,"near_healthy_bed":1,"priority_score":3.0,"priority_tier":"needs_help","recommended_action":"urchin_removal_then_replant","region_id":"puget_sound","region_name":"Puget Sound, WA","state":"WA","status":0,"status_label":"barren"}},{"type":"Feature","geometry":{"geodesic":false,"type":"Polygon","coordinates":[[[-122.56883231111988,47.95925638857302],[-122.56883231111988,47.956561442720655],[-122.57152725697223,47.956561442720655],[-122.57152725697223,47.95925638857302],[-122.5742222028246,47.95925638857302],[-122.5742222028246,47.9538664968683],[-122.56883231111988,47.9538664968683],[-122.56883231111988,47.95117155101594],[-122.5742222028246,47.95117155101594],[-122.5742222028246,47.94308671345886],[-122.57152725697223,47.94308671345886],[-122.57152725697223,47.94578165931122],[-122.56883231111988,47.94578165931122],[-122.56883231111988,47.948476605163584],[-122.56613736526752,47.948476605163584],[-122.56613736526752,47.95117155101594],[-122.5607474735628,47.95117155101594],[-122.5607474735628,47.956561442720655],[-122.56613736526752,47.956561442720655],[-122.56613736526752,47.95925638857302],[-122.56883231111988,47.95925638857302]]]},"id":"-45481+17795","properties":{"area_sq_km":1.0,"count":16,"label":0,"latitude":47.952350357647965,"longitude":-122.5686640626175,"near_healthy_bed":1,"priority_score":3.0,"priority_tier":"needs_help","recommended_action":"urchin_removal_then_replant","region_id":"puget_sound","region_name":"Puget Sound, WA","state":"WA","status":0,"status_label":"barren"}},{"type":"Feature","geometry":{"geodesic":false,"type":"Polygon","coordinates":[[[-122.66854530765714,47.964646280277734],[-122.66854530765714,47.95925638857302],[-122.66585036180479,47.95925638857302],[-122.66585036180479,47.956561442720655],[-122.66315541595243,47.956561442720655],[-122.66315541595243,47.9538664968683],[-122.65776552424771,47.9538664968683],[-122.65776552424771,47.95117155101594],[-122.65507057839535,47.95117155101594],[-122.65507057839535,47.9538664968683],[-122.652375632543,47.9538664968683],[-122.652375632543,47.956561442720655],[-122.65507057839535,47.956561442720655],[-122.65507057839535,47.95925638857302],[-122.65776552424771,47.95925638857302],[-122.65776552424771,47.956561442720655],[-122.66046047010006,47.956561442720655],[-122.66046047010006,47.96195133442537],[-122.66315541595243,47.96195133442537],[-122.66315541595243,47.964646280277734],[-122.66854530765714,47.964646280277734]]]},"id":"-45517+17797","properties":{"area_sq_km":1.0,"count":13,"label":0,"latitude":47.95811609876939,"longitude":-122.66118562139003,"near_healthy_bed":1,"priority_score":3.0,"priority_tier":"needs_help","recommended_action":"urchin_removal_then_replant","region_id":"puget_sound","region_name":"Puget Sound, WA","state":"WA","status":0,"status_label":"barren"}},{"type":"Feature","geometry":{"geodesic":false,"type":"Polygon","coordinates":[[[-122.78981787101328,47.67628707407537],[-122.78981787101328,47.67359212822301],[-122.79251281686564,47.67359212822301],[-122.79251281686564,47.67089718237065],[-122.78981787101328,47.67089718237065],[-122.78981787101328,47.662812344813574],[-122.78712292516092,47.662812344813574],[-122.78712292516092,47.665507290665936],[-122.77903808760385,47.665507290665936],[-122.77903808760385,47.66820223651829],[-122.77634314175148,47.66820223651829],[-122.77634314175148,47.67089718237065],[-122.7817330334562,47.67089718237065],[-122.7817330334562,47.66820223651829],[-122.78712292516092,47.66820223651829],[-122.78712292516092,47.67359212822301],[-122.7817330334562,47.67359212822301],[-122.7817330334562,47.67628707407537],[-122.78981787101328,47.67628707407537]]]},"id":"-45561+17690","properties":{"area_sq_km":1.0,"count":13,"label":0,"latitude":47.66996418264925,"longitude":-122.78536077839024,"near_healthy_bed":1,"priority_score":3.0,"priority_tier":"needs_help","recommended_action":"urchin_removal_then_replant","region_id":"puget_sound","region_name":"Puget Sound, WA","state":"WA","status":0,"status_label":"barren"}},{"type":"Feature","geometry":{"geodesic":false,"type":"Polygon","coordinates":[[[-122.25621859224628,47.700541586746596],[-122.25621859224628,47.697846640894234],[-122.26430342980336,47.697846640894234],[-122.26430342980336,47.69515169504188],[-122.25891353809864,47.69515169504188],[-122.25891353809864,47.69245674918952],[-122.25621859224628,47.69245674918952],[-122.25621859224628,47.69515169504188],[-122.25082870054156,47.69515169504188],[-122.25082870054156,47.697846640894234],[-122.25352364639393,47.697846640894234],[-122.25352364639393,47.700541586746596],[-122.25621859224628,47.700541586746596]]]},"id":"-45365+17699","properties":{"area_sq_km":0.0,"count":7,"label":0,"latitude":47.69649918700148,"longitude":-122.25718113203119,"near_healthy_bed":1,"priority_score":2.0,"priority_tier":"needs_help","recommended_action":"urchin_removal_then_replant","region_id":"puget_sound","region_name":"Puget Sound, WA","state":"WA","status":0,"status_label":"barren"}},{"type":"Feature","geometry":{"geodesic":false,"type":"Polygon","coordinates":[[[-122.261608483951,47.99698563050604],[-122.261608483951,47.99429068465368],[-122.26430342980336,47.99429068465368],[-122.26430342980336,47.991595738801315],[-122.25621859224628,47.991595738801315],[-122.25621859224628,47.99429068465368],[-122.25352364639393,47.99429068465368],[-122.25352364639393,47.99698563050604],[-122.261608483951,47.99698563050604]]]},"id":"-45365+17809","properties":{"area_sq_km":0.0,"count":6,"label":0,"latitude":47.994290716539005,"longitude":-122.25891358745574,"near_healthy_bed":1,"priority_score":2.0,"priority_tier":"needs_help","recommended_action":"urchin_removal_then_replant","region_id":"puget_sound","region_name":"Puget Sound, WA","state":"WA","status":0,"status_label":"barren"}},{"type":"Feature","geometry":{"geodesic":false,"type":"Polygon","coordinates":[[[-122.26430342980336,47.98890079294896],[-122.26430342980336,47.97812100953953],[-122.25621859224628,47.97812100953953],[-122.25621859224628,47.983510901244244],[-122.261608483951,47.983510901244244],[-122.261608483951,47.98890079294896],[-122.26430342980336,47.98890079294896]]]},"id":"-45368+17806","properties":{"area_sq_km":0.0,"count":8,"label":0,"latitude":47.982163331074226,"longitude":-122.26093464286764,"near_healthy_bed":1,"priority_score":2.0,"priority_tier":"needs_help","recommended_action":"urchin_removal_then_replant","region_id":"puget_sound","region_name":"Puget Sound, WA","state":"WA","status":0,"status_label":"barren"}},{"type":"Feature","geometry":{"geodesic":false,"type":"Polygon","coordinates":[[[-122.4367799643543,47.80294952913622],[-122.4367799643543,47.79486469157914],[-122.43947491020667,47.79486469157914],[-122.43947491020667,47.79216974572679],[-122.43139007264959,47.79216974572679],[-122.43139007264959,47.79486469157914],[-122.42600018094487,47.79486469157914],[-122.42600018094487,47.797559637431505],[-122.43408501850195,47.797559637431505],[-122.43408501850195,47.80294952913622],[-122.4367799643543,47.80294952913622]]]},"id":"-45432+17737","properties":{"area_sq_km":1.0,"count":9,"label":0,"latitude":47.79621210835938,"longitude":-122.43363583922407,"near_healthy_bed":1,"priority_score":2.0,"priority_tier":"needs_help","recommended_action":"urchin_removal_then_replant","region_id":"puget_sound","region_name":"Puget Sound, WA","state":"WA","status":0,"status_label":"barren"}},{"type":"Feature","geometry":{"geodesic":false,"type":"Polygon","coordinates":[[[-122.4825940438444,47.654727507256496],[-122.4825940438444,47.65203256140414],[-122.48528898969676,47.65203256140414],[-122.48528898969676,47.654727507256496],[-122.48798393554912,47.654727507256496],[-122.48798393554912,47.64933761555178],[-122.47989909799205,47.64933761555178],[-122.47989909799205,47.65203256140414],[-122.47720415213969,47.65203256140414],[-122.47720415213969,47.654727507256496],[-122.4825940438444,47.654727507256496]]]},"id":"-45448+17682","properties":{"area_sq_km":0.0,"count":6,"label":0,"latitude":47.65203258781054,"longitude":-122.48304323474866,"near_healthy_bed":1,"priority_score":2.0,"priority_tier":"needs_help","recommended_action":"urchin_removal_then_replant","region_id":"puget_sound","region_name":"Puget Sound, WA","state":"WA","status":0,"status_label":"barren"}},{"type":"Feature","geometry":{"geodesic":false,"type":"Polygon","coordinates":[[[-122.49337382725383,47.317859275711676],[-122.49337382725383,47.31246938400696],[-122.50145866481091,47.31246938400696],[-122.50145866481091,47.309774438154605],[-122.49067888140148,47.309774438154605],[-122.49067888140148,47.317859275711676],[-122.49337382725383,47.317859275711676]]]},"id":"-45453+17557","properties":{"area_sq_km":0.0,"count":6,"label":0,"latitude":47.312469395046406,"longitude":-122.4947214323117,"near_healthy_bed":1,"priority_score":2.0,"priority_tier":"needs_help","recommended_action":"urchin_removal_then_replant","region_id":"puget_sound","region_name":"Puget Sound, WA","state":"WA","status":0,"status_label":"barren"}},{"type":"Feature","geometry":{"geodesic":false,"type":"Polygon","coordinates":[[[-122.49337382725383,47.67628707407537],[-122.49337382725383,47.67089718237065],[-122.4960687731062,47.67089718237065],[-122.4960687731062,47.66820223651829],[-122.49337382725383,47.66820223651829],[-122.49337382725383,47.665507290665936],[-122.4960687731062,47.665507290665936],[-122.4960687731062,47.662812344813574],[-122.49337382725383,47.662812344813574],[-122.49337382725383,47.66011739896121],[-122.49067888140148,47.66011739896121],[-122.49067888140148,47.67628707407537],[-122.49337382725383,47.67628707407537]]]},"id":"-45453+17690","properties":{"area_sq_km":0.0,"count":8,"label":0,"latitude":47.66786502481838,"longitude":-122.49270011683888,"near_healthy_bed":1,"priority_score":2.0,"priority_tier":"needs_help","recommended_action":"urchin_removal_then_replant","region_id":"puget_sound","region_name":"Puget Sound, WA","state":"WA","status":0,"status_label":"barren"}},{"type":"Feature","geometry":{"geodesic":false,"type":"Polygon","coordinates":[[[-122.51762833992507,47.53884483560508],[-122.51762833992507,47.53345494390036],[-122.52032328577742,47.53345494390036],[-122.52032328577742,47.530759998048005],[-122.51762833992507,47.530759998048005],[-122.51762833992507,47.52806505219564],[-122.51223844822034,47.52806505219564],[-122.51223844822034,47.530759998048005],[-122.5149333940727,47.530759998048005],[-122.5149333940727,47.53884483560508],[-122.51762833992507,47.53884483560508]]]},"id":"-45462+17639","properties":{"area_sq_km":0.0,"count":6,"label":0,"latitude":47.53255648655806,"longitude":-122.51628082350493,"near_healthy_bed":1,"priority_score":2.0,"priority_tier":"needs_help","recommended_action":"urchin_removal_then_replant","region_id":"puget_sound","region_name":"Puget Sound, WA","state":"WA","status":0,"status_label":"barren"}},{"type":"Feature","geometry":{"geodesic":false,"type":"Polygon","coordinates":[[[-122.52571317748215,47.93230693004943],[-122.52571317748215,47.929611984197074],[-122.5284081233345,47.929611984197074],[-122.5284081233345,47.93230693004943],[-122.53110306918686,47.93230693004943],[-122.53110306918686,47.929611984197074],[-122.53379801503921,47.929611984197074],[-122.53379801503921,47.92691703834471],[-122.52032328577742,47.92691703834471],[-122.52032328577742,47.929611984197074],[-122.52301823162978,47.929611984197074],[-122.52301823162978,47.93230693004943],[-122.52571317748215,47.93230693004943]]]},"id":"-45465+17785","properties":{"area_sq_km":0.0,"count":7,"label":0,"latitude":47.92903458815911,"longitude":-122.52706065042648,"near_healthy_bed":1,"priority_score":2.0,"priority_tier":"needs_help","recommended_action":"urchin_removal_then_replant","region_id":"puget_sound","region_name":"Puget Sound, WA","state":"WA","status":0,"status_label":"barren"}},{"type":"Feature","geometry":{"geodesic":false,"type":"Polygon","coordinates":[[[-122.58230704038166,47.68437191163244],[-122.58230704038166,47.681676965780085],[-122.58500198623403,47.681676965780085],[-122.58500198623403,47.67898201992772],[-122.58769693208639,47.67898201992772],[-122.58769693208639,47.67359212822301],[-122.57961209452931,47.67359212822301],[-122.57961209452931,47.67628707407537],[-122.58230704038166,47.67628707407537],[-122.58230704038166,47.67898201992772],[-122.57961209452931,47.67898201992772],[-122.57961209452931,47.68437191163244],[-122.58230704038166,47.68437191163244]]]},"id":"-45486+17693","properties":{"area_sq_km":0.0,"count":8,"label":0,"latitude":47.67797130193797,"longitude":-122.58331774310716,"near_healthy_bed":1,"priority_score":2.0,"priority_tier":"needs_help","recommended_action":"urchin_removal_then_replant","region_id":"puget_sound","region_name":"Puget Sound, WA","state":"WA","status":0,"status_label":"barren"}},{"type":"Feature","geometry":{"geodesic":false,"type":"Polygon","coordinates":[[[-122.66854530765714,47.98890079294896],[-122.66854530765714,47.9862058470966],[-122.67393519936186,47.9862058470966],[-122.67393519936186,47.983510901244244],[-122.67124025350951,47.983510901244244],[-122.67124025350951,47.98081595539188],[-122.66854530765714,47.98081595539188],[-122.66854530765714,47.983510901244244],[-122.66046047010006,47.983510901244244],[-122.66046047010006,47.9862058470966],[-122.66315541595243,47.9862058470966],[-122.66315541595243,47.98890079294896],[-122.66854530765714,47.98890079294896]]]},"id":"-45517+17806","properties":{"area_sq_km":0.0,"count":8,"label":0,"latitude":47.985195252013796,"longitude":-122.66719792476988,"near_healthy_bed":1,"priority_score":2.0,"priority_tier":"needs_help","recommended_action":"urchin_removal_then_replant","region_id":"puget_sound","region_name":"Puget Sound, WA","state":"WA","status":0,"status_label":"barren"}},{"type":"Feature","geometry":{"geodesic":false,"type":"Polygon","coordinates":[[[-122.71435938714724,47.32055422156404],[-122.71435938714724,47.309774438154605],[-122.70896949544252,47.309774438154605],[-122.70896949544252,47.31246938400696],[-122.70627454959016,47.31246938400696],[-122.70627454959016,47.31516432985932],[-122.70896949544252,47.31516432985932],[-122.70896949544252,47.32055422156404],[-122.71435938714724,47.32055422156404]]]},"id":"-45534+17558","properties":{"area_sq_km":1.0,"count":9,"label":0,"latitude":47.31501447905392,"longitude":-122.7112152632852,"near_healthy_bed":1,"priority_score":2.0,"priority_tier":"needs_help","recommended_action":"urchin_removal_then_replant","region_id":"puget_sound","region_name":"Puget Sound, WA","state":"WA","status":0,"status_label":"barren"}},{"type":"Feature","geometry":{"geodesic":false,"type":"Polygon","coordinates":[[[-122.2023196751991,47.549624619014516],[-122.2023196751991,47.54153978145744],[-122.20770956690383,47.54153978145744],[-122.20770956690383,47.53884483560508],[-122.2023196751991,47.53884483560508],[-122.2023196751991,47.53614988975272],[-122.19962472934675,47.53614988975272],[-122.19962472934675,47.549624619014516],[-122.2023196751991,47.549624619014516]]]},"id":"-45345+17643","properties":{"area_sq_km":0.0,"count":7,"label":2,"latitude":47.54211706126582,"longitude":-122.2021272638507,"near_healthy_bed":1,"priority_score":1.0,"priority_tier":"monitor","recommended_action":"no_action","region_id":"puget_sound","region_name":"Puget Sound, WA","state":"WA","status":2,"status_label":"healthy"}},{"type":"Feature","geometry":{"geodesic":false,"type":"Polygon","coordinates":[[[-122.21040451275618,47.53614988975272],[-122.21040451275618,47.530759998048005],[-122.20770956690383,47.530759998048005],[-122.20770956690383,47.53345494390036],[-122.2023196751991,47.53345494390036],[-122.2023196751991,47.53614988975272],[-122.21040451275618,47.53614988975272]]]},"id":"-45346+17638","properties":{"area_sq_km":0.0,"count":4,"label":2,"latitude":47.53412869803877,"longitude":-122.20703588047424,"near_healthy_bed":1,"priority_score":1.0,"priority_tier":"monitor","recommended_action":"no_action","region_id":"puget_sound","region_name":"Puget Sound, WA","state":"WA","status":2,"status_label":"healthy"}},{"type":"Feature","geometry":{"geodesic":false,"type":"Polygon","coordinates":[[[-122.21040451275618,47.55501451071923],[-122.20501462105148,47.55501451071923],[-122.20501462105148,47.56309934827631],[-122.21040451275618,47.56309934827631],[-122.21040451275618,47.55501451071923]]]},"id":"-45347+17648","properties":{"area_sq_km":0.0,"count":6,"label":1,"latitude":47.55905685710521,"longitude":-122.20770956694345,"near_healthy_bed":0,"priority_score":1.0,"priority_tier":"monitor","recommended_action":"monitor_and_replant","region_id":"puget_sound","region_name":"Puget Sound, WA","state":"WA","status":1,"status_label":"recovering"}},{"type":"Feature","geometry":{"geodesic":false,"type":"Polygon","coordinates":[[[-122.21309945860855,47.52267516049093],[-122.21040451275618,47.52267516049093],[-122.21040451275618,47.52537010634329],[-122.21309945860855,47.52537010634329],[-122.21309945860855,47.52267516049093]]]},"id":"-45349+17634","properties":{"area_sq_km":0.0,"count":1,"label":2,"latitude":47.52402262974777,"longitude":-122.21175198557665,"near_healthy_bed":1,"priority_score":1.0,"priority_tier":"monitor","recommended_action":"no_action","region_id":"puget_sound","region_name":"Puget Sound, WA","state":"WA","status":2,"status_label":"healthy"}},{"type":"Feature","geometry":{"geodesic":false,"type":"Polygon","coordinates":[[[-122.21579440446091,47.51998021463857],[-122.21579440446091,47.514590322933856],[-122.21848935031326,47.514590322933856],[-122.21848935031326,47.511895377081494],[-122.21579440446091,47.511895377081494],[-122.21579440446091,47.50920043122913],[-122.21848935031326,47.50920043122913],[-122.21848935031326,47.50650548537678],[-122.22387924201799,47.50650548537678],[-122.22387924201799,47.503810539524416],[-122.21309945860855,47.503810539524416],[-122.21309945860855,47.50111559367206],[-122.21040451275618,47.50111559367206],[-122.21040451275618,47.503810539524416],[-122.20770956690383,47.503810539524416],[-122.20770956690383,47.511895377081494],[-122.21040451275618,47.511895377081494],[-122.21040451275618,47.514590322933856],[-122.21309945860855,47.514590322933856],[-122.21309945860855,47.51998021463857],[-122.21579440446091,47.51998021463857]]]},"id":"-45350+17632","properties":{"area_sq_km":1.0,"count":19,"label":2,"latitude":47.50898741351943,"longitude":-122.21402143048093,"near_healthy_bed":1,"priority_score":1.0,"priority_tier":"monitor","recommended_action":"no_action","region_id":"puget_sound","region_name":"Puget Sound, WA","state":"WA","status":2,"status_label":"healthy"}},{"type":"Feature","geometry":{"geodesic":false,"type":"Polygon","coordinates":[[[-122.21579440446091,47.67628707407537],[-122.21579440446091,47.67359212822301],[-122.21848935031326,47.67359212822301],[-122.21848935031326,47.67089718237065],[-122.21579440446091,47.67089718237065],[-122.21579440446091,47.66820223651829],[-122.21848935031326,47.66820223651829],[-122.21848935031326,47.662812344813574],[-122.22118429616562,47.662812344813574],[-122.22118429616562,47.65742245310886],[-122.22387924201799,47.65742245310886],[-122.22387924201799,47.66011739896121],[-122.22657418787034,47.66011739896121],[-122.22657418787034,47.665507290665936],[-122.2292691337227,47.665507290665936],[-122.2292691337227,47.65742245310886],[-122.22657418787034,47.65742245310886],[-122.22657418787034,47.654727507256496],[-122.23196407957505,47.654727507256496],[-122.23196407957505,47.662812344813574],[-122.23465902542742,47.662812344813574],[-122.23465902542742,47.654727507256496],[-122.23735397127977,47.654727507256496],[-122.23735397127977,47.65203256140414],[-122.22657418787034,47.65203256140414],[-122.22657418787034,47.646642669699425],[-122.22387924201799,47.646642669699425],[-122.22387924201799,47.65203256140414],[-122.21848935031326,47.65203256140414],[-122.21848935031326,47.654727507256496],[-122.21040451275618,47.654727507256496],[-122.21040451275618,47.65742245310886],[-122.21309945860855,47.65742245310886],[-122.21309945860855,47.66011739896121],[-122.21040451275618,47.66011739896121],[-122.21040451275618,47.67089718237065],[-122.21309945860855,47.67089718237065],[-122.21309945860855,47.67628707407537],[-122.21579440446091,47.67628707407537]]]},"id":"-45350+17690","properties":{"area_sq_km":2.0,"count":40,"label":2,"latitude":47.66004951942961,"longitude":-122.22098309260404,"near_healthy_bed":1,"priority_score":1.0,"priority_tier":"monitor","recommended_action":"no_action","region_id":"puget_sound","region_name":"Puget Sound, WA","state":"WA","status":2,"status_label":"healthy"}},{"type":"Feature","geometry":{"geodesic":false,"type":"Polygon","coordinates":[[[-122.22118429616562,47.70323653259895],[-122.22118429616562,47.700541586746596],[-122.22387924201799,47.700541586746596],[-122.22387924201799,47.69515169504188],[-122.22118429616562,47.69515169504188],[-122.22118429616562,47.697846640894234],[-122.21579440446091,47.697846640894234],[-122.21579440446091,47.70323653259895],[-122.22118429616562,47.70323653259895]]]},"id":"-45351+17700","properties":{"area_sq_km":0.0,"count":6,"label":2,"latitude":47.69964323353144,"longitude":-122.21983691610187,"near_healthy_bed":1,"priority_score":1.0,"priority_tier":"monitor","recommended_action":"no_action","region_id":"puget_sound","region_name":"Puget Sound, WA","state":"WA","status":2,"status_label":"healthy"}},{"type":"Feature","geometry":{"geodesic":false,"type":"Polygon","coordinates":[[[-122.22387924201799,47.52267516049093],[-122.21848935031326,47.52267516049093],[-122.21848935031326,47.52537010634329],[-122.22387924201799,47.52537010634329],[-122.22387924201799,47.52267516049093]]]},"id":"-45352+17634","properties":{"area_sq_km":0.0,"count":2,"label":2,"latitude":47.52402265354537,"longitude":-122.22118429617558,"near_healthy_bed":1,"priority_score":1.0,"priority_tier":"monitor","recommended_action":"no_action","region_id":"puget_sound","region_name":"Puget Sound, WA","state":"WA","status":2,"status_label":"healthy"}},{"type":"Feature","geometry":{"geodesic":false,"type":"Polygon","coordinates":[[[-122.22118429616562,47.67898201992772],[-122.21848935031326,47.67898201992772],[-122.21848935031326,47.681676965780085],[-122.22118429616562,47.681676965780085],[-122.22118429616562,47.67898201992772]]]},"id":"-45352+17692","properties":{"area_sq_km":0.0,"count":1,"label":0,"latitude":47.68032948912684,"longitude":-122.21983682327838,"near_healthy_bed":1,"priority_score":1.0,"priority_tier":"monitor","recommended_action":"urchin_removal_then_replant","region_id":"puget_sound","region_name":"Puget Sound, WA","state":"WA","status":0,"status_label":"barren"}},{"type":"Feature","geometry":{"geodesic":false,"type":"Polygon","coordinates":[[[-122.2292691337227,47.67359212822301],[-122.2292691337227,47.67089718237065],[-122.22387924201799,47.67089718237065],[-122.22387924201799,47.66820223651829],[-122.22657418787034,47.66820223651829],[-122.22657418787034,47.665507290665936],[-122.22118429616562,47.665507290665936],[-122.22118429616562,47.67359212822301],[-122.2292691337227,47.67359212822301]]]},"id":"-45353+17689","properties":{"area_sq_km":0.0,"count":6,"label":2,"latitude":47.669998803890216,"longitude":-122.22432834129758,"near_healthy_bed":1,"priority_score":1.0,"priority_tier":"monitor","recommended_action":"no_action","region_id":"puget_sound","region_name":"Puget Sound, WA","state":"WA","status":2,"status_label":"healthy"}},{"type":"Feature","geometry":{"geodesic":false,"type":"Polygon","coordinates":[[[-122.21848935031326,47.681676965780085],[-122.21848935031326,47.68437191163244],[-122.22118429616562,47.68437191163244],[-122.22118429616562,47.69245674918952],[-122.22387924201799,47.69245674918952],[-122.22387924201799,47.68437191163244],[-122.2292691337227,47.68437191163244],[-122.2292691337227,47.681676965780085],[-122.22387924201799,47.681676965780085],[-122.22387924201799,47.67628707407537],[-122.21579440446091,47.67628707407537],[-122.21579440446091,47.681676965780085],[-122.21848935031326,47.681676965780085]],[[-122.21848935031326,47.681676965780085],[-122.22118429616562,47.681676965780085],[-122.22118429616562,47.67898201992772],[-122.21848935031326,47.67898201992772],[-122.21848935031326,47.681676965780085]]]},"id":"-45353+17696","properties":{"area_sq_km":1.0,"count":12,"label":2,"latitude":47.68257502099995,"longitude":-122.22185786649112,"near_healthy_bed":1,"priority_score":1.0,"priority_tier":"monitor","recommended_action":"no_action","region_id":"puget_sound","region_name":"Puget Sound, WA","state":"WA","status":2,"status_label":"healthy"}},{"type":"Feature","geometry":{"geodesic":false,"type":"Polygon","coordinates":[[[-122.2292691337227,47.67628707407537],[-122.22657418787034,47.67628707407537],[-122.22657418787034,47.67898201992772],[-122.2292691337227,47.67898201992772],[-122.2292691337227,47.67628707407537]]]},"id":"-45355+17691","properties":{"area_sq_km":0.0,"count":1,"label":2,"latitude":47.677634543298225,"longitude":-122.22792166077822,"near_healthy_bed":1,"priority_score":1.0,"priority_tier":"monitor","recommended_action":"no_action","region_id":"puget_sound","region_name":"Puget Sound, WA","state":"WA","status":2,"status_label":"healthy"}},{"type":"Feature","geometry":{"geodesic":false,"type":"Polygon","coordinates":[[[-122.23196407957505,47.66820223651829],[-122.2292691337227,47.66820223651829],[-122.2292691337227,47.67089718237065],[-122.23196407957505,47.67089718237065],[-122.23196407957505,47.66820223651829]]]},"id":"-45356+17688","properties":{"area_sq_km":0.0,"count":1,"label":2,"latitude":47.66954970595381,"longitude":-122.23061660664429,"near_healthy_bed":1,"priority_score":1.0,"priority_tier":"monitor","recommended_action":"no_action","region_id":"puget_sound","region_name":"Puget Sound, WA","state":"WA","status":2,"status_label":"healthy"}},{"type":"Feature","geometry":{"geodesic":false,"type":"Polygon","coordinates":[[[-122.23196407957505,47.67898201992772],[-122.2292691337227,47.67898201992772],[-122.2292691337227,47.681676965780085],[-122.23196407957505,47.681676965780085],[-122.23196407957505,47.67898201992772]]]},"id":"-45356+17692","properties":{"area_sq_km":0.0,"count":1,"label":2,"latitude":47.68032948911448,"longitude":-122.23061660668188,"near_healthy_bed":1,"priority_score":1.0,"priority_tier":"monitor","recommended_action":"no_action","region_id":"puget_sound","region_name":"Puget Sound, WA","state":"WA","status":2,"status_label":"healthy"}},{"type":"Feature","geometry":{"geodesic":false,"type":"Polygon","coordinates":[[[-122.23465902542742,47.6089134277664],[-122.23196407957505,47.6089134277664],[-122.23196407957505,47.61160837361876],[-122.23465902542742,47.61160837361876],[-122.23465902542742,47.6089134277664]]]},"id":"-45357+17666","properties":{"area_sq_km":0.0,"count":1,"label":2,"latitude":47.610260896972825,"longitude":-122.23331155236079,"near_healthy_bed":1,"priority_score":1.0,"priority_tier":"monitor","recommended_action":"no_action","region_id":"puget_sound","region_name":"Puget Sound, WA","state":"WA","status":2,"status_label":"healthy"}},{"type":"Feature","geometry":{"geodesic":false,"type":"Polygon","coordinates":[[[-122.23465902542742,47.67628707407537],[-122.23196407957505,47.67628707407537],[-122.23196407957505,47.67898201992772],[-122.23465902542742,47.67898201992772],[-122.23465902542742,47.67628707407537]]]},"id":"-45357+17691","properties":{"area_sq_km":0.0,"count":1,"label":2,"latitude":47.67763454328326,"longitude":-122.23331155235067,"near_healthy_bed":1,"priority_score":1.0,"priority_tier":"monitor","recommended_action":"no_action","region_id":"puget_sound","region_name":"Puget Sound, WA","state":"WA","status":2,"status_label":"healthy"}},{"type":"Feature","geometry":{"geodesic":false,"type":"Polygon","coordinates":[[[-122.23735397127977,47.64394772384706],[-122.23465902542742,47.64394772384706],[-122.23465902542742,47.646642669699425],[-122.23735397127977,47.646642669699425],[-122.23735397127977,47.64394772384706]]]},"id":"-45358+17679","properties":{"area_sq_km":0.0,"count":1,"label":1,"latitude":47.64529519330247,"longitude":-122.23600649840911,"near_healthy_bed":1,"priority_score":1.0,"priority_tier":"monitor","recommended_action":"monitor_and_replant","region_id":"puget_sound","region_name":"Puget Sound, WA","state":"WA","status":1,"status_label":"recovering"}},{"type":"Feature","geometry":{"geodesic":false,"type":"Polygon","coordinates":[[[-122.23735397127977,47.646642669699425],[-122.23465902542742,47.646642669699425],[-122.23465902542742,47.64933761555178],[-122.23735397127977,47.64933761555178],[-122.23735397127977,47.646642669699425]]]},"id":"-45358+17680","properties":{"area_sq_km":0.0,"count":1,"label":2,"latitude":47.64799013880734,"longitude":-122.23600649839746,"near_healthy_bed":1,"priority_score":1.0,"priority_tier":"monitor","recommended_action":"no_action","region_id":"puget_sound","region_name":"Puget Sound, WA","state":"WA","status":2,"status_label":"healthy"}},{"type":"Feature","geometry":{"geodesic":false,"type":"Polygon","coordinates":[[[-122.23735397127977,47.67089718237065],[-122.23465902542742,47.67089718237065],[-122.23465902542742,47.67359212822301],[-122.23735397127977,47.67359212822301],[-122.23735397127977,47.67089718237065]]]},"id":"-45358+17689","properties":{"area_sq_km":0.0,"count":1,"label":2,"latitude":47.67224465143502,"longitude":-122.23600649837199,"near_healthy_bed":1,"priority_score":1.0,"priority_tier":"monitor","recommended_action":"no_action","region_id":"puget_sound","region_name":"Puget Sound, WA","state":"WA","status":2,"status_label":"healthy"}},{"type":"Feature","geometry":{"geodesic":false,"type":"Polygon","coordinates":[[[-122.23735397127977,47.68437191163244],[-122.23735397127977,47.681676965780085],[-122.2427438629845,47.681676965780085],[-122.2427438629845,47.67898201992772],[-122.23465902542742,47.67898201992772],[-122.23465902542742,47.68437191163244],[-122.23735397127977,47.68437191163244]]]},"id":"-45358+17693","properties":{"area_sq_km":0.0,"count":4,"label":2,"latitude":47.68100324680868,"longitude":-122.23802775789609,"near_healthy_bed":1,"priority_score":1.0,"priority_tier":"monitor","recommended_action":"no_action","region_id":"puget_sound","region_name":"Puget Sound, WA","state":"WA","status":2,"status_label":"healthy"}},{"type":"Feature","geometry":{"geodesic":false,"type":"Polygon","coordinates":[[[-122.32359223855525,47.94578165931122],[-122.3208972927029,47.94578165931122],[-122.3208972927029,47.94308671345887],[-122.31820234685053,47.94308671345887],[-122.31820234685053,47.940391767606506],[-122.31550740099817,47.940391767606506],[-122.31550740099817,47.94308671345887],[-122.31011750929345,47.94308671345887],[-122.31011750929345,47.948476605163584],[-122.30203267173638,47.948476605163584],[-122.30203267173638,47.95117155101594],[-122.29933772588402,47.95117155101594],[-122.29933772588402,47.9538664968683],[-122.2939478341793,47.9538664968683],[-122.2939478341793,47.956561442720655],[-122.2804731049175,47.956561442720655],[-122.2804731049175,47.95925638857302],[-122.27777815906515,47.95925638857302],[-122.27777815906515,47.956561442720655],[-122.26430342980336,47.956561442720655],[-122.26430342980336,47.95925638857302],[-122.25082870054156,47.95925638857302],[-122.25082870054156,47.96195133442537],[-122.24543880883685,47.96195133442537],[-122.24543880883685,47.964646280277734],[-122.2427438629845,47.964646280277734],[-122.2427438629845,47.96734122613009],[-122.23465902542742,47.96734122613009],[-122.23465902542742,47.97003617198245],[-122.23196407957505,47.97003617198245],[-122.23196407957505,47.975426063687166],[-122.23465902542742,47.975426063687166],[-122.23465902542742,47.9862058470966],[-122.23735397127977,47.9862058470966],[-122.23735397127977,47.983510901244244],[-122.24004891713213,47.983510901244244],[-122.24004891713213,47.98890079294896],[-122.23735397127977,47.98890079294896],[-122.23735397127977,47.991595738801315],[-122.23465902542742,47.991595738801315],[-122.23465902542742,47.999680576358394],[-122.25082870054156,47.999680576358394],[-122.25082870054156,47.99698563050604],[-122.25352364639393,47.99698563050604],[-122.25352364639393,47.999680576358394],[-122.2804731049175,47.999680576358394],[-122.2804731049175,47.99698563050604],[-122.28855794247458,47.99698563050604],[-122.28855794247458,47.999680576358394],[-122.2939478341793,47.999680576358394],[-122.2939478341793,47.99429068465368],[-122.29125288832695,47.99429068465368],[-122.29125288832695,47.983510901244244],[-122.29664278003166,47.983510901244244],[-122.29664278003166,47.97812100953953],[-122.29933772588402,47.97812100953953],[-122.29933772588402,47.975426063687166],[-122.29664278003166,47.975426063687166],[-122.29664278003166,47.97273111783481],[-122.29933772588402,47.97273111783481],[-122.29933772588402,47.97003617198245],[-122.28855794247458,47.97003617198245],[-122.28855794247458,47.96734122613009],[-122.29125288832695,47.96734122613009],[-122.29125288832695,47.964646280277734],[-122.29664278003166,47.964646280277734],[-122.29664278003166,47.96195133442537],[-122.30472761758874,47.96195133442537],[-122.30472761758874,47.964646280277734],[-122.3074225634411,47.964646280277734],[-122.3074225634411,47.96195133442537],[-122.31281245514582,47.96195133442537],[-122.31281245514582,47.964646280277734],[-122.31550740099817,47.964646280277734],[-122.31550740099817,47.96734122613009],[-122.31820234685053,47.96734122613009],[-122.31820234685053,47.964646280277734],[-122.32898213025996,47.964646280277734],[-122.32898213025996,47.96195133442537],[-122.3397619136694,47.96195133442537],[-122.3397619136694,47.95925638857302],[-122.33706696781704,47.95925638857302],[-122.33706696781704,47.956561442720655],[-122.33167707611233,47.956561442720655],[-122.33167707611233,47.95117155101594],[-122.33437202196468,47.95117155101594],[-122.33437202196468,47.94578165931122],[-122.33706696781704,47.94578165931122],[-122.33706696781704,47.948476605163584],[-122.3397619136694,47.948476605163584],[-122.3397619136694,47.95117155101594],[-122.34784675122647,47.95117155101594],[-122.34784675122647,47.948476605163584],[-122.35054169707884,47.948476605163584],[-122.35054169707884,47.94578165931122],[-122.3532366429312,47.94578165931122],[-122.3532366429312,47.937696821754145],[-122.35054169707884,47.937696821754145],[-122.35054169707884,47.93500187590179],[-122.34784675122647,47.93500187590179],[-122.34784675122647,47.93230693004943],[-122.35054169707884,47.93230693004943],[-122.35054169707884,47.92422209249236],[-122.34784675122647,47.92422209249236],[-122.34784675122647,47.92691703834471],[-122.34245685952176,47.92691703834471],[-122.34245685952176,47.929611984197074],[-122.33437202196468,47.929611984197074],[-122.33437202196468,47.92691703834471],[-122.33706696781704,47.92691703834471],[-122.33706696781704,47.92422209249236],[-122.33437202196468,47.92422209249236],[-122.33437202196468,47.921527146639995],[-122.33167707611233,47.921527146639995],[-122.33167707611233,47.92422209249236],[-122.32898213025996,47.92422209249236],[-122.32898213025996,47.92691703834471],[-122.3262871844076,47.92691703834471],[-122.3262871844076,47.929611984197074],[-122.33167707611233,47.929611984197074],[-122.33167707611233,47.93230693004943],[-122.33437202196468,47.93230693004943],[-122.33437202196468,47.93500187590179],[-122.32898213025996,47.93500187590179],[-122.32898213025996,47.940391767606506],[-122.32359223855525,47.940391767606506],[-122.32359223855525,47.94578165931122]],[[-122.32359223855525,47.94578165931122],[-122.32359223855525,47.948476605163584],[-122.32898213025996,47.948476605163584],[-122.32898213025996,47.94578165931122],[-122.32359223855525,47.94578165931122]],[[-122.2804731049175,47.95925638857302],[-122.2804731049175,47.96734122613009],[-122.28586299662223,47.96734122613009],[-122.28586299662223,47.96195133442537],[-122.28316805076987,47.96195133442537],[-122.28316805076987,47.95925638857302],[-122.2804731049175,47.95925638857302]],[[-122.25352364639393,47.99698563050604],[-122.26160848395101,47.99698563050604],[-122.26160848395101,47.99429068465368],[-122.26430342980336,47.99429068465368],[-122.26430342980336,47.991595738801315],[-122.25621859224628,47.991595738801315],[-122.25621859224628,47.99429068465368],[-122.25352364639393,47.99429068465368],[-122.25352364639393,47.99698563050604]],[[-122.2750832132128,47.95925638857302],[-122.27238826736044,47.95925638857302],[-122.27238826736044,47.96195133442537],[-122.2750832132128,47.96195133442537],[-122.2750832132128,47.95925638857302]],[[-122.26969332150807,47.97812100953953],[-122.26699837565572,47.97812100953953],[-122.26699837565572,47.98081595539188],[-122.26969332150807,47.98081595539188],[-122.26969332150807,47.97812100953953]],[[-122.26430342980336,47.97812100953953],[-122.25621859224628,47.97812100953953],[-122.25621859224628,47.983510901244244],[-122.26160848395101,47.983510901244244],[-122.26160848395101,47.98890079294896],[-122.26430342980336,47.98890079294896],[-122.26430342980336,47.97812100953953]],[[-122.27777815906515,47.97812100953953],[-122.2804731049175,47.97812100953953],[-122.2804731049175,47.97273111783481],[-122.27777815906515,47.97273111783481],[-122.27777815906515,47.97812100953953]],[[-122.25352364639393,47.9862058470966],[-122.25352364639393,47.98890079294896],[-122.25621859224628,47.98890079294896],[-122.25621859224628,47.9862058470966],[-122.25352364639393,47.9862058470966]],[[-122.25891353809864,47.97003617198245],[-122.25891353809864,47.96734122613009],[-122.25352364639393,47.96734122613009],[-122.25352364639393,47.97003617198245],[-122.25891353809864,47.97003617198245]],[[-122.27777815906515,47.97812100953953],[-122.27238826736044,47.97812100953953],[-122.27238826736044,47.98081595539188],[-122.27777815906515,47.98081595539188],[-122.27777815906515,47.97812100953953]],[[-122.2750832132128,47.98890079294896],[-122.27777815906515,47.98890079294896],[-122.27777815906515,47.9862058470966],[-122.2750832132128,47.9862058470966],[-122.2750832132128,47.98890079294896]],[[-122.26969332150807,47.97003617198245],[-122.2750832132128,47.97003617198245],[-122.2750832132128,47.96734122613009],[-122.26969332150807,47.96734122613009],[-122.26969332150807,47.97003617198245]],[[-122.2750832132128,47.98890079294896],[-122.26969332150807,47.98890079294896],[-122.26969332150807,47.991595738801315],[-122.27238826736044,47.991595738801315],[-122.27238826736044,47.99429068465368],[-122.27777815906515,47.99429068465368],[-122.27777815906515,47.991595738801315],[-122.2750832132128,47.991595738801315],[-122.2750832132128,47.98890079294896]],[[-122.25891353809864,47.97273111783481],[-122.25352364639393,47.97273111783481],[-122.25352364639393,47.975426063687166],[-122.25891353809864,47.975426063687166],[-122.25891353809864,47.97273111783481]],[[-122.26969332150807,47.97273111783481],[-122.26969332150807,47.975426063687166],[-122.27238826736044,47.975426063687166],[-122.27238826736044,47.97273111783481],[-122.26969332150807,47.97273111783481]],[[-122.26969332150807,47.97273111783481],[-122.26969332150807,47.97003617198245],[-122.25891353809864,47.97003617198245],[-122.25891353809864,47.97273111783481],[-122.26969332150807,47.97273111783481]],[[-122.25352364639393,47.9862058470966],[-122.25352364639393,47.97812100953953],[-122.25082870054156,47.97812100953953],[-122.25082870054156,47.96734122613009],[-122.2481337546892,47.96734122613009],[-122.2481337546892,47.97003617198245],[-122.24543880883685,47.97003617198245],[-122.24543880883685,47.97273111783481],[-122.2481337546892,47.97273111783481],[-122.2481337546892,47.97812100953953],[-122.2427438629845,47.97812100953953],[-122.2427438629845,47.97273111783481],[-122.23735397127977,47.97273111783481],[-122.23735397127977,47.98081595539188],[-122.24543880883685,47.98081595539188],[-122.24543880883685,47.98890079294896],[-122.24004891713213,47.98890079294896],[-122.24004891713213,47.991595738801315],[-122.2481337546892,47.991595738801315],[-122.2481337546892,47.983510901244244],[-122.25082870054156,47.983510901244244],[-122.25082870054156,47.9862058470966],[-122.25352364639393,47.9862058470966]]]},"id":"-45358+17810","properties":{"area_sq_km":25.0,"count":417,"label":2,"latitude":47.96682533870314,"longitude":-122.29033151477633,"near_healthy_bed":1,"priority_score":1.0,"priority_tier":"monitor","recommended_action":"no_action","region_id":"puget_sound","region_name":"Puget Sound, WA","state":"WA","status":2,"status_label":"healthy"}},{"type":"Feature","geometry":{"geodesic":false,"type":"Polygon","coordinates":[[[-122.2427438629845,47.52806505219564],[-122.23735397127977,47.52806505219564],[-122.23735397127977,47.530759998048005],[-122.2427438629845,47.530759998048005],[-122.2427438629845,47.52806505219564]]]},"id":"-45359+17636","properties":{"area_sq_km":0.0,"count":2,"label":2,"latitude":47.52941254530173,"longitude":-122.24004891704054,"near_healthy_bed":1,"priority_score":1.0,"priority_tier":"monitor","recommended_action":"no_action","region_id":"puget_sound","region_name":"Puget Sound, WA","state":"WA","status":2,"status_label":"healthy"}},{"type":"Feature","geometry":{"geodesic":false,"type":"Polygon","coordinates":[[[-122.24004891713213,47.546929673162154],[-122.23735397127977,47.546929673162154],[-122.23735397127977,47.549624619014516],[-122.24004891713213,47.549624619014516],[-122.24004891713213,47.546929673162154]]]},"id":"-45359+17643","properties":{"area_sq_km":0.0,"count":1,"label":2,"latitude":47.54827714231525,"longitude":-122.23870144422558,"near_healthy_bed":1,"priority_score":1.0,"priority_tier":"monitor","recommended_action":"no_action","region_id":"puget_sound","region_name":"Puget Sound, WA","state":"WA","status":2,"status_label":"healthy"}},{"type":"Feature","geometry":{"geodesic":false,"type":"Polygon","coordinates":[[[-122.24543880883685,47.55231956486687],[-122.24004891713213,47.55231956486687],[-122.24004891713213,47.55501451071923],[-122.24543880883685,47.55501451071923],[-122.24543880883685,47.55231956486687]]]},"id":"-45360+17645","properties":{"area_sq_km":0.0,"count":2,"label":2,"latitude":47.55366705767204,"longitude":-122.24274386298286,"near_healthy_bed":1,"priority_score":1.0,"priority_tier":"monitor","recommended_action":"no_action","region_id":"puget_sound","region_name":"Puget Sound, WA","state":"WA","status":2,"status_label":"healthy"}},{"type":"Feature","geometry":{"geodesic":false,"type":"Polygon","coordinates":[[[-122.2481337546892,47.635862886289985],[-122.2481337546892,47.63316794043763],[-122.24543880883685,47.63316794043763],[-122.24543880883685,47.63047299458527],[-122.2427438629845,47.63047299458527],[-122.2427438629845,47.635862886289985],[-122.2481337546892,47.635862886289985]]]},"id":"-45361+17675","properties":{"area_sq_km":0.0,"count":3,"label":2,"latitude":47.633617079230355,"longitude":-122.24498962191262,"near_healthy_bed":1,"priority_score":1.0,"priority_tier":"monitor","recommended_action":"no_action","region_id":"puget_sound","region_name":"Puget Sound, WA","state":"WA","status":2,"status_label":"healthy"}},{"type":"Feature","geometry":{"geodesic":false,"type":"Polygon","coordinates":[[[-122.24543880883685,47.67898201992772],[-122.24543880883685,47.67628707407537],[-122.2481337546892,47.67628707407537],[-122.2481337546892,47.67089718237065],[-122.24004891713213,47.67089718237065],[-122.24004891713213,47.67359212822301],[-122.2427438629845,47.67359212822301],[-122.2427438629845,47.67898201992772],[-122.24543880883685,47.67898201992772]]]},"id":"-45361+17691","properties":{"area_sq_km":0.0,"count":6,"label":2,"latitude":47.674041244287764,"longitude":-122.24454048159834,"near_healthy_bed":1,"priority_score":1.0,"priority_tier":"monitor","recommended_action":"no_action","region_id":"puget_sound","region_name":"Puget Sound, WA","state":"WA","status":2,"status_label":"healthy"}},{"type":"Feature","geometry":{"geodesic":false,"type":"Polygon","coordinates":[[[-122.25082870054156,47.68976180333716],[-122.2427438629845,47.68976180333716],[-122.2427438629845,47.69245674918952],[-122.25082870054156,47.69245674918952],[-122.25082870054156,47.68976180333716]]]},"id":"-45361+17696","properties":{"area_sq_km":0.0,"count":3,"label":0,"latitude":47.69110933560473,"longitude":-122.24678628175727,"near_healthy_bed":1,"priority_score":1.0,"priority_tier":"monitor","recommended_action":"urchin_removal_then_replant","region_id":"puget_sound","region_name":"Puget Sound, WA","state":"WA","status":0,"status_label":"barren"}},{"type":"Feature","geometry":{"geodesic":false,"type":"Polygon","coordinates":[[[-122.2481337546892,47.53884483560508],[-122.2481337546892,47.53614988975272],[-122.25082870054156,47.53614988975272],[-122.25082870054156,47.53345494390036],[-122.2481337546892,47.53345494390036],[-122.2481337546892,47.530759998048005],[-122.24543880883685,47.530759998048005],[-122.24543880883685,47.53884483560508],[-122.2481337546892,47.53884483560508]]]},"id":"-45362+17639","properties":{"area_sq_km":0.0,"count":4,"label":2,"latitude":47.53480234984181,"longitude":-122.24746001804485,"near_healthy_bed":1,"priority_score":1.0,"priority_tier":"monitor","recommended_action":"no_action","region_id":"puget_sound","region_name":"Puget Sound, WA","state":"WA","status":2,"status_label":"healthy"}},{"type":"Feature","geometry":{"geodesic":false,"type":"Polygon","coordinates":[[[-122.2481337546892,47.549624619014516],[-122.24543880883685,47.549624619014516],[-122.24543880883685,47.55231956486687],[-122.2481337546892,47.55231956486687],[-122.2481337546892,47.549624619014516]]]},"id":"-45362+17644","properties":{"area_sq_km":0.0,"count":1,"label":1,"latitude":47.55097208812694,"longitude":-122.24678628167062,"near_healthy_bed":1,"priority_score":1.0,"priority_tier":"monitor","recommended_action":"monitor_and_replant","region_id":"puget_sound","region_name":"Puget Sound, WA","state":"WA","status":1,"status_label":"recovering"}},{"type":"Feature","geometry":{"geodesic":false,"type":"Polygon","coordinates":[[[-122.2481337546892,47.55770945657159],[-122.24543880883685,47.55770945657159],[-122.24543880883685,47.56040440242395],[-122.2481337546892,47.56040440242395],[-122.2481337546892,47.55770945657159]]]},"id":"-45362+17647","properties":{"area_sq_km":0.0,"count":1,"label":2,"latitude":47.559056926000935,"longitude":-122.2467862816513,"near_healthy_bed":1,"priority_score":1.0,"priority_tier":"monitor","recommended_action":"no_action","region_id":"puget_sound","region_name":"Puget Sound, WA","state":"WA","status":2,"status_label":"healthy"}},{"type":"Feature","geometry":{"geodesic":false,"type":"Polygon","coordinates":[[[-122.25082870054156,47.56309934827631],[-122.24543880883685,47.56309934827631],[-122.24543880883685,47.565794294128665],[-122.25082870054156,47.565794294128665],[-122.25082870054156,47.56309934827631]]]},"id":"-45362+17649","properties":{"area_sq_km":0.0,"count":2,"label":2,"latitude":47.56444684123112,"longitude":-122.2481337546538,"near_healthy_bed":1,"priority_score":1.0,"priority_tier":"monitor","recommended_action":"no_action","region_id":"puget_sound","region_name":"Puget Sound, WA","state":"WA","status":2,"status_label":"healthy"}},{"type":"Feature","geometry":{"geodesic":false,"type":"Polygon","coordinates":[[[-122.2481337546892,47.627778048732914],[-122.24543880883685,47.627778048732914],[-122.24543880883685,47.63047299458527],[-122.2481337546892,47.63047299458527],[-122.2481337546892,47.627778048732914]]]},"id":"-45362+17673","properties":{"area_sq_km":0.0,"count":1,"label":2,"latitude":47.629125518183436,"longitude":-122.2467862815347,"near_healthy_bed":1,"priority_score":1.0,"priority_tier":"monitor","recommended_action":"no_action","region_id":"puget_sound","region_name":"Puget Sound, WA","state":"WA","status":2,"status_label":"healthy"}},{"type":"Feature","geometry":{"geodesic":false,"type":"Polygon","coordinates":[[[-122.25082870054156,47.64933761555178],[-122.2481337546892,47.64933761555178],[-122.2481337546892,47.65203256140414],[-122.25082870054156,47.65203256140414],[-122.25082870054156,47.64933761555178]]]},"id":"-45363+17681","properties":{"area_sq_km":0.0,"count":1,"label":2,"latitude":47.65068508480482,"longitude":-122.24948122771414,"near_healthy_bed":1,"priority_score":1.0,"priority_tier":"monitor","recommended_action":"no_action","region_id":"puget_sound","region_name":"Puget Sound, WA","state":"WA","status":2,"status_label":"healthy"}},{"type":"Feature","geometry":{"geodesic":false,"type":"Polygon","coordinates":[[[-122.25352364639393,47.67089718237065],[-122.25352364639393,47.66820223651829],[-122.25621859224628,47.66820223651829],[-122.25621859224628,47.665507290665936],[-122.25891353809864,47.665507290665936],[-122.25891353809864,47.662812344813574],[-122.26430342980336,47.662812344813574],[-122.26430342980336,47.65742245310886],[-122.25891353809864,47.65742245310886],[-122.25891353809864,47.66011739896121],[-122.25621859224628,47.66011739896121],[-122.25621859224628,47.65742245310886],[-122.2481337546892,47.65742245310886],[-122.2481337546892,47.66011739896121],[-122.25082870054156,47.66011739896121],[-122.25082870054156,47.665507290665936],[-122.2481337546892,47.665507290665936],[-122.2481337546892,47.67089718237065],[-122.25352364639393,47.67089718237065]]]},"id":"-45363+17688","properties":{"area_sq_km":1.0,"count":18,"label":2,"latitude":47.66296191142349,"longitude":-122.25502111462137,"near_healthy_bed":1,"priority_score":1.0,"priority_tier":"monitor","recommended_action":"no_action","region_id":"puget_sound","region_name":"Puget Sound, WA","state":"WA","status":2,"status_label":"healthy"}},{"type":"Feature","geometry":{"geodesic":false,"type":"Polygon","coordinates":[[[-122.25082870054156,47.70323653259895],[-122.25082870054156,47.700541586746596],[-122.25352364639393,47.700541586746596],[-122.25352364639393,47.697846640894234],[-122.25082870054156,47.697846640894234],[-122.25082870054156,47.69515169504188],[-122.25621859224628,47.69515169504188],[-122.25621859224628,47.69245674918952],[-122.25891353809864,47.69245674918952],[-122.25891353809864,47.69515169504188],[-122.26430342980336,47.69515169504188],[-122.26430342980336,47.68976180333716],[-122.25352364639393,47.68976180333716],[-122.25352364639393,47.6870668574848],[-122.2481337546892,47.6870668574848],[-122.2481337546892,47.68437191163244],[-122.23735397127977,47.68437191163244],[-122.23735397127977,47.68976180333716],[-122.23465902542742,47.68976180333716],[-122.23465902542742,47.69245674918952],[-122.22387924201799,47.69245674918952],[-122.22387924201799,47.69515169504188],[-122.23735397127977,47.69515169504188],[-122.23735397127977,47.697846640894234],[-122.24543880883685,47.697846640894234],[-122.24543880883685,47.700541586746596],[-122.2481337546892,47.700541586746596],[-122.2481337546892,47.70323653259895],[-122.25082870054156,47.70323653259895]],[[-122.2427438629845,47.69245674918952],[-122.25082870054156,47.69245674918952],[-122.25082870054156,47.68976180333716],[-122.2427438629845,47.68976180333716],[-122.2427438629845,47.69245674918952]]]},"id":"-45363+17700","properties":{"area_sq_km":2.0,"count":41,"label":2,"latitude":47.69262117329725,"longitude":-122.24560300475447,"near_healthy_bed":1,"priority_score":1.0,"priority_tier":"monitor","recommended_action":"no_action","region_id":"puget_sound","region_name":"Puget Sound, WA","state":"WA","status":2,"status_label":"healthy"}},{"type":"Feature","geometry":{"geodesic":false,"type":"Polygon","coordinates":[[[-122.25352364639393,47.546929673162154],[-122.25352364639393,47.5442347273098],[-122.25621859224628,47.5442347273098],[-122.25621859224628,47.54153978145744],[-122.261608483951,47.54153978145744],[-122.261608483951,47.530759998048005],[-122.25621859224628,47.530759998048005],[-122.25621859224628,47.52806505219564],[-122.25352364639393,47.52806505219564],[-122.25352364639393,47.53345494390036],[-122.25621859224628,47.53345494390036],[-122.25621859224628,47.53614988975272],[-122.25352364639393,47.53614988975272],[-122.25352364639393,47.54153978145744],[-122.25082870054156,47.54153978145744],[-122.25082870054156,47.546929673162154],[-122.25352364639393,47.546929673162154]]]},"id":"-45364+17642","properties":{"area_sq_km":1.0,"count":15,"label":2,"latitude":47.53731734017924,"longitude":-122.25666794070615,"near_healthy_bed":1,"priority_score":1.0,"priority_tier":"monitor","recommended_action":"no_action","region_id":"puget_sound","region_name":"Puget Sound, WA","state":"WA","status":2,"status_label":"healthy"}},{"type":"Feature","geometry":{"geodesic":false,"type":"Polygon","coordinates":[[[-122.25352364639393,47.57926902339046],[-122.25352364639393,47.5765740775381],[-122.25621859224628,47.5765740775381],[-122.25621859224628,47.57387913168574],[-122.25082870054156,47.57387913168574],[-122.25082870054156,47.57118418583338],[-122.2481337546892,47.57118418583338],[-122.2481337546892,47.56848923998103],[-122.24004891713213,47.56848923998103],[-122.24004891713213,47.57387913168574],[-122.2481337546892,47.57387913168574],[-122.2481337546892,47.5765740775381],[-122.25082870054156,47.5765740775381],[-122.25082870054156,47.57926902339046],[-122.25352364639393,47.57926902339046]]]},"id":"-45364+17654","properties":{"area_sq_km":1.0,"count":11,"label":2,"latitude":47.57302162666265,"longitude":-122.24752094651548,"near_healthy_bed":1,"priority_score":1.0,"priority_tier":"monitor","recommended_action":"no_action","region_id":"puget_sound","region_name":"Puget Sound, WA","state":"WA","status":2,"status_label":"healthy"}},{"type":"Feature","geometry":{"geodesic":false,"type":"Polygon","coordinates":[[[-122.25352364639393,47.62508310288055],[-122.25082870054156,47.62508310288055],[-122.25082870054156,47.627778048732914],[-122.25352364639393,47.627778048732914],[-122.25352364639393,47.62508310288055]]]},"id":"-45364+17672","properties":{"area_sq_km":0.0,"count":1,"label":2,"latitude":47.62643057201994,"longitude":-122.25217617338484,"near_healthy_bed":1,"priority_score":1.0,"priority_tier":"monitor","recommended_action":"no_action","region_id":"puget_sound","region_name":"Puget Sound, WA","state":"WA","status":2,"status_label":"healthy"}},{"type":"Feature","geometry":{"geodesic":false,"type":"Polygon","coordinates":[[[-122.25891353809864,47.635862886289985],[-122.25082870054156,47.635862886289985],[-122.25082870054156,47.63855783214235],[-122.25891353809864,47.63855783214235],[-122.25891353809864,47.635862886289985]]]},"id":"-45364+17676","properties":{"area_sq_km":0.0,"count":3,"label":2,"latitude":47.63721041860006,"longitude":-122.25487111933948,"near_healthy_bed":1,"priority_score":1.0,"priority_tier":"monitor","recommended_action":"no_action","region_id":"puget_sound","region_name":"Puget Sound, WA","state":"WA","status":2,"status_label":"healthy"}},{"type":"Feature","geometry":{"geodesic":false,"type":"Polygon","coordinates":[[[-122.25352364639393,47.700541586746596],[-122.25082870054156,47.700541586746596],[-122.25082870054156,47.70323653259895],[-122.25352364639393,47.70323653259895],[-122.25352364639393,47.700541586746596]]]},"id":"-45364+17700","properties":{"area_sq_km":0.0,"count":1,"label":0,"latitude":47.70188905597956,"longitude":-122.25217617352763,"near_healthy_bed":1,"priority_score":1.0,"priority_tier":"monitor","recommended_action":"urchin_removal_then_replant","region_id":"puget_sound","region_name":"Puget Sound, WA","state":"WA","status":0,"status_label":"barren"}},{"type":"Feature","geometry":{"geodesic":false,"type":"Polygon","coordinates":[[[-122.25352364639393,47.99698563050604],[-122.25082870054156,47.99698563050604],[-122.25082870054156,47.999680576358394],[-122.25352364639393,47.999680576358394],[-122.25352364639393,47.99698563050604]]]},"id":"-45364+17810","properties":{"area_sq_km":0.0,"count":1,"label":0,"latitude":47.99833309958836,"longitude":-122.25217617347715,"near_healthy_bed":1,"priority_score":1.0,"priority_tier":"monitor","recommended_action":"urchin_removal_then_replant","region_id":"puget_sound","region_name":"Puget Sound, WA","state":"WA","status":0,"status_label":"barren"}},{"type":"Feature","geometry":{"geodesic":false,"type":"Polygon","coordinates":[[[-122.25891353809864,47.52267516049093],[-122.25352364639393,47.52267516049093],[-122.25352364639393,47.52537010634329],[-122.25891353809864,47.52537010634329],[-122.25891353809864,47.52267516049093]]]},"id":"-45365+17634","properties":{"area_sq_km":0.0,"count":2,"label":2,"latitude":47.52402265348858,"longitude":-122.25621859225377,"near_healthy_bed":1,"priority_score":1.0,"priority_tier":"monitor","recommended_action":"no_action","region_id":"puget_sound","region_name":"Puget Sound, WA","state":"WA","status":2,"status_label":"healthy"}},{"type":"Feature","geometry":{"geodesic":false,"type":"Polygon","coordinates":[[[-122.25621859224628,47.57926902339046],[-122.25352364639393,47.57926902339046],[-122.25352364639393,47.581963969242814],[-122.25621859224628,47.581963969242814],[-122.25621859224628,47.57926902339046]]]},"id":"-45365+17655","properties":{"area_sq_km":0.0,"count":1,"label":2,"latitude":47.58061649256879,"longitude":-122.2548711194471,"near_healthy_bed":1,"priority_score":1.0,"priority_tier":"monitor","recommended_action":"no_action","region_id":"puget_sound","region_name":"Puget Sound, WA","state":"WA","status":2,"status_label":"healthy"}},{"type":"Feature","geometry":{"geodesic":false,"type":"Polygon","coordinates":[[[-122.25621859224628,47.627778048732914],[-122.25352364639393,47.627778048732914],[-122.25352364639393,47.63047299458527],[-122.25621859224628,47.63047299458527],[-122.25621859224628,47.627778048732914]]]},"id":"-45365+17673","properties":{"area_sq_km":0.0,"count":1,"label":2,"latitude":47.629125518169346,"longitude":-122.2548711193653,"near_healthy_bed":1,"priority_score":1.0,"priority_tier":"monitor","recommended_action":"no_action","region_id":"puget_sound","region_name":"Puget Sound, WA","state":"WA","status":2,"status_label":"healthy"}},{"type":"Feature","geometry":{"geodesic":false,"type":"Polygon","coordinates":[[[-122.25891353809864,47.956561442720655],[-122.25352364639393,47.956561442720655],[-122.25352364639393,47.95925638857302],[-122.25891353809864,47.95925638857302],[-122.25891353809864,47.956561442720655]]]},"id":"-45365+17795","properties":{"area_sq_km":0.0,"count":2,"label":1,"latitude":47.9579089353674,"longitude":-122.25621859224847,"near_healthy_bed":1,"priority_score":1.0,"priority_tier":"monitor","recommended_action":"monitor_and_replant","region_id":"puget_sound","region_name":"Puget Sound, WA","state":"WA","status":1,"status_label":"recovering"}},{"type":"Feature","geometry":{"geodesic":false,"type":"Polygon","coordinates":[[[-122.25891353809864,47.96734122613009],[-122.25352364639393,47.96734122613009],[-122.25352364639393,47.97003617198245],[-122.25891353809864,47.97003617198245],[-122.25891353809864,47.96734122613009]]]},"id":"-45365+17799","properties":{"area_sq_km":0.0,"count":2,"label":0,"latitude":47.96868871881706,"longitude":-122.25621859223682,"near_healthy_bed":1,"priority_score":1.0,"priority_tier":"monitor","recommended_action":"urchin_removal_then_replant","region_id":"puget_sound","region_name":"Puget Sound, WA","state":"WA","status":0,"status_label":"barren"}},{"type":"Feature","geometry":{"geodesic":false,"type":"Polygon","coordinates":[[[-122.25891353809864,47.97273111783481],[-122.25352364639393,47.97273111783481],[-122.25352364639393,47.975426063687166],[-122.25891353809864,47.975426063687166],[-122.25891353809864,47.97273111783481]]]},"id":"-45365+17801","properties":{"area_sq_km":0.0,"count":2,"label":0,"latitude":47.97407861055481,"longitude":-122.25621859223266,"near_healthy_bed":1,"priority_score":1.0,"priority_tier":"monitor","recommended_action":"urchin_removal_then_replant","region_id":"puget_sound","region_name":"Puget Sound, WA","state":"WA","status":0,"status_label":"barren"}},{"type":"Feature","geometry":{"geodesic":false,"type":"Polygon","coordinates":[[[-122.25621859224628,47.9862058470966],[-122.25352364639393,47.9862058470966],[-122.25352364639393,47.98890079294896],[-122.25621859224628,47.98890079294896],[-122.25621859224628,47.9862058470966]]]},"id":"-45365+17806","properties":{"area_sq_km":0.0,"count":1,"label":0,"latitude":47.987553316140506,"longitude":-122.2548711194319,"near_healthy_bed":1,"priority_score":1.0,"priority_tier":"monitor","recommended_action":"urchin_removal_then_replant","region_id":"puget_sound","region_name":"Puget Sound, WA","state":"WA","status":0,"status_label":"barren"}},{"type":"Feature","geometry":{"geodesic":false,"type":"Polygon","coordinates":[[[-122.261608483951,47.57118418583338],[-122.261608483951,47.56848923998103],[-122.26699837565572,47.56848923998103],[-122.26699837565572,47.565794294128665],[-122.26430342980336,47.565794294128665],[-122.26430342980336,47.56040440242395],[-122.261608483951,47.56040440242395],[-122.261608483951,47.55501451071923],[-122.25621859224628,47.55501451071923],[-122.25621859224628,47.565794294128665],[-122.25891353809864,47.565794294128665],[-122.25891353809864,47.57118418583338],[-122.261608483951,47.57118418583338]]]},"id":"-45367+17651","properties":{"area_sq_km":1.0,"count":14,"label":2,"latitude":47.56290657314441,"longitude":-122.26045334191498,"near_healthy_bed":1,"priority_score":1.0,"priority_tier":"monitor","recommended_action":"no_action","region_id":"puget_sound","region_name":"Puget Sound, WA","state":"WA","status":2,"status_label":"healthy"}},{"type":"Feature","geometry":{"geodesic":false,"type":"Polygon","coordinates":[[[-122.261608483951,47.57387913168574],[-122.25891353809864,47.57387913168574],[-122.25891353809864,47.5765740775381],[-122.261608483951,47.5765740775381],[-122.261608483951,47.57387913168574]]]},"id":"-45367+17653","properties":{"area_sq_km":0.0,"count":1,"label":2,"latitude":47.575226601018876,"longitude":-122.26026101115333,"near_healthy_bed":1,"priority_score":1.0,"priority_tier":"monitor","recommended_action":"no_action","region_id":"puget_sound","region_name":"Puget Sound, WA","state":"WA","status":2,"status_label":"healthy"}},{"type":"Feature","geometry":{"geodesic":false,"type":"Polygon","coordinates":[[[-122.26969332150807,47.97003617198245],[-122.25891353809864,47.97003617198245],[-122.25891353809864,47.97273111783481],[-122.26969332150807,47.97273111783481],[-122.26969332150807,47.97003617198245]]]},"id":"-45367+17800","properties":{"area_sq_km":0.0,"count":4,"label":0,"latitude":47.9713837593389,"longitude":-122.26430342982484,"near_healthy_bed":1,"priority_score":1.0,"priority_tier":"monitor","recommended_action":"urchin_removal_then_replant","region_id":"puget_sound","region_name":"Puget Sound, WA","state":"WA","status":0,"status_label":"barren"}},{"type":"Feature","geometry":{"geodesic":false,"type":"Polygon","coordinates":[[[-122.26430342980336,47.63047299458527],[-122.261608483951,47.63047299458527],[-122.261608483951,47.63316794043763],[-122.26430342980336,47.63316794043763],[-122.26430342980336,47.63047299458527]]]},"id":"-45368+17674","properties":{"area_sq_km":0.0,"count":1,"label":2,"latitude":47.631820463894734,"longitude":-122.26295595685907,"near_healthy_bed":1,"priority_score":1.0,"priority_tier":"monitor","recommended_action":"no_action","region_id":"puget_sound","region_name":"Puget Sound, WA","state":"WA","status":2,"status_label":"healthy"}},{"type":"Feature","geometry":{"geodesic":false,"type":"Polygon","coordinates":[[[-122.27238826736044,47.751745557941405],[-122.27238826736044,47.74905061208905],[-122.27777815906515,47.74905061208905],[-122.27777815906515,47.74635566623669],[-122.2804731049175,47.74635566623669],[-122.2804731049175,47.735575882827256],[-122.28316805076987,47.735575882827256],[-122.28316805076987,47.732880936974894],[-122.27777815906515,47.732880936974894],[-122.27777815906515,47.71940620771311],[-122.2750832132128,47.71940620771311],[-122.2750832132128,47.71132137015603],[-122.27238826736044,47.71132137015603],[-122.27238826736044,47.700541586746596],[-122.26969332150807,47.700541586746596],[-122.26969332150807,47.697846640894234],[-122.26699837565572,47.697846640894234],[-122.26699837565572,47.69515169504188],[-122.26430342980336,47.69515169504188],[-122.26430342980336,47.697846640894234],[-122.25621859224628,47.697846640894234],[-122.25621859224628,47.700541586746596],[-122.25352364639393,47.700541586746596],[-122.25352364639393,47.70323653259895],[-122.25082870054156,47.70323653259895],[-122.25082870054156,47.70593147845131],[-122.25352364639393,47.70593147845131],[-122.25352364639393,47.70862642430367],[-122.25621859224628,47.70862642430367],[-122.25621859224628,47.71132137015603],[-122.261608483951,47.71132137015603],[-122.261608483951,47.71940620771311],[-122.26430342980336,47.71940620771311],[-122.26430342980336,47.72479609941782],[-122.26699837565572,47.72479609941782],[-122.26699837565572,47.735575882827256],[-122.26969332150807,47.735575882827256],[-122.26969332150807,47.74096577453197],[-122.26699837565572,47.74096577453197],[-122.26699837565572,47.74635566623669],[-122.26430342980336,47.74635566623669],[-122.26430342980336,47.74905061208905],[-122.261608483951,47.74905061208905],[-122.261608483951,47.751745557941405],[-122.27238826736044,47.751745557941405]],[[-122.26699837565572,47.71132137015603],[-122.26969332150807,47.71132137015603],[-122.26969332150807,47.70862642430367],[-122.26699837565572,47.70862642430367],[-122.26699837565572,47.71132137015603]]]},"id":"-45368+17718","properties":{"area_sq_km":6.0,"count":103,"label":2,"latitude":47.72260666381683,"longitude":-122.26881447494019,"near_healthy_bed":1,"priority_score":1.0,"priority_tier":"monitor","recommended_action":"no_action","region_id":"puget_sound","region_name":"Puget Sound, WA","state":"WA","status":2,"status_label":"healthy"}},{"type":"Feature","geometry":{"geodesic":false,"type":"Polygon","coordinates":[[[-122.26699837565572,47.57118418583338],[-122.26430342980336,47.57118418583338],[-122.26430342980336,47.57387913168574],[-122.26699837565572,47.57387913168574],[-122.26699837565572,47.57118418583338]]]},"id":"-45369+17652","properties":{"area_sq_km":0.0,"count":1,"label":2,"latitude":47.5725316551597,"longitude":-122.26565090268791,"near_healthy_bed":1,"priority_score":1.0,"priority_tier":"monitor","recommended_action":"no_action","region_id":"puget_sound","region_name":"Puget Sound, WA","state":"WA","status":2,"status_label":"healthy"}},{"type":"Feature","geometry":{"geodesic":false,"type":"Polygon","coordinates":[[[-122.26699837565572,47.64125277799471],[-122.26430342980336,47.64125277799471],[-122.26430342980336,47.64394772384706],[-122.26699837565572,47.64394772384706],[-122.26699837565572,47.64125277799471]]]},"id":"-45369+17678","properties":{"area_sq_km":0.0,"count":1,"label":2,"latitude":47.64260024713326,"longitude":-122.26565090268257,"near_healthy_bed":1,"priority_score":1.0,"priority_tier":"monitor","recommended_action":"no_action","region_id":"puget_sound","region_name":"Puget Sound, WA","state":"WA","status":2,"status_label":"healthy"}},{"type":"Feature","geometry":{"geodesic":false,"type":"Polygon","coordinates":[[[-122.26699837565572,47.654727507256496],[-122.26430342980336,47.654727507256496],[-122.26430342980336,47.65742245310886],[-122.26699837565572,47.65742245310886],[-122.26699837565572,47.654727507256496]]]},"id":"-45369+17683","properties":{"area_sq_km":0.0,"count":1,"label":2,"latitude":47.65607497637703,"longitude":-122.2656509026589,"near_healthy_bed":1,"priority_score":1.0,"priority_tier":"monitor","recommended_action":"no_action","region_id":"puget_sound","region_name":"Puget Sound, WA","state":"WA","status":2,"status_label":"healthy"}},{"type":"Feature","geometry":{"geodesic":false,"type":"Polygon","coordinates":[[[-122.26969332150807,47.654727507256496],[-122.26969332150807,47.65203256140414],[-122.27238826736044,47.65203256140414],[-122.27238826736044,47.64933761555178],[-122.26699837565572,47.64933761555178],[-122.26699837565572,47.654727507256496],[-122.26969332150807,47.654727507256496]]]},"id":"-45370+17682","properties":{"area_sq_km":0.0,"count":3,"label":2,"latitude":47.65158338487814,"longitude":-122.26924419284266,"near_healthy_bed":1,"priority_score":1.0,"priority_tier":"monitor","recommended_action":"no_action","region_id":"puget_sound","region_name":"Puget Sound, WA","state":"WA","status":2,"status_label":"healthy"}},{"type":"Feature","geometry":{"geodesic":false,"type":"Polygon","coordinates":[[[-122.26969332150807,47.70862642430367],[-122.26699837565572,47.70862642430367],[-122.26699837565572,47.71132137015603],[-122.26969332150807,47.71132137015603],[-122.26969332150807,47.70862642430367]]]},"id":"-45370+17703","properties":{"area_sq_km":0.0,"count":1,"label":0,"latitude":47.709973893501235,"longitude":-122.26834584850418,"near_healthy_bed":1,"priority_score":1.0,"priority_tier":"monitor","recommended_action":"urchin_removal_then_replant","region_id":"puget_sound","region_name":"Puget Sound, WA","state":"WA","status":0,"status_label":"barren"}},{"type":"Feature","geometry":{"geodesic":false,"type":"Polygon","coordinates":[[[-122.26969332150807,47.97812100953953],[-122.26699837565572,47.97812100953953],[-122.26699837565572,47.98081595539188],[-122.26969332150807,47.98081595539188],[-122.26969332150807,47.97812100953953]]]},"id":"-45370+17803","properties":{"area_sq_km":0.0,"count":1,"label":0,"latitude":47.97946847863271,"longitude":-122.26834584858605,"near_healthy_bed":1,"priority_score":1.0,"priority_tier":"monitor","recommended_action":"urchin_removal_then_replant","region_id":"puget_sound","region_name":"Puget Sound, WA","state":"WA","status":0,"status_label":"barren"}},{"type":"Feature","geometry":{"geodesic":false,"type":"Polygon","coordinates":[[[-122.27238826736044,47.56848923998103],[-122.26969332150807,47.56848923998103],[-122.26969332150807,47.57118418583338],[-122.27238826736044,47.57118418583338],[-122.27238826736044,47.56848923998103]]]},"id":"-45371+17651","properties":{"area_sq_km":0.0,"count":1,"label":2,"latitude":47.569836709157165,"longitude":-122.27104079443998,"near_healthy_bed":1,"priority_score":1.0,"priority_tier":"monitor","recommended_action":"no_action","region_id":"puget_sound","region_name":"Puget Sound, WA","state":"WA","status":2,"status_label":"healthy"}},{"type":"Feature","geometry":{"geodesic":false,"type":"Polygon","coordinates":[[[-122.27238826736044,47.64125277799471],[-122.27238826736044,47.627778048732914],[-122.26699837565572,47.627778048732914],[-122.26699837565572,47.63047299458527],[-122.26969332150807,47.63047299458527],[-122.26969332150807,47.63316794043763],[-122.26699837565572,47.63316794043763],[-122.26699837565572,47.635862886289985],[-122.26969332150807,47.635862886289985],[-122.26969332150807,47.64125277799471],[-122.27238826736044,47.64125277799471]]]},"id":"-45371+17677","properties":{"area_sq_km":0.0,"count":7,"label":2,"latitude":47.633745174917976,"longitude":-122.27027075426699,"near_healthy_bed":1,"priority_score":1.0,"priority_tier":"monitor","recommended_action":"no_action","region_id":"puget_sound","region_name":"Puget Sound, WA","state":"WA","status":2,"status_label":"healthy"}},{"type":"Feature","geometry":{"geodesic":false,"type":"Polygon","coordinates":[[[-122.2750832132128,47.96734122613009],[-122.26969332150807,47.96734122613009],[-122.26969332150807,47.97003617198245],[-122.2750832132128,47.97003617198245],[-122.2750832132128,47.96734122613009]]]},"id":"-45371+17799","properties":{"area_sq_km":0.0,"count":2,"label":0,"latitude":47.96868871880573,"longitude":-122.2723882673587,"near_healthy_bed":1,"priority_score":1.0,"priority_tier":"monitor","recommended_action":"urchin_removal_then_replant","region_id":"puget_sound","region_name":"Puget Sound, WA","state":"WA","status":0,"status_label":"barren"}},{"type":"Feature","geometry":{"geodesic":false,"type":"Polygon","coordinates":[[[-122.27238826736044,47.97273111783481],[-122.26969332150807,47.97273111783481],[-122.26969332150807,47.975426063687166],[-122.27238826736044,47.975426063687166],[-122.27238826736044,47.97273111783481]]]},"id":"-45371+17801","properties":{"area_sq_km":0.0,"count":1,"label":0,"latitude":47.974078586796935,"longitude":-122.27104079445392,"near_healthy_bed":1,"priority_score":1.0,"priority_tier":"monitor","recommended_action":"urchin_removal_then_replant","region_id":"puget_sound","region_name":"Puget Sound, WA","state":"WA","status":0,"status_label":"barren"}},{"type":"Feature","geometry":{"geodesic":false,"type":"Polygon","coordinates":[[[-122.28586299662223,47.59543869850461],[-122.28586299662223,47.592743752652254],[-122.28316805076987,47.592743752652254],[-122.28316805076987,47.59004880679989],[-122.27777815906515,47.59004880679989],[-122.27777815906515,47.592743752652254],[-122.27238826736044,47.592743752652254],[-122.27238826736044,47.59543869850461],[-122.28586299662223,47.59543869850461]]]},"id":"-45372+17660","properties":{"area_sq_km":0.0,"count":7,"label":2,"latitude":47.5933213353354,"longitude":-122.27951064550224,"near_healthy_bed":1,"priority_score":1.0,"priority_tier":"monitor","recommended_action":"no_action","region_id":"puget_sound","region_name":"Puget Sound, WA","state":"WA","status":2,"status_label":"healthy"}},{"type":"Feature","geometry":{"geodesic":false,"type":"Polygon","coordinates":[[[-122.27777815906515,47.627778048732914],[-122.27777815906515,47.62508310288055],[-122.2804731049175,47.62508310288055],[-122.2804731049175,47.6223881570282],[-122.27777815906515,47.6223881570282],[-122.27777815906515,47.61160837361876],[-122.2750832132128,47.61160837361876],[-122.2750832132128,47.61430331947112],[-122.27238826736044,47.61430331947112],[-122.27238826736044,47.627778048732914],[-122.27777815906515,47.627778048732914]]]},"id":"-45372+17672","properties":{"area_sq_km":1.0,"count":12,"label":2,"latitude":47.62059119862913,"longitude":-122.27553236262004,"near_healthy_bed":1,"priority_score":1.0,"priority_tier":"monitor","recommended_action":"no_action","region_id":"puget_sound","region_name":"Puget Sound, WA","state":"WA","status":2,"status_label":"healthy"}},{"type":"Feature","geometry":{"geodesic":false,"type":"Polygon","coordinates":[[[-122.2750832132128,47.64933761555178],[-122.2750832132128,47.646642669699425],[-122.2804731049175,47.646642669699425],[-122.2804731049175,47.64394772384706],[-122.26969332150807,47.64394772384706],[-122.26969332150807,47.646642669699425],[-122.27238826736044,47.646642669699425],[-122.27238826736044,47.64933761555178],[-122.2750832132128,47.64933761555178]]]},"id":"-45372+17680","properties":{"area_sq_km":0.0,"count":5,"label":2,"latitude":47.64583423891081,"longitude":-122.27481374152144,"near_healthy_bed":1,"priority_score":1.0,"priority_tier":"monitor","recommended_action":"no_action","region_id":"puget_sound","region_name":"Puget Sound, WA","state":"WA","status":2,"status_label":"healthy"}},{"type":"Feature","geometry":{"geodesic":false,"type":"Polygon","coordinates":[[[-122.2750832132128,47.95925638857302],[-122.27238826736044,47.95925638857302],[-122.27238826736044,47.96195133442537],[-122.2750832132128,47.96195133442537],[-122.2750832132128,47.95925638857302]]]},"id":"-45372+17796","properties":{"area_sq_km":0.0,"count":1,"label":0,"latitude":47.960603857614885,"longitude":-122.2737357403075,"near_healthy_bed":1,"priority_score":1.0,"priority_tier":"monitor","recommended_action":"urchin_removal_then_replant","region_id":"puget_sound","region_name":"Puget Sound, WA","state":"WA","status":0,"status_label":"barren"}},{"type":"Feature","geometry":{"geodesic":false,"type":"Polygon","coordinates":[[[-122.27777815906515,47.97812100953953],[-122.27238826736044,47.97812100953953],[-122.27238826736044,47.98081595539188],[-122.27777815906515,47.98081595539188],[-122.27777815906515,47.97812100953953]]]},"id":"-45372+17803","properties":{"area_sq_km":0.0,"count":2,"label":0,"latitude":47.97946850243534,"longitude":-122.27508321317212,"near_healthy_bed":1,"priority_score":1.0,"priority_tier":"monitor","recommended_action":"urchin_removal_then_replant","region_id":"puget_sound","region_name":"Puget Sound, WA","state":"WA","status":0,"status_label":"barren"}},{"type":"Feature","geometry":{"geodesic":false,"type":"Polygon","coordinates":[[[-122.27777815906515,47.99429068465368],[-122.27777815906515,47.991595738801315],[-122.2750832132128,47.991595738801315],[-122.2750832132128,47.98890079294896],[-122.26969332150807,47.98890079294896],[-122.26969332150807,47.991595738801315],[-122.27238826736044,47.991595738801315],[-122.27238826736044,47.99429068465368],[-122.27777815906515,47.99429068465368]]]},"id":"-45372+17808","properties":{"area_sq_km":0.0,"count":4,"label":0,"latitude":47.99159573127413,"longitude":-122.27373567780212,"near_healthy_bed":1,"priority_score":1.0,"priority_tier":"monitor","recommended_action":"urchin_removal_then_replant","region_id":"puget_sound","region_name":"Puget Sound, WA","state":"WA","status":0,"status_label":"barren"}},{"type":"Feature","geometry":{"geodesic":false,"type":"Polygon","coordinates":[[[-122.2804731049175,47.57387913168574],[-122.2750832132128,47.57387913168574],[-122.2750832132128,47.5765740775381],[-122.2804731049175,47.5765740775381],[-122.2804731049175,47.57387913168574]]]},"id":"-45373+17653","properties":{"area_sq_km":0.0,"count":2,"label":2,"latitude":47.575226624599594,"longitude":-122.27777815902304,"near_healthy_bed":1,"priority_score":1.0,"priority_tier":"monitor","recommended_action":"no_action","region_id":"puget_sound","region_name":"Puget Sound, WA","state":"WA","status":2,"status_label":"healthy"}},{"type":"Feature","geometry":{"geodesic":false,"type":"Polygon","coordinates":[[[-122.2804731049175,47.57926902339046],[-122.2750832132128,47.57926902339046],[-122.2750832132128,47.581963969242814],[-122.2804731049175,47.581963969242814],[-122.2804731049175,47.57926902339046]]]},"id":"-45373+17655","properties":{"area_sq_km":0.0,"count":2,"label":2,"latitude":47.58061651633099,"longitude":-122.27777815911654,"near_healthy_bed":1,"priority_score":1.0,"priority_tier":"monitor","recommended_action":"no_action","region_id":"puget_sound","region_name":"Puget Sound, WA","state":"WA","status":2,"status_label":"healthy"}},{"type":"Feature","geometry":{"geodesic":false,"type":"Polygon","coordinates":[[[-122.27777815906515,47.9862058470966],[-122.2750832132128,47.9862058470966],[-122.2750832132128,47.98890079294896],[-122.27777815906515,47.98890079294896],[-122.27777815906515,47.9862058470966]]]},"id":"-45373+17806","properties":{"area_sq_km":0.0,"count":1,"label":0,"latitude":47.98755331608997,"longitude":-122.27643068611927,"near_healthy_bed":1,"priority_score":1.0,"priority_tier":"monitor","recommended_action":"urchin_removal_then_replant","region_id":"puget_sound","region_name":"Puget Sound, WA","state":"WA","status":0,"status_label":"barren"}},{"type":"Feature","geometry":{"geodesic":false,"type":"Polygon","coordinates":[[[-122.28316805076987,47.584658915095176],[-122.27777815906515,47.584658915095176],[-122.27777815906515,47.58735386094753],[-122.28316805076987,47.58735386094753],[-122.28316805076987,47.584658915095176]]]},"id":"-45374+17657","properties":{"area_sq_km":0.0,"count":2,"label":2,"latitude":47.586006408021134,"longitude":-122.28047310492002,"near_healthy_bed":1,"priority_score":1.0,"priority_tier":"monitor","recommended_action":"no_action","region_id":"puget_sound","region_name":"Puget Sound, WA","state":"WA","status":2,"status_label":"healthy"}},{"type":"Feature","geometry":{"geodesic":false,"type":"Polygon","coordinates":[[[-122.28316805076987,47.59813364435697],[-122.27777815906515,47.59813364435697],[-122.27777815906515,47.600828590209325],[-122.28316805076987,47.600828590209325],[-122.28316805076987,47.59813364435697]]]},"id":"-45374+17662","properties":{"area_sq_km":0.0,"count":2,"label":2,"latitude":47.599481137245505,"longitude":-122.28047310487514,"near_healthy_bed":1,"priority_score":1.0,"priority_tier":"monitor","recommended_action":"no_action","region_id":"puget_sound","region_name":"Puget Sound, WA","state":"WA","status":2,"status_label":"healthy"}},{"type":"Feature","geometry":{"geodesic":false,"type":"Polygon","coordinates":[[[-122.2804731049175,47.60352353606169],[-122.27777815906515,47.60352353606169],[-122.27777815906515,47.6089134277664],[-122.2804731049175,47.6089134277664],[-122.2804731049175,47.60352353606169]]]},"id":"-45374+17665","properties":{"area_sq_km":0.0,"count":2,"label":2,"latitude":47.60621844352413,"longitude":-122.27912563211291,"near_healthy_bed":1,"priority_score":1.0,"priority_tier":"monitor","recommended_action":"no_action","region_id":"puget_sound","region_name":"Puget Sound, WA","state":"WA","status":2,"status_label":"healthy"}},{"type":"Feature","geometry":{"geodesic":false,"type":"Polygon","coordinates":[[[-122.2804731049175,47.97273111783481],[-122.27777815906515,47.97273111783481],[-122.27777815906515,47.97812100953953],[-122.2804731049175,47.97812100953953],[-122.2804731049175,47.97273111783481]]]},"id":"-45374+17802","properties":{"area_sq_km":0.0,"count":2,"label":0,"latitude":47.97542602469764,"longitude":-122.27912563202781,"near_healthy_bed":1,"priority_score":1.0,"priority_tier":"monitor","recommended_action":"urchin_removal_then_replant","region_id":"puget_sound","region_name":"Puget Sound, WA","state":"WA","status":0,"status_label":"barren"}},{"type":"Feature","geometry":{"geodesic":false,"type":"Polygon","coordinates":[[[-122.2939478341793,47.65203256140414],[-122.2939478341793,47.64933761555178],[-122.28855794247458,47.64933761555178],[-122.28855794247458,47.646642669699425],[-122.2804731049175,47.646642669699425],[-122.2804731049175,47.65203256140414],[-122.2939478341793,47.65203256140414]]]},"id":"-45375+17681","properties":{"area_sq_km":0.0,"count":8,"label":2,"latitude":47.64967458945586,"longitude":-122.28619983167351,"near_healthy_bed":1,"priority_score":1.0,"priority_tier":"monitor","recommended_action":"no_action","region_id":"puget_sound","region_name":"Puget Sound, WA","state":"WA","status":2,"status_label":"healthy"}},{"type":"Feature","geometry":{"geodesic":false,"type":"Polygon","coordinates":[[[-122.28586299662223,47.96734122613009],[-122.28586299662223,47.96195133442537],[-122.28316805076987,47.96195133442537],[-122.28316805076987,47.95925638857302],[-122.2804731049175,47.95925638857302],[-122.2804731049175,47.96734122613009],[-122.28586299662223,47.96734122613009]]]},"id":"-45375+17798","properties":{"area_sq_km":0.0,"count":5,"label":0,"latitude":47.96383772965041,"longitude":-122.28289852306882,"near_healthy_bed":1,"priority_score":1.0,"priority_tier":"monitor","recommended_action":"urchin_removal_then_replant","region_id":"puget_sound","region_name":"Puget Sound, WA","state":"WA","status":0,"status_label":"barren"}},{"type":"Feature","geometry":{"geodesic":false,"type":"Polygon","coordinates":[[[-122.28855794247458,47.99698563050604],[-122.2804731049175,47.99698563050604],[-122.2804731049175,47.999680576358394],[-122.28855794247458,47.999680576358394],[-122.28855794247458,47.99698563050604]]]},"id":"-45375+17810","properties":{"area_sq_km":0.0,"count":3,"label":0,"latitude":47.99833316256696,"longitude":-122.28451552368705,"near_healthy_bed":1,"priority_score":1.0,"priority_tier":"monitor","recommended_action":"urchin_removal_then_replant","region_id":"puget_sound","region_name":"Puget Sound, WA","state":"WA","status":0,"status_label":"barren"}},{"type":"Feature","geometry":{"geodesic":false,"type":"Polygon","coordinates":[[[-122.28586299662223,47.59004880679989],[-122.28316805076987,47.59004880679989],[-122.28316805076987,47.592743752652254],[-122.28586299662223,47.592743752652254],[-122.28586299662223,47.59004880679989]]]},"id":"-45376+17659","properties":{"area_sq_km":0.0,"count":1,"label":1,"latitude":47.591396275964556,"longitude":-122.28451552376549,"near_healthy_bed":1,"priority_score":1.0,"priority_tier":"monitor","recommended_action":"monitor_and_replant","region_id":"puget_sound","region_name":"Puget Sound, WA","state":"WA","status":1,"status_label":"recovering"}},{"type":"Feature","geometry":{"geodesic":false,"type":"Polygon","coordinates":[[[-122.29664278003166,47.646642669699425],[-122.2939478341793,47.646642669699425],[-122.2939478341793,47.64933761555178],[-122.29664278003166,47.64933761555178],[-122.29664278003166,47.646642669699425]]]},"id":"-45380+17680","properties":{"area_sq_km":0.0,"count":1,"label":2,"latitude":47.64799013881435,"longitude":-122.29529530708346,"near_healthy_bed":1,"priority_score":1.0,"priority_tier":"monitor","recommended_action":"no_action","region_id":"puget_sound","region_name":"Puget Sound, WA","state":"WA","status":2,"status_label":"healthy"}},{"type":"Feature","geometry":{"geodesic":false,"type":"Polygon","coordinates":[[[-122.30203267173638,47.97812100953953],[-122.29933772588402,47.97812100953953],[-122.29933772588402,47.98081595539188],[-122.30203267173638,47.98081595539188],[-122.30203267173638,47.97812100953953]]]},"id":"-45382+17803","properties":{"area_sq_km":0.0,"count":1,"label":2,"latitude":47.97946847868058,"longitude":-122.30068519884931,"near_healthy_bed":1,"priority_score":1.0,"priority_tier":"monitor","recommended_action":"no_action","region_id":"puget_sound","region_name":"Puget Sound, WA","state":"WA","status":2,"status_label":"healthy"}},{"type":"Feature","geometry":{"geodesic":false,"type":"Polygon","coordinates":[[[-122.30472761758874,47.98081595539188],[-122.30203267173638,47.98081595539188],[-122.30203267173638,47.9862058470966],[-122.30472761758874,47.9862058470966],[-122.30472761758874,47.98081595539188]]]},"id":"-45383+17805","properties":{"area_sq_km":0.0,"count":2,"label":2,"latitude":47.98351086219363,"longitude":-122.3033801446072,"near_healthy_bed":1,"priority_score":1.0,"priority_tier":"monitor","recommended_action":"no_action","region_id":"puget_sound","region_name":"Puget Sound, WA","state":"WA","status":2,"status_label":"healthy"}},{"type":"Feature","geometry":{"geodesic":false,"type":"Polygon","coordinates":[[[-122.31820234685053,47.92422209249236],[-122.31550740099817,47.92422209249236],[-122.31550740099817,47.92691703834471],[-122.31820234685053,47.92691703834471],[-122.31820234685053,47.92422209249236]]]},"id":"-45388+17783","properties":{"area_sq_km":0.0,"count":1,"label":2,"latitude":47.92556956152054,"longitude":-122.31685487387303,"near_healthy_bed":1,"priority_score":1.0,"priority_tier":"monitor","recommended_action":"no_action","region_id":"puget_sound","region_name":"Puget Sound, WA","state":"WA","status":2,"status_label":"healthy"}},{"type":"Feature","geometry":{"geodesic":false,"type":"Polygon","coordinates":[[[-122.32359223855525,47.92422209249236],[-122.32359223855525,47.921527146639995],[-122.3262871844076,47.921527146639995],[-122.3262871844076,47.91883220078764],[-122.3208972927029,47.91883220078764],[-122.3208972927029,47.921527146639995],[-122.31820234685053,47.921527146639995],[-122.31820234685053,47.92422209249236],[-122.32359223855525,47.92422209249236]]]},"id":"-45389+17782","properties":{"area_sq_km":0.0,"count":4,"label":2,"latitude":47.921527139204514,"longitude":-122.32224482793178,"near_healthy_bed":1,"priority_score":1.0,"priority_tier":"monitor","recommended_action":"no_action","region_id":"puget_sound","region_name":"Puget Sound, WA","state":"WA","status":2,"status_label":"healthy"}},{"type":"Feature","geometry":{"geodesic":false,"type":"Polygon","coordinates":[[[-122.32359223855525,47.93230693004943],[-122.31820234685053,47.93230693004943],[-122.31820234685053,47.93500187590179],[-122.32359223855525,47.93500187590179],[-122.32359223855525,47.93230693004943]]]},"id":"-45389+17786","properties":{"area_sq_km":0.0,"count":2,"label":2,"latitude":47.9336544227276,"longitude":-122.32089729264435,"near_healthy_bed":1,"priority_score":1.0,"priority_tier":"monitor","recommended_action":"no_action","region_id":"puget_sound","region_name":"Puget Sound, WA","state":"WA","status":2,"status_label":"healthy"}},{"type":"Feature","geometry":{"geodesic":false,"type":"Polygon","coordinates":[[[-122.32898213025996,47.94578165931122],[-122.32359223855525,47.94578165931122],[-122.32359223855525,47.948476605163584],[-122.32898213025996,47.948476605163584],[-122.32898213025996,47.94578165931122]]]},"id":"-45391+17791","properties":{"area_sq_km":0.0,"count":2,"label":0,"latitude":47.94712915222659,"longitude":-122.32628718441528,"near_healthy_bed":1,"priority_score":1.0,"priority_tier":"monitor","recommended_action":"urchin_removal_then_replant","region_id":"puget_sound","region_name":"Puget Sound, WA","state":"WA","status":0,"status_label":"barren"}},{"type":"Feature","geometry":{"geodesic":false,"type":"Polygon","coordinates":[[[-122.33167707611233,47.91613725493528],[-122.3262871844076,47.91613725493528],[-122.3262871844076,47.91883220078764],[-122.33167707611233,47.91883220078764],[-122.33167707611233,47.91613725493528]]]},"id":"-45392+17780","properties":{"area_sq_km":0.0,"count":2,"label":2,"latitude":47.91748474774025,"longitude":-122.3289821303105,"near_healthy_bed":1,"priority_score":1.0,"priority_tier":"monitor","recommended_action":"no_action","region_id":"puget_sound","region_name":"Puget Sound, WA","state":"WA","status":2,"status_label":"healthy"}},{"type":"Feature","geometry":{"geodesic":false,"type":"Polygon","coordinates":[[[-122.33167707611233,47.894577688116414],[-122.32898213025996,47.894577688116414],[-122.32898213025996,47.89727263396877],[-122.33167707611233,47.89727263396877],[-122.33167707611233,47.894577688116414]]]},"id":"-45393+17772","properties":{"area_sq_km":0.0,"count":1,"label":2,"latitude":47.895925157159844,"longitude":-122.3303296032168,"near_healthy_bed":1,"priority_score":1.0,"priority_tier":"monitor","recommended_action":"no_action","region_id":"puget_sound","region_name":"Puget Sound, WA","state":"WA","status":2,"status_label":"healthy"}},{"type":"Feature","geometry":{"geodesic":false,"type":"Polygon","coordinates":[[[-122.33437202196468,47.91074736323056],[-122.32898213025996,47.91074736323056],[-122.32898213025996,47.91344230908292],[-122.33437202196468,47.91344230908292],[-122.33437202196468,47.91074736323056]]]},"id":"-45393+17778","properties":{"area_sq_km":0.0,"count":2,"label":2,"latitude":47.912094856099536,"longitude":-122.33167707616545,"near_healthy_bed":1,"priority_score":1.0,"priority_tier":"monitor","recommended_action":"no_action","region_id":"puget_sound","region_name":"Puget Sound, WA","state":"WA","status":2,"status_label":"healthy"}},{"type":"Feature","geometry":{"geodesic":false,"type":"Polygon","coordinates":[[[-122.33437202196468,47.396012705430074],[-122.33167707611233,47.396012705430074],[-122.33167707611233,47.398707651282436],[-122.33437202196468,47.398707651282436],[-122.33437202196468,47.396012705430074]]]},"id":"-45394+17587","properties":{"area_sq_km":0.0,"count":1,"label":2,"latitude":47.39736017461353,"longitude":-122.33302454909983,"near_healthy_bed":1,"priority_score":1.0,"priority_tier":"monitor","recommended_action":"no_action","region_id":"puget_sound","region_name":"Puget Sound, WA","state":"WA","status":2,"status_label":"healthy"}},{"type":"Feature","geometry":{"geodesic":false,"type":"Polygon","coordinates":[[[-122.33437202196468,47.64394772384706],[-122.33437202196468,47.64125277799471],[-122.33706696781704,47.64125277799471],[-122.33706696781704,47.635862886289985],[-122.33167707611233,47.635862886289985],[-122.33167707611233,47.64394772384706],[-122.33437202196468,47.64394772384706]]]},"id":"-45394+17678","properties":{"area_sq_km":0.0,"count":5,"label":2,"latitude":47.639366250093765,"longitude":-122.33410256012154,"near_healthy_bed":1,"priority_score":1.0,"priority_tier":"monitor","recommended_action":"no_action","region_id":"puget_sound","region_name":"Puget Sound, WA","state":"WA","status":2,"status_label":"healthy"}},{"type":"Feature","geometry":{"geodesic":false,"type":"Polygon","coordinates":[[[-122.33706696781704,47.681676965780085],[-122.33706696781704,47.67628707407537],[-122.33437202196468,47.67628707407537],[-122.33437202196468,47.67898201992772],[-122.33167707611233,47.67898201992772],[-122.33167707611233,47.681676965780085],[-122.33706696781704,47.681676965780085]]]},"id":"-45394+17692","properties":{"area_sq_km":0.0,"count":3,"label":2,"latitude":47.67943115858095,"longitude":-122.3348212088353,"near_healthy_bed":1,"priority_score":1.0,"priority_tier":"monitor","recommended_action":"no_action","region_id":"puget_sound","region_name":"Puget Sound, WA","state":"WA","status":2,"status_label":"healthy"}},{"type":"Feature","geometry":{"geodesic":false,"type":"Polygon","coordinates":[[[-122.33437202196468,47.8757130671499],[-122.33437202196468,47.87301812129754],[-122.33706696781704,47.87301812129754],[-122.33706696781704,47.870323175445186],[-122.33167707611233,47.870323175445186],[-122.33167707611233,47.8757130671499],[-122.33437202196468,47.8757130671499]]]},"id":"-45394+17764","properties":{"area_sq_km":0.0,"count":3,"label":2,"latitude":47.87256894450966,"longitude":-122.3339228935731,"near_healthy_bed":1,"priority_score":1.0,"priority_tier":"monitor","recommended_action":"no_action","region_id":"puget_sound","region_name":"Puget Sound, WA","state":"WA","status":2,"status_label":"healthy"}},{"type":"Feature","geometry":{"geodesic":false,"type":"Polygon","coordinates":[[[-122.33437202196468,47.886492850559335],[-122.33167707611233,47.886492850559335],[-122.33167707611233,47.89188274226405],[-122.33437202196468,47.89188274226405],[-122.33437202196468,47.886492850559335]]]},"id":"-45394+17770","properties":{"area_sq_km":0.0,"count":2,"label":2,"latitude":47.88918775745135,"longitude":-122.33302454902889,"near_healthy_bed":1,"priority_score":1.0,"priority_tier":"monitor","recommended_action":"no_action","region_id":"puget_sound","region_name":"Puget Sound, WA","state":"WA","status":2,"status_label":"healthy"}},{"type":"Feature","geometry":{"geodesic":false,"type":"Polygon","coordinates":[[[-122.33706696781704,47.902662525673485],[-122.33706696781704,47.89727263396877],[-122.33437202196468,47.89727263396877],[-122.33437202196468,47.89996757982113],[-122.33167707611233,47.89996757982113],[-122.33167707611233,47.902662525673485],[-122.33706696781704,47.902662525673485]]]},"id":"-45394+17774","properties":{"area_sq_km":0.0,"count":3,"label":2,"latitude":47.90041671825222,"longitude":-122.33482120913354,"near_healthy_bed":1,"priority_score":1.0,"priority_tier":"monitor","recommended_action":"no_action","region_id":"puget_sound","region_name":"Puget Sound, WA","state":"WA","status":2,"status_label":"healthy"}},{"type":"Feature","geometry":{"geodesic":false,"type":"Polygon","coordinates":[[[-122.33706696781704,47.91883220078764],[-122.33437202196468,47.91883220078764],[-122.33437202196468,47.921527146639995],[-122.33706696781704,47.921527146639995],[-122.33706696781704,47.91883220078764]]]},"id":"-45395+17781","properties":{"area_sq_km":0.0,"count":1,"label":2,"latitude":47.92017966982116,"longitude":-122.33571949489148,"near_healthy_bed":1,"priority_score":1.0,"priority_tier":"monitor","recommended_action":"no_action","region_id":"puget_sound","region_name":"Puget Sound, WA","state":"WA","status":2,"status_label":"healthy"}},{"type":"Feature","geometry":{"geodesic":false,"type":"Polygon","coordinates":[[[-122.33706696781704,47.921527146639995],[-122.33437202196468,47.921527146639995],[-122.33437202196468,47.92422209249236],[-122.33706696781704,47.92422209249236],[-122.33706696781704,47.921527146639995]]]},"id":"-45395+17782","properties":{"area_sq_km":0.0,"count":1,"label":0,"latitude":47.9228746158627,"longitude":-122.33571949495068,"near_healthy_bed":1,"priority_score":1.0,"priority_tier":"monitor","recommended_action":"urchin_removal_then_replant","region_id":"puget_sound","region_name":"Puget Sound, WA","state":"WA","status":0,"status_label":"barren"}},{"type":"Feature","geometry":{"geodesic":false,"type":"Polygon","coordinates":[[[-122.34245685952176,47.929611984197074],[-122.34245685952176,47.92691703834471],[-122.3397619136694,47.92691703834471],[-122.3397619136694,47.92422209249236],[-122.33706696781704,47.92422209249236],[-122.33706696781704,47.92691703834471],[-122.33437202196468,47.92691703834471],[-122.33437202196468,47.929611984197074],[-122.34245685952176,47.929611984197074]]]},"id":"-45395+17784","properties":{"area_sq_km":0.0,"count":4,"label":0,"latitude":47.927590784095734,"longitude":-122.33841444078273,"near_healthy_bed":1,"priority_score":1.0,"priority_tier":"monitor","recommended_action":"urchin_removal_then_replant","region_id":"puget_sound","region_name":"Puget Sound, WA","state":"WA","status":0,"status_label":"barren"}},{"type":"Feature","geometry":{"geodesic":false,"type":"Polygon","coordinates":[[[-122.3397619136694,47.64125277799471],[-122.33706696781704,47.64125277799471],[-122.33706696781704,47.64394772384706],[-122.3397619136694,47.64394772384706],[-122.3397619136694,47.64125277799471]]]},"id":"-45396+17678","properties":{"area_sq_km":0.0,"count":1,"label":2,"latitude":47.64260024715075,"longitude":-122.33841444086748,"near_healthy_bed":1,"priority_score":1.0,"priority_tier":"monitor","recommended_action":"no_action","region_id":"puget_sound","region_name":"Puget Sound, WA","state":"WA","status":2,"status_label":"healthy"}},{"type":"Feature","geometry":{"geodesic":false,"type":"Polygon","coordinates":[[[-122.3397619136694,47.67359212822301],[-122.33706696781704,47.67359212822301],[-122.33706696781704,47.67628707407537],[-122.3397619136694,47.67628707407537],[-122.3397619136694,47.67359212822301]]]},"id":"-45396+17690","properties":{"area_sq_km":0.0,"count":1,"label":2,"latitude":47.67493959746456,"longitude":-122.33841444075485,"near_healthy_bed":1,"priority_score":1.0,"priority_tier":"monitor","recommended_action":"no_action","region_id":"puget_sound","region_name":"Puget Sound, WA","state":"WA","status":2,"status_label":"healthy"}},{"type":"Feature","geometry":{"geodesic":false,"type":"Polygon","coordinates":[[[-122.3397619136694,47.91344230908292],[-122.33706696781704,47.91344230908292],[-122.33706696781704,47.91613725493528],[-122.3397619136694,47.91613725493528],[-122.3397619136694,47.91344230908292]]]},"id":"-45396+17779","properties":{"area_sq_km":0.0,"count":1,"label":2,"latitude":47.91478977808501,"longitude":-122.33841444068388,"near_healthy_bed":1,"priority_score":1.0,"priority_tier":"monitor","recommended_action":"no_action","region_id":"puget_sound","region_name":"Puget Sound, WA","state":"WA","status":2,"status_label":"healthy"}},{"type":"Feature","geometry":{"geodesic":false,"type":"Polygon","coordinates":[[[-122.3397619136694,47.95117155101594],[-122.33706696781704,47.95117155101594],[-122.33706696781704,47.9538664968683],[-122.3397619136694,47.9538664968683],[-122.3397619136694,47.95117155101594]]]},"id":"-45396+17793","properties":{"area_sq_km":0.0,"count":1,"label":2,"latitude":47.95251902020206,"longitude":-122.33841444079334,"near_healthy_bed":1,"priority_score":1.0,"priority_tier":"monitor","recommended_action":"no_action","region_id":"puget_sound","region_name":"Puget Sound, WA","state":"WA","status":2,"status_label":"healthy"}},{"type":"Feature","geometry":{"geodesic":false,"type":"Polygon","coordinates":[[[-122.34515180537412,47.88110295885462],[-122.3397619136694,47.88110295885462],[-122.3397619136694,47.883797904706974],[-122.34515180537412,47.883797904706974],[-122.34515180537412,47.88110295885462]]]},"id":"-45397+17767","properties":{"area_sq_km":0.0,"count":2,"label":2,"latitude":47.88245045168539,"longitude":-122.34245685954954,"near_healthy_bed":1,"priority_score":1.0,"priority_tier":"monitor","recommended_action":"no_action","region_id":"puget_sound","region_name":"Puget Sound, WA","state":"WA","status":2,"status_label":"healthy"}},{"type":"Feature","geometry":{"geodesic":false,"type":"Polygon","coordinates":[[[-122.34245685952176,47.88918779641169],[-122.3397619136694,47.88918779641169],[-122.3397619136694,47.89188274226405],[-122.34245685952176,47.89188274226405],[-122.34245685952176,47.88918779641169]]]},"id":"-45397+17770","properties":{"area_sq_km":0.0,"count":1,"label":2,"latitude":47.890535265501896,"longitude":-122.34110938659099,"near_healthy_bed":1,"priority_score":1.0,"priority_tier":"monitor","recommended_action":"no_action","region_id":"puget_sound","region_name":"Puget Sound, WA","state":"WA","status":2,"status_label":"healthy"}},{"type":"Feature","geometry":{"geodesic":false,"type":"Polygon","coordinates":[[[-122.34245685952176,47.92691703834471],[-122.34245685952176,47.921527146639995],[-122.33706696781704,47.921527146639995],[-122.33706696781704,47.92422209249236],[-122.3397619136694,47.92422209249236],[-122.3397619136694,47.92691703834471],[-122.34245685952176,47.92691703834471]]]},"id":"-45397+17783","properties":{"area_sq_km":0.0,"count":3,"label":2,"latitude":47.92377291555099,"longitude":-122.3402110420525,"near_healthy_bed":1,"priority_score":1.0,"priority_tier":"monitor","recommended_action":"no_action","region_id":"puget_sound","region_name":"Puget Sound, WA","state":"WA","status":2,"status_label":"healthy"}},{"type":"Feature","geometry":{"geodesic":false,"type":"Polygon","coordinates":[[[-122.34784675122647,47.41218238054423],[-122.34784675122647,47.40679248883951],[-122.34245685952176,47.40679248883951],[-122.34245685952176,47.40140259713479],[-122.3397619136694,47.40140259713479],[-122.3397619136694,47.398707651282436],[-122.33706696781704,47.398707651282436],[-122.33706696781704,47.40140259713479],[-122.33437202196468,47.40140259713479],[-122.33437202196468,47.40679248883951],[-122.3397619136694,47.40679248883951],[-122.3397619136694,47.40948743469187],[-122.34245685952176,47.40948743469187],[-122.34245685952176,47.41218238054423],[-122.34784675122647,47.41218238054423]]]},"id":"-45398+17592","properties":{"area_sq_km":1.0,"count":12,"label":2,"latitude":47.40589402815987,"longitude":-122.34088447858221,"near_healthy_bed":1,"priority_score":1.0,"priority_tier":"monitor","recommended_action":"no_action","region_id":"puget_sound","region_name":"Puget Sound, WA","state":"WA","status":2,"status_label":"healthy"}},{"type":"Feature","geometry":{"geodesic":false,"type":"Polygon","coordinates":[[[-122.34515180537412,47.67359212822301],[-122.34245685952176,47.67359212822301],[-122.34245685952176,47.67628707407537],[-122.34515180537412,47.67628707407537],[-122.34515180537412,47.67359212822301]]]},"id":"-45398+17690","properties":{"area_sq_km":0.0,"count":1,"label":1,"latitude":47.67493959749925,"longitude":-122.34380433231982,"near_healthy_bed":1,"priority_score":1.0,"priority_tier":"monitor","recommended_action":"monitor_and_replant","region_id":"puget_sound","region_name":"Puget Sound, WA","state":"WA","status":1,"status_label":"recovering"}},{"type":"Feature","geometry":{"geodesic":false,"type":"Polygon","coordinates":[[[-122.34515180537412,47.8433737169216],[-122.34245685952176,47.8433737169216],[-122.34245685952176,47.84606866277396],[-122.34515180537412,47.84606866277396],[-122.34515180537412,47.8433737169216]]]},"id":"-45398+17753","properties":{"area_sq_km":0.0,"count":1,"label":1,"latitude":47.844721186137356,"longitude":-122.34380433237824,"near_healthy_bed":1,"priority_score":1.0,"priority_tier":"monitor","recommended_action":"monitor_and_replant","region_id":"puget_sound","region_name":"Puget Sound, WA","state":"WA","status":1,"status_label":"recovering"}},{"type":"Feature","geometry":{"geodesic":false,"type":"Polygon","coordinates":[[[-122.34515180537412,47.84606866277396],[-122.34245685952176,47.84606866277396],[-122.34245685952176,47.851458554478675],[-122.34515180537412,47.851458554478675],[-122.34515180537412,47.84606866277396]]]},"id":"-45398+17755","properties":{"area_sq_km":0.0,"count":2,"label":2,"latitude":47.8487635697742,"longitude":-122.34380433237588,"near_healthy_bed":1,"priority_score":1.0,"priority_tier":"monitor","recommended_action":"no_action","region_id":"puget_sound","region_name":"Puget Sound, WA","state":"WA","status":2,"status_label":"healthy"}},{"type":"Feature","geometry":{"geodesic":false,"type":"Polygon","coordinates":[[[-122.34515180537412,47.85415350033103],[-122.34245685952176,47.85415350033103],[-122.34245685952176,47.85684844618339],[-122.34515180537412,47.85684844618339],[-122.34515180537412,47.85415350033103]]]},"id":"-45398+17757","properties":{"area_sq_km":0.0,"count":1,"label":2,"latitude":47.85550096953999,"longitude":-122.34380433231605,"near_healthy_bed":1,"priority_score":1.0,"priority_tier":"monitor","recommended_action":"no_action","region_id":"puget_sound","region_name":"Puget Sound, WA","state":"WA","status":2,"status_label":"healthy"}},{"type":"Feature","geometry":{"geodesic":false,"type":"Polygon","coordinates":[[[-122.34784675122647,47.40140259713479],[-122.34515180537412,47.40140259713479],[-122.34515180537412,47.40409754298715],[-122.34784675122647,47.40409754298715],[-122.34784675122647,47.40140259713479]]]},"id":"-45399+17589","properties":{"area_sq_km":0.0,"count":1,"label":2,"latitude":47.402750066456875,"longitude":-122.34649927844175,"near_healthy_bed":1,"priority_score":1.0,"priority_tier":"monitor","recommended_action":"no_action","region_id":"puget_sound","region_name":"Puget Sound, WA","state":"WA","status":2,"status_label":"healthy"}},{"type":"Feature","geometry":{"geodesic":false,"type":"Polygon","coordinates":[[[-122.34784675122647,47.59543869850461],[-122.34515180537412,47.59543869850461],[-122.34515180537412,47.59813364435697],[-122.34784675122647,47.59813364435697],[-122.34784675122647,47.59543869850461]]]},"id":"-45399+17661","properties":{"area_sq_km":0.0,"count":1,"label":2,"latitude":47.596786167626185,"longitude":-122.34649927836377,"near_healthy_bed":1,"priority_score":1.0,"priority_tier":"monitor","recommended_action":"no_action","region_id":"puget_sound","region_name":"Puget Sound, WA","state":"WA","status":2,"status_label":"healthy"}},{"type":"Feature","geometry":{"geodesic":false,"type":"Polygon","coordinates":[[[-122.34784675122647,47.85954339203575],[-122.34515180537412,47.85954339203575],[-122.34515180537412,47.86223833788811],[-122.34784675122647,47.86223833788811],[-122.34784675122647,47.85954339203575]]]},"id":"-45399+17759","properties":{"area_sq_km":0.0,"count":1,"label":2,"latitude":47.860890861269034,"longitude":-122.34649927846435,"near_healthy_bed":1,"priority_score":1.0,"priority_tier":"monitor","recommended_action":"no_action","region_id":"puget_sound","region_name":"Puget Sound, WA","state":"WA","status":2,"status_label":"healthy"}},{"type":"Feature","geometry":{"geodesic":false,"type":"Polygon","coordinates":[[[-122.35054169707884,47.88110295885462],[-122.35054169707884,47.8757130671499],[-122.3532366429312,47.8757130671499],[-122.3532366429312,47.87301812129754],[-122.35054169707884,47.87301812129754],[-122.35054169707884,47.870323175445186],[-122.3586265346359,47.870323175445186],[-122.3586265346359,47.8757130671499],[-122.36132148048827,47.8757130671499],[-122.36132148048827,47.87301812129754],[-122.36671137219298,47.87301812129754],[-122.36671137219298,47.870323175445186],[-122.36132148048827,47.870323175445186],[-122.36132148048827,47.867628229592825],[-122.36401642634063,47.867628229592825],[-122.36401642634063,47.86493328374046],[-122.35593158878355,47.86493328374046],[-122.35593158878355,47.867628229592825],[-122.35054169707884,47.867628229592825],[-122.35054169707884,47.86493328374046],[-122.34784675122647,47.86493328374046],[-122.34784675122647,47.870323175445186],[-122.34515180537412,47.870323175445186],[-122.34515180537412,47.8757130671499],[-122.34784675122647,47.8757130671499],[-122.34784675122647,47.87840801300226],[-122.34515180537412,47.87840801300226],[-122.34515180537412,47.88110295885462],[-122.35054169707884,47.88110295885462]]]},"id":"-45399+17766","properties":{"area_sq_km":1.0,"count":21,"label":2,"latitude":47.87154217847529,"longitude":-122.35419952419632,"near_healthy_bed":1,"priority_score":1.0,"priority_tier":"monitor","recommended_action":"no_action","region_id":"puget_sound","region_name":"Puget Sound, WA","state":"WA","status":2,"status_label":"healthy"}},{"type":"Feature","geometry":{"geodesic":false,"type":"Polygon","coordinates":[[[-122.35054169707884,47.89996757982113],[-122.35054169707884,47.89727263396877],[-122.34784675122647,47.89727263396877],[-122.34784675122647,47.894577688116414],[-122.34515180537412,47.894577688116414],[-122.34515180537412,47.89996757982113],[-122.35054169707884,47.89996757982113]]]},"id":"-45399+17773","properties":{"area_sq_km":0.0,"count":3,"label":0,"latitude":47.8977217723804,"longitude":-122.34739756401522,"near_healthy_bed":1,"priority_score":1.0,"priority_tier":"monitor","recommended_action":"urchin_removal_then_replant","region_id":"puget_sound","region_name":"Puget Sound, WA","state":"WA","status":0,"status_label":"barren"}},{"type":"Feature","geometry":{"geodesic":false,"type":"Polygon","coordinates":[[[-122.3532366429312,47.42565710980602],[-122.35054169707884,47.42565710980602],[-122.35054169707884,47.42835205565838],[-122.3532366429312,47.42835205565838],[-122.3532366429312,47.42565710980602]]]},"id":"-45401+17598","properties":{"area_sq_km":0.0,"count":1,"label":1,"latitude":47.42700457916425,"longitude":-122.3518891701558,"near_healthy_bed":1,"priority_score":1.0,"priority_tier":"monitor","recommended_action":"monitor_and_replant","region_id":"puget_sound","region_name":"Puget Sound, WA","state":"WA","status":1,"status_label":"recovering"}},{"type":"Feature","geometry":{"geodesic":false,"type":"Polygon","coordinates":[[[-122.3532366429312,47.894577688116414],[-122.35054169707884,47.894577688116414],[-122.35054169707884,47.89727263396877],[-122.3532366429312,47.89727263396877],[-122.3532366429312,47.894577688116414]]]},"id":"-45401+17772","properties":{"area_sq_km":0.0,"count":1,"label":0,"latitude":47.89592515711903,"longitude":-122.35188917002374,"near_healthy_bed":1,"priority_score":1.0,"priority_tier":"monitor","recommended_action":"urchin_removal_then_replant","region_id":"puget_sound","region_name":"Puget Sound, WA","state":"WA","status":0,"status_label":"barren"}},{"type":"Feature","geometry":{"geodesic":false,"type":"Polygon","coordinates":[[[-122.3532366429312,47.91074736323056],[-122.35054169707884,47.91074736323056],[-122.35054169707884,47.91613725493528],[-122.3532366429312,47.91613725493528],[-122.3532366429312,47.91074736323056]]]},"id":"-45401+17779","properties":{"area_sq_km":0.0,"count":2,"label":0,"latitude":47.913442270188575,"longitude":-122.35188917005432,"near_healthy_bed":1,"priority_score":1.0,"priority_tier":"monitor","recommended_action":"urchin_removal_then_replant","region_id":"puget_sound","region_name":"Puget Sound, WA","state":"WA","status":0,"status_label":"barren"}},{"type":"Feature","geometry":{"geodesic":false,"type":"Polygon","coordinates":[[[-122.35593158878355,47.85415350033103],[-122.3532366429312,47.85415350033103],[-122.3532366429312,47.85684844618339],[-122.35593158878355,47.85684844618339],[-122.35593158878355,47.85415350033103]]]},"id":"-45402+17757","properties":{"area_sq_km":0.0,"count":1,"label":0,"latitude":47.85550096949509,"longitude":-122.35458411575009,"near_healthy_bed":1,"priority_score":1.0,"priority_tier":"monitor","recommended_action":"urchin_removal_then_replant","region_id":"puget_sound","region_name":"Puget Sound, WA","state":"WA","status":0,"status_label":"barren"}},{"type":"Feature","geometry":{"geodesic":false,"type":"Polygon","coordinates":[[[-122.3586265346359,47.8757130671499],[-122.3586265346359,47.870323175445186],[-122.35054169707884,47.870323175445186],[-122.35054169707884,47.87301812129754],[-122.3532366429312,47.87301812129754],[-122.3532366429312,47.8757130671499],[-122.3586265346359,47.8757130671499]]]},"id":"-45402+17764","properties":{"area_sq_km":0.0,"count":5,"label":0,"latitude":47.87274863662948,"longitude":-122.35512307837571,"near_healthy_bed":1,"priority_score":1.0,"priority_tier":"monitor","recommended_action":"urchin_removal_then_replant","region_id":"puget_sound","region_name":"Puget Sound, WA","state":"WA","status":0,"status_label":"barren"}},{"type":"Feature","geometry":{"geodesic":false,"type":"Polygon","coordinates":[[[-122.35593158878355,47.88918779641169],[-122.3532366429312,47.88918779641169],[-122.3532366429312,47.89188274226405],[-122.35593158878355,47.89188274226405],[-122.35593158878355,47.88918779641169]]]},"id":"-45402+17770","properties":{"area_sq_km":0.0,"count":1,"label":0,"latitude":47.89053526545483,"longitude":-122.35458411586573,"near_healthy_bed":1,"priority_score":1.0,"priority_tier":"monitor","recommended_action":"urchin_removal_then_replant","region_id":"puget_sound","region_name":"Puget Sound, WA","state":"WA","status":0,"status_label":"barren"}},{"type":"Feature","geometry":{"geodesic":false,"type":"Polygon","coordinates":[[[-122.35593158878355,47.89727263396877],[-122.3532366429312,47.89727263396877],[-122.3532366429312,47.89996757982113],[-122.35593158878355,47.89996757982113],[-122.35593158878355,47.89727263396877]]]},"id":"-45402+17773","properties":{"area_sq_km":0.0,"count":1,"label":0,"latitude":47.8986201031594,"longitude":-122.35458411574866,"near_healthy_bed":1,"priority_score":1.0,"priority_tier":"monitor","recommended_action":"urchin_removal_then_replant","region_id":"puget_sound","region_name":"Puget Sound, WA","state":"WA","status":0,"status_label":"barren"}},{"type":"Feature","geometry":{"geodesic":false,"type":"Polygon","coordinates":[[[-122.35593158878355,47.91613725493528],[-122.3532366429312,47.91613725493528],[-122.3532366429312,47.91883220078764],[-122.35593158878355,47.91883220078764],[-122.35593158878355,47.91613725493528]]]},"id":"-45402+17780","properties":{"area_sq_km":0.0,"count":1,"label":0,"latitude":47.917484724068956,"longitude":-122.35458411580683,"near_healthy_bed":1,"priority_score":1.0,"priority_tier":"monitor","recommended_action":"urchin_removal_then_replant","region_id":"puget_sound","region_name":"Puget Sound, WA","state":"WA","status":0,"status_label":"barren"}},{"type":"Feature","geometry":{"geodesic":false,"type":"Polygon","coordinates":[[[-122.35593158878355,47.937696821754145],[-122.35593158878355,47.93500187590179],[-122.36132148048827,47.93500187590179],[-122.36132148048827,47.929611984197074],[-122.35593158878355,47.929611984197074],[-122.35593158878355,47.93230693004943],[-122.3532366429312,47.93230693004943],[-122.3532366429312,47.937696821754145],[-122.35593158878355,47.937696821754145]]]},"id":"-45402+17787","properties":{"area_sq_km":0.0,"count":6,"label":2,"latitude":47.9332052067033,"longitude":-122.3572791552545,"near_healthy_bed":1,"priority_score":1.0,"priority_tier":"monitor","recommended_action":"no_action","region_id":"puget_sound","region_name":"Puget Sound, WA","state":"WA","status":2,"status_label":"healthy"}},{"type":"Feature","geometry":{"geodesic":false,"type":"Polygon","coordinates":[[[-122.3586265346359,47.42565710980602],[-122.35593158878355,47.42565710980602],[-122.35593158878355,47.42835205565838],[-122.3586265346359,47.42835205565838],[-122.3586265346359,47.42565710980602]]]},"id":"-45403+17598","properties":{"area_sq_km":0.0,"count":1,"label":2,"latitude":47.42700457913223,"longitude":-122.35727906164989,"near_healthy_bed":1,"priority_score":1.0,"priority_tier":"monitor","recommended_action":"no_action","region_id":"puget_sound","region_name":"Puget Sound, WA","state":"WA","status":2,"status_label":"healthy"}},{"type":"Feature","geometry":{"geodesic":false,"type":"Polygon","coordinates":[[[-122.36132148048827,47.88110295885462],[-122.35593158878355,47.88110295885462],[-122.35593158878355,47.883797904706974],[-122.36132148048827,47.883797904706974],[-122.36132148048827,47.88110295885462]]]},"id":"-45403+17767","properties":{"area_sq_km":0.0,"count":2,"label":0,"latitude":47.88245045170248,"longitude":-122.3586265346212,"near_healthy_bed":1,"priority_score":1.0,"priority_tier":"monitor","recommended_action":"urchin_removal_then_replant","region_id":"puget_sound","region_name":"Puget Sound, WA","state":"WA","status":0,"status_label":"barren"}},{"type":"Feature","geometry":{"geodesic":false,"type":"Polygon","coordinates":[[[-122.36940631804535,47.85954339203575],[-122.36940631804535,47.85684844618339],[-122.36401642634063,47.85684844618339],[-122.36401642634063,47.85415350033103],[-122.36132148048827,47.85415350033103],[-122.36132148048827,47.85684844618339],[-122.3586265346359,47.85684844618339],[-122.3586265346359,47.85954339203575],[-122.36940631804535,47.85954339203575]]]},"id":"-45404+17758","properties":{"area_sq_km":0.0,"count":5,"label":0,"latitude":47.85765698253358,"longitude":-122.36374690870257,"near_healthy_bed":1,"priority_score":1.0,"priority_tier":"monitor","recommended_action":"urchin_removal_then_replant","region_id":"puget_sound","region_name":"Puget Sound, WA","state":"WA","status":0,"status_label":"barren"}},{"type":"Feature","geometry":{"geodesic":false,"type":"Polygon","coordinates":[[[-122.36132148048827,47.8757130671499],[-122.3586265346359,47.8757130671499],[-122.3586265346359,47.87840801300226],[-122.36132148048827,47.87840801300226],[-122.36132148048827,47.8757130671499]]]},"id":"-45404+17765","properties":{"area_sq_km":0.0,"count":1,"label":0,"latitude":47.877060536113085,"longitude":-122.3599740075601,"near_healthy_bed":1,"priority_score":1.0,"priority_tier":"monitor","recommended_action":"urchin_removal_then_replant","region_id":"puget_sound","region_name":"Puget Sound, WA","state":"WA","status":0,"status_label":"barren"}},{"type":"Feature","geometry":{"geodesic":false,"type":"Polygon","coordinates":[[[-122.36132148048827,47.902662525673485],[-122.3586265346359,47.902662525673485],[-122.3586265346359,47.905357471525846],[-122.36132148048827,47.905357471525846],[-122.36132148048827,47.902662525673485]]]},"id":"-45404+17775","properties":{"area_sq_km":0.0,"count":1,"label":0,"latitude":47.90400999505998,"longitude":-122.35997400749778,"near_healthy_bed":1,"priority_score":1.0,"priority_tier":"monitor","recommended_action":"urchin_removal_then_replant","region_id":"puget_sound","region_name":"Puget Sound, WA","state":"WA","status":0,"status_label":"barren"}},{"type":"Feature","geometry":{"geodesic":false,"type":"Polygon","coordinates":[[[-122.36671137219298,47.87301812129754],[-122.36132148048827,47.87301812129754],[-122.36132148048827,47.8757130671499],[-122.36671137219298,47.8757130671499],[-122.36671137219298,47.87301812129754]]]},"id":"-45405+17764","properties":{"area_sq_km":0.0,"count":2,"label":0,"latitude":47.874365614096824,"longitude":-122.3640164263947,"near_healthy_bed":1,"priority_score":1.0,"priority_tier":"monitor","recommended_action":"urchin_removal_then_replant","region_id":"puget_sound","region_name":"Puget Sound, WA","state":"WA","status":0,"status_label":"barren"}},{"type":"Feature","geometry":{"geodesic":false,"type":"Polygon","coordinates":[[[-122.36401642634063,47.883797904706974],[-122.36132148048827,47.883797904706974],[-122.36132148048827,47.886492850559335],[-122.36401642634063,47.886492850559335],[-122.36401642634063,47.883797904706974]]]},"id":"-45405+17768","properties":{"area_sq_km":0.0,"count":1,"label":0,"latitude":47.88514537394805,"longitude":-122.36266895348825,"near_healthy_bed":1,"priority_score":1.0,"priority_tier":"monitor","recommended_action":"urchin_removal_then_replant","region_id":"puget_sound","region_name":"Puget Sound, WA","state":"WA","status":0,"status_label":"barren"}},{"type":"Feature","geometry":{"geodesic":false,"type":"Polygon","coordinates":[[[-122.36401642634063,47.89188274226405],[-122.36132148048827,47.89188274226405],[-122.36132148048827,47.894577688116414],[-122.36401642634063,47.894577688116414],[-122.36401642634063,47.89188274226405]]]},"id":"-45405+17771","properties":{"area_sq_km":0.0,"count":1,"label":0,"latitude":47.8932302115107,"longitude":-122.36266895351415,"near_healthy_bed":1,"priority_score":1.0,"priority_tier":"monitor","recommended_action":"urchin_removal_then_replant","region_id":"puget_sound","region_name":"Puget Sound, WA","state":"WA","status":0,"status_label":"barren"}},{"type":"Feature","geometry":{"geodesic":false,"type":"Polygon","coordinates":[[[-122.36401642634063,47.89996757982113],[-122.36132148048827,47.89996757982113],[-122.36132148048827,47.902662525673485],[-122.36401642634063,47.902662525673485],[-122.36401642634063,47.89996757982113]]]},"id":"-45405+17774","properties":{"area_sq_km":0.0,"count":1,"label":0,"latitude":47.90131504875531,"longitude":-122.36266895348679,"near_healthy_bed":1,"priority_score":1.0,"priority_tier":"monitor","recommended_action":"urchin_removal_then_replant","region_id":"puget_sound","region_name":"Puget Sound, WA","state":"WA","status":0,"status_label":"barren"}},{"type":"Feature","geometry":{"geodesic":false,"type":"Polygon","coordinates":[[[-122.36671137219298,47.441826784920174],[-122.36401642634063,47.441826784920174],[-122.36401642634063,47.44452173077253],[-122.36671137219298,47.44452173077253],[-122.36671137219298,47.441826784920174]]]},"id":"-45406+17604","properties":{"area_sq_km":0.0,"count":1,"label":2,"latitude":47.44317425415025,"longitude":-122.36536389914875,"near_healthy_bed":1,"priority_score":1.0,"priority_tier":"monitor","recommended_action":"no_action","region_id":"puget_sound","region_name":"Puget Sound, WA","state":"WA","status":2,"status_label":"healthy"}},{"type":"Feature","geometry":{"geodesic":false,"type":"Polygon","coordinates":[[[-122.36671137219298,47.484945918557905],[-122.36671137219298,47.48225097270555],[-122.3721012638977,47.48225097270555],[-122.3721012638977,47.476861081000834],[-122.36671137219298,47.476861081000834],[-122.36671137219298,47.47955602685319],[-122.36401642634063,47.47955602685319],[-122.36401642634063,47.484945918557905],[-122.36671137219298,47.484945918557905]]]},"id":"-45406+17619","properties":{"area_sq_km":0.0,"count":6,"label":2,"latitude":47.48045430477146,"longitude":-122.36805893730913,"near_healthy_bed":1,"priority_score":1.0,"priority_tier":"monitor","recommended_action":"no_action","region_id":"puget_sound","region_name":"Puget Sound, WA","state":"WA","status":2,"status_label":"healthy"}},{"type":"Feature","geometry":{"geodesic":false,"type":"Polygon","coordinates":[[[-122.36671137219298,47.8298989876598],[-122.36401642634063,47.8298989876598],[-122.36401642634063,47.832593933512165],[-122.36671137219298,47.832593933512165],[-122.36671137219298,47.8298989876598]]]},"id":"-45406+17748","properties":{"area_sq_km":0.0,"count":1,"label":2,"latitude":47.83124645662853,"longitude":-122.36536389916034,"near_healthy_bed":1,"priority_score":1.0,"priority_tier":"monitor","recommended_action":"no_action","region_id":"puget_sound","region_name":"Puget Sound, WA","state":"WA","status":2,"status_label":"healthy"}},{"type":"Feature","geometry":{"geodesic":false,"type":"Polygon","coordinates":[[[-122.36940631804535,47.83798382521688],[-122.36940631804535,47.83528887936452],[-122.36671137219298,47.83528887936452],[-122.36671137219298,47.832593933512165],[-122.36401642634063,47.832593933512165],[-122.36401642634063,47.83798382521688],[-122.36940631804535,47.83798382521688]]]},"id":"-45406+17750","properties":{"area_sq_km":0.0,"count":3,"label":0,"latitude":47.83573801785972,"longitude":-122.36626218508421,"near_healthy_bed":1,"priority_score":1.0,"priority_tier":"monitor","recommended_action":"urchin_removal_then_replant","region_id":"puget_sound","region_name":"Puget Sound, WA","state":"WA","status":0,"status_label":"barren"}},{"type":"Feature","geometry":{"geodesic":false,"type":"Polygon","coordinates":[[[-122.36671137219298,47.92691703834471],[-122.36401642634063,47.92691703834471],[-122.36401642634063,47.929611984197074],[-122.36671137219298,47.929611984197074],[-122.36671137219298,47.92691703834471]]]},"id":"-45406+17784","properties":{"area_sq_km":0.0,"count":1,"label":2,"latitude":47.928264507327704,"longitude":-122.36536389914318,"near_healthy_bed":1,"priority_score":1.0,"priority_tier":"monitor","recommended_action":"no_action","region_id":"puget_sound","region_name":"Puget Sound, WA","state":"WA","status":2,"status_label":"healthy"}},{"type":"Feature","geometry":{"geodesic":false,"type":"Polygon","coordinates":[[[-122.36132148048827,47.85415350033103],[-122.35593158878355,47.85415350033103],[-122.35593158878355,47.851458554478675],[-122.3532366429312,47.851458554478675],[-122.3532366429312,47.848763608626314],[-122.36401642634063,47.848763608626314],[-122.36401642634063,47.84606866277396],[-122.36671137219298,47.84606866277396],[-122.36671137219298,47.8433737169216],[-122.36940631804535,47.8433737169216],[-122.36940631804535,47.83798382521688],[-122.36401642634063,47.83798382521688],[-122.36401642634063,47.832593933512165],[-122.36132148048827,47.832593933512165],[-122.36132148048827,47.83798382521688],[-122.3586265346359,47.83798382521688],[-122.3586265346359,47.8433737169216],[-122.34515180537412,47.8433737169216],[-122.34515180537412,47.84606866277396],[-122.34784675122647,47.84606866277396],[-122.34784675122647,47.848763608626314],[-122.35054169707884,47.848763608626314],[-122.35054169707884,47.85415350033103],[-122.34784675122647,47.85415350033103],[-122.34784675122647,47.85684844618339],[-122.35054169707884,47.85684844618339],[-122.35054169707884,47.85954339203575],[-122.3532366429312,47.85954339203575],[-122.3532366429312,47.86223833788811],[-122.36401642634063,47.86223833788811],[-122.36401642634063,47.86493328374046],[-122.36671137219298,47.86493328374046],[-122.36671137219298,47.867628229592825],[-122.36940631804535,47.867628229592825],[-122.36940631804535,47.86223833788811],[-122.37749115560241,47.86223833788811],[-122.37749115560241,47.86493328374046],[-122.38827093901186,47.86493328374046],[-122.38827093901186,47.86223833788811],[-122.39366083071657,47.86223833788811],[-122.39366083071657,47.85954339203575],[-122.38827093901186,47.85954339203575],[-122.38827093901186,47.85684844618339],[-122.39635577656892,47.85684844618339],[-122.39635577656892,47.851458554478675],[-122.38557599315949,47.851458554478675],[-122.38557599315949,47.848763608626314],[-122.38827093901186,47.848763608626314],[-122.38827093901186,47.84606866277396],[-122.38557599315949,47.84606866277396],[-122.38557599315949,47.8433737169216],[-122.37749115560241,47.8433737169216],[-122.37749115560241,47.84606866277396],[-122.3721012638977,47.84606866277396],[-122.3721012638977,47.848763608626314],[-122.36940631804535,47.848763608626314],[-122.36940631804535,47.851458554478675],[-122.36132148048827,47.851458554478675],[-122.36132148048827,47.85415350033103]],[[-122.38827093901186,47.85684844618339],[-122.38827093901186,47.85415350033103],[-122.38557599315949,47.85415350033103],[-122.38557599315949,47.85684844618339],[-122.38827093901186,47.85684844618339]],[[-122.35593158878355,47.85415350033103],[-122.3532366429312,47.85415350033103],[-122.3532366429312,47.85684844618339],[-122.35593158878355,47.85684844618339],[-122.35593158878355,47.85415350033103]],[[-122.38557599315949,47.85954339203575],[-122.38288104730714,47.85954339203575],[-122.38288104730714,47.86223833788811],[-122.38557599315949,47.86223833788811],[-122.38557599315949,47.85954339203575]],[[-122.3721012638977,47.85415350033103],[-122.37479620975006,47.85415350033103],[-122.37479620975006,47.851458554478675],[-122.3721012638977,47.851458554478675],[-122.3721012638977,47.85415350033103]],[[-122.36940631804535,47.85684844618339],[-122.36401642634063,47.85684844618339],[-122.36401642634063,47.85415350033103],[-122.36132148048827,47.85415350033103],[-122.36132148048827,47.85684844618339],[-122.3586265346359,47.85684844618339],[-122.3586265346359,47.85954339203575],[-122.36940631804535,47.85954339203575],[-122.36940631804535,47.85684844618339]],[[-122.36940631804535,47.85684844618339],[-122.3721012638977,47.85684844618339],[-122.3721012638977,47.85415350033103],[-122.36940631804535,47.85415350033103],[-122.36940631804535,47.85684844618339]]]},"id":"-45407+17761","properties":{"area_sq_km":6.0,"count":99,"label":2,"latitude":47.852587994166505,"longitude":-122.37080728484801,"near_healthy_bed":1,"priority_score":1.0,"priority_tier":"monitor","recommended_action":"no_action","region_id":"puget_sound","region_name":"Puget Sound, WA","state":"WA","status":2,"status_label":"healthy"}},{"type":"Feature","geometry":{"geodesic":false,"type":"Polygon","coordinates":[[[-122.36940631804535,47.87301812129754],[-122.36671137219298,47.87301812129754],[-122.36671137219298,47.8757130671499],[-122.36940631804535,47.8757130671499],[-122.36940631804535,47.87301812129754]]]},"id":"-45407+17764","properties":{"area_sq_km":0.0,"count":1,"label":2,"latitude":47.87436559046906,"longitude":-122.36805884507747,"near_healthy_bed":1,"priority_score":1.0,"priority_tier":"monitor","recommended_action":"no_action","region_id":"puget_sound","region_name":"Puget Sound, WA","state":"WA","status":2,"status_label":"healthy"}},{"type":"Feature","geometry":{"geodesic":false,"type":"Polygon","coordinates":[[[-122.35593158878355,47.883797904706974],[-122.35593158878355,47.886492850559335],[-122.34515180537412,47.886492850559335],[-122.34515180537412,47.894577688116414],[-122.3397619136694,47.894577688116414],[-122.3397619136694,47.89727263396877],[-122.34245685952176,47.89727263396877],[-122.34245685952176,47.902662525673485],[-122.34784675122647,47.902662525673485],[-122.34784675122647,47.905357471525846],[-122.35054169707884,47.905357471525846],[-122.35054169707884,47.91074736323056],[-122.34784675122647,47.91074736323056],[-122.34784675122647,47.91613725493528],[-122.34245685952176,47.91613725493528],[-122.34245685952176,47.91883220078764],[-122.34515180537412,47.91883220078764],[-122.34515180537412,47.921527146639995],[-122.34784675122647,47.921527146639995],[-122.34784675122647,47.91883220078764],[-122.35054169707884,47.91883220078764],[-122.35054169707884,47.92422209249236],[-122.3532366429312,47.92422209249236],[-122.3532366429312,47.921527146639995],[-122.36132148048827,47.921527146639995],[-122.36132148048827,47.91883220078764],[-122.36401642634063,47.91883220078764],[-122.36401642634063,47.921527146639995],[-122.36671137219298,47.921527146639995],[-122.36671137219298,47.92691703834471],[-122.3721012638977,47.92691703834471],[-122.3721012638977,47.921527146639995],[-122.37479620975006,47.921527146639995],[-122.37479620975006,47.905357471525846],[-122.37749115560241,47.905357471525846],[-122.37749115560241,47.902662525673485],[-122.37479620975006,47.902662525673485],[-122.37479620975006,47.89996757982113],[-122.36940631804535,47.89996757982113],[-122.36940631804535,47.89727263396877],[-122.36671137219298,47.89727263396877],[-122.36671137219298,47.886492850559335],[-122.36940631804535,47.886492850559335],[-122.36940631804535,47.88110295885462],[-122.36671137219298,47.88110295885462],[-122.36671137219298,47.8757130671499],[-122.36132148048827,47.8757130671499],[-122.36132148048827,47.87840801300226],[-122.3586265346359,47.87840801300226],[-122.3586265346359,47.8757130671499],[-122.3532366429312,47.8757130671499],[-122.3532366429312,47.883797904706974],[-122.35593158878355,47.883797904706974]],[[-122.3721012638977,47.905357471525846],[-122.36940631804535,47.905357471525846],[-122.36940631804535,47.91074736323056],[-122.3721012638977,47.91074736323056],[-122.3721012638977,47.905357471525846]],[[-122.36401642634063,47.89188274226405],[-122.36132148048827,47.89188274226405],[-122.36132148048827,47.894577688116414],[-122.36401642634063,47.894577688116414],[-122.36401642634063,47.89188274226405]],[[-122.35593158878355,47.88918779641169],[-122.3532366429312,47.88918779641169],[-122.3532366429312,47.89188274226405],[-122.35593158878355,47.89188274226405],[-122.35593158878355,47.88918779641169]],[[-122.36132148048827,47.902662525673485],[-122.36401642634063,47.902662525673485],[-122.36401642634063,47.89996757982113],[-122.36132148048827,47.89996757982113],[-122.36132148048827,47.902662525673485]],[[-122.3532366429312,47.91613725493528],[-122.3532366429312,47.91883220078764],[-122.35593158878355,47.91883220078764],[-122.35593158878355,47.91613725493528],[-122.3532366429312,47.91613725493528]],[[-122.36132148048827,47.883797904706974],[-122.36132148048827,47.886492850559335],[-122.36401642634063,47.886492850559335],[-122.36401642634063,47.883797904706974],[-122.36132148048827,47.883797904706974]],[[-122.36132148048827,47.902662525673485],[-122.3586265346359,47.902662525673485],[-122.3586265346359,47.905357471525846],[-122.36132148048827,47.905357471525846],[-122.36132148048827,47.902662525673485]],[[-122.3532366429312,47.89727263396877],[-122.3532366429312,47.89996757982113],[-122.35593158878355,47.89996757982113],[-122.35593158878355,47.89727263396877],[-122.3532366429312,47.89727263396877]],[[-122.36132148048827,47.883797904706974],[-122.36132148048827,47.88110295885462],[-122.35593158878355,47.88110295885462],[-122.35593158878355,47.883797904706974],[-122.36132148048827,47.883797904706974]],[[-122.35054169707884,47.89727263396877],[-122.34784675122647,47.89727263396877],[-122.34784675122647,47.894577688116414],[-122.34515180537412,47.894577688116414],[-122.34515180537412,47.89996757982113],[-122.35054169707884,47.89996757982113],[-122.35054169707884,47.89727263396877]],[[-122.3532366429312,47.89727263396877],[-122.3532366429312,47.894577688116414],[-122.35054169707884,47.894577688116414],[-122.35054169707884,47.89727263396877],[-122.3532366429312,47.89727263396877]],[[-122.3532366429312,47.91613725493528],[-122.3532366429312,47.91074736323056],[-122.35054169707884,47.91074736323056],[-122.35054169707884,47.91613725493528],[-122.3532366429312,47.91613725493528]]]},"id":"-45407+17783","properties":{"area_sq_km":8.0,"count":134,"label":2,"latitude":47.9025590910649,"longitude":-122.35981243648855,"near_healthy_bed":1,"priority_score":1.0,"priority_tier":"monitor","recommended_action":"no_action","region_id":"puget_sound","region_name":"Puget Sound, WA","state":"WA","status":2,"status_label":"healthy"}},{"type":"Feature","geometry":{"geodesic":false,"type":"Polygon","coordinates":[[[-122.3721012638977,47.44452173077253],[-122.36940631804535,47.44452173077253],[-122.36940631804535,47.44721667662489],[-122.3721012638977,47.44721667662489],[-122.3721012638977,47.44452173077253]]]},"id":"-45408+17605","properties":{"area_sq_km":0.0,"count":1,"label":2,"latitude":47.44586920031275,"longitude":-122.37075379105076,"near_healthy_bed":1,"priority_score":1.0,"priority_tier":"monitor","recommended_action":"no_action","region_id":"puget_sound","region_name":"Puget Sound, WA","state":"WA","status":2,"status_label":"healthy"}},{"type":"Feature","geometry":{"geodesic":false,"type":"Polygon","coordinates":[[[-122.3721012638977,47.61430331947112],[-122.36940631804535,47.61430331947112],[-122.36940631804535,47.61699826532348],[-122.3721012638977,47.61699826532348],[-122.3721012638977,47.61430331947112]]]},"id":"-45408+17668","properties":{"area_sq_km":0.0,"count":1,"label":0,"latitude":47.61565078863397,"longitude":-122.37075379106737,"near_healthy_bed":1,"priority_score":1.0,"priority_tier":"monitor","recommended_action":"urchin_removal_then_replant","region_id":"puget_sound","region_name":"Puget Sound, WA","state":"WA","status":0,"status_label":"barren"}},{"type":"Feature","geometry":{"geodesic":false,"type":"Polygon","coordinates":[[[-122.3721012638977,47.8433737169216],[-122.36940631804535,47.8433737169216],[-122.36940631804535,47.84606866277396],[-122.3721012638977,47.84606866277396],[-122.3721012638977,47.8433737169216]]]},"id":"-45408+17753","properties":{"area_sq_km":0.0,"count":1,"label":2,"latitude":47.84472118610147,"longitude":-122.37075379097521,"near_healthy_bed":1,"priority_score":1.0,"priority_tier":"monitor","recommended_action":"no_action","region_id":"puget_sound","region_name":"Puget Sound, WA","state":"WA","status":2,"status_label":"healthy"}},{"type":"Feature","geometry":{"geodesic":false,"type":"Polygon","coordinates":[[[-122.3721012638977,47.85415350033103],[-122.36940631804535,47.85415350033103],[-122.36940631804535,47.85684844618339],[-122.3721012638977,47.85684844618339],[-122.3721012638977,47.85415350033103]]]},"id":"-45408+17757","properties":{"area_sq_km":0.0,"count":1,"label":0,"latitude":47.85550096951848,"longitude":-122.37075379106662,"near_healthy_bed":1,"priority_score":1.0,"priority_tier":"monitor","recommended_action":"urchin_removal_then_replant","region_id":"puget_sound","region_name":"Puget Sound, WA","state":"WA","status":0,"status_label":"barren"}},{"type":"Feature","geometry":{"geodesic":false,"type":"Polygon","coordinates":[[[-122.3721012638977,47.88918779641169],[-122.36940631804535,47.88918779641169],[-122.36940631804535,47.89188274226405],[-122.3721012638977,47.89188274226405],[-122.3721012638977,47.88918779641169]]]},"id":"-45408+17770","properties":{"area_sq_km":0.0,"count":1,"label":2,"latitude":47.89053526549158,"longitude":-122.37075379103555,"near_healthy_bed":1,"priority_score":1.0,"priority_tier":"monitor","recommended_action":"no_action","region_id":"puget_sound","region_name":"Puget Sound, WA","state":"WA","status":2,"status_label":"healthy"}},{"type":"Feature","geometry":{"geodesic":false,"type":"Polygon","coordinates":[[[-122.37749115560241,47.89727263396877],[-122.37749115560241,47.89188274226405],[-122.37479620975006,47.89188274226405],[-122.37479620975006,47.894577688116414],[-122.36940631804535,47.894577688116414],[-122.36940631804535,47.89727263396877],[-122.37749115560241,47.89727263396877]]]},"id":"-45408+17772","properties":{"area_sq_km":0.0,"count":4,"label":2,"latitude":47.895251441798365,"longitude":-122.3741225240338,"near_healthy_bed":1,"priority_score":1.0,"priority_tier":"monitor","recommended_action":"no_action","region_id":"puget_sound","region_name":"Puget Sound, WA","state":"WA","status":2,"status_label":"healthy"}},{"type":"Feature","geometry":{"geodesic":false,"type":"Polygon","coordinates":[[[-122.3721012638977,47.905357471525846],[-122.36940631804535,47.905357471525846],[-122.36940631804535,47.91074736323056],[-122.3721012638977,47.91074736323056],[-122.3721012638977,47.905357471525846]]]},"id":"-45408+17777","properties":{"area_sq_km":0.0,"count":2,"label":0,"latitude":47.9080523784012,"longitude":-122.37075379103369,"near_healthy_bed":1,"priority_score":1.0,"priority_tier":"monitor","recommended_action":"urchin_removal_then_replant","region_id":"puget_sound","region_name":"Puget Sound, WA","state":"WA","status":0,"status_label":"barren"}},{"type":"Feature","geometry":{"geodesic":false,"type":"Polygon","coordinates":[[[-122.37479620975006,47.72749104527018],[-122.3721012638977,47.72749104527018],[-122.3721012638977,47.73018599112254],[-122.37479620975006,47.73018599112254],[-122.37479620975006,47.72749104527018]]]},"id":"-45409+17710","properties":{"area_sq_km":0.0,"count":1,"label":1,"latitude":47.72883851451155,"longitude":-122.37344873684958,"near_healthy_bed":1,"priority_score":1.0,"priority_tier":"monitor","recommended_action":"monitor_and_replant","region_id":"puget_sound","region_name":"Puget Sound, WA","state":"WA","status":1,"status_label":"recovering"}},{"type":"Feature","geometry":{"geodesic":false,"type":"Polygon","coordinates":[[[-122.37479620975006,47.851458554478675],[-122.3721012638977,47.851458554478675],[-122.3721012638977,47.85415350033103],[-122.37479620975006,47.85415350033103],[-122.37479620975006,47.851458554478675]]]},"id":"-45409+17756","properties":{"area_sq_km":0.0,"count":1,"label":0,"latitude":47.85280602361992,"longitude":-122.37344873674833,"near_healthy_bed":1,"priority_score":1.0,"priority_tier":"monitor","recommended_action":"urchin_removal_then_replant","region_id":"puget_sound","region_name":"Puget Sound, WA","state":"WA","status":0,"status_label":"barren"}},{"type":"Feature","geometry":{"geodesic":false,"type":"Polygon","coordinates":[[[-122.37749115560241,47.61699826532348],[-122.37479620975006,47.61699826532348],[-122.37479620975006,47.619693211175836],[-122.37749115560241,47.619693211175836],[-122.37749115560241,47.61699826532348]]]},"id":"-45410+17669","properties":{"area_sq_km":0.0,"count":1,"label":0,"latitude":47.61834573459176,"longitude":-122.37614368264536,"near_healthy_bed":1,"priority_score":1.0,"priority_tier":"monitor","recommended_action":"urchin_removal_then_replant","region_id":"puget_sound","region_name":"Puget Sound, WA","state":"WA","status":0,"status_label":"barren"}},{"type":"Feature","geometry":{"geodesic":false,"type":"Polygon","coordinates":[[[-122.37479620975006,47.619693211175836],[-122.37479620975006,47.62508310288055],[-122.39096588486422,47.62508310288055],[-122.39096588486422,47.6223881570282],[-122.38827093901186,47.6223881570282],[-122.38827093901186,47.619693211175836],[-122.39096588486422,47.619693211175836],[-122.39096588486422,47.61430331947112],[-122.38288104730714,47.61430331947112],[-122.38288104730714,47.60621848191404],[-122.37749115560241,47.60621848191404],[-122.37749115560241,47.59813364435697],[-122.37479620975006,47.59813364435697],[-122.37479620975006,47.59543869850461],[-122.3721012638977,47.59543869850461],[-122.3721012638977,47.600828590209325],[-122.36401642634063,47.600828590209325],[-122.36401642634063,47.619693211175836],[-122.37479620975006,47.619693211175836]],[[-122.3721012638977,47.61430331947112],[-122.36940631804535,47.61430331947112],[-122.36940631804535,47.61699826532348],[-122.3721012638977,47.61699826532348],[-122.3721012638977,47.61430331947112]],[[-122.37749115560241,47.619693211175836],[-122.37749115560241,47.6223881570282],[-122.38018610145478,47.6223881570282],[-122.38018610145478,47.619693211175836],[-122.37749115560241,47.619693211175836]],[[-122.37749115560241,47.619693211175836],[-122.37749115560241,47.61699826532348],[-122.37479620975006,47.61699826532348],[-122.37479620975006,47.619693211175836],[-122.37749115560241,47.619693211175836]]]},"id":"-45410+17671","properties":{"area_sq_km":4.0,"count":62,"label":2,"latitude":47.61256401324512,"longitude":-122.37583852731946,"near_healthy_bed":1,"priority_score":1.0,"priority_tier":"monitor","recommended_action":"no_action","region_id":"puget_sound","region_name":"Puget Sound, WA","state":"WA","status":2,"status_label":"healthy"}},{"type":"Feature","geometry":{"geodesic":false,"type":"Polygon","coordinates":[[[-122.37749115560241,47.81911920425037],[-122.37479620975006,47.81911920425037],[-122.37479620975006,47.82181415010273],[-122.37749115560241,47.82181415010273],[-122.37749115560241,47.81911920425037]]]},"id":"-45410+17744","properties":{"area_sq_km":0.0,"count":1,"label":1,"latitude":47.820466673394776,"longitude":-122.3761436827051,"near_healthy_bed":1,"priority_score":1.0,"priority_tier":"monitor","recommended_action":"monitor_and_replant","region_id":"puget_sound","region_name":"Puget Sound, WA","state":"WA","status":1,"status_label":"recovering"}},{"type":"Feature","geometry":{"geodesic":false,"type":"Polygon","coordinates":[[[-122.38018610145478,47.619693211175836],[-122.37749115560241,47.619693211175836],[-122.37749115560241,47.6223881570282],[-122.38018610145478,47.6223881570282],[-122.38018610145478,47.619693211175836]]]},"id":"-45411+17670","properties":{"area_sq_km":0.0,"count":1,"label":0,"latitude":47.62104068032955,"longitude":-122.37883862850718,"near_healthy_bed":1,"priority_score":1.0,"priority_tier":"monitor","recommended_action":"urchin_removal_then_replant","region_id":"puget_sound","region_name":"Puget Sound, WA","state":"WA","status":0,"status_label":"barren"}},{"type":"Feature","geometry":{"geodesic":false,"type":"Polygon","coordinates":[[[-122.38018610145478,47.82720404180745],[-122.37749115560241,47.82720404180745],[-122.37749115560241,47.8298989876598],[-122.38018610145478,47.8298989876598],[-122.38018610145478,47.82720404180745]]]},"id":"-45411+17747","properties":{"area_sq_km":0.0,"count":1,"label":2,"latitude":47.828551511228376,"longitude":-122.37883862851777,"near_healthy_bed":1,"priority_score":1.0,"priority_tier":"monitor","recommended_action":"no_action","region_id":"puget_sound","region_name":"Puget Sound, WA","state":"WA","status":2,"status_label":"healthy"}},{"type":"Feature","geometry":{"geodesic":false,"type":"Polygon","coordinates":[[[-122.38018610145478,47.840678771069236],[-122.38018610145478,47.83798382521688],[-122.38288104730714,47.83798382521688],[-122.38288104730714,47.832593933512165],[-122.38018610145478,47.832593933512165],[-122.38018610145478,47.83528887936452],[-122.37479620975006,47.83528887936452],[-122.37479620975006,47.832593933512165],[-122.37749115560241,47.832593933512165],[-122.37749115560241,47.8298989876598],[-122.36940631804535,47.8298989876598],[-122.36940631804535,47.832593933512165],[-122.36671137219298,47.832593933512165],[-122.36671137219298,47.83528887936452],[-122.36940631804535,47.83528887936452],[-122.36940631804535,47.83798382521688],[-122.37749115560241,47.83798382521688],[-122.37749115560241,47.840678771069236],[-122.38018610145478,47.840678771069236]]]},"id":"-45411+17751","properties":{"area_sq_km":1.0,"count":13,"label":2,"latitude":47.83477060522225,"longitude":-122.3748997117931,"near_healthy_bed":1,"priority_score":1.0,"priority_tier":"monitor","recommended_action":"no_action","region_id":"puget_sound","region_name":"Puget Sound, WA","state":"WA","status":2,"status_label":"healthy"}},{"type":"Feature","geometry":{"geodesic":false,"type":"Polygon","coordinates":[[[-122.38288104730714,47.32863905912111],[-122.38018610145478,47.32863905912111],[-122.38018610145478,47.33133400497347],[-122.38288104730714,47.33133400497347],[-122.38288104730714,47.32863905912111]]]},"id":"-45412+17562","properties":{"area_sq_km":0.0,"count":1,"label":2,"latitude":47.32998652847222,"longitude":-122.38153357438823,"near_healthy_bed":1,"priority_score":1.0,"priority_tier":"monitor","recommended_action":"no_action","region_id":"puget_sound","region_name":"Puget Sound, WA","state":"WA","status":2,"status_label":"healthy"}},{"type":"Feature","geometry":{"geodesic":false,"type":"Polygon","coordinates":[[[-122.38288104730714,47.33941884253055],[-122.38018610145478,47.33941884253055],[-122.38018610145478,47.3421137883829],[-122.38288104730714,47.3421137883829],[-122.38288104730714,47.33941884253055]]]},"id":"-45412+17566","properties":{"area_sq_km":0.0,"count":1,"label":2,"latitude":47.3407663119463,"longitude":-122.38153357432955,"near_healthy_bed":1,"priority_score":1.0,"priority_tier":"monitor","recommended_action":"no_action","region_id":"puget_sound","region_name":"Puget Sound, WA","state":"WA","status":2,"status_label":"healthy"}},{"type":"Feature","geometry":{"geodesic":false,"type":"Polygon","coordinates":[[[-122.38557599315949,47.72749104527018],[-122.38018610145478,47.72749104527018],[-122.38018610145478,47.73018599112254],[-122.38557599315949,47.73018599112254],[-122.38557599315949,47.72749104527018]]]},"id":"-45412+17710","properties":{"area_sq_km":0.0,"count":2,"label":0,"latitude":47.728838538191155,"longitude":-122.38288104728517,"near_healthy_bed":1,"priority_score":1.0,"priority_tier":"monitor","recommended_action":"urchin_removal_then_replant","region_id":"puget_sound","region_name":"Puget Sound, WA","state":"WA","status":0,"status_label":"barren"}},{"type":"Feature","geometry":{"geodesic":false,"type":"Polygon","coordinates":[[[-122.38288104730714,47.886492850559335],[-122.38018610145478,47.886492850559335],[-122.38018610145478,47.88918779641169],[-122.38288104730714,47.88918779641169],[-122.38288104730714,47.886492850559335]]]},"id":"-45412+17769","properties":{"area_sq_km":0.0,"count":1,"label":2,"latitude":47.88784031953986,"longitude":-122.38153357442248,"near_healthy_bed":1,"priority_score":1.0,"priority_tier":"monitor","recommended_action":"no_action","region_id":"puget_sound","region_name":"Puget Sound, WA","state":"WA","status":2,"status_label":"healthy"}},{"type":"Feature","geometry":{"geodesic":false,"type":"Polygon","coordinates":[[[-122.38288104730714,47.89996757982113],[-122.38018610145478,47.89996757982113],[-122.38018610145478,47.902662525673485],[-122.38288104730714,47.902662525673485],[-122.38288104730714,47.89996757982113]]]},"id":"-45412+17774","properties":{"area_sq_km":0.0,"count":1,"label":2,"latitude":47.90131504878196,"longitude":-122.3815335743526,"near_healthy_bed":1,"priority_score":1.0,"priority_tier":"monitor","recommended_action":"no_action","region_id":"puget_sound","region_name":"Puget Sound, WA","state":"WA","status":2,"status_label":"healthy"}},{"type":"Feature","geometry":{"geodesic":false,"type":"Polygon","coordinates":[[[-122.38557599315949,47.97273111783481],[-122.38018610145478,47.97273111783481],[-122.38018610145478,47.975426063687166],[-122.38557599315949,47.975426063687166],[-122.38557599315949,47.97273111783481]]]},"id":"-45412+17801","properties":{"area_sq_km":0.0,"count":2,"label":2,"latitude":47.97407861056733,"longitude":-122.38288104725056,"near_healthy_bed":1,"priority_score":1.0,"priority_tier":"monitor","recommended_action":"no_action","region_id":"puget_sound","region_name":"Puget Sound, WA","state":"WA","status":2,"status_label":"healthy"}},{"type":"Feature","geometry":{"geodesic":false,"type":"Polygon","coordinates":[[[-122.38827093901185,47.33672389667819],[-122.38288104730714,47.33672389667819],[-122.38288104730714,47.33941884253055],[-122.38827093901185,47.33941884253055],[-122.38827093901185,47.33672389667819]]]},"id":"-45413+17565","properties":{"area_sq_km":0.0,"count":2,"label":2,"latitude":47.33807138966389,"longitude":-122.38557599318369,"near_healthy_bed":1,"priority_score":1.0,"priority_tier":"monitor","recommended_action":"no_action","region_id":"puget_sound","region_name":"Puget Sound, WA","state":"WA","status":2,"status_label":"healthy"}},{"type":"Feature","geometry":{"geodesic":false,"type":"Polygon","coordinates":[[[-122.38557599315949,47.85954339203575],[-122.38288104730714,47.85954339203575],[-122.38288104730714,47.86223833788811],[-122.38557599315949,47.86223833788811],[-122.38557599315949,47.85954339203575]]]},"id":"-45413+17759","properties":{"area_sq_km":0.0,"count":1,"label":0,"latitude":47.86089086130565,"longitude":-122.38422852031182,"near_healthy_bed":1,"priority_score":1.0,"priority_tier":"monitor","recommended_action":"urchin_removal_then_replant","region_id":"puget_sound","region_name":"Puget Sound, WA","state":"WA","status":0,"status_label":"barren"}},{"type":"Feature","geometry":{"geodesic":false,"type":"Polygon","coordinates":[[[-122.38827093901185,47.73018599112254],[-122.38557599315949,47.73018599112254],[-122.38557599315949,47.732880936974894],[-122.38827093901185,47.732880936974894],[-122.38827093901185,47.73018599112254]]]},"id":"-45414+17711","properties":{"area_sq_km":0.0,"count":1,"label":0,"latitude":47.73153346027908,"longitude":-122.38692346602524,"near_healthy_bed":1,"priority_score":1.0,"priority_tier":"monitor","recommended_action":"urchin_removal_then_replant","region_id":"puget_sound","region_name":"Puget Sound, WA","state":"WA","status":0,"status_label":"barren"}},{"type":"Feature","geometry":{"geodesic":false,"type":"Polygon","coordinates":[[[-122.38827093901185,47.83528887936452],[-122.38557599315949,47.83528887936452],[-122.38557599315949,47.83798382521688],[-122.38827093901185,47.83798382521688],[-122.38827093901185,47.83528887936452]]]},"id":"-45414+17750","properties":{"area_sq_km":0.0,"count":1,"label":2,"latitude":47.83663634853554,"longitude":-122.38692346601924,"near_healthy_bed":1,"priority_score":1.0,"priority_tier":"monitor","recommended_action":"no_action","region_id":"puget_sound","region_name":"Puget Sound, WA","state":"WA","status":2,"status_label":"healthy"}},{"type":"Feature","geometry":{"geodesic":false,"type":"Polygon","coordinates":[[[-122.38827093901185,47.85415350033103],[-122.38557599315949,47.85415350033103],[-122.38557599315949,47.85684844618339],[-122.38827093901185,47.85684844618339],[-122.38827093901185,47.85415350033103]]]},"id":"-45414+17757","properties":{"area_sq_km":0.0,"count":1,"label":0,"latitude":47.85550096955797,"longitude":-122.38692346594382,"near_healthy_bed":1,"priority_score":1.0,"priority_tier":"monitor","recommended_action":"urchin_removal_then_replant","region_id":"puget_sound","region_name":"Puget Sound, WA","state":"WA","status":0,"status_label":"barren"}},{"type":"Feature","geometry":{"geodesic":false,"type":"Polygon","coordinates":[[[-122.38827093901185,47.97003617198245],[-122.38557599315949,47.97003617198245],[-122.38557599315949,47.97273111783481],[-122.38827093901185,47.97273111783481],[-122.38827093901185,47.97003617198245]]]},"id":"-45414+17800","properties":{"area_sq_km":0.0,"count":1,"label":1,"latitude":47.97138364117842,"longitude":-122.38692346609511,"near_healthy_bed":1,"priority_score":1.0,"priority_tier":"monitor","recommended_action":"monitor_and_replant","region_id":"puget_sound","region_name":"Puget Sound, WA","state":"WA","status":1,"status_label":"recovering"}},{"type":"Feature","geometry":{"geodesic":false,"type":"Polygon","coordinates":[[[-122.39635577656892,47.59813364435697],[-122.39635577656892,47.59543869850461],[-122.404440614126,47.59543869850461],[-122.404440614126,47.592743752652254],[-122.39366083071657,47.592743752652254],[-122.39366083071657,47.59543869850461],[-122.39096588486422,47.59543869850461],[-122.39096588486422,47.59813364435697],[-122.39635577656892,47.59813364435697]]]},"id":"-45416+17661","properties":{"area_sq_km":0.0,"count":6,"label":2,"latitude":47.59498961678204,"longitude":-122.39725419770495,"near_healthy_bed":1,"priority_score":1.0,"priority_tier":"monitor","recommended_action":"no_action","region_id":"puget_sound","region_name":"Puget Sound, WA","state":"WA","status":2,"status_label":"healthy"}},{"type":"Feature","geometry":{"geodesic":false,"type":"Polygon","coordinates":[[[-122.39635577656892,47.89996757982113],[-122.39096588486422,47.89996757982113],[-122.39096588486422,47.902662525673485],[-122.39635577656892,47.902662525673485],[-122.39635577656892,47.89996757982113]]]},"id":"-45416+17774","properties":{"area_sq_km":0.0,"count":2,"label":0,"latitude":47.90131507253189,"longitude":-122.39366083076408,"near_healthy_bed":1,"priority_score":1.0,"priority_tier":"monitor","recommended_action":"urchin_removal_then_replant","region_id":"puget_sound","region_name":"Puget Sound, WA","state":"WA","status":0,"status_label":"barren"}},{"type":"Feature","geometry":{"geodesic":false,"type":"Polygon","coordinates":[[[-122.39635577656892,47.81911920425037],[-122.39366083071657,47.81911920425037],[-122.39366083071657,47.82181415010273],[-122.39635577656892,47.82181415010273],[-122.39635577656892,47.81911920425037]]]},"id":"-45417+17744","properties":{"area_sq_km":0.0,"count":1,"label":0,"latitude":47.820466673401505,"longitude":-122.39500830356631,"near_healthy_bed":1,"priority_score":1.0,"priority_tier":"monitor","recommended_action":"urchin_removal_then_replant","region_id":"puget_sound","region_name":"Puget Sound, WA","state":"WA","status":0,"status_label":"barren"}},{"type":"Feature","geometry":{"geodesic":false,"type":"Polygon","coordinates":[[[-122.39635577656892,47.83798382521688],[-122.39366083071657,47.83798382521688],[-122.39366083071657,47.840678771069236],[-122.39635577656892,47.840678771069236],[-122.39635577656892,47.83798382521688]]]},"id":"-45417+17751","properties":{"area_sq_km":0.0,"count":1,"label":2,"latitude":47.8393312943104,"longitude":-122.39500830366168,"near_healthy_bed":1,"priority_score":1.0,"priority_tier":"monitor","recommended_action":"no_action","region_id":"puget_sound","region_name":"Puget Sound, WA","state":"WA","status":2,"status_label":"healthy"}},{"type":"Feature","geometry":{"geodesic":false,"type":"Polygon","coordinates":[[[-122.3990507224213,47.79216974572679],[-122.39635577656892,47.79216974572679],[-122.39635577656892,47.79486469157914],[-122.3990507224213,47.79486469157914],[-122.3990507224213,47.79216974572679]]]},"id":"-45418+17734","properties":{"area_sq_km":0.0,"count":1,"label":0,"latitude":47.793517214974806,"longitude":-122.39770324946551,"near_healthy_bed":1,"priority_score":1.0,"priority_tier":"monitor","recommended_action":"urchin_removal_then_replant","region_id":"puget_sound","region_name":"Puget Sound, WA","state":"WA","status":0,"status_label":"barren"}},{"type":"Feature","geometry":{"geodesic":false,"type":"Polygon","coordinates":[[[-122.3990507224213,47.886492850559335],[-122.39635577656892,47.886492850559335],[-122.39635577656892,47.88918779641169],[-122.3990507224213,47.88918779641169],[-122.3990507224213,47.886492850559335]]]},"id":"-45418+17769","properties":{"area_sq_km":0.0,"count":1,"label":2,"latitude":47.88784031961395,"longitude":-122.39770324946751,"near_healthy_bed":1,"priority_score":1.0,"priority_tier":"monitor","recommended_action":"no_action","region_id":"puget_sound","region_name":"Puget Sound, WA","state":"WA","status":2,"status_label":"healthy"}},{"type":"Feature","geometry":{"geodesic":false,"type":"Polygon","coordinates":[[[-122.41252545168308,47.902662525673485],[-122.41252545168308,47.89727263396877],[-122.404440614126,47.89727263396877],[-122.404440614126,47.89996757982113],[-122.40713555997836,47.89996757982113],[-122.40713555997836,47.902662525673485],[-122.40174566827365,47.902662525673485],[-122.40174566827365,47.89727263396877],[-122.3990507224213,47.89727263396877],[-122.3990507224213,47.89996757982113],[-122.39635577656892,47.89996757982113],[-122.39635577656892,47.89727263396877],[-122.39366083071657,47.89727263396877],[-122.39366083071657,47.894577688116414],[-122.38827093901186,47.894577688116414],[-122.38827093901186,47.89996757982113],[-122.38557599315949,47.89996757982113],[-122.38557599315949,47.902662525673485],[-122.38827093901186,47.902662525673485],[-122.38827093901186,47.905357471525846],[-122.39635577656892,47.905357471525846],[-122.39635577656892,47.9080524173782],[-122.3990507224213,47.9080524173782],[-122.3990507224213,47.905357471525846],[-122.40713555997836,47.905357471525846],[-122.40713555997836,47.9080524173782],[-122.41522039753544,47.9080524173782],[-122.41522039753544,47.902662525673485],[-122.41252545168308,47.902662525673485]],[[-122.41252545168308,47.902662525673485],[-122.40983050583073,47.902662525673485],[-122.40983050583073,47.905357471525846],[-122.41252545168308,47.905357471525846],[-122.41252545168308,47.902662525673485]],[[-122.39635577656892,47.89996757982113],[-122.39096588486422,47.89996757982113],[-122.39096588486422,47.902662525673485],[-122.39635577656892,47.902662525673485],[-122.39635577656892,47.89996757982113]]]},"id":"-45418+17776","properties":{"area_sq_km":2.0,"count":28,"label":2,"latitude":47.90189267839633,"longitude":-122.40059032225743,"near_healthy_bed":1,"priority_score":1.0,"priority_tier":"monitor","recommended_action":"no_action","region_id":"puget_sound","region_name":"Puget Sound, WA","state":"WA","status":2,"status_label":"healthy"}},{"type":"Feature","geometry":{"geodesic":false,"type":"Polygon","coordinates":[[[-122.40713555997836,47.32324916741639],[-122.3990507224213,47.32324916741639],[-122.3990507224213,47.325944113268754],[-122.40713555997836,47.325944113268754],[-122.40713555997836,47.32324916741639]]]},"id":"-45419+17560","properties":{"area_sq_km":0.0,"count":3,"label":2,"latitude":47.32459670002666,"longitude":-122.40309314123544,"near_healthy_bed":1,"priority_score":1.0,"priority_tier":"monitor","recommended_action":"no_action","region_id":"puget_sound","region_name":"Puget Sound, WA","state":"WA","status":2,"status_label":"healthy"}},{"type":"Feature","geometry":{"geodesic":false,"type":"Polygon","coordinates":[[[-122.40174566827365,47.4984206478197],[-122.3990507224213,47.4984206478197],[-122.3990507224213,47.50111559367206],[-122.40174566827365,47.50111559367206],[-122.40174566827365,47.4984206478197]]]},"id":"-45419+17625","properties":{"area_sq_km":0.0,"count":1,"label":2,"latitude":47.499768117090134,"longitude":-122.40039819532116,"near_healthy_bed":1,"priority_score":1.0,"priority_tier":"monitor","recommended_action":"no_action","region_id":"puget_sound","region_name":"Puget Sound, WA","state":"WA","status":2,"status_label":"healthy"}},{"type":"Feature","geometry":{"geodesic":false,"type":"Polygon","coordinates":[[[-122.40713555997836,47.62508310288055],[-122.40713555997836,47.61430331947112],[-122.404440614126,47.61430331947112],[-122.404440614126,47.60621848191404],[-122.3990507224213,47.60621848191404],[-122.3990507224213,47.60352353606169],[-122.39635577656892,47.60352353606169],[-122.39635577656892,47.600828590209325],[-122.39366083071657,47.600828590209325],[-122.39366083071657,47.60621848191404],[-122.39635577656892,47.60621848191404],[-122.39635577656892,47.61699826532348],[-122.39366083071657,47.61699826532348],[-122.39366083071657,47.619693211175836],[-122.39635577656892,47.619693211175836],[-122.39635577656892,47.6223881570282],[-122.3990507224213,47.6223881570282],[-122.3990507224213,47.62508310288055],[-122.40713555997836,47.62508310288055]],[[-122.40174566827365,47.6223881570282],[-122.404440614126,47.6223881570282],[-122.404440614126,47.619693211175836],[-122.40174566827365,47.619693211175836],[-122.40174566827365,47.6223881570282]]]},"id":"-45419+17671","properties":{"area_sq_km":2.0,"count":27,"label":2,"latitude":47.61455220503482,"longitude":-122.40049766844285,"near_healthy_bed":1,"priority_score":1.0,"priority_tier":"monitor","recommended_action":"no_action","region_id":"puget_sound","region_name":"Puget Sound, WA","state":"WA","status":2,"status_label":"healthy"}},{"type":"Feature","geometry":{"geodesic":false,"type":"Polygon","coordinates":[[[-122.404440614126,47.627778048732914],[-122.3990507224213,47.627778048732914],[-122.3990507224213,47.63047299458527],[-122.404440614126,47.63047299458527],[-122.404440614126,47.627778048732914]]]},"id":"-45419+17673","properties":{"area_sq_km":0.0,"count":2,"label":2,"latitude":47.62912554160993,"longitude":-122.40174566831054,"near_healthy_bed":1,"priority_score":1.0,"priority_tier":"monitor","recommended_action":"no_action","region_id":"puget_sound","region_name":"Puget Sound, WA","state":"WA","status":2,"status_label":"healthy"}},{"type":"Feature","geometry":{"geodesic":false,"type":"Polygon","coordinates":[[[-122.404440614126,47.851458554478675],[-122.404440614126,47.848763608626314],[-122.41522039753544,47.848763608626314],[-122.41522039753544,47.84606866277396],[-122.4179153433878,47.84606866277396],[-122.4179153433878,47.8433737169216],[-122.41252545168308,47.8433737169216],[-122.41252545168308,47.84606866277396],[-122.3990507224213,47.84606866277396],[-122.3990507224213,47.851458554478675],[-122.404440614126,47.851458554478675]]]},"id":"-45419+17755","properties":{"area_sq_km":1.0,"count":10,"label":2,"latitude":47.84741627171631,"longitude":-122.40767488278208,"near_healthy_bed":1,"priority_score":1.0,"priority_tier":"monitor","recommended_action":"no_action","region_id":"puget_sound","region_name":"Puget Sound, WA","state":"WA","status":2,"status_label":"healthy"}},{"type":"Feature","geometry":{"geodesic":false,"type":"Polygon","coordinates":[[[-122.40174566827365,47.883797904706974],[-122.3990507224213,47.883797904706974],[-122.3990507224213,47.886492850559335],[-122.40174566827365,47.886492850559335],[-122.40174566827365,47.883797904706974]]]},"id":"-45419+17768","properties":{"area_sq_km":0.0,"count":1,"label":2,"latitude":47.8851453738772,"longitude":-122.4003981953912,"near_healthy_bed":1,"priority_score":1.0,"priority_tier":"monitor","recommended_action":"no_action","region_id":"puget_sound","region_name":"Puget Sound, WA","state":"WA","status":2,"status_label":"healthy"}},{"type":"Feature","geometry":{"geodesic":false,"type":"Polygon","coordinates":[[[-122.40174566827365,47.9080524173782],[-122.3990507224213,47.9080524173782],[-122.3990507224213,47.91074736323056],[-122.40174566827365,47.91074736323056],[-122.40174566827365,47.9080524173782]]]},"id":"-45419+17777","properties":{"area_sq_km":0.0,"count":1,"label":2,"latitude":47.909399886533876,"longitude":-122.40039819537411,"near_healthy_bed":1,"priority_score":1.0,"priority_tier":"monitor","recommended_action":"no_action","region_id":"puget_sound","region_name":"Puget Sound, WA","state":"WA","status":2,"status_label":"healthy"}},{"type":"Feature","geometry":{"geodesic":false,"type":"Polygon","coordinates":[[[-122.404440614126,47.619693211175836],[-122.40174566827365,47.619693211175836],[-122.40174566827365,47.6223881570282],[-122.404440614126,47.6223881570282],[-122.404440614126,47.619693211175836]]]},"id":"-45420+17670","properties":{"area_sq_km":0.0,"count":1,"label":0,"latitude":47.62104068029146,"longitude":-122.40309314126402,"near_healthy_bed":1,"priority_score":1.0,"priority_tier":"monitor","recommended_action":"urchin_removal_then_replant","region_id":"puget_sound","region_name":"Puget Sound, WA","state":"WA","status":0,"status_label":"barren"}},{"type":"Feature","geometry":{"geodesic":false,"type":"Polygon","coordinates":[[[-122.404440614126,47.81911920425037],[-122.40174566827365,47.81911920425037],[-122.40174566827365,47.82181415010273],[-122.404440614126,47.82181415010273],[-122.404440614126,47.81911920425037]]]},"id":"-45420+17744","properties":{"area_sq_km":0.0,"count":1,"label":0,"latitude":47.82046667339152,"longitude":-122.40309314122203,"near_healthy_bed":1,"priority_score":1.0,"priority_tier":"monitor","recommended_action":"urchin_removal_then_replant","region_id":"puget_sound","region_name":"Puget Sound, WA","state":"WA","status":0,"status_label":"barren"}},{"type":"Feature","geometry":{"geodesic":false,"type":"Polygon","coordinates":[[[-122.404440614126,47.85684844618339],[-122.40174566827365,47.85684844618339],[-122.40174566827365,47.85954339203575],[-122.404440614126,47.85954339203575],[-122.404440614126,47.85684844618339]]]},"id":"-45420+17758","properties":{"area_sq_km":0.0,"count":1,"label":2,"latitude":47.85819591520669,"longitude":-122.40309314124661,"near_healthy_bed":1,"priority_score":1.0,"priority_tier":"monitor","recommended_action":"no_action","region_id":"puget_sound","region_name":"Puget Sound, WA","state":"WA","status":2,"status_label":"healthy"}},{"type":"Feature","geometry":{"geodesic":false,"type":"Polygon","coordinates":[[[-122.40713555997836,47.9080524173782],[-122.404440614126,47.9080524173782],[-122.404440614126,47.91074736323056],[-122.40713555997836,47.91074736323056],[-122.40713555997836,47.9080524173782]]]},"id":"-45421+17777","properties":{"area_sq_km":0.0,"count":1,"label":2,"latitude":47.909399886519886,"longitude":-122.4057880870495,"near_healthy_bed":1,"priority_score":1.0,"priority_tier":"monitor","recommended_action":"no_action","region_id":"puget_sound","region_name":"Puget Sound, WA","state":"WA","status":2,"status_label":"healthy"}},{"type":"Feature","geometry":{"geodesic":false,"type":"Polygon","coordinates":[[[-122.40983050583073,47.32055422156404],[-122.40713555997836,47.32055422156404],[-122.40713555997836,47.32324916741639],[-122.40983050583073,47.32324916741639],[-122.40983050583073,47.32055422156404]]]},"id":"-45422+17559","properties":{"area_sq_km":0.0,"count":1,"label":2,"latitude":47.32190169092257,"longitude":-122.40848303280131,"near_healthy_bed":1,"priority_score":1.0,"priority_tier":"monitor","recommended_action":"no_action","region_id":"puget_sound","region_name":"Puget Sound, WA","state":"WA","status":2,"status_label":"healthy"}},{"type":"Feature","geometry":{"geodesic":false,"type":"Polygon","coordinates":[[[-122.40983050583073,47.33402895082583],[-122.40983050583073,47.33133400497347],[-122.41252545168308,47.33133400497347],[-122.41252545168308,47.32863905912111],[-122.41522039753544,47.32863905912111],[-122.41522039753544,47.325944113268754],[-122.40983050583073,47.325944113268754],[-122.40983050583073,47.32863905912111],[-122.404440614126,47.32863905912111],[-122.404440614126,47.33133400497347],[-122.40713555997836,47.33133400497347],[-122.40713555997836,47.33402895082583],[-122.40983050583073,47.33402895082583]]]},"id":"-45422+17563","properties":{"area_sq_km":0.0,"count":6,"label":2,"latitude":47.32953734369384,"longitude":-122.40983062040532,"near_healthy_bed":1,"priority_score":1.0,"priority_tier":"monitor","recommended_action":"no_action","region_id":"puget_sound","region_name":"Puget Sound, WA","state":"WA","status":2,"status_label":"healthy"}},{"type":"Feature","geometry":{"geodesic":false,"type":"Polygon","coordinates":[[[-122.40983050583073,47.51728526878621],[-122.40713555997836,47.51728526878621],[-122.40713555997836,47.51998021463857],[-122.40983050583073,47.51998021463857],[-122.40983050583073,47.51728526878621]]]},"id":"-45422+17632","properties":{"area_sq_km":0.0,"count":1,"label":2,"latitude":47.51863273799578,"longitude":-122.40848303282908,"near_healthy_bed":1,"priority_score":1.0,"priority_tier":"monitor","recommended_action":"no_action","region_id":"puget_sound","region_name":"Puget Sound, WA","state":"WA","status":2,"status_label":"healthy"}},{"type":"Feature","geometry":{"geodesic":false,"type":"Polygon","coordinates":[[[-122.40983050583073,47.778695016464994],[-122.40713555997836,47.778695016464994],[-122.40713555997836,47.78138996231735],[-122.40983050583073,47.78138996231735],[-122.40983050583073,47.778695016464994]]]},"id":"-45422+17729","properties":{"area_sq_km":0.0,"count":1,"label":0,"latitude":47.78004248574607,"longitude":-122.4084830327875,"near_healthy_bed":1,"priority_score":1.0,"priority_tier":"monitor","recommended_action":"urchin_removal_then_replant","region_id":"puget_sound","region_name":"Puget Sound, WA","state":"WA","status":0,"status_label":"barren"}},{"type":"Feature","geometry":{"geodesic":false,"type":"Polygon","coordinates":[[[-122.41252545168308,47.786779854022065],[-122.40713555997836,47.786779854022065],[-122.40713555997836,47.78947479987443],[-122.41252545168308,47.78947479987443],[-122.41252545168308,47.786779854022065]]]},"id":"-45422+17732","properties":{"area_sq_km":0.0,"count":2,"label":0,"latitude":47.78812734676947,"longitude":-122.40983050577665,"near_healthy_bed":1,"priority_score":1.0,"priority_tier":"monitor","recommended_action":"urchin_removal_then_replant","region_id":"puget_sound","region_name":"Puget Sound, WA","state":"WA","status":0,"status_label":"barren"}},{"type":"Feature","geometry":{"geodesic":false,"type":"Polygon","coordinates":[[[-122.41252545168308,47.49033581026263],[-122.40983050583073,47.49033581026263],[-122.40983050583073,47.49303075611498],[-122.41252545168308,47.49303075611498],[-122.41252545168308,47.49033581026263]]]},"id":"-45423+17622","properties":{"area_sq_km":0.0,"count":1,"label":2,"latitude":47.49168327949994,"longitude":-122.41117797890126,"near_healthy_bed":1,"priority_score":1.0,"priority_tier":"monitor","recommended_action":"no_action","region_id":"puget_sound","region_name":"Puget Sound, WA","state":"WA","status":2,"status_label":"healthy"}},{"type":"Feature","geometry":{"geodesic":false,"type":"Polygon","coordinates":[[[-122.41522039753544,47.503810539524416],[-122.41522039753544,47.50111559367206],[-122.41252545168308,47.50111559367206],[-122.41252545168308,47.495725701967345],[-122.40983050583073,47.495725701967345],[-122.40983050583073,47.503810539524416],[-122.41522039753544,47.503810539524416]]]},"id":"-45423+17626","properties":{"area_sq_km":0.0,"count":4,"label":2,"latitude":47.50044177426786,"longitude":-122.41185166533587,"near_healthy_bed":1,"priority_score":1.0,"priority_tier":"monitor","recommended_action":"no_action","region_id":"puget_sound","region_name":"Puget Sound, WA","state":"WA","status":2,"status_label":"healthy"}},{"type":"Feature","geometry":{"geodesic":false,"type":"Polygon","coordinates":[[[-122.41522039753544,47.546929673162154],[-122.40983050583073,47.546929673162154],[-122.40983050583073,47.549624619014516],[-122.41522039753544,47.549624619014516],[-122.41522039753544,47.546929673162154]]]},"id":"-45423+17643","properties":{"area_sq_km":0.0,"count":2,"label":2,"latitude":47.54827716607947,"longitude":-122.41252545167312,"near_healthy_bed":1,"priority_score":1.0,"priority_tier":"monitor","recommended_action":"no_action","region_id":"puget_sound","region_name":"Puget Sound, WA","state":"WA","status":2,"status_label":"healthy"}},{"type":"Feature","geometry":{"geodesic":false,"type":"Polygon","coordinates":[[[-122.41252545168308,47.58735386094753],[-122.40983050583073,47.58735386094753],[-122.40983050583073,47.59004880679989],[-122.41252545168308,47.59004880679989],[-122.41252545168308,47.58735386094753]]]},"id":"-45423+17658","properties":{"area_sq_km":0.0,"count":1,"label":2,"latitude":47.58870133024872,"longitude":-122.4111779787513,"near_healthy_bed":1,"priority_score":1.0,"priority_tier":"monitor","recommended_action":"no_action","region_id":"puget_sound","region_name":"Puget Sound, WA","state":"WA","status":2,"status_label":"healthy"}},{"type":"Feature","geometry":{"geodesic":false,"type":"Polygon","coordinates":[[[-122.41252545168308,47.79216974572679],[-122.40983050583073,47.79216974572679],[-122.40983050583073,47.79486469157914],[-122.41252545168308,47.79486469157914],[-122.41252545168308,47.79216974572679]]]},"id":"-45423+17734","properties":{"area_sq_km":0.0,"count":1,"label":0,"latitude":47.79351721500897,"longitude":-122.41117797887745,"near_healthy_bed":1,"priority_score":1.0,"priority_tier":"monitor","recommended_action":"urchin_removal_then_replant","region_id":"puget_sound","region_name":"Puget Sound, WA","state":"WA","status":0,"status_label":"barren"}},{"type":"Feature","geometry":{"geodesic":false,"type":"Polygon","coordinates":[[[-122.41252545168308,47.85684844618339],[-122.40983050583073,47.85684844618339],[-122.40983050583073,47.85954339203575],[-122.41252545168308,47.85954339203575],[-122.41252545168308,47.85684844618339]]]},"id":"-45423+17758","properties":{"area_sq_km":0.0,"count":1,"label":2,"latitude":47.85819591512252,"longitude":-122.41117797875535,"near_healthy_bed":1,"priority_score":1.0,"priority_tier":"monitor","recommended_action":"no_action","region_id":"puget_sound","region_name":"Puget Sound, WA","state":"WA","status":2,"status_label":"healthy"}},{"type":"Feature","geometry":{"geodesic":false,"type":"Polygon","coordinates":[[[-122.41252545168308,47.902662525673485],[-122.40983050583073,47.902662525673485],[-122.40983050583073,47.905357471525846],[-122.41252545168308,47.905357471525846],[-122.41252545168308,47.902662525673485]]]},"id":"-45423+17775","properties":{"area_sq_km":0.0,"count":1,"label":0,"latitude":47.904009995007485,"longitude":-122.41117797883393,"near_healthy_bed":1,"priority_score":1.0,"priority_tier":"monitor","recommended_action":"urchin_removal_then_replant","region_id":"puget_sound","region_name":"Puget Sound, WA","state":"WA","status":0,"status_label":"barren"}},{"type":"Feature","geometry":{"geodesic":false,"type":"Polygon","coordinates":[[[-122.41522039753544,47.33133400497347],[-122.41252545168308,47.33133400497347],[-122.41252545168308,47.33402895082583],[-122.41522039753544,47.33402895082583],[-122.41522039753544,47.33133400497347]]]},"id":"-45424+17563","properties":{"area_sq_km":0.0,"count":1,"label":2,"latitude":47.33268147440155,"longitude":-122.4138729245757,"near_healthy_bed":1,"priority_score":1.0,"priority_tier":"monitor","recommended_action":"no_action","region_id":"puget_sound","region_name":"Puget Sound, WA","state":"WA","status":2,"status_label":"healthy"}},{"type":"Feature","geometry":{"geodesic":false,"type":"Polygon","coordinates":[[[-122.41522039753544,47.48764086441027],[-122.41252545168308,47.48764086441027],[-122.41252545168308,47.49033581026263],[-122.41522039753544,47.49033581026263],[-122.41522039753544,47.48764086441027]]]},"id":"-45424+17621","properties":{"area_sq_km":0.0,"count":1,"label":2,"latitude":47.488988333645516,"longitude":-122.41387292460927,"near_healthy_bed":1,"priority_score":1.0,"priority_tier":"monitor","recommended_action":"no_action","region_id":"puget_sound","region_name":"Puget Sound, WA","state":"WA","status":2,"status_label":"healthy"}},{"type":"Feature","geometry":{"geodesic":false,"type":"Polygon","coordinates":[[[-122.41522039753544,47.770610178907916],[-122.41252545168308,47.770610178907916],[-122.41252545168308,47.77330512476028],[-122.41522039753544,47.77330512476028],[-122.41522039753544,47.770610178907916]]]},"id":"-45424+17726","properties":{"area_sq_km":0.0,"count":1,"label":0,"latitude":47.77195764808614,"longitude":-122.41387292457682,"near_healthy_bed":1,"priority_score":1.0,"priority_tier":"monitor","recommended_action":"urchin_removal_then_replant","region_id":"puget_sound","region_name":"Puget Sound, WA","state":"WA","status":0,"status_label":"barren"}},{"type":"Feature","geometry":{"geodesic":false,"type":"Polygon","coordinates":[[[-122.41522039753544,47.80294952913622],[-122.41252545168308,47.80294952913622],[-122.41252545168308,47.805644474988576],[-122.41522039753544,47.805644474988576],[-122.41522039753544,47.80294952913622]]]},"id":"-45424+17738","properties":{"area_sq_km":0.0,"count":1,"label":0,"latitude":47.804296998299165,"longitude":-122.41387292470573,"near_healthy_bed":1,"priority_score":1.0,"priority_tier":"monitor","recommended_action":"urchin_removal_then_replant","region_id":"puget_sound","region_name":"Puget Sound, WA","state":"WA","status":0,"status_label":"barren"}},{"type":"Feature","geometry":{"geodesic":false,"type":"Polygon","coordinates":[[[-122.41522039753544,47.80833942084094],[-122.41252545168308,47.80833942084094],[-122.41252545168308,47.81103436669329],[-122.41522039753544,47.81103436669329],[-122.41522039753544,47.80833942084094]]]},"id":"-45424+17740","properties":{"area_sq_km":0.0,"count":1,"label":0,"latitude":47.80968689001461,"longitude":-122.41387292463097,"near_healthy_bed":1,"priority_score":1.0,"priority_tier":"monitor","recommended_action":"urchin_removal_then_replant","region_id":"puget_sound","region_name":"Puget Sound, WA","state":"WA","status":0,"status_label":"barren"}},{"type":"Feature","geometry":{"geodesic":false,"type":"Polygon","coordinates":[[[-122.41522039753544,47.851458554478675],[-122.41252545168308,47.851458554478675],[-122.41252545168308,47.85415350033103],[-122.41522039753544,47.85415350033103],[-122.41522039753544,47.851458554478675]]]},"id":"-45424+17756","properties":{"area_sq_km":0.0,"count":1,"label":2,"latitude":47.852806023636404,"longitude":-122.41387292458,"near_healthy_bed":1,"priority_score":1.0,"priority_tier":"monitor","recommended_action":"no_action","region_id":"puget_sound","region_name":"Puget Sound, WA","state":"WA","status":2,"status_label":"healthy"}},{"type":"Feature","geometry":{"geodesic":false,"type":"Polygon","coordinates":[[[-122.41522039753544,47.870323175445186],[-122.41252545168308,47.870323175445186],[-122.41252545168308,47.87301812129754],[-122.41522039753544,47.87301812129754],[-122.41522039753544,47.870323175445186]]]},"id":"-45424+17763","properties":{"area_sq_km":0.0,"count":1,"label":2,"latitude":47.87167064450357,"longitude":-122.41387292461489,"near_healthy_bed":1,"priority_score":1.0,"priority_tier":"monitor","recommended_action":"no_action","region_id":"puget_sound","region_name":"Puget Sound, WA","state":"WA","status":2,"status_label":"healthy"}},{"type":"Feature","geometry":{"geodesic":false,"type":"Polygon","coordinates":[[[-122.4179153433878,47.32055422156404],[-122.41522039753544,47.32055422156404],[-122.41522039753544,47.32324916741639],[-122.4179153433878,47.32324916741639],[-122.4179153433878,47.32055422156404]]]},"id":"-45425+17559","properties":{"area_sq_km":0.0,"count":1,"label":2,"latitude":47.32190169093688,"longitude":-122.41656787048193,"near_healthy_bed":1,"priority_score":1.0,"priority_tier":"monitor","recommended_action":"no_action","region_id":"puget_sound","region_name":"Puget Sound, WA","state":"WA","status":2,"status_label":"healthy"}},{"type":"Feature","geometry":{"geodesic":false,"type":"Polygon","coordinates":[[[-122.4179153433878,47.495725701967345],[-122.41522039753544,47.495725701967345],[-122.41522039753544,47.4984206478197],[-122.4179153433878,47.4984206478197],[-122.4179153433878,47.495725701967345]]]},"id":"-45425+17624","properties":{"area_sq_km":0.0,"count":1,"label":2,"latitude":47.497073171275,"longitude":-122.41656787048673,"near_healthy_bed":1,"priority_score":1.0,"priority_tier":"monitor","recommended_action":"no_action","region_id":"puget_sound","region_name":"Puget Sound, WA","state":"WA","status":2,"status_label":"healthy"}},{"type":"Feature","geometry":{"geodesic":false,"type":"Polygon","coordinates":[[[-122.42061028924016,47.530759998048005],[-122.42061028924016,47.52537010634329],[-122.43139007264959,47.52537010634329],[-122.43139007264959,47.52267516049093],[-122.42600018094487,47.52267516049093],[-122.42600018094487,47.51998021463857],[-122.42330523509251,47.51998021463857],[-122.42330523509251,47.51728526878621],[-122.42869512679724,47.51728526878621],[-122.42869512679724,47.514590322933856],[-122.42600018094487,47.514590322933856],[-122.42600018094487,47.511895377081494],[-122.42330523509251,47.511895377081494],[-122.42330523509251,47.50650548537678],[-122.42600018094487,47.50650548537678],[-122.42600018094487,47.50111559367206],[-122.42330523509251,47.50111559367206],[-122.42330523509251,47.503810539524416],[-122.4179153433878,47.503810539524416],[-122.4179153433878,47.511895377081494],[-122.40713555997836,47.511895377081494],[-122.40713555997836,47.514590322933856],[-122.40983050583073,47.514590322933856],[-122.40983050583073,47.51728526878621],[-122.42061028924016,47.51728526878621],[-122.42061028924016,47.52267516049093],[-122.4179153433878,47.52267516049093],[-122.4179153433878,47.52806505219564],[-122.41522039753544,47.52806505219564],[-122.41522039753544,47.530759998048005],[-122.42061028924016,47.530759998048005]]]},"id":"-45425+17636","properties":{"area_sq_km":2.0,"count":33,"label":2,"latitude":47.515937005822344,"longitude":-122.42032438879401,"near_healthy_bed":1,"priority_score":1.0,"priority_tier":"monitor","recommended_action":"no_action","region_id":"puget_sound","region_name":"Puget Sound, WA","state":"WA","status":2,"status_label":"healthy"}},{"type":"Feature","geometry":{"geodesic":false,"type":"Polygon","coordinates":[[[-122.4179153433878,47.81911920425037],[-122.41522039753544,47.81911920425037],[-122.41522039753544,47.82181415010273],[-122.4179153433878,47.82181415010273],[-122.4179153433878,47.81911920425037]]]},"id":"-45425+17744","properties":{"area_sq_km":0.0,"count":1,"label":0,"latitude":47.82046667342724,"longitude":-122.41656787051834,"near_healthy_bed":1,"priority_score":1.0,"priority_tier":"monitor","recommended_action":"urchin_removal_then_replant","region_id":"puget_sound","region_name":"Puget Sound, WA","state":"WA","status":0,"status_label":"barren"}},{"type":"Feature","geometry":{"geodesic":false,"type":"Polygon","coordinates":[[[-122.4179153433878,47.848763608626314],[-122.41522039753544,47.848763608626314],[-122.41522039753544,47.851458554478675],[-122.4179153433878,47.851458554478675],[-122.4179153433878,47.848763608626314]]]},"id":"-45425+17755","properties":{"area_sq_km":0.0,"count":1,"label":2,"latitude":47.85011107778946,"longitude":-122.41656787050566,"near_healthy_bed":1,"priority_score":1.0,"priority_tier":"monitor","recommended_action":"no_action","region_id":"puget_sound","region_name":"Puget Sound, WA","state":"WA","status":2,"status_label":"healthy"}},{"type":"Feature","geometry":{"geodesic":false,"type":"Polygon","coordinates":[[[-122.42330523509251,47.778695016464994],[-122.4179153433878,47.778695016464994],[-122.4179153433878,47.78138996231735],[-122.42330523509251,47.78138996231735],[-122.42330523509251,47.778695016464994]]]},"id":"-45426+17729","properties":{"area_sq_km":0.0,"count":2,"label":0,"latitude":47.78004250933498,"longitude":-122.42061028926548,"near_healthy_bed":1,"priority_score":1.0,"priority_tier":"monitor","recommended_action":"urchin_removal_then_replant","region_id":"puget_sound","region_name":"Puget Sound, WA","state":"WA","status":0,"status_label":"barren"}},{"type":"Feature","geometry":{"geodesic":false,"type":"Polygon","coordinates":[[[-122.42330523509251,47.797559637431505],[-122.4179153433878,47.797559637431505],[-122.4179153433878,47.80025458328386],[-122.42330523509251,47.80025458328386],[-122.42330523509251,47.797559637431505]]]},"id":"-45426+17736","properties":{"area_sq_km":0.0,"count":2,"label":0,"latitude":47.79890713019855,"longitude":-122.42061028924877,"near_healthy_bed":1,"priority_score":1.0,"priority_tier":"monitor","recommended_action":"urchin_removal_then_replant","region_id":"puget_sound","region_name":"Puget Sound, WA","state":"WA","status":0,"status_label":"barren"}},{"type":"Feature","geometry":{"geodesic":false,"type":"Polygon","coordinates":[[[-122.42061028924016,47.840678771069236],[-122.4179153433878,47.840678771069236],[-122.4179153433878,47.8433737169216],[-122.42061028924016,47.8433737169216],[-122.42061028924016,47.840678771069236]]]},"id":"-45426+17752","properties":{"area_sq_km":0.0,"count":1,"label":2,"latitude":47.842026240288654,"longitude":-122.41926281622,"near_healthy_bed":1,"priority_score":1.0,"priority_tier":"monitor","recommended_action":"no_action","region_id":"puget_sound","region_name":"Puget Sound, WA","state":"WA","status":2,"status_label":"healthy"}},{"type":"Feature","geometry":{"geodesic":false,"type":"Polygon","coordinates":[[[-122.42061028924016,47.851458554478675],[-122.4179153433878,47.851458554478675],[-122.4179153433878,47.85954339203575],[-122.42061028924016,47.85954339203575],[-122.42061028924016,47.851458554478675]]]},"id":"-45426+17758","properties":{"area_sq_km":0.0,"count":3,"label":2,"latitude":47.85550087607139,"longitude":-122.41926281629905,"near_healthy_bed":1,"priority_score":1.0,"priority_tier":"monitor","recommended_action":"no_action","region_id":"puget_sound","region_name":"Puget Sound, WA","state":"WA","status":2,"status_label":"healthy"}},{"type":"Feature","geometry":{"geodesic":false,"type":"Polygon","coordinates":[[[-122.42330523509251,47.70862642430367],[-122.42061028924016,47.70862642430367],[-122.42061028924016,47.71132137015603],[-122.42330523509251,47.71132137015603],[-122.42330523509251,47.70862642430367]]]},"id":"-45427+17703","properties":{"area_sq_km":0.0,"count":1,"label":0,"latitude":47.70997389358487,"longitude":-122.42195776211716,"near_healthy_bed":1,"priority_score":1.0,"priority_tier":"monitor","recommended_action":"urchin_removal_then_replant","region_id":"puget_sound","region_name":"Puget Sound, WA","state":"WA","status":0,"status_label":"barren"}},{"type":"Feature","geometry":{"geodesic":false,"type":"Polygon","coordinates":[[[-122.42330523509251,47.84606866277396],[-122.42061028924016,47.84606866277396],[-122.42061028924016,47.848763608626314],[-122.42330523509251,47.848763608626314],[-122.42330523509251,47.84606866277396]]]},"id":"-45427+17754","properties":{"area_sq_km":0.0,"count":1,"label":2,"latitude":47.84741613178872,"longitude":-122.42195776229903,"near_healthy_bed":1,"priority_score":1.0,"priority_tier":"monitor","recommended_action":"no_action","region_id":"puget_sound","region_name":"Puget Sound, WA","state":"WA","status":2,"status_label":"healthy"}},{"type":"Feature","geometry":{"geodesic":false,"type":"Polygon","coordinates":[[[-122.42600018094487,47.48225097270555],[-122.42330523509251,47.48225097270555],[-122.42330523509251,47.484945918557905],[-122.42600018094487,47.484945918557905],[-122.42600018094487,47.48225097270555]]]},"id":"-45428+17619","properties":{"area_sq_km":0.0,"count":1,"label":2,"latitude":47.48359844181922,"longitude":-122.42465270811303,"near_healthy_bed":1,"priority_score":1.0,"priority_tier":"monitor","recommended_action":"no_action","region_id":"puget_sound","region_name":"Puget Sound, WA","state":"WA","status":2,"status_label":"healthy"}},{"type":"Feature","geometry":{"geodesic":false,"type":"Polygon","coordinates":[[[-122.42600018094487,47.48764086441027],[-122.42330523509251,47.48764086441027],[-122.42330523509251,47.49033581026263],[-122.42600018094487,47.49033581026263],[-122.42600018094487,47.48764086441027]]]},"id":"-45428+17621","properties":{"area_sq_km":0.0,"count":1,"label":2,"latitude":47.48898833355983,"longitude":-122.42465270790625,"near_healthy_bed":1,"priority_score":1.0,"priority_tier":"monitor","recommended_action":"no_action","region_id":"puget_sound","region_name":"Puget Sound, WA","state":"WA","status":2,"status_label":"healthy"}},{"type":"Feature","geometry":{"geodesic":false,"type":"Polygon","coordinates":[[[-122.42600018094487,47.50650548537678],[-122.42330523509251,47.50650548537678],[-122.42330523509251,47.511895377081494],[-122.42600018094487,47.511895377081494],[-122.42600018094487,47.50650548537678]]]},"id":"-45428+17629","properties":{"area_sq_km":0.0,"count":2,"label":0,"latitude":47.50920039302128,"longitude":-122.42465270809217,"near_healthy_bed":1,"priority_score":1.0,"priority_tier":"monitor","recommended_action":"urchin_removal_then_replant","region_id":"puget_sound","region_name":"Puget Sound, WA","state":"WA","status":0,"status_label":"barren"}},{"type":"Feature","geometry":{"geodesic":false,"type":"Polygon","coordinates":[[[-122.42600018094487,47.53614988975272],[-122.42330523509251,47.53614988975272],[-122.42330523509251,47.53884483560508],[-122.42600018094487,47.53884483560508],[-122.42600018094487,47.53614988975272]]]},"id":"-45428+17639","properties":{"area_sq_km":0.0,"count":1,"label":2,"latitude":47.537497359059266,"longitude":-122.42465270800602,"near_healthy_bed":1,"priority_score":1.0,"priority_tier":"monitor","recommended_action":"no_action","region_id":"puget_sound","region_name":"Puget Sound, WA","state":"WA","status":2,"status_label":"healthy"}},{"type":"Feature","geometry":{"geodesic":false,"type":"Polygon","coordinates":[[[-122.42600018094487,47.79216974572679],[-122.42330523509251,47.79216974572679],[-122.42330523509251,47.79486469157914],[-122.42600018094487,47.79486469157914],[-122.42600018094487,47.79216974572679]]]},"id":"-45428+17734","properties":{"area_sq_km":0.0,"count":1,"label":0,"latitude":47.793517214977705,"longitude":-122.42465270795734,"near_healthy_bed":1,"priority_score":1.0,"priority_tier":"monitor","recommended_action":"urchin_removal_then_replant","region_id":"puget_sound","region_name":"Puget Sound, WA","state":"WA","status":0,"status_label":"barren"}},{"type":"Feature","geometry":{"geodesic":false,"type":"Polygon","coordinates":[[[-122.42600018094487,47.80025458328386],[-122.42330523509251,47.80025458328386],[-122.42330523509251,47.80294952913622],[-122.42600018094487,47.80294952913622],[-122.42600018094487,47.80025458328386]]]},"id":"-45428+17737","properties":{"area_sq_km":0.0,"count":1,"label":0,"latitude":47.80160205248128,"longitude":-122.42465270805778,"near_healthy_bed":1,"priority_score":1.0,"priority_tier":"monitor","recommended_action":"urchin_removal_then_replant","region_id":"puget_sound","region_name":"Puget Sound, WA","state":"WA","status":0,"status_label":"barren"}},{"type":"Feature","geometry":{"geodesic":false,"type":"Polygon","coordinates":[[[-122.42869512679724,47.82450909595509],[-122.42330523509251,47.82450909595509],[-122.42330523509251,47.82720404180745],[-122.42869512679724,47.82720404180745],[-122.42869512679724,47.82450909595509]]]},"id":"-45428+17746","properties":{"area_sq_km":0.0,"count":2,"label":0,"latitude":47.82585658891251,"longitude":-122.42600018093125,"near_healthy_bed":1,"priority_score":1.0,"priority_tier":"monitor","recommended_action":"urchin_removal_then_replant","region_id":"puget_sound","region_name":"Puget Sound, WA","state":"WA","status":0,"status_label":"barren"}},{"type":"Feature","geometry":{"geodesic":false,"type":"Polygon","coordinates":[[[-122.43408501850195,47.33402895082583],[-122.43408501850195,47.33133400497347],[-122.42869512679724,47.33133400497347],[-122.42869512679724,47.32863905912111],[-122.43139007264959,47.32863905912111],[-122.43139007264959,47.325944113268754],[-122.42600018094487,47.325944113268754],[-122.42600018094487,47.33402895082583],[-122.43408501850195,47.33402895082583]]]},"id":"-45429+17563","properties":{"area_sq_km":0.0,"count":6,"label":2,"latitude":47.33043562801244,"longitude":-122.42914422678415,"near_healthy_bed":1,"priority_score":1.0,"priority_tier":"monitor","recommended_action":"no_action","region_id":"puget_sound","region_name":"Puget Sound, WA","state":"WA","status":2,"status_label":"healthy"}},{"type":"Feature","geometry":{"geodesic":false,"type":"Polygon","coordinates":[[[-122.42869512679724,47.50650548537678],[-122.42600018094487,47.50650548537678],[-122.42600018094487,47.511895377081494],[-122.42869512679724,47.511895377081494],[-122.42869512679724,47.50650548537678]]]},"id":"-45429+17629","properties":{"area_sq_km":0.0,"count":2,"label":2,"latitude":47.50920039302091,"longitude":-122.42734765387262,"near_healthy_bed":1,"priority_score":1.0,"priority_tier":"monitor","recommended_action":"no_action","region_id":"puget_sound","region_name":"Puget Sound, WA","state":"WA","status":2,"status_label":"healthy"}},{"type":"Feature","geometry":{"geodesic":false,"type":"Polygon","coordinates":[[[-122.42869512679724,47.52806505219564],[-122.42600018094487,47.52806505219564],[-122.42600018094487,47.530759998048005],[-122.42869512679724,47.530759998048005],[-122.42869512679724,47.52806505219564]]]},"id":"-45429+17636","properties":{"area_sq_km":0.0,"count":1,"label":2,"latitude":47.52941252143743,"longitude":-122.42734765393129,"near_healthy_bed":1,"priority_score":1.0,"priority_tier":"monitor","recommended_action":"no_action","region_id":"puget_sound","region_name":"Puget Sound, WA","state":"WA","status":2,"status_label":"healthy"}},{"type":"Feature","geometry":{"geodesic":false,"type":"Polygon","coordinates":[[[-122.42869512679724,47.619693211175836],[-122.42600018094487,47.619693211175836],[-122.42600018094487,47.6223881570282],[-122.42869512679724,47.6223881570282],[-122.42869512679724,47.619693211175836]]]},"id":"-45429+17670","properties":{"area_sq_km":0.0,"count":1,"label":0,"latitude":47.621040680293,"longitude":-122.42734765378664,"near_healthy_bed":1,"priority_score":1.0,"priority_tier":"monitor","recommended_action":"urchin_removal_then_replant","region_id":"puget_sound","region_name":"Puget Sound, WA","state":"WA","status":0,"status_label":"barren"}},{"type":"Feature","geometry":{"geodesic":false,"type":"Polygon","coordinates":[[[-122.42869512679724,47.74635566623669],[-122.42600018094487,47.74635566623669],[-122.42600018094487,47.75444050379377],[-122.42869512679724,47.75444050379377],[-122.42869512679724,47.74635566623669]]]},"id":"-45429+17719","properties":{"area_sq_km":0.0,"count":3,"label":0,"latitude":47.7503979882237,"longitude":-122.42734765373888,"near_healthy_bed":1,"priority_score":1.0,"priority_tier":"monitor","recommended_action":"urchin_removal_then_replant","region_id":"puget_sound","region_name":"Puget Sound, WA","state":"WA","status":0,"status_label":"barren"}},{"type":"Feature","geometry":{"geodesic":false,"type":"Polygon","coordinates":[[[-122.42869512679724,47.76791523305556],[-122.42600018094487,47.76791523305556],[-122.42600018094487,47.770610178907916],[-122.42869512679724,47.770610178907916],[-122.42869512679724,47.76791523305556]]]},"id":"-45429+17725","properties":{"area_sq_km":0.0,"count":1,"label":0,"latitude":47.76926270231905,"longitude":-122.42734765388117,"near_healthy_bed":1,"priority_score":1.0,"priority_tier":"monitor","recommended_action":"urchin_removal_then_replant","region_id":"puget_sound","region_name":"Puget Sound, WA","state":"WA","status":0,"status_label":"barren"}},{"type":"Feature","geometry":{"geodesic":false,"type":"Polygon","coordinates":[[[-122.43139007264959,47.79216974572679],[-122.42600018094487,47.79216974572679],[-122.42600018094487,47.79486469157914],[-122.43139007264959,47.79486469157914],[-122.43139007264959,47.79216974572679]]]},"id":"-45429+17734","properties":{"area_sq_km":0.0,"count":2,"label":2,"latitude":47.79351723860104,"longitude":-122.42869512686283,"near_healthy_bed":1,"priority_score":1.0,"priority_tier":"monitor","recommended_action":"no_action","region_id":"puget_sound","region_name":"Puget Sound, WA","state":"WA","status":2,"status_label":"healthy"}},{"type":"Feature","geometry":{"geodesic":false,"type":"Polygon","coordinates":[[[-122.43408501850195,47.80833942084094],[-122.43408501850195,47.80294952913622],[-122.43139007264959,47.80294952913622],[-122.43139007264959,47.805644474988576],[-122.42600018094487,47.805644474988576],[-122.42600018094487,47.80833942084094],[-122.43408501850195,47.80833942084094]]]},"id":"-45429+17739","properties":{"area_sq_km":0.0,"count":4,"label":0,"latitude":47.80631822875679,"longitude":-122.43071638678364,"near_healthy_bed":1,"priority_score":1.0,"priority_tier":"monitor","recommended_action":"urchin_removal_then_replant","region_id":"puget_sound","region_name":"Puget Sound, WA","state":"WA","status":0,"status_label":"barren"}},{"type":"Feature","geometry":{"geodesic":false,"type":"Polygon","coordinates":[[[-122.43408501850195,47.81911920425037],[-122.42600018094487,47.81911920425037],[-122.42600018094487,47.82181415010273],[-122.43408501850195,47.82181415010273],[-122.43408501850195,47.81911920425037]]]},"id":"-45429+17744","properties":{"area_sq_km":0.0,"count":3,"label":0,"latitude":47.82046673649367,"longitude":-122.43004259974893,"near_healthy_bed":1,"priority_score":1.0,"priority_tier":"monitor","recommended_action":"urchin_removal_then_replant","region_id":"puget_sound","region_name":"Puget Sound, WA","state":"WA","status":0,"status_label":"barren"}},{"type":"Feature","geometry":{"geodesic":false,"type":"Polygon","coordinates":[[[-122.42869512679724,47.83798382521688],[-122.42600018094487,47.83798382521688],[-122.42600018094487,47.840678771069236],[-122.42869512679724,47.840678771069236],[-122.42869512679724,47.83798382521688]]]},"id":"-45429+17751","properties":{"area_sq_km":0.0,"count":1,"label":2,"latitude":47.839331294359184,"longitude":-122.42734765385394,"near_healthy_bed":1,"priority_score":1.0,"priority_tier":"monitor","recommended_action":"no_action","region_id":"puget_sound","region_name":"Puget Sound, WA","state":"WA","status":2,"status_label":"healthy"}},{"type":"Feature","geometry":{"geodesic":false,"type":"Polygon","coordinates":[[[-122.43408501850195,47.91344230908292],[-122.43408501850195,47.9080524173782],[-122.41522039753544,47.9080524173782],[-122.41522039753544,47.91074736323056],[-122.42600018094487,47.91074736323056],[-122.42600018094487,47.91344230908292],[-122.43408501850195,47.91344230908292]]]},"id":"-45429+17778","properties":{"area_sq_km":1.0,"count":10,"label":2,"latitude":47.91020862454427,"longitude":-122.42626961510442,"near_healthy_bed":1,"priority_score":1.0,"priority_tier":"monitor","recommended_action":"no_action","region_id":"puget_sound","region_name":"Puget Sound, WA","state":"WA","status":2,"status_label":"healthy"}},{"type":"Feature","geometry":{"geodesic":false,"type":"Polygon","coordinates":[[[-122.43139007264959,47.4202672181013],[-122.43139007264959,47.41757227224895],[-122.4367799643543,47.41757227224895],[-122.4367799643543,47.414877326396585],[-122.42869512679724,47.414877326396585],[-122.42869512679724,47.4202672181013],[-122.43139007264959,47.4202672181013]]]},"id":"-45430+17595","properties":{"area_sq_km":0.0,"count":4,"label":2,"latitude":47.4168985536684,"longitude":-122.4320638587412,"near_healthy_bed":1,"priority_score":1.0,"priority_tier":"monitor","recommended_action":"no_action","region_id":"puget_sound","region_name":"Puget Sound, WA","state":"WA","status":2,"status_label":"healthy"}},{"type":"Feature","geometry":{"geodesic":false,"type":"Polygon","coordinates":[[[-122.43139007264959,47.49303075611498],[-122.42869512679724,47.49303075611498],[-122.42869512679724,47.495725701967345],[-122.43139007264959,47.495725701967345],[-122.43139007264959,47.49303075611498]]]},"id":"-45430+17623","properties":{"area_sq_km":0.0,"count":1,"label":2,"latitude":47.49437822556456,"longitude":-122.43004259984166,"near_healthy_bed":1,"priority_score":1.0,"priority_tier":"monitor","recommended_action":"no_action","region_id":"puget_sound","region_name":"Puget Sound, WA","state":"WA","status":2,"status_label":"healthy"}},{"type":"Feature","geometry":{"geodesic":false,"type":"Polygon","coordinates":[[[-122.43139007264959,47.530759998048005],[-122.42869512679724,47.530759998048005],[-122.42869512679724,47.53345494390036],[-122.43139007264959,47.53345494390036],[-122.43139007264959,47.530759998048005]]]},"id":"-45430+17637","properties":{"area_sq_km":0.0,"count":1,"label":2,"latitude":47.53210746733664,"longitude":-122.43004259982206,"near_healthy_bed":1,"priority_score":1.0,"priority_tier":"monitor","recommended_action":"no_action","region_id":"puget_sound","region_name":"Puget Sound, WA","state":"WA","status":2,"status_label":"healthy"}},{"type":"Feature","geometry":{"geodesic":false,"type":"Polygon","coordinates":[[[-122.43408501850195,47.665507290665936],[-122.42869512679724,47.665507290665936],[-122.42869512679724,47.66820223651829],[-122.43408501850195,47.66820223651829],[-122.43408501850195,47.665507290665936]]]},"id":"-45430+17687","properties":{"area_sq_km":0.0,"count":2,"label":2,"latitude":47.666854783592306,"longitude":-122.43139007268597,"near_healthy_bed":1,"priority_score":1.0,"priority_tier":"monitor","recommended_action":"no_action","region_id":"puget_sound","region_name":"Puget Sound, WA","state":"WA","status":2,"status_label":"healthy"}},{"type":"Feature","geometry":{"geodesic":false,"type":"Polygon","coordinates":[[[-122.43408501850195,47.66820223651829],[-122.42869512679724,47.66820223651829],[-122.42869512679724,47.67089718237065],[-122.43408501850195,47.67089718237065],[-122.43408501850195,47.66820223651829]]]},"id":"-45430+17688","properties":{"area_sq_km":0.0,"count":2,"label":0,"latitude":47.66954972939459,"longitude":-122.43139007265722,"near_healthy_bed":1,"priority_score":1.0,"priority_tier":"monitor","recommended_action":"urchin_removal_then_replant","region_id":"puget_sound","region_name":"Puget Sound, WA","state":"WA","status":0,"status_label":"barren"}},{"type":"Feature","geometry":{"geodesic":false,"type":"Polygon","coordinates":[[[-122.43139007264959,47.73827082867961],[-122.42869512679724,47.73827082867961],[-122.42869512679724,47.74096577453197],[-122.43139007264959,47.74096577453197],[-122.43139007264959,47.73827082867961]]]},"id":"-45430+17714","properties":{"area_sq_km":0.0,"count":1,"label":0,"latitude":47.739618297931756,"longitude":-122.4300425997872,"near_healthy_bed":1,"priority_score":1.0,"priority_tier":"monitor","recommended_action":"urchin_removal_then_replant","region_id":"puget_sound","region_name":"Puget Sound, WA","state":"WA","status":0,"status_label":"barren"}},{"type":"Feature","geometry":{"geodesic":false,"type":"Polygon","coordinates":[[[-122.43408501850195,47.81103436669329],[-122.42869512679724,47.81103436669329],[-122.42869512679724,47.813729312545654],[-122.43408501850195,47.813729312545654],[-122.43408501850195,47.81103436669329]]]},"id":"-45430+17741","properties":{"area_sq_km":0.0,"count":2,"label":0,"latitude":47.81238185952561,"longitude":-122.43139007273058,"near_healthy_bed":1,"priority_score":1.0,"priority_tier":"monitor","recommended_action":"urchin_removal_then_replant","region_id":"puget_sound","region_name":"Puget Sound, WA","state":"WA","status":0,"status_label":"barren"}},{"type":"Feature","geometry":{"geodesic":false,"type":"Polygon","coordinates":[[[-122.43139007264959,47.82720404180745],[-122.42869512679724,47.82720404180745],[-122.42869512679724,47.8298989876598],[-122.43139007264959,47.8298989876598],[-122.43139007264959,47.82720404180745]]]},"id":"-45430+17747","properties":{"area_sq_km":0.0,"count":1,"label":0,"latitude":47.8285515111937,"longitude":-122.43004259987829,"near_healthy_bed":1,"priority_score":1.0,"priority_tier":"monitor","recommended_action":"urchin_removal_then_replant","region_id":"puget_sound","region_name":"Puget Sound, WA","state":"WA","status":0,"status_label":"barren"}},{"type":"Feature","geometry":{"geodesic":false,"type":"Polygon","coordinates":[[[-122.43408501850195,47.387927867873],[-122.43139007264959,47.387927867873],[-122.43139007264959,47.39062281372536],[-122.43408501850195,47.39062281372536],[-122.43408501850195,47.387927867873]]]},"id":"-45431+17584","properties":{"area_sq_km":0.0,"count":1,"label":1,"latitude":47.38927533723501,"longitude":-122.43273754554387,"near_healthy_bed":1,"priority_score":1.0,"priority_tier":"monitor","recommended_action":"monitor_and_replant","region_id":"puget_sound","region_name":"Puget Sound, WA","state":"WA","status":1,"status_label":"recovering"}},{"type":"Feature","geometry":{"geodesic":false,"type":"Polygon","coordinates":[[[-122.4367799643543,47.61160837361876],[-122.43139007264959,47.61160837361876],[-122.43139007264959,47.61430331947112],[-122.4367799643543,47.61430331947112],[-122.4367799643543,47.61160837361876]]]},"id":"-45431+17667","properties":{"area_sq_km":0.0,"count":2,"label":2,"latitude":47.61295586666998,"longitude":-122.43408501848265,"near_healthy_bed":1,"priority_score":1.0,"priority_tier":"monitor","recommended_action":"no_action","region_id":"puget_sound","region_name":"Puget Sound, WA","state":"WA","status":2,"status_label":"healthy"}},{"type":"Feature","geometry":{"geodesic":false,"type":"Polygon","coordinates":[[[-122.43408501850195,47.82720404180745],[-122.43139007264959,47.82720404180745],[-122.43139007264959,47.8298989876598],[-122.43408501850195,47.8298989876598],[-122.43408501850195,47.82720404180745]]]},"id":"-45431+17747","properties":{"area_sq_km":0.0,"count":1,"label":2,"latitude":47.82855151123458,"longitude":-122.43273754559283,"near_healthy_bed":1,"priority_score":1.0,"priority_tier":"monitor","recommended_action":"no_action","region_id":"puget_sound","region_name":"Puget Sound, WA","state":"WA","status":2,"status_label":"healthy"}},{"type":"Feature","geometry":{"geodesic":false,"type":"Polygon","coordinates":[[[-122.4367799643543,47.63047299458527],[-122.43408501850195,47.63047299458527],[-122.43408501850195,47.63316794043763],[-122.4367799643543,47.63316794043763],[-122.4367799643543,47.63047299458527]]]},"id":"-45432+17674","properties":{"area_sq_km":0.0,"count":1,"label":0,"latitude":47.63182046380008,"longitude":-122.43543249133023,"near_healthy_bed":1,"priority_score":1.0,"priority_tier":"monitor","recommended_action":"urchin_removal_then_replant","region_id":"puget_sound","region_name":"Puget Sound, WA","state":"WA","status":0,"status_label":"barren"}},{"type":"Feature","geometry":{"geodesic":false,"type":"Polygon","coordinates":[[[-122.4367799643543,47.75444050379377],[-122.43408501850195,47.75444050379377],[-122.43408501850195,47.75713544964612],[-122.4367799643543,47.75713544964612],[-122.4367799643543,47.75444050379377]]]},"id":"-45432+17720","properties":{"area_sq_km":0.0,"count":1,"label":2,"latitude":47.75578797297296,"longitude":-122.43543249141403,"near_healthy_bed":1,"priority_score":1.0,"priority_tier":"monitor","recommended_action":"no_action","region_id":"puget_sound","region_name":"Puget Sound, WA","state":"WA","status":2,"status_label":"healthy"}},{"type":"Feature","geometry":{"geodesic":false,"type":"Polygon","coordinates":[[[-122.43947491020667,47.45260656832961],[-122.4367799643543,47.45260656832961],[-122.4367799643543,47.45799646003432],[-122.43947491020667,47.45799646003432],[-122.43947491020667,47.45260656832961]]]},"id":"-45433+17609","properties":{"area_sq_km":0.0,"count":2,"label":2,"latitude":47.4553014759972,"longitude":-122.43812743733045,"near_healthy_bed":1,"priority_score":1.0,"priority_tier":"monitor","recommended_action":"no_action","region_id":"puget_sound","region_name":"Puget Sound, WA","state":"WA","status":2,"status_label":"healthy"}},{"type":"Feature","geometry":{"geodesic":false,"type":"Polygon","coordinates":[[[-122.43947491020667,47.50111559367206],[-122.4367799643543,47.50111559367206],[-122.4367799643543,47.503810539524416],[-122.43947491020667,47.503810539524416],[-122.43947491020667,47.50111559367206]]]},"id":"-45433+17626","properties":{"area_sq_km":0.0,"count":1,"label":2,"latitude":47.502463062931916,"longitude":-122.43812743725442,"near_healthy_bed":1,"priority_score":1.0,"priority_tier":"monitor","recommended_action":"no_action","region_id":"puget_sound","region_name":"Puget Sound, WA","state":"WA","status":2,"status_label":"healthy"}},{"type":"Feature","geometry":{"geodesic":false,"type":"Polygon","coordinates":[[[-122.42600018094487,47.619693211175836],[-122.42330523509251,47.619693211175836],[-122.42330523509251,47.62508310288055],[-122.42061028924016,47.62508310288055],[-122.42061028924016,47.627778048732914],[-122.4179153433878,47.627778048732914],[-122.4179153433878,47.63316794043763],[-122.41252545168308,47.63316794043763],[-122.41252545168308,47.627778048732914],[-122.40983050583073,47.627778048732914],[-122.40983050583073,47.635862886289985],[-122.42061028924016,47.635862886289985],[-122.42061028924016,47.63855783214235],[-122.42330523509251,47.63855783214235],[-122.42330523509251,47.635862886289985],[-122.42600018094487,47.635862886289985],[-122.42600018094487,47.63855783214235],[-122.42869512679724,47.63855783214235],[-122.42869512679724,47.64394772384706],[-122.42600018094487,47.64394772384706],[-122.42600018094487,47.64125277799471],[-122.42061028924016,47.64125277799471],[-122.42061028924016,47.64394772384706],[-122.42330523509251,47.64394772384706],[-122.42330523509251,47.65203256140414],[-122.42600018094487,47.65203256140414],[-122.42600018094487,47.654727507256496],[-122.43139007264959,47.654727507256496],[-122.43139007264959,47.65742245310886],[-122.4367799643543,47.65742245310886],[-122.4367799643543,47.66011739896121],[-122.43947491020667,47.66011739896121],[-122.43947491020667,47.654727507256496],[-122.44216985605902,47.654727507256496],[-122.44216985605902,47.65203256140414],[-122.43947491020667,47.65203256140414],[-122.43947491020667,47.64394772384706],[-122.4367799643543,47.64394772384706],[-122.4367799643543,47.63316794043763],[-122.43947491020667,47.63316794043763],[-122.43947491020667,47.627778048732914],[-122.44216985605902,47.627778048732914],[-122.44216985605902,47.63316794043763],[-122.44486480191138,47.63316794043763],[-122.44486480191138,47.63855783214235],[-122.4502546936161,47.63855783214235],[-122.4502546936161,47.63316794043763],[-122.45294963946846,47.63316794043763],[-122.45294963946846,47.63047299458527],[-122.4502546936161,47.63047299458527],[-122.4502546936161,47.627778048732914],[-122.44486480191138,47.627778048732914],[-122.44486480191138,47.62508310288055],[-122.44216985605902,47.62508310288055],[-122.44216985605902,47.6223881570282],[-122.44755974776375,47.6223881570282],[-122.44755974776375,47.619693211175836],[-122.4502546936161,47.619693211175836],[-122.4502546936161,47.6223881570282],[-122.45294963946846,47.6223881570282],[-122.45294963946846,47.61699826532348],[-122.4502546936161,47.61699826532348],[-122.4502546936161,47.61430331947112],[-122.44755974776375,47.61430331947112],[-122.44755974776375,47.61699826532348],[-122.44486480191138,47.61699826532348],[-122.44486480191138,47.61430331947112],[-122.43947491020667,47.61430331947112],[-122.43947491020667,47.61699826532348],[-122.43139007264959,47.61699826532348],[-122.43139007264959,47.61430331947112],[-122.42600018094487,47.61430331947112],[-122.42600018094487,47.619693211175836]],[[-122.4367799643543,47.63316794043763],[-122.4367799643543,47.63047299458527],[-122.43408501850195,47.63047299458527],[-122.43408501850195,47.63316794043763],[-122.4367799643543,47.63316794043763]],[[-122.42600018094487,47.619693211175836],[-122.42600018094487,47.6223881570282],[-122.42869512679724,47.6223881570282],[-122.42869512679724,47.619693211175836],[-122.42600018094487,47.619693211175836]]]},"id":"-45433+17684","properties":{"area_sq_km":7.0,"count":119,"label":2,"latitude":47.63365267819664,"longitude":-122.43323643738391,"near_healthy_bed":1,"priority_score":1.0,"priority_tier":"monitor","recommended_action":"no_action","region_id":"puget_sound","region_name":"Puget Sound, WA","state":"WA","status":2,"status_label":"healthy"}},{"type":"Feature","geometry":{"geodesic":false,"type":"Polygon","coordinates":[[[-122.45294963946846,47.66820223651829],[-122.45294963946846,47.665507290665936],[-122.43947491020667,47.665507290665936],[-122.43947491020667,47.662812344813574],[-122.4367799643543,47.662812344813574],[-122.4367799643543,47.66820223651829],[-122.45294963946846,47.66820223651829]]]},"id":"-45433+17687","properties":{"area_sq_km":0.0,"count":7,"label":2,"latitude":47.66646998725471,"longitude":-122.44390221507855,"near_healthy_bed":1,"priority_score":1.0,"priority_tier":"monitor","recommended_action":"no_action","region_id":"puget_sound","region_name":"Puget Sound, WA","state":"WA","status":2,"status_label":"healthy"}},{"type":"Feature","geometry":{"geodesic":false,"type":"Polygon","coordinates":[[[-122.44216985605902,47.68437191163244],[-122.44216985605902,47.681676965780085],[-122.43947491020667,47.681676965780085],[-122.43947491020667,47.67898201992772],[-122.4367799643543,47.67898201992772],[-122.4367799643543,47.68437191163244],[-122.44216985605902,47.68437191163244]]]},"id":"-45433+17693","properties":{"area_sq_km":0.0,"count":3,"label":0,"latitude":47.682126104424384,"longitude":-122.4390257232499,"near_healthy_bed":1,"priority_score":1.0,"priority_tier":"monitor","recommended_action":"urchin_removal_then_replant","region_id":"puget_sound","region_name":"Puget Sound, WA","state":"WA","status":0,"status_label":"barren"}},{"type":"Feature","geometry":{"geodesic":false,"type":"Polygon","coordinates":[[[-122.43947491020667,47.700541586746596],[-122.4367799643543,47.700541586746596],[-122.4367799643543,47.70323653259895],[-122.43947491020667,47.70323653259895],[-122.43947491020667,47.700541586746596]]]},"id":"-45433+17700","properties":{"area_sq_km":0.0,"count":1,"label":0,"latitude":47.70188905598485,"longitude":-122.43812743726153,"near_healthy_bed":1,"priority_score":1.0,"priority_tier":"monitor","recommended_action":"urchin_removal_then_replant","region_id":"puget_sound","region_name":"Puget Sound, WA","state":"WA","status":0,"status_label":"barren"}},{"type":"Feature","geometry":{"geodesic":false,"type":"Polygon","coordinates":[[[-122.43947491020667,47.71132137015603],[-122.4367799643543,47.71132137015603],[-122.4367799643543,47.71401631600838],[-122.43947491020667,47.71401631600838],[-122.43947491020667,47.71132137015603]]]},"id":"-45433+17704","properties":{"area_sq_km":0.0,"count":1,"label":0,"latitude":47.71266883940023,"longitude":-122.43812743733372,"near_healthy_bed":1,"priority_score":1.0,"priority_tier":"monitor","recommended_action":"urchin_removal_then_replant","region_id":"puget_sound","region_name":"Puget Sound, WA","state":"WA","status":0,"status_label":"barren"}},{"type":"Feature","geometry":{"geodesic":false,"type":"Polygon","coordinates":[[[-122.43947491020667,47.732880936974894],[-122.4367799643543,47.732880936974894],[-122.4367799643543,47.735575882827256],[-122.43947491020667,47.735575882827256],[-122.43947491020667,47.732880936974894]]]},"id":"-45433+17712","properties":{"area_sq_km":0.0,"count":1,"label":0,"latitude":47.73422840612354,"longitude":-122.43812743733929,"near_healthy_bed":1,"priority_score":1.0,"priority_tier":"monitor","recommended_action":"urchin_removal_then_replant","region_id":"puget_sound","region_name":"Puget Sound, WA","state":"WA","status":0,"status_label":"barren"}},{"type":"Feature","geometry":{"geodesic":false,"type":"Polygon","coordinates":[[[-122.44216985605902,47.76252534135084],[-122.44216985605902,47.75713544964612],[-122.43947491020667,47.75713544964612],[-122.43947491020667,47.75983039549848],[-122.4367799643543,47.75983039549848],[-122.4367799643543,47.76252534135084],[-122.44216985605902,47.76252534135084]]]},"id":"-45433+17722","properties":{"area_sq_km":0.0,"count":3,"label":2,"latitude":47.76027953412483,"longitude":-122.43992409722713,"near_healthy_bed":1,"priority_score":1.0,"priority_tier":"monitor","recommended_action":"no_action","region_id":"puget_sound","region_name":"Puget Sound, WA","state":"WA","status":2,"status_label":"healthy"}},{"type":"Feature","geometry":{"geodesic":false,"type":"Polygon","coordinates":[[[-122.43947491020667,47.78138996231735],[-122.43947491020667,47.778695016464994],[-122.44216985605902,47.778695016464994],[-122.44216985605902,47.77600007061263],[-122.43408501850195,47.77600007061263],[-122.43408501850195,47.778695016464994],[-122.4367799643543,47.778695016464994],[-122.4367799643543,47.78138996231735],[-122.43947491020667,47.78138996231735]]]},"id":"-45433+17729","properties":{"area_sq_km":0.0,"count":4,"label":2,"latitude":47.77802128946002,"longitude":-122.43812743725489,"near_healthy_bed":1,"priority_score":1.0,"priority_tier":"monitor","recommended_action":"no_action","region_id":"puget_sound","region_name":"Puget Sound, WA","state":"WA","status":2,"status_label":"healthy"}},{"type":"Feature","geometry":{"geodesic":false,"type":"Polygon","coordinates":[[[-122.43947491020667,47.80833942084094],[-122.4367799643543,47.80833942084094],[-122.4367799643543,47.81103436669329],[-122.43947491020667,47.81103436669329],[-122.43947491020667,47.80833942084094]]]},"id":"-45433+17740","properties":{"area_sq_km":0.0,"count":1,"label":0,"latitude":47.80968689002632,"longitude":-122.43812743740648,"near_healthy_bed":1,"priority_score":1.0,"priority_tier":"monitor","recommended_action":"urchin_removal_then_replant","region_id":"puget_sound","region_name":"Puget Sound, WA","state":"WA","status":0,"status_label":"barren"}},{"type":"Feature","geometry":{"geodesic":false,"type":"Polygon","coordinates":[[[-122.44486480191138,47.81642425839801],[-122.4367799643543,47.81642425839801],[-122.4367799643543,47.81911920425037],[-122.44486480191138,47.81911920425037],[-122.44486480191138,47.81642425839801]]]},"id":"-45433+17743","properties":{"area_sq_km":0.0,"count":3,"label":0,"latitude":47.81777179061904,"longitude":-122.44082238311469,"near_healthy_bed":1,"priority_score":1.0,"priority_tier":"monitor","recommended_action":"urchin_removal_then_replant","region_id":"puget_sound","region_name":"Puget Sound, WA","state":"WA","status":0,"status_label":"barren"}},{"type":"Feature","geometry":{"geodesic":false,"type":"Polygon","coordinates":[[[-122.43408501850195,47.80294952913622],[-122.43408501850195,47.797559637431505],[-122.42600018094487,47.797559637431505],[-122.42600018094487,47.79486469157914],[-122.42330523509251,47.79486469157914],[-122.42330523509251,47.79216974572679],[-122.42600018094487,47.79216974572679],[-122.42600018094487,47.78138996231735],[-122.43139007264959,47.78138996231735],[-122.43139007264959,47.778695016464994],[-122.42869512679724,47.778695016464994],[-122.42869512679724,47.77600007061263],[-122.43408501850195,47.77600007061263],[-122.43408501850195,47.77330512476028],[-122.43139007264959,47.77330512476028],[-122.43139007264959,47.751745557941405],[-122.43408501850195,47.751745557941405],[-122.43408501850195,47.74905061208905],[-122.4367799643543,47.74905061208905],[-122.4367799643543,47.74635566623669],[-122.43947491020667,47.74635566623669],[-122.43947491020667,47.743660720384334],[-122.44216985605902,47.743660720384334],[-122.44216985605902,47.74096577453197],[-122.43947491020667,47.74096577453197],[-122.43947491020667,47.735575882827256],[-122.44216985605902,47.735575882827256],[-122.44216985605902,47.73827082867961],[-122.44486480191138,47.73827082867961],[-122.44486480191138,47.735575882827256],[-122.44755974776375,47.735575882827256],[-122.44755974776375,47.732880936974894],[-122.44486480191138,47.732880936974894],[-122.44486480191138,47.73018599112254],[-122.45564458532081,47.73018599112254],[-122.45564458532081,47.72479609941782],[-122.45294963946846,47.72479609941782],[-122.45294963946846,47.71940620771311],[-122.45833953117318,47.71940620771311],[-122.45833953117318,47.716711261860745],[-122.46103447702554,47.716711261860745],[-122.46103447702554,47.71401631600839],[-122.44216985605902,47.71401631600839],[-122.44216985605902,47.71132137015603],[-122.44486480191138,47.71132137015603],[-122.44486480191138,47.70862642430367],[-122.43947491020667,47.70862642430367],[-122.43947491020667,47.70593147845131],[-122.44486480191138,47.70593147845131],[-122.44486480191138,47.70323653259895],[-122.44216985605902,47.70323653259895],[-122.44216985605902,47.697846640894234],[-122.43947491020667,47.697846640894234],[-122.43947491020667,47.69245674918952],[-122.44216985605902,47.69245674918952],[-122.44216985605902,47.68976180333716],[-122.43947491020667,47.68976180333716],[-122.43947491020667,47.6870668574848],[-122.44486480191138,47.6870668574848],[-122.44486480191138,47.68976180333716],[-122.45564458532081,47.68976180333716],[-122.45564458532081,47.681676965780085],[-122.44755974776375,47.681676965780085],[-122.44755974776375,47.67898201992772],[-122.45294963946846,47.67898201992772],[-122.45294963946846,47.67628707407537],[-122.4502546936161,47.67628707407537],[-122.4502546936161,47.67359212822301],[-122.4367799643543,47.67359212822301],[-122.4367799643543,47.66820223651829],[-122.43408501850195,47.66820223651829],[-122.43408501850195,47.67089718237065],[-122.42869512679724,47.67089718237065],[-122.42869512679724,47.66820223651829],[-122.42061028924016,47.66820223651829],[-122.42061028924016,47.67089718237065],[-122.41252545168308,47.67089718237065],[-122.41252545168308,47.67628707407537],[-122.41522039753544,47.67628707407537],[-122.41522039753544,47.67898201992772],[-122.41252545168308,47.67898201992772],[-122.41252545168308,47.68437191163244],[-122.40983050583073,47.68437191163244],[-122.40983050583073,47.6870668574848],[-122.40713555997836,47.6870668574848],[-122.40713555997836,47.68976180333716],[-122.40983050583073,47.68976180333716],[-122.40983050583073,47.69515169504188],[-122.404440614126,47.69515169504188],[-122.404440614126,47.697846640894234],[-122.40174566827365,47.697846640894234],[-122.40174566827365,47.700541586746596],[-122.39366083071657,47.700541586746596],[-122.39366083071657,47.70323653259895],[-122.39096588486422,47.70323653259895],[-122.39096588486422,47.70593147845131],[-122.39366083071657,47.70593147845131],[-122.39366083071657,47.70862642430367],[-122.38557599315949,47.70862642430367],[-122.38557599315949,47.71132137015603],[-122.38288104730714,47.71132137015603],[-122.38288104730714,47.71401631600839],[-122.38018610145478,47.71401631600839],[-122.38018610145478,47.716711261860745],[-122.37749115560241,47.716711261860745],[-122.37749115560241,47.73827082867961],[-122.38018610145478,47.73827082867961],[-122.38018610145478,47.743660720384334],[-122.38288104730714,47.743660720384334],[-122.38288104730714,47.74635566623669],[-122.38557599315949,47.74635566623669],[-122.38557599315949,47.74905061208905],[-122.38288104730714,47.74905061208905],[-122.38288104730714,47.75983039549848],[-122.38557599315949,47.75983039549848],[-122.38557599315949,47.76252534135084],[-122.39096588486422,47.76252534135084],[-122.39096588486422,47.76791523305556],[-122.39635577656892,47.76791523305556],[-122.39635577656892,47.77600007061263],[-122.3990507224213,47.77600007061263],[-122.3990507224213,47.778695016464994],[-122.40174566827365,47.778695016464994],[-122.40174566827365,47.78138996231735],[-122.3990507224213,47.78138996231735],[-122.3990507224213,47.78408490816971],[-122.39366083071657,47.78408490816971],[-122.39366083071657,47.786779854022065],[-122.39096588486422,47.786779854022065],[-122.39096588486422,47.78947479987443],[-122.39366083071657,47.78947479987443],[-122.39366083071657,47.797559637431505],[-122.39635577656892,47.797559637431505],[-122.39635577656892,47.80025458328386],[-122.3990507224213,47.80025458328386],[-122.3990507224213,47.80833942084094],[-122.39366083071657,47.80833942084094],[-122.39366083071657,47.81103436669329],[-122.38827093901186,47.81103436669329],[-122.38827093901186,47.813729312545654],[-122.38557599315949,47.813729312545654],[-122.38557599315949,47.816424258398015],[-122.37749115560241,47.816424258398015],[-122.37749115560241,47.82181415010273],[-122.37479620975006,47.82181415010273],[-122.37479620975006,47.82450909595509],[-122.3721012638977,47.82450909595509],[-122.3721012638977,47.82720404180745],[-122.37749115560241,47.82720404180745],[-122.37749115560241,47.82450909595509],[-122.39096588486422,47.82450909595509],[-122.39096588486422,47.82181415010273],[-122.39366083071657,47.82181415010273],[-122.39366083071657,47.82720404180745],[-122.38557599315949,47.82720404180745],[-122.38557599315949,47.8298989876598],[-122.39366083071657,47.8298989876598],[-122.39366083071657,47.832593933512165],[-122.39635577656892,47.832593933512165],[-122.39635577656892,47.8298989876598],[-122.3990507224213,47.8298989876598],[-122.3990507224213,47.832593933512165],[-122.404440614126,47.832593933512165],[-122.404440614126,47.82720404180745],[-122.40174566827365,47.82720404180745],[-122.40174566827365,47.82450909595509],[-122.40983050583073,47.82450909595509],[-122.40983050583073,47.82720404180745],[-122.40713555997836,47.82720404180745],[-122.40713555997836,47.8298989876598],[-122.4179153433878,47.8298989876598],[-122.4179153433878,47.832593933512165],[-122.43139007264959,47.832593933512165],[-122.43139007264959,47.8298989876598],[-122.42869512679724,47.8298989876598],[-122.42869512679724,47.82720404180745],[-122.43139007264959,47.82720404180745],[-122.43139007264959,47.82450909595509],[-122.4367799643543,47.82450909595509],[-122.4367799643543,47.82181415010273],[-122.43947491020667,47.82181415010273],[-122.43947491020667,47.82450909595509],[-122.44486480191138,47.82450909595509],[-122.44486480191138,47.82720404180745],[-122.44216985605902,47.82720404180745],[-122.44216985605902,47.8298989876598],[-122.4367799643543,47.8298989876598],[-122.4367799643543,47.83798382521688],[-122.44486480191138,47.83798382521688],[-122.44486480191138,47.83528887936452],[-122.4502546936161,47.83528887936452],[-122.4502546936161,47.8298989876598],[-122.45294963946846,47.8298989876598],[-122.45294963946846,47.82720404180745],[-122.45564458532081,47.82720404180745],[-122.45564458532081,47.82450909595509],[-122.45294963946846,47.82450909595509],[-122.45294963946846,47.82181415010273],[-122.4502546936161,47.82181415010273],[-122.4502546936161,47.81911920425037],[-122.45833953117318,47.81911920425037],[-122.45833953117318,47.82181415010273],[-122.46103447702554,47.82181415010273],[-122.46103447702554,47.816424258398015],[-122.46642436873026,47.816424258398015],[-122.46642436873026,47.81103436669329],[-122.46372942287789,47.81103436669329],[-122.46372942287789,47.80833942084094],[-122.46103447702554,47.80833942084094],[-122.46103447702554,47.80294952913622],[-122.46372942287789,47.80294952913622],[-122.46372942287789,47.80025458328386],[-122.46911931458261,47.80025458328386],[-122.46911931458261,47.79216974572679],[-122.46372942287789,47.79216974572679],[-122.46372942287789,47.78947479987443],[-122.46642436873026,47.78947479987443],[-122.46642436873026,47.786779854022065],[-122.46103447702554,47.786779854022065],[-122.46103447702554,47.78408490816971],[-122.45833953117318,47.78408490816971],[-122.45833953117318,47.78947479987443],[-122.45564458532081,47.78947479987443],[-122.45564458532081,47.79216974572679],[-122.45294963946846,47.79216974572679],[-122.45294963946846,47.79486469157914],[-122.45833953117318,47.79486469157914],[-122.45833953117318,47.80294952913622],[-122.45294963946846,47.80294952913622],[-122.45294963946846,47.797559637431505],[-122.44755974776375,47.797559637431505],[-122.44755974776375,47.79486469157914],[-122.4502546936161,47.79486469157914],[-122.4502546936161,47.79216974572679],[-122.44486480191138,47.79216974572679],[-122.44486480191138,47.79486469157914],[-122.44216985605902,47.79486469157914],[-122.44216985605902,47.78947479987443],[-122.44755974776375,47.78947479987443],[-122.44755974776375,47.786779854022065],[-122.44216985605902,47.786779854022065],[-122.44216985605902,47.78408490816971],[-122.43947491020667,47.78408490816971],[-122.43947491020667,47.78947479987443],[-122.43139007264959,47.78947479987443],[-122.43139007264959,47.79216974572679],[-122.43947491020667,47.79216974572679],[-122.43947491020667,47.79486469157914],[-122.4367799643543,47.79486469157914],[-122.4367799643543,47.80294952913622],[-122.43408501850195,47.80294952913622]],[[-122.4502546936161,47.81911920425037],[-122.4502546936161,47.816424258398015],[-122.44755974776375,47.816424258398015],[-122.44755974776375,47.81911920425037],[-122.4502546936161,47.81911920425037]],[[-122.44486480191138,47.73018599112254],[-122.44486480191138,47.72749104527018],[-122.44216985605902,47.72749104527018],[-122.44216985605902,47.73018599112254],[-122.44486480191138,47.73018599112254]],[[-122.44486480191138,47.82450909595509],[-122.44755974776375,47.82450909595509],[-122.44755974776375,47.82181415010273],[-122.44486480191138,47.82181415010273],[-122.44486480191138,47.82450909595509]],[[-122.43947491020667,47.735575882827256],[-122.43947491020667,47.732880936974894],[-122.4367799643543,47.732880936974894],[-122.4367799643543,47.735575882827256],[-122.43947491020667,47.735575882827256]],[[-122.43408501850195,47.80294952913622],[-122.43139007264959,47.80294952913622],[-122.43139007264959,47.805644474988576],[-122.42600018094487,47.805644474988576],[-122.42600018094487,47.80833942084094],[-122.43408501850195,47.80833942084094],[-122.43408501850195,47.80294952913622]],[[-122.42869512679724,47.82720404180745],[-122.42869512679724,47.82450909595509],[-122.42330523509251,47.82450909595509],[-122.42330523509251,47.82720404180745],[-122.42869512679724,47.82720404180745]],[[-122.39366083071657,47.82181415010273],[-122.39635577656892,47.82181415010273],[-122.39635577656892,47.81911920425037],[-122.39366083071657,47.81911920425037],[-122.39366083071657,47.82181415010273]],[[-122.46642436873026,47.79486469157914],[-122.46103447702554,47.79486469157914],[-122.46103447702554,47.797559637431505],[-122.46642436873026,47.797559637431505],[-122.46642436873026,47.79486469157914]],[[-122.44755974776375,47.8298989876598],[-122.44486480191138,47.8298989876598],[-122.44486480191138,47.832593933512165],[-122.44755974776375,47.832593933512165],[-122.44755974776375,47.8298989876598]],[[-122.44486480191138,47.67628707407537],[-122.44216985605902,47.67628707407537],[-122.44216985605902,47.67898201992772],[-122.44486480191138,47.67898201992772],[-122.44486480191138,47.67628707407537]],[[-122.44486480191138,47.80025458328386],[-122.44216985605902,47.80025458328386],[-122.44216985605902,47.80833942084094],[-122.44486480191138,47.80833942084094],[-122.44486480191138,47.80025458328386]],[[-122.44486480191138,47.816424258398015],[-122.4367799643543,47.816424258398015],[-122.4367799643543,47.81911920425037],[-122.44486480191138,47.81911920425037],[-122.44486480191138,47.816424258398015]],[[-122.44216985605902,47.681676965780085],[-122.43947491020667,47.681676965780085],[-122.43947491020667,47.67898201992772],[-122.4367799643543,47.67898201992772],[-122.4367799643543,47.68437191163244],[-122.44216985605902,47.68437191163244],[-122.44216985605902,47.681676965780085]],[[-122.43947491020667,47.700541586746596],[-122.4367799643543,47.700541586746596],[-122.4367799643543,47.70323653259895],[-122.43947491020667,47.70323653259895],[-122.43947491020667,47.700541586746596]],[[-122.43947491020667,47.71132137015603],[-122.4367799643543,47.71132137015603],[-122.4367799643543,47.71401631600839],[-122.43947491020667,47.71401631600839],[-122.43947491020667,47.71132137015603]],[[-122.43947491020667,47.80833942084094],[-122.4367799643543,47.80833942084094],[-122.4367799643543,47.81103436669329],[-122.43947491020667,47.81103436669329],[-122.43947491020667,47.80833942084094]],[[-122.43408501850195,47.81103436669329],[-122.42869512679724,47.81103436669329],[-122.42869512679724,47.813729312545654],[-122.43408501850195,47.813729312545654],[-122.43408501850195,47.81103436669329]],[[-122.43408501850195,47.81911920425037],[-122.42600018094487,47.81911920425037],[-122.42600018094487,47.82181415010273],[-122.43408501850195,47.82181415010273],[-122.43408501850195,47.81911920425037]],[[-122.43139007264959,47.73827082867961],[-122.42869512679724,47.73827082867961],[-122.42869512679724,47.74096577453197],[-122.43139007264959,47.74096577453197],[-122.43139007264959,47.73827082867961]],[[-122.42869512679724,47.74635566623669],[-122.42600018094487,47.74635566623669],[-122.42600018094487,47.75444050379377],[-122.42869512679724,47.75444050379377],[-122.42869512679724,47.74635566623669]],[[-122.42869512679724,47.76791523305556],[-122.42600018094487,47.76791523305556],[-122.42600018094487,47.770610178907916],[-122.42869512679724,47.770610178907916],[-122.42869512679724,47.76791523305556]],[[-122.42330523509251,47.70862642430367],[-122.42061028924016,47.70862642430367],[-122.42061028924016,47.71132137015603],[-122.42330523509251,47.71132137015603],[-122.42330523509251,47.70862642430367]],[[-122.42330523509251,47.778695016464994],[-122.4179153433878,47.778695016464994],[-122.4179153433878,47.78138996231735],[-122.42330523509251,47.78138996231735],[-122.42330523509251,47.778695016464994]],[[-122.4179153433878,47.81911920425037],[-122.41522039753544,47.81911920425037],[-122.41522039753544,47.82181415010273],[-122.4179153433878,47.82181415010273],[-122.4179153433878,47.81911920425037]],[[-122.41522039753544,47.770610178907916],[-122.41252545168308,47.770610178907916],[-122.41252545168308,47.77330512476028],[-122.41522039753544,47.77330512476028],[-122.41522039753544,47.770610178907916]],[[-122.41522039753544,47.80294952913622],[-122.41252545168308,47.80294952913622],[-122.41252545168308,47.805644474988576],[-122.41522039753544,47.805644474988576],[-122.41522039753544,47.80294952913622]],[[-122.41252545168308,47.786779854022065],[-122.40713555997836,47.786779854022065],[-122.40713555997836,47.78947479987443],[-122.41252545168308,47.78947479987443],[-122.41252545168308,47.786779854022065]],[[-122.41252545168308,47.79216974572679],[-122.40983050583073,47.79216974572679],[-122.40983050583073,47.79486469157914],[-122.41252545168308,47.79486469157914],[-122.41252545168308,47.79216974572679]],[[-122.40983050583073,47.778695016464994],[-122.40713555997836,47.778695016464994],[-122.40713555997836,47.78138996231735],[-122.40983050583073,47.78138996231735],[-122.40983050583073,47.778695016464994]],[[-122.404440614126,47.81911920425037],[-122.40174566827365,47.81911920425037],[-122.40174566827365,47.82181415010273],[-122.404440614126,47.82181415010273],[-122.404440614126,47.81911920425037]],[[-122.3990507224213,47.79216974572679],[-122.39635577656892,47.79216974572679],[-122.39635577656892,47.79486469157914],[-122.3990507224213,47.79486469157914],[-122.3990507224213,47.79216974572679]],[[-122.38557599315949,47.72749104527018],[-122.38827093901186,47.72749104527018],[-122.38827093901186,47.71940620771311],[-122.39366083071657,47.71940620771311],[-122.39366083071657,47.71132137015603],[-122.39096588486422,47.71132137015603],[-122.39096588486422,47.71401631600839],[-122.38827093901186,47.71401631600839],[-122.38827093901186,47.716711261860745],[-122.38557599315949,47.716711261860745],[-122.38557599315949,47.71940620771311],[-122.38018610145478,47.71940620771311],[-122.38018610145478,47.72479609941782],[-122.38288104730714,47.72479609941782],[-122.38288104730714,47.72210115356546],[-122.38557599315949,47.72210115356546],[-122.38557599315949,47.72749104527018]],[[-122.41252545168308,47.81103436669329],[-122.40983050583073,47.81103436669329],[-122.40983050583073,47.813729312545654],[-122.40713555997836,47.813729312545654],[-122.40713555997836,47.805644474988576],[-122.40983050583073,47.805644474988576],[-122.40983050583073,47.80025458328386],[-122.40174566827365,47.80025458328386],[-122.40174566827365,47.805644474988576],[-122.404440614126,47.805644474988576],[-122.404440614126,47.80833942084094],[-122.40174566827365,47.80833942084094],[-122.40174566827365,47.816424258398015],[-122.40983050583073,47.816424258398015],[-122.40983050583073,47.81911920425037],[-122.41252545168308,47.81911920425037],[-122.41252545168308,47.81103436669329]],[[-122.38557599315949,47.73018599112254],[-122.38557599315949,47.732880936974894],[-122.38827093901186,47.732880936974894],[-122.38827093901186,47.73018599112254],[-122.38557599315949,47.73018599112254]],[[-122.41252545168308,47.81103436669329],[-122.41522039753544,47.81103436669329],[-122.41522039753544,47.80833942084094],[-122.41252545168308,47.80833942084094],[-122.41252545168308,47.81103436669329]],[[-122.42330523509251,47.80025458328386],[-122.42330523509251,47.80294952913622],[-122.42600018094487,47.80294952913622],[-122.42600018094487,47.80025458328386],[-122.42330523509251,47.80025458328386]],[[-122.42330523509251,47.80025458328386],[-122.42330523509251,47.797559637431505],[-122.4179153433878,47.797559637431505],[-122.4179153433878,47.80025458328386],[-122.42330523509251,47.80025458328386]],[[-122.38557599315949,47.73018599112254],[-122.38557599315949,47.72749104527018],[-122.38018610145478,47.72749104527018],[-122.38018610145478,47.73018599112254],[-122.38557599315949,47.73018599112254]]]},"id":"-45433+17750","properties":{"area_sq_km":67.0,"count":1105,"label":2,"latitude":47.75376878332181,"longitude":-122.41924503933544,"near_healthy_bed":1,"priority_score":1.0,"priority_tier":"monitor","recommended_action":"no_action","region_id":"puget_sound","region_name":"Puget Sound, WA","state":"WA","status":2,"status_label":"healthy"}},{"type":"Feature","geometry":{"geodesic":false,"type":"Polygon","coordinates":[[[-122.44486480191138,47.33941884253055],[-122.44486480191138,47.33672389667819],[-122.44216985605902,47.33672389667819],[-122.44216985605902,47.33402895082583],[-122.43947491020667,47.33402895082583],[-122.43947491020667,47.33941884253055],[-122.44486480191138,47.33941884253055]]]},"id":"-45434+17565","properties":{"area_sq_km":0.0,"count":3,"label":2,"latitude":47.33717303589593,"longitude":-122.44172066945526,"near_healthy_bed":1,"priority_score":1.0,"priority_tier":"monitor","recommended_action":"no_action","region_id":"puget_sound","region_name":"Puget Sound, WA","state":"WA","status":2,"status_label":"healthy"}},{"type":"Feature","geometry":{"geodesic":false,"type":"Polygon","coordinates":[[[-122.44486480191138,47.40140259713479],[-122.44486480191138,47.387927867873],[-122.44755974776375,47.387927867873],[-122.44755974776375,47.38253797616828],[-122.44486480191138,47.38253797616828],[-122.44486480191138,47.38523292202064],[-122.43408501850195,47.38523292202064],[-122.43408501850195,47.387927867873],[-122.4367799643543,47.387927867873],[-122.4367799643543,47.39062281372536],[-122.43947491020667,47.39062281372536],[-122.43947491020667,47.40140259713479],[-122.44486480191138,47.40140259713479]]]},"id":"-45434+17588","properties":{"area_sq_km":1.0,"count":17,"label":2,"latitude":47.39133578163864,"longitude":-122.44177353377685,"near_healthy_bed":1,"priority_score":1.0,"priority_tier":"monitor","recommended_action":"no_action","region_id":"puget_sound","region_name":"Puget Sound, WA","state":"WA","status":2,"status_label":"healthy"}},{"type":"Feature","geometry":{"geodesic":false,"type":"Polygon","coordinates":[[[-122.44216985605902,47.74905061208905],[-122.43947491020667,47.74905061208905],[-122.43947491020667,47.75444050379377],[-122.44216985605902,47.75444050379377],[-122.44216985605902,47.74905061208905]]]},"id":"-45434+17719","properties":{"area_sq_km":0.0,"count":2,"label":2,"latitude":47.75174551934737,"longitude":-122.44082238311086,"near_healthy_bed":1,"priority_score":1.0,"priority_tier":"monitor","recommended_action":"no_action","region_id":"puget_sound","region_name":"Puget Sound, WA","state":"WA","status":2,"status_label":"healthy"}},{"type":"Feature","geometry":{"geodesic":false,"type":"Polygon","coordinates":[[[-122.44216985605902,47.840678771069236],[-122.43947491020667,47.840678771069236],[-122.43947491020667,47.8433737169216],[-122.44216985605902,47.8433737169216],[-122.44216985605902,47.840678771069236]]]},"id":"-45434+17752","properties":{"area_sq_km":0.0,"count":1,"label":2,"latitude":47.842026240315256,"longitude":-122.44082238316456,"near_healthy_bed":1,"priority_score":1.0,"priority_tier":"monitor","recommended_action":"no_action","region_id":"puget_sound","region_name":"Puget Sound, WA","state":"WA","status":2,"status_label":"healthy"}},{"type":"Feature","geometry":{"geodesic":false,"type":"Polygon","coordinates":[[[-122.44216985605902,47.948476605163584],[-122.43947491020667,47.948476605163584],[-122.43947491020667,47.95117155101594],[-122.44216985605902,47.95117155101594],[-122.44216985605902,47.948476605163584]]]},"id":"-45434+17792","properties":{"area_sq_km":0.0,"count":1,"label":2,"latitude":47.949824074120386,"longitude":-122.44082238315642,"near_healthy_bed":1,"priority_score":1.0,"priority_tier":"monitor","recommended_action":"no_action","region_id":"puget_sound","region_name":"Puget Sound, WA","state":"WA","status":2,"status_label":"healthy"}},{"type":"Feature","geometry":{"geodesic":false,"type":"Polygon","coordinates":[[[-122.44486480191138,47.3421137883829],[-122.44216985605902,47.3421137883829],[-122.44216985605902,47.344808734235265],[-122.44486480191138,47.344808734235265],[-122.44486480191138,47.3421137883829]]]},"id":"-45435+17567","properties":{"area_sq_km":0.0,"count":1,"label":2,"latitude":47.343461257790544,"longitude":-122.44351732888468,"near_healthy_bed":1,"priority_score":1.0,"priority_tier":"monitor","recommended_action":"no_action","region_id":"puget_sound","region_name":"Puget Sound, WA","state":"WA","status":2,"status_label":"healthy"}},{"type":"Feature","geometry":{"geodesic":false,"type":"Polygon","coordinates":[[[-122.44486480191138,47.4984206478197],[-122.44216985605902,47.4984206478197],[-122.44216985605902,47.50111559367206],[-122.44486480191138,47.50111559367206],[-122.44486480191138,47.4984206478197]]]},"id":"-45435+17625","properties":{"area_sq_km":0.0,"count":1,"label":2,"latitude":47.49976811708831,"longitude":-122.44351732895592,"near_healthy_bed":1,"priority_score":1.0,"priority_tier":"monitor","recommended_action":"no_action","region_id":"puget_sound","region_name":"Puget Sound, WA","state":"WA","status":2,"status_label":"healthy"}},{"type":"Feature","geometry":{"geodesic":false,"type":"Polygon","coordinates":[[[-122.44486480191138,47.50650548537678],[-122.44216985605902,47.50650548537678],[-122.44216985605902,47.50920043122913],[-122.44486480191138,47.50920043122913],[-122.44486480191138,47.50650548537678]]]},"id":"-45435+17628","properties":{"area_sq_km":0.0,"count":1,"label":2,"latitude":47.50785295461667,"longitude":-122.44351732900961,"near_healthy_bed":1,"priority_score":1.0,"priority_tier":"monitor","recommended_action":"no_action","region_id":"puget_sound","region_name":"Puget Sound, WA","state":"WA","status":2,"status_label":"healthy"}},{"type":"Feature","geometry":{"geodesic":false,"type":"Polygon","coordinates":[[[-122.44486480191138,47.64933761555178],[-122.44216985605902,47.64933761555178],[-122.44216985605902,47.65203256140414],[-122.44486480191138,47.65203256140414],[-122.44486480191138,47.64933761555178]]]},"id":"-45435+17681","properties":{"area_sq_km":0.0,"count":1,"label":2,"latitude":47.65068508479939,"longitude":-122.44351732892984,"near_healthy_bed":1,"priority_score":1.0,"priority_tier":"monitor","recommended_action":"no_action","region_id":"puget_sound","region_name":"Puget Sound, WA","state":"WA","status":2,"status_label":"healthy"}},{"type":"Feature","geometry":{"geodesic":false,"type":"Polygon","coordinates":[[[-122.44486480191138,47.654727507256496],[-122.44216985605902,47.654727507256496],[-122.44216985605902,47.66011739896121],[-122.44486480191138,47.66011739896121],[-122.44486480191138,47.654727507256496]]]},"id":"-45435+17684","properties":{"area_sq_km":0.0,"count":2,"label":2,"latitude":47.657422414598535,"longitude":-122.44351732893603,"near_healthy_bed":1,"priority_score":1.0,"priority_tier":"monitor","recommended_action":"no_action","region_id":"puget_sound","region_name":"Puget Sound, WA","state":"WA","status":2,"status_label":"healthy"}},{"type":"Feature","geometry":{"geodesic":false,"type":"Polygon","coordinates":[[[-122.44486480191138,47.67628707407537],[-122.44216985605902,47.67628707407537],[-122.44216985605902,47.67898201992772],[-122.44486480191138,47.67898201992772],[-122.44486480191138,47.67628707407537]]]},"id":"-45435+17691","properties":{"area_sq_km":0.0,"count":1,"label":0,"latitude":47.67763454330685,"longitude":-122.44351732892582,"near_healthy_bed":1,"priority_score":1.0,"priority_tier":"monitor","recommended_action":"urchin_removal_then_replant","region_id":"puget_sound","region_name":"Puget Sound, WA","state":"WA","status":0,"status_label":"barren"}},{"type":"Feature","geometry":{"geodesic":false,"type":"Polygon","coordinates":[[[-122.44486480191138,47.72749104527018],[-122.44216985605902,47.72749104527018],[-122.44216985605902,47.73018599112254],[-122.44486480191138,47.73018599112254],[-122.44486480191138,47.72749104527018]]]},"id":"-45435+17710","properties":{"area_sq_km":0.0,"count":1,"label":0,"latitude":47.728838514566085,"longitude":-122.44351732897366,"near_healthy_bed":1,"priority_score":1.0,"priority_tier":"monitor","recommended_action":"urchin_removal_then_replant","region_id":"puget_sound","region_name":"Puget Sound, WA","state":"WA","status":0,"status_label":"barren"}},{"type":"Feature","geometry":{"geodesic":false,"type":"Polygon","coordinates":[[[-122.44486480191138,47.75444050379377],[-122.44216985605902,47.75444050379377],[-122.44216985605902,47.75713544964612],[-122.44486480191138,47.75713544964612],[-122.44486480191138,47.75444050379377]]]},"id":"-45435+17720","properties":{"area_sq_km":0.0,"count":1,"label":2,"latitude":47.7557879729675,"longitude":-122.4435173289695,"near_healthy_bed":1,"priority_score":1.0,"priority_tier":"monitor","recommended_action":"no_action","region_id":"puget_sound","region_name":"Puget Sound, WA","state":"WA","status":2,"status_label":"healthy"}},{"type":"Feature","geometry":{"geodesic":false,"type":"Polygon","coordinates":[[[-122.44486480191138,47.76791523305556],[-122.44216985605902,47.76791523305556],[-122.44216985605902,47.77600007061263],[-122.44486480191138,47.77600007061263],[-122.44486480191138,47.76791523305556]]]},"id":"-45435+17727","properties":{"area_sq_km":0.0,"count":3,"label":2,"latitude":47.771957555003326,"longitude":-122.44351732885256,"near_healthy_bed":1,"priority_score":1.0,"priority_tier":"monitor","recommended_action":"no_action","region_id":"puget_sound","region_name":"Puget Sound, WA","state":"WA","status":2,"status_label":"healthy"}},{"type":"Feature","geometry":{"geodesic":false,"type":"Polygon","coordinates":[[[-122.44486480191138,47.78138996231735],[-122.44216985605902,47.78138996231735],[-122.44216985605902,47.78408490816971],[-122.44486480191138,47.78408490816971],[-122.44486480191138,47.78138996231735]]]},"id":"-45435+17730","properties":{"area_sq_km":0.0,"count":1,"label":2,"latitude":47.78273743147246,"longitude":-122.44351732884815,"near_healthy_bed":1,"priority_score":1.0,"priority_tier":"monitor","recommended_action":"no_action","region_id":"puget_sound","region_name":"Puget Sound, WA","state":"WA","status":2,"status_label":"healthy"}},{"type":"Feature","geometry":{"geodesic":false,"type":"Polygon","coordinates":[[[-122.44486480191138,47.80025458328386],[-122.44216985605902,47.80025458328386],[-122.44216985605902,47.80833942084094],[-122.44486480191138,47.80833942084094],[-122.44486480191138,47.80025458328386]]]},"id":"-45435+17739","properties":{"area_sq_km":0.0,"count":3,"label":0,"latitude":47.80429690510606,"longitude":-122.44351732893549,"near_healthy_bed":1,"priority_score":1.0,"priority_tier":"monitor","recommended_action":"urchin_removal_then_replant","region_id":"puget_sound","region_name":"Puget Sound, WA","state":"WA","status":0,"status_label":"barren"}},{"type":"Feature","geometry":{"geodesic":false,"type":"Polygon","coordinates":[[[-122.44755974776375,47.886492850559335],[-122.44216985605902,47.886492850559335],[-122.44216985605902,47.88918779641169],[-122.44755974776375,47.88918779641169],[-122.44755974776375,47.886492850559335]]]},"id":"-45435+17769","properties":{"area_sq_km":0.0,"count":2,"label":2,"latitude":47.88784034337797,"longitude":-122.4448648019553,"near_healthy_bed":1,"priority_score":1.0,"priority_tier":"monitor","recommended_action":"no_action","region_id":"puget_sound","region_name":"Puget Sound, WA","state":"WA","status":2,"status_label":"healthy"}},{"type":"Feature","geometry":{"geodesic":false,"type":"Polygon","coordinates":[[[-122.44486480191138,47.91883220078764],[-122.44216985605902,47.91883220078764],[-122.44216985605902,47.921527146639995],[-122.44486480191138,47.921527146639995],[-122.44486480191138,47.91883220078764]]]},"id":"-45435+17781","properties":{"area_sq_km":0.0,"count":1,"label":2,"latitude":47.92017966977167,"longitude":-122.44351732903108,"near_healthy_bed":1,"priority_score":1.0,"priority_tier":"monitor","recommended_action":"no_action","region_id":"puget_sound","region_name":"Puget Sound, WA","state":"WA","status":2,"status_label":"healthy"}},{"type":"Feature","geometry":{"geodesic":false,"type":"Polygon","coordinates":[[[-122.44755974776375,47.59004880679989],[-122.44486480191138,47.59004880679989],[-122.44486480191138,47.592743752652254],[-122.44755974776375,47.592743752652254],[-122.44755974776375,47.59004880679989]]]},"id":"-45436+17659","properties":{"area_sq_km":0.0,"count":1,"label":2,"latitude":47.59139627594561,"longitude":-122.44621227495051,"near_healthy_bed":1,"priority_score":1.0,"priority_tier":"monitor","recommended_action":"no_action","region_id":"puget_sound","region_name":"Puget Sound, WA","state":"WA","status":2,"status_label":"healthy"}},{"type":"Feature","geometry":{"geodesic":false,"type":"Polygon","coordinates":[[[-122.4502546936161,47.646642669699425],[-122.44486480191138,47.646642669699425],[-122.44486480191138,47.64933761555178],[-122.4502546936161,47.64933761555178],[-122.4502546936161,47.646642669699425]]]},"id":"-45436+17680","properties":{"area_sq_km":0.0,"count":2,"label":2,"latitude":47.64799016272331,"longitude":-122.4475597477769,"near_healthy_bed":1,"priority_score":1.0,"priority_tier":"monitor","recommended_action":"no_action","region_id":"puget_sound","region_name":"Puget Sound, WA","state":"WA","status":2,"status_label":"healthy"}},{"type":"Feature","geometry":{"geodesic":false,"type":"Polygon","coordinates":[[[-122.44755974776375,47.82181415010273],[-122.44486480191138,47.82181415010273],[-122.44486480191138,47.82450909595509],[-122.44755974776375,47.82450909595509],[-122.44755974776375,47.82181415010273]]]},"id":"-45436+17745","properties":{"area_sq_km":0.0,"count":1,"label":0,"latitude":47.82316161922861,"longitude":-122.44621227487035,"near_healthy_bed":1,"priority_score":1.0,"priority_tier":"monitor","recommended_action":"urchin_removal_then_replant","region_id":"puget_sound","region_name":"Puget Sound, WA","state":"WA","status":0,"status_label":"barren"}},{"type":"Feature","geometry":{"geodesic":false,"type":"Polygon","coordinates":[[[-122.44755974776375,47.8298989876598],[-122.44486480191138,47.8298989876598],[-122.44486480191138,47.832593933512165],[-122.44755974776375,47.832593933512165],[-122.44755974776375,47.8298989876598]]]},"id":"-45436+17748","properties":{"area_sq_km":0.0,"count":1,"label":0,"latitude":47.831246456649886,"longitude":-122.44621227502562,"near_healthy_bed":1,"priority_score":1.0,"priority_tier":"monitor","recommended_action":"urchin_removal_then_replant","region_id":"puget_sound","region_name":"Puget Sound, WA","state":"WA","status":0,"status_label":"barren"}},{"type":"Feature","geometry":{"geodesic":false,"type":"Polygon","coordinates":[[[-122.4502546936161,47.94578165931122],[-122.4502546936161,47.937696821754145],[-122.44755974776375,47.937696821754145],[-122.44755974776375,47.940391767606506],[-122.44486480191138,47.940391767606506],[-122.44486480191138,47.94578165931122],[-122.4502546936161,47.94578165931122]]]},"id":"-45436+17790","properties":{"area_sq_km":0.0,"count":5,"label":2,"latitude":47.94227816289009,"longitude":-122.44782927539627,"near_healthy_bed":1,"priority_score":1.0,"priority_tier":"monitor","recommended_action":"no_action","region_id":"puget_sound","region_name":"Puget Sound, WA","state":"WA","status":2,"status_label":"healthy"}},{"type":"Feature","geometry":{"geodesic":false,"type":"Polygon","coordinates":[[[-122.4502546936161,47.948476605163584],[-122.44486480191138,47.948476605163584],[-122.44486480191138,47.9538664968683],[-122.4502546936161,47.9538664968683],[-122.4502546936161,47.948476605163584]]]},"id":"-45436+17793","properties":{"area_sq_km":0.0,"count":4,"label":2,"latitude":47.95117153565144,"longitude":-122.44755974777452,"near_healthy_bed":1,"priority_score":1.0,"priority_tier":"monitor","recommended_action":"no_action","region_id":"puget_sound","region_name":"Puget Sound, WA","state":"WA","status":2,"status_label":"healthy"}},{"type":"Feature","geometry":{"geodesic":false,"type":"Polygon","coordinates":[[[-122.45294963946846,47.396012705430074],[-122.44755974776375,47.396012705430074],[-122.44755974776375,47.398707651282436],[-122.45294963946846,47.398707651282436],[-122.45294963946846,47.396012705430074]]]},"id":"-45437+17587","properties":{"area_sq_km":0.0,"count":2,"label":2,"latitude":47.39736019852179,"longitude":-122.4502546936338,"near_healthy_bed":1,"priority_score":1.0,"priority_tier":"monitor","recommended_action":"no_action","region_id":"puget_sound","region_name":"Puget Sound, WA","state":"WA","status":2,"status_label":"healthy"}},{"type":"Feature","geometry":{"geodesic":false,"type":"Polygon","coordinates":[[[-122.45294963946846,47.697846640894234],[-122.44755974776375,47.697846640894234],[-122.44755974776375,47.700541586746596],[-122.45294963946846,47.700541586746596],[-122.45294963946846,47.697846640894234]]]},"id":"-45437+17699","properties":{"area_sq_km":0.0,"count":2,"label":0,"latitude":47.69919413383179,"longitude":-122.45025469363165,"near_healthy_bed":1,"priority_score":1.0,"priority_tier":"monitor","recommended_action":"urchin_removal_then_replant","region_id":"puget_sound","region_name":"Puget Sound, WA","state":"WA","status":0,"status_label":"barren"}},{"type":"Feature","geometry":{"geodesic":false,"type":"Polygon","coordinates":[[[-122.45294963946846,47.700541586746596],[-122.44755974776375,47.700541586746596],[-122.44755974776375,47.70323653259895],[-122.45294963946846,47.70323653259895],[-122.45294963946846,47.700541586746596]]]},"id":"-45437+17700","properties":{"area_sq_km":0.0,"count":2,"label":2,"latitude":47.70188907952892,"longitude":-122.45025469360368,"near_healthy_bed":1,"priority_score":1.0,"priority_tier":"monitor","recommended_action":"no_action","region_id":"puget_sound","region_name":"Puget Sound, WA","state":"WA","status":2,"status_label":"healthy"}},{"type":"Feature","geometry":{"geodesic":false,"type":"Polygon","coordinates":[[[-122.4502546936161,47.81642425839801],[-122.44755974776375,47.81642425839801],[-122.44755974776375,47.81911920425037],[-122.4502546936161,47.81911920425037],[-122.4502546936161,47.81642425839801]]]},"id":"-45437+17743","properties":{"area_sq_km":0.0,"count":1,"label":0,"latitude":47.817771727509054,"longitude":-122.44890722056002,"near_healthy_bed":1,"priority_score":1.0,"priority_tier":"monitor","recommended_action":"urchin_removal_then_replant","region_id":"puget_sound","region_name":"Puget Sound, WA","state":"WA","status":0,"status_label":"barren"}},{"type":"Feature","geometry":{"geodesic":false,"type":"Polygon","coordinates":[[[-122.45294963946846,47.61430331947112],[-122.45294963946846,47.61160837361876],[-122.45564458532081,47.61160837361876],[-122.45564458532081,47.6089134277664],[-122.44755974776375,47.6089134277664],[-122.44755974776375,47.60352353606169],[-122.4502546936161,47.60352353606169],[-122.4502546936161,47.592743752652254],[-122.44755974776375,47.592743752652254],[-122.44755974776375,47.59543869850461],[-122.44486480191138,47.59543869850461],[-122.44486480191138,47.600828590209325],[-122.44216985605902,47.600828590209325],[-122.44216985605902,47.60621848191404],[-122.43947491020667,47.60621848191404],[-122.43947491020667,47.6089134277664],[-122.44216985605902,47.6089134277664],[-122.44216985605902,47.61160837361876],[-122.4502546936161,47.61160837361876],[-122.4502546936161,47.61430331947112],[-122.45294963946846,47.61430331947112]]]},"id":"-45438+17667","properties":{"area_sq_km":1.0,"count":19,"label":2,"latitude":47.604728657075746,"longitude":-122.4470632340542,"near_healthy_bed":1,"priority_score":1.0,"priority_tier":"monitor","recommended_action":"no_action","region_id":"puget_sound","region_name":"Puget Sound, WA","state":"WA","status":2,"status_label":"healthy"}},{"type":"Feature","geometry":{"geodesic":false,"type":"Polygon","coordinates":[[[-122.45294963946846,47.61430331947112],[-122.4502546936161,47.61430331947112],[-122.4502546936161,47.61699826532348],[-122.45294963946846,47.61699826532348],[-122.45294963946846,47.61430331947112]]]},"id":"-45438+17668","properties":{"area_sq_km":0.0,"count":1,"label":0,"latitude":47.615650788660325,"longitude":-122.451602166543,"near_healthy_bed":1,"priority_score":1.0,"priority_tier":"monitor","recommended_action":"urchin_removal_then_replant","region_id":"puget_sound","region_name":"Puget Sound, WA","state":"WA","status":0,"status_label":"barren"}},{"type":"Feature","geometry":{"geodesic":false,"type":"Polygon","coordinates":[[[-122.45833953117318,47.64394772384706],[-122.46911931458261,47.64394772384706],[-122.46911931458261,47.63855783214235],[-122.46103447702554,47.63855783214235],[-122.46103447702554,47.635862886289985],[-122.45833953117318,47.635862886289985],[-122.45833953117318,47.63855783214235],[-122.4502546936161,47.63855783214235],[-122.4502546936161,47.64394772384706],[-122.45294963946846,47.64394772384706],[-122.45294963946846,47.64933761555178],[-122.4502546936161,47.64933761555178],[-122.4502546936161,47.65203256140414],[-122.45564458532081,47.65203256140414],[-122.45564458532081,47.64933761555178],[-122.45833953117318,47.64933761555178],[-122.45833953117318,47.64394772384706]],[[-122.45833953117318,47.64394772384706],[-122.45833953117318,47.64125277799471],[-122.45564458532081,47.64125277799471],[-122.45564458532081,47.64394772384706],[-122.45833953117318,47.64394772384706]]]},"id":"-45438+17681","properties":{"area_sq_km":1.0,"count":20,"label":2,"latitude":47.64300436791648,"longitude":-122.45833986606671,"near_healthy_bed":1,"priority_score":1.0,"priority_tier":"monitor","recommended_action":"no_action","region_id":"puget_sound","region_name":"Puget Sound, WA","state":"WA","status":2,"status_label":"healthy"}},{"type":"Feature","geometry":{"geodesic":false,"type":"Polygon","coordinates":[[[-122.45294963946846,47.83528887936452],[-122.4502546936161,47.83528887936452],[-122.4502546936161,47.840678771069236],[-122.45294963946846,47.840678771069236],[-122.45294963946846,47.83528887936452]]]},"id":"-45438+17751","properties":{"area_sq_km":0.0,"count":2,"label":2,"latitude":47.83798378641546,"longitude":-122.45160216658942,"near_healthy_bed":1,"priority_score":1.0,"priority_tier":"monitor","recommended_action":"no_action","region_id":"puget_sound","region_name":"Puget Sound, WA","state":"WA","status":2,"status_label":"healthy"}},{"type":"Feature","geometry":{"geodesic":false,"type":"Polygon","coordinates":[[[-122.45294963946846,47.92691703834471],[-122.4502546936161,47.92691703834471],[-122.4502546936161,47.929611984197074],[-122.45294963946846,47.929611984197074],[-122.45294963946846,47.92691703834471]]]},"id":"-45438+17784","properties":{"area_sq_km":0.0,"count":1,"label":2,"latitude":47.92826450733394,"longitude":-122.45160216649104,"near_healthy_bed":1,"priority_score":1.0,"priority_tier":"monitor","recommended_action":"no_action","region_id":"puget_sound","region_name":"Puget Sound, WA","state":"WA","status":2,"status_label":"healthy"}},{"type":"Feature","geometry":{"geodesic":false,"type":"Polygon","coordinates":[[[-122.45294963946846,47.93230693004943],[-122.4502546936161,47.93230693004943],[-122.4502546936161,47.937696821754145],[-122.45294963946846,47.937696821754145],[-122.45294963946846,47.93230693004943]]]},"id":"-45438+17787","properties":{"area_sq_km":0.0,"count":2,"label":2,"latitude":47.93500183684879,"longitude":-122.4516021665824,"near_healthy_bed":1,"priority_score":1.0,"priority_tier":"monitor","recommended_action":"no_action","region_id":"puget_sound","region_name":"Puget Sound, WA","state":"WA","status":2,"status_label":"healthy"}},{"type":"Feature","geometry":{"geodesic":false,"type":"Polygon","coordinates":[[[-122.45564458532081,47.61160837361876],[-122.45294963946846,47.61160837361876],[-122.45294963946846,47.61430331947112],[-122.45564458532081,47.61430331947112],[-122.45564458532081,47.61160837361876]]]},"id":"-45439+17667","properties":{"area_sq_km":0.0,"count":1,"label":0,"latitude":47.612955842989834,"longitude":-122.45429711250117,"near_healthy_bed":1,"priority_score":1.0,"priority_tier":"monitor","recommended_action":"urchin_removal_then_replant","region_id":"puget_sound","region_name":"Puget Sound, WA","state":"WA","status":0,"status_label":"barren"}},{"type":"Feature","geometry":{"geodesic":false,"type":"Polygon","coordinates":[[[-122.45564458532081,47.654727507256496],[-122.45294963946846,47.654727507256496],[-122.45294963946846,47.65742245310886],[-122.45564458532081,47.65742245310886],[-122.45564458532081,47.654727507256496]]]},"id":"-45439+17683","properties":{"area_sq_km":0.0,"count":1,"label":2,"latitude":47.656074976385725,"longitude":-122.45429711251677,"near_healthy_bed":1,"priority_score":1.0,"priority_tier":"monitor","recommended_action":"no_action","region_id":"puget_sound","region_name":"Puget Sound, WA","state":"WA","status":2,"status_label":"healthy"}},{"type":"Feature","geometry":{"geodesic":false,"type":"Polygon","coordinates":[[[-122.45564458532081,47.66820223651829],[-122.45294963946846,47.66820223651829],[-122.45294963946846,47.67089718237065],[-122.45564458532081,47.67089718237065],[-122.45564458532081,47.66820223651829]]]},"id":"-45439+17688","properties":{"area_sq_km":0.0,"count":1,"label":2,"latitude":47.669549705936774,"longitude":-122.45429711246624,"near_healthy_bed":1,"priority_score":1.0,"priority_tier":"monitor","recommended_action":"no_action","region_id":"puget_sound","region_name":"Puget Sound, WA","state":"WA","status":2,"status_label":"healthy"}},{"type":"Feature","geometry":{"geodesic":false,"type":"Polygon","coordinates":[[[-122.45564458532081,47.87840801300226],[-122.45294963946846,47.87840801300226],[-122.45294963946846,47.88110295885462],[-122.45564458532081,47.88110295885462],[-122.45564458532081,47.87840801300226]]]},"id":"-45439+17766","properties":{"area_sq_km":0.0,"count":1,"label":2,"latitude":47.87975548219017,"longitude":-122.4542971123843,"near_healthy_bed":1,"priority_score":1.0,"priority_tier":"monitor","recommended_action":"no_action","region_id":"puget_sound","region_name":"Puget Sound, WA","state":"WA","status":2,"status_label":"healthy"}},{"type":"Feature","geometry":{"geodesic":false,"type":"Polygon","coordinates":[[[-122.45564458532081,47.94578165931122],[-122.45564458532081,47.940391767606506],[-122.45833953117318,47.940391767606506],[-122.45833953117318,47.937696821754145],[-122.45294963946846,47.937696821754145],[-122.45294963946846,47.94578165931122],[-122.45564458532081,47.94578165931122]]]},"id":"-45439+17790","properties":{"area_sq_km":0.0,"count":4,"label":2,"latitude":47.94106541949265,"longitude":-122.45497089957986,"near_healthy_bed":1,"priority_score":1.0,"priority_tier":"monitor","recommended_action":"no_action","region_id":"puget_sound","region_name":"Puget Sound, WA","state":"WA","status":2,"status_label":"healthy"}},{"type":"Feature","geometry":{"geodesic":false,"type":"Polygon","coordinates":[[[-122.45833953117318,47.9538664968683],[-122.45294963946846,47.9538664968683],[-122.45294963946846,47.95925638857302],[-122.45833953117318,47.95925638857302],[-122.45833953117318,47.9538664968683]]]},"id":"-45439+17795","properties":{"area_sq_km":0.0,"count":4,"label":2,"latitude":47.95656142737449,"longitude":-122.45564458527824,"near_healthy_bed":1,"priority_score":1.0,"priority_tier":"monitor","recommended_action":"no_action","region_id":"puget_sound","region_name":"Puget Sound, WA","state":"WA","status":2,"status_label":"healthy"}},{"type":"Feature","geometry":{"geodesic":false,"type":"Polygon","coordinates":[[[-122.45833953117318,47.95925638857302],[-122.45294963946846,47.95925638857302],[-122.45294963946846,47.96195133442537],[-122.45833953117318,47.96195133442537],[-122.45833953117318,47.95925638857302]]]},"id":"-45439+17796","properties":{"area_sq_km":0.0,"count":2,"label":0,"latitude":47.960603881354544,"longitude":-122.45564458528861,"near_healthy_bed":1,"priority_score":1.0,"priority_tier":"monitor","recommended_action":"urchin_removal_then_replant","region_id":"puget_sound","region_name":"Puget Sound, WA","state":"WA","status":0,"status_label":"barren"}},{"type":"Feature","geometry":{"geodesic":false,"type":"Polygon","coordinates":[[[-122.49876371895856,47.30168960059753],[-122.49876371895856,47.298994654745165],[-122.45564458532081,47.298994654745165],[-122.45564458532081,47.30168960059753],[-122.44755974776375,47.30168960059753],[-122.44755974776375,47.30438454644988],[-122.44486480191138,47.30438454644988],[-122.44486480191138,47.309774438154605],[-122.43408501850195,47.309774438154605],[-122.43408501850195,47.31246938400696],[-122.4367799643543,47.31246938400696],[-122.4367799643543,47.31516432985932],[-122.43408501850195,47.31516432985932],[-122.43408501850195,47.317859275711676],[-122.43139007264959,47.317859275711676],[-122.43139007264959,47.32324916741639],[-122.43408501850195,47.32324916741639],[-122.43408501850195,47.325944113268754],[-122.4367799643543,47.325944113268754],[-122.4367799643543,47.33133400497347],[-122.44216985605902,47.33133400497347],[-122.44216985605902,47.33402895082583],[-122.44755974776375,47.33402895082583],[-122.44755974776375,47.33941884253055],[-122.4502546936161,47.33941884253055],[-122.4502546936161,47.33672389667819],[-122.45833953117318,47.33672389667819],[-122.45833953117318,47.3421137883829],[-122.46372942287789,47.3421137883829],[-122.46372942287789,47.344808734235265],[-122.47181426043497,47.344808734235265],[-122.47181426043497,47.3421137883829],[-122.47720415213969,47.3421137883829],[-122.47720415213969,47.344808734235265],[-122.47989909799205,47.344808734235265],[-122.47989909799205,47.34750368008762],[-122.47720415213969,47.34750368008762],[-122.47720415213969,47.35019862593998],[-122.47989909799205,47.35019862593998],[-122.47989909799205,47.3555885176447],[-122.47720415213969,47.3555885176447],[-122.47720415213969,47.360978409349414],[-122.47450920628732,47.360978409349414],[-122.47450920628732,47.36636830105413],[-122.47720415213969,47.36636830105413],[-122.47720415213969,47.37175819275885],[-122.47450920628732,47.37175819275885],[-122.47450920628732,47.37445313861121],[-122.47181426043497,47.37445313861121],[-122.47181426043497,47.36906324690649],[-122.46911931458261,47.36906324690649],[-122.46911931458261,47.37175819275885],[-122.46642436873026,47.37175819275885],[-122.46642436873026,47.37714808446356],[-122.45833953117318,47.37714808446356],[-122.45833953117318,47.379843030315925],[-122.45564458532081,47.379843030315925],[-122.45564458532081,47.37714808446356],[-122.44755974776375,47.37714808446356],[-122.44755974776375,47.38253797616828],[-122.45564458532081,47.38253797616828],[-122.45564458532081,47.38523292202064],[-122.46911931458261,47.38523292202064],[-122.46911931458261,47.38253797616828],[-122.47450920628732,47.38253797616828],[-122.47450920628732,47.379843030315925],[-122.47720415213969,47.379843030315925],[-122.47720415213969,47.38253797616828],[-122.47989909799205,47.38253797616828],[-122.47989909799205,47.379843030315925],[-122.4825940438444,47.379843030315925],[-122.4825940438444,47.36906324690649],[-122.48528898969676,47.36906324690649],[-122.48528898969676,47.3555885176447],[-122.48798393554912,47.3555885176447],[-122.48798393554912,47.33133400497347],[-122.49337382725383,47.33133400497347],[-122.49337382725383,47.32863905912111],[-122.48798393554912,47.32863905912111],[-122.48798393554912,47.325944113268754],[-122.48528898969676,47.325944113268754],[-122.48528898969676,47.32055422156404],[-122.49337382725383,47.32055422156404],[-122.49337382725383,47.325944113268754],[-122.4960687731062,47.325944113268754],[-122.4960687731062,47.32863905912111],[-122.50415361066327,47.32863905912111],[-122.50415361066327,47.325944113268754],[-122.50684855651564,47.325944113268754],[-122.50684855651564,47.32863905912111],[-122.51493339407271,47.32863905912111],[-122.51493339407271,47.33133400497347],[-122.52032328577742,47.33133400497347],[-122.52032328577742,47.32863905912111],[-122.52301823162978,47.32863905912111],[-122.52301823162978,47.32055422156404],[-122.52032328577742,47.32055422156404],[-122.52032328577742,47.31246938400696],[-122.51762833992507,47.31246938400696],[-122.51762833992507,47.309774438154605],[-122.51493339407271,47.309774438154605],[-122.51493339407271,47.31246938400696],[-122.50415361066327,47.31246938400696],[-122.50415361066327,47.30438454644988],[-122.50145866481091,47.30438454644988],[-122.50145866481091,47.30168960059753],[-122.49876371895856,47.30168960059753]],[[-122.49876371895856,47.30168960059753],[-122.4960687731062,47.30168960059753],[-122.4960687731062,47.30438454644988],[-122.49876371895856,47.30438454644988],[-122.49876371895856,47.30168960059753]],[[-122.48528898969676,47.325944113268754],[-122.47720415213969,47.325944113268754],[-122.47720415213969,47.32863905912111],[-122.48528898969676,47.32863905912111],[-122.48528898969676,47.325944113268754]],[[-122.47720415213969,47.3421137883829],[-122.47989909799205,47.3421137883829],[-122.47989909799205,47.33941884253055],[-122.47720415213969,47.33941884253055],[-122.47720415213969,47.3421137883829]],[[-122.52032328577742,47.32324916741639],[-122.51493339407271,47.32324916741639],[-122.51493339407271,47.325944113268754],[-122.52032328577742,47.325944113268754],[-122.52032328577742,47.32324916741639]],[[-122.50145866481091,47.309774438154605],[-122.49067888140148,47.309774438154605],[-122.49067888140148,47.317859275711676],[-122.49337382725383,47.317859275711676],[-122.49337382725383,47.31246938400696],[-122.50145866481091,47.31246938400696],[-122.50145866481091,47.309774438154605]],[[-122.47989909799205,47.33133400497347],[-122.47720415213969,47.33133400497347],[-122.47720415213969,47.33672389667819],[-122.47989909799205,47.33672389667819],[-122.47989909799205,47.33133400497347]],[[-122.46642436873026,47.32055422156404],[-122.46372942287789,47.32055422156404],[-122.46372942287789,47.32324916741639],[-122.46642436873026,47.32324916741639],[-122.46642436873026,47.32055422156404]]]},"id":"-45440+17582","properties":{"area_sq_km":26.0,"count":433,"label":2,"latitude":47.32792612149411,"longitude":-122.47379133883268,"near_healthy_bed":1,"priority_score":1.0,"priority_tier":"monitor","recommended_action":"no_action","region_id":"puget_sound","region_name":"Puget Sound, WA","state":"WA","status":2,"status_label":"healthy"}},{"type":"Feature","geometry":{"geodesic":false,"type":"Polygon","coordinates":[[[-122.45833953117318,47.619693211175836],[-122.45833953117318,47.61699826532348],[-122.46642436873026,47.61699826532348],[-122.46642436873026,47.619693211175836],[-122.46911931458261,47.619693211175836],[-122.46911931458261,47.61430331947112],[-122.45833953117318,47.61430331947112],[-122.45833953117318,47.61160837361876],[-122.45564458532081,47.61160837361876],[-122.45564458532081,47.61430331947112],[-122.45294963946846,47.61430331947112],[-122.45294963946846,47.61699826532348],[-122.45564458532081,47.61699826532348],[-122.45564458532081,47.619693211175836],[-122.45833953117318,47.619693211175836]]]},"id":"-45440+17669","properties":{"area_sq_km":1.0,"count":9,"label":2,"latitude":47.615950308385266,"longitude":-122.46088464973349,"near_healthy_bed":1,"priority_score":1.0,"priority_tier":"monitor","recommended_action":"no_action","region_id":"puget_sound","region_name":"Puget Sound, WA","state":"WA","status":2,"status_label":"healthy"}},{"type":"Feature","geometry":{"geodesic":false,"type":"Polygon","coordinates":[[[-122.45833953117318,47.64125277799471],[-122.45564458532081,47.64125277799471],[-122.45564458532081,47.64394772384706],[-122.45833953117318,47.64394772384706],[-122.45833953117318,47.64125277799471]]]},"id":"-45440+17678","properties":{"area_sq_km":0.0,"count":1,"label":0,"latitude":47.642600247153965,"longitude":-122.45699205816703,"near_healthy_bed":1,"priority_score":1.0,"priority_tier":"monitor","recommended_action":"urchin_removal_then_replant","region_id":"puget_sound","region_name":"Puget Sound, WA","state":"WA","status":0,"status_label":"barren"}},{"type":"Feature","geometry":{"geodesic":false,"type":"Polygon","coordinates":[[[-122.45833953117318,47.72210115356546],[-122.45564458532081,47.72210115356546],[-122.45564458532081,47.72479609941782],[-122.45833953117318,47.72479609941782],[-122.45833953117318,47.72210115356546]]]},"id":"-45440+17708","properties":{"area_sq_km":0.0,"count":1,"label":2,"latitude":47.723448622700175,"longitude":-122.45699205819542,"near_healthy_bed":1,"priority_score":1.0,"priority_tier":"monitor","recommended_action":"no_action","region_id":"puget_sound","region_name":"Puget Sound, WA","state":"WA","status":2,"status_label":"healthy"}},{"type":"Feature","geometry":{"geodesic":false,"type":"Polygon","coordinates":[[[-122.45833953117318,47.732880936974894],[-122.45564458532081,47.732880936974894],[-122.45564458532081,47.735575882827256],[-122.45833953117318,47.735575882827256],[-122.45833953117318,47.732880936974894]]]},"id":"-45440+17712","properties":{"area_sq_km":0.0,"count":1,"label":2,"latitude":47.734228406043634,"longitude":-122.45699205823169,"near_healthy_bed":1,"priority_score":1.0,"priority_tier":"monitor","recommended_action":"no_action","region_id":"puget_sound","region_name":"Puget Sound, WA","state":"WA","status":2,"status_label":"healthy"}},{"type":"Feature","geometry":{"geodesic":false,"type":"Polygon","coordinates":[[[-122.45833953117318,47.743660720384334],[-122.45564458532081,47.743660720384334],[-122.45564458532081,47.74635566623669],[-122.45833953117318,47.74635566623669],[-122.45833953117318,47.743660720384334]]]},"id":"-45440+17716","properties":{"area_sq_km":0.0,"count":1,"label":2,"latitude":47.745008189560004,"longitude":-122.45699205809686,"near_healthy_bed":1,"priority_score":1.0,"priority_tier":"monitor","recommended_action":"no_action","region_id":"puget_sound","region_name":"Puget Sound, WA","state":"WA","status":2,"status_label":"healthy"}},{"type":"Feature","geometry":{"geodesic":false,"type":"Polygon","coordinates":[[[-122.46103447702554,47.8298989876598],[-122.45564458532081,47.8298989876598],[-122.45564458532081,47.832593933512165],[-122.46103447702554,47.832593933512165],[-122.46103447702554,47.8298989876598]]]},"id":"-45440+17748","properties":{"area_sq_km":0.0,"count":2,"label":2,"latitude":47.831246480542006,"longitude":-122.4583395311006,"near_healthy_bed":1,"priority_score":1.0,"priority_tier":"monitor","recommended_action":"no_action","region_id":"puget_sound","region_name":"Puget Sound, WA","state":"WA","status":2,"status_label":"healthy"}},{"type":"Feature","geometry":{"geodesic":false,"type":"Polygon","coordinates":[[[-122.45833953117318,47.94578165931122],[-122.45564458532081,47.94578165931122],[-122.45564458532081,47.95117155101594],[-122.45833953117318,47.95117155101594],[-122.45833953117318,47.94578165931122]]]},"id":"-45440+17792","properties":{"area_sq_km":0.0,"count":2,"label":2,"latitude":47.94847656618116,"longitude":-122.45699205812531,"near_healthy_bed":1,"priority_score":1.0,"priority_tier":"monitor","recommended_action":"no_action","region_id":"puget_sound","region_name":"Puget Sound, WA","state":"WA","status":2,"status_label":"healthy"}},{"type":"Feature","geometry":{"geodesic":false,"type":"Polygon","coordinates":[[[-122.46103447702554,47.6089134277664],[-122.45833953117318,47.6089134277664],[-122.45833953117318,47.61160837361876],[-122.46103447702554,47.61160837361876],[-122.46103447702554,47.6089134277664]]]},"id":"-45441+17666","properties":{"area_sq_km":0.0,"count":1,"label":2,"latitude":47.61026089697971,"longitude":-122.45968700416945,"near_healthy_bed":1,"priority_score":1.0,"priority_tier":"monitor","recommended_action":"no_action","region_id":"puget_sound","region_name":"Puget Sound, WA","state":"WA","status":2,"status_label":"healthy"}},{"type":"Feature","geometry":{"geodesic":false,"type":"Polygon","coordinates":[[[-122.46642436873026,47.63316794043763],[-122.46642436873026,47.627778048732914],[-122.46911931458261,47.627778048732914],[-122.46911931458261,47.6223881570282],[-122.45833953117318,47.6223881570282],[-122.45833953117318,47.627778048732914],[-122.45564458532081,47.627778048732914],[-122.45564458532081,47.63047299458527],[-122.45833953117318,47.63047299458527],[-122.45833953117318,47.63316794043763],[-122.46642436873026,47.63316794043763]]]},"id":"-45441+17674","properties":{"area_sq_km":1.0,"count":15,"label":2,"latitude":47.627508486604704,"longitude":-122.46274135618802,"near_healthy_bed":1,"priority_score":1.0,"priority_tier":"monitor","recommended_action":"no_action","region_id":"puget_sound","region_name":"Puget Sound, WA","state":"WA","status":2,"status_label":"healthy"}},{"type":"Feature","geometry":{"geodesic":false,"type":"Polygon","coordinates":[[[-122.46642436873026,47.64933761555178],[-122.45833953117318,47.64933761555178],[-122.45833953117318,47.65203256140414],[-122.46642436873026,47.65203256140414],[-122.46642436873026,47.64933761555178]]]},"id":"-45441+17681","properties":{"area_sq_km":0.0,"count":3,"label":2,"latitude":47.65068514784127,"longitude":-122.46238194996037,"near_healthy_bed":1,"priority_score":1.0,"priority_tier":"monitor","recommended_action":"no_action","region_id":"puget_sound","region_name":"Puget Sound, WA","state":"WA","status":2,"status_label":"healthy"}},{"type":"Feature","geometry":{"geodesic":false,"type":"Polygon","coordinates":[[[-122.46103447702554,47.66820223651829],[-122.45833953117318,47.66820223651829],[-122.45833953117318,47.67089718237065],[-122.46103447702554,47.67089718237065],[-122.46103447702554,47.66820223651829]]]},"id":"-45441+17688","properties":{"area_sq_km":0.0,"count":1,"label":2,"latitude":47.66954970598563,"longitude":-122.45968700407734,"near_healthy_bed":1,"priority_score":1.0,"priority_tier":"monitor","recommended_action":"no_action","region_id":"puget_sound","region_name":"Puget Sound, WA","state":"WA","status":2,"status_label":"healthy"}},{"type":"Feature","geometry":{"geodesic":false,"type":"Polygon","coordinates":[[[-122.46103447702554,47.778695016464994],[-122.45833953117318,47.778695016464994],[-122.45833953117318,47.78138996231735],[-122.46103447702554,47.78138996231735],[-122.46103447702554,47.778695016464994]]]},"id":"-45441+17729","properties":{"area_sq_km":0.0,"count":1,"label":2,"latitude":47.780042485748616,"longitude":-122.4596870040811,"near_healthy_bed":1,"priority_score":1.0,"priority_tier":"monitor","recommended_action":"no_action","region_id":"puget_sound","region_name":"Puget Sound, WA","state":"WA","status":2,"status_label":"healthy"}},{"type":"Feature","geometry":{"geodesic":false,"type":"Polygon","coordinates":[[[-122.46103447702554,47.902662525673485],[-122.45833953117318,47.902662525673485],[-122.45833953117318,47.905357471525846],[-122.46103447702554,47.905357471525846],[-122.46103447702554,47.902662525673485]]]},"id":"-45441+17775","properties":{"area_sq_km":0.0,"count":1,"label":2,"latitude":47.90400999504738,"longitude":-122.45968700404865,"near_healthy_bed":1,"priority_score":1.0,"priority_tier":"monitor","recommended_action":"no_action","region_id":"puget_sound","region_name":"Puget Sound, WA","state":"WA","status":2,"status_label":"healthy"}},{"type":"Feature","geometry":{"geodesic":false,"type":"Polygon","coordinates":[[[-122.46372942287789,47.9080524173782],[-122.45833953117318,47.9080524173782],[-122.45833953117318,47.91074736323056],[-122.46372942287789,47.91074736323056],[-122.46372942287789,47.9080524173782]]]},"id":"-45441+17777","properties":{"area_sq_km":0.0,"count":2,"label":2,"latitude":47.90939991001035,"longitude":-122.46103447703184,"near_healthy_bed":1,"priority_score":1.0,"priority_tier":"monitor","recommended_action":"no_action","region_id":"puget_sound","region_name":"Puget Sound, WA","state":"WA","status":2,"status_label":"healthy"}},{"type":"Feature","geometry":{"geodesic":false,"type":"Polygon","coordinates":[[[-122.46911931458261,47.97003617198245],[-122.46911931458261,47.96734122613009],[-122.47450920628732,47.96734122613009],[-122.47450920628732,47.964646280277734],[-122.47181426043497,47.964646280277734],[-122.47181426043497,47.95925638857302],[-122.46642436873026,47.95925638857302],[-122.46642436873026,47.96734122613009],[-122.46103447702554,47.96734122613009],[-122.46103447702554,47.964646280277734],[-122.46372942287789,47.964646280277734],[-122.46372942287789,47.95925638857302],[-122.45833953117318,47.95925638857302],[-122.45833953117318,47.96195133442537],[-122.45294963946846,47.96195133442537],[-122.45294963946846,47.95925638857302],[-122.4502546936161,47.95925638857302],[-122.4502546936161,47.964646280277734],[-122.45294963946846,47.964646280277734],[-122.45294963946846,47.96734122613009],[-122.45833953117318,47.96734122613009],[-122.45833953117318,47.97003617198245],[-122.46911931458261,47.97003617198245]]]},"id":"-45441+17799","properties":{"area_sq_km":1.0,"count":22,"label":2,"latitude":47.96440134539194,"longitude":-122.46238186908845,"near_healthy_bed":1,"priority_score":1.0,"priority_tier":"monitor","recommended_action":"no_action","region_id":"puget_sound","region_name":"Puget Sound, WA","state":"WA","status":2,"status_label":"healthy"}},{"type":"Feature","geometry":{"geodesic":false,"type":"Polygon","coordinates":[[[-122.46372942287789,47.697846640894234],[-122.46103447702554,47.697846640894234],[-122.46103447702554,47.700541586746596],[-122.46372942287789,47.700541586746596],[-122.46372942287789,47.697846640894234]]]},"id":"-45442+17699","properties":{"area_sq_km":0.0,"count":1,"label":0,"latitude":47.69919411013698,"longitude":-122.46238194993353,"near_healthy_bed":1,"priority_score":1.0,"priority_tier":"monitor","recommended_action":"urchin_removal_then_replant","region_id":"puget_sound","region_name":"Puget Sound, WA","state":"WA","status":0,"status_label":"barren"}},{"type":"Feature","geometry":{"geodesic":false,"type":"Polygon","coordinates":[[[-122.46372942287789,47.74635566623669],[-122.46372942287789,47.743660720384334],[-122.46642436873026,47.743660720384334],[-122.46642436873026,47.74096577453197],[-122.46103447702554,47.74096577453197],[-122.46103447702554,47.74635566623669],[-122.46372942287789,47.74635566623669]]]},"id":"-45442+17716","properties":{"area_sq_km":0.0,"count":3,"label":2,"latitude":47.74321154382212,"longitude":-122.46328029434706,"near_healthy_bed":1,"priority_score":1.0,"priority_tier":"monitor","recommended_action":"no_action","region_id":"puget_sound","region_name":"Puget Sound, WA","state":"WA","status":2,"status_label":"healthy"}},{"type":"Feature","geometry":{"geodesic":false,"type":"Polygon","coordinates":[[[-122.46642436873026,47.79486469157914],[-122.46103447702554,47.79486469157914],[-122.46103447702554,47.797559637431505],[-122.46642436873026,47.797559637431505],[-122.46642436873026,47.79486469157914]]]},"id":"-45442+17735","properties":{"area_sq_km":0.0,"count":2,"label":0,"latitude":47.79621218436068,"longitude":-122.46372942287553,"near_healthy_bed":1,"priority_score":1.0,"priority_tier":"monitor","recommended_action":"urchin_removal_then_replant","region_id":"puget_sound","region_name":"Puget Sound, WA","state":"WA","status":0,"status_label":"barren"}},{"type":"Feature","geometry":{"geodesic":false,"type":"Polygon","coordinates":[[[-122.46911931458261,47.94578165931122],[-122.46103447702554,47.94578165931122],[-122.46103447702554,47.948476605163584],[-122.46911931458261,47.948476605163584],[-122.46911931458261,47.94578165931122]]]},"id":"-45442+17791","properties":{"area_sq_km":0.0,"count":3,"label":2,"latitude":47.947129191554865,"longitude":-122.46507689578631,"near_healthy_bed":1,"priority_score":1.0,"priority_tier":"monitor","recommended_action":"no_action","region_id":"puget_sound","region_name":"Puget Sound, WA","state":"WA","status":2,"status_label":"healthy"}},{"type":"Feature","geometry":{"geodesic":false,"type":"Polygon","coordinates":[[[-122.46642436873026,47.9538664968683],[-122.46103447702554,47.9538664968683],[-122.46103447702554,47.956561442720655],[-122.46642436873026,47.956561442720655],[-122.46642436873026,47.9538664968683]]]},"id":"-45442+17794","properties":{"area_sq_km":0.0,"count":2,"label":2,"latitude":47.95521398962337,"longitude":-122.46372942290536,"near_healthy_bed":1,"priority_score":1.0,"priority_tier":"monitor","recommended_action":"no_action","region_id":"puget_sound","region_name":"Puget Sound, WA","state":"WA","status":2,"status_label":"healthy"}},{"type":"Feature","geometry":{"geodesic":false,"type":"Polygon","coordinates":[[[-122.46642436873026,47.32055422156404],[-122.46372942287789,47.32055422156404],[-122.46372942287789,47.32324916741639],[-122.46642436873026,47.32324916741639],[-122.46642436873026,47.32055422156404]]]},"id":"-45443+17559","properties":{"area_sq_km":0.0,"count":1,"label":0,"latitude":47.32190169086232,"longitude":-122.46507689575583,"near_healthy_bed":1,"priority_score":1.0,"priority_tier":"monitor","recommended_action":"urchin_removal_then_replant","region_id":"puget_sound","region_name":"Puget Sound, WA","state":"WA","status":0,"status_label":"barren"}},{"type":"Feature","geometry":{"geodesic":false,"type":"Polygon","coordinates":[[[-122.46642436873026,47.52537010634329],[-122.46372942287789,47.52537010634329],[-122.46372942287789,47.52806505219564],[-122.46642436873026,47.52806505219564],[-122.46642436873026,47.52537010634329]]]},"id":"-45443+17635","properties":{"area_sq_km":0.0,"count":1,"label":2,"latitude":47.526717575623294,"longitude":-122.4650768956796,"near_healthy_bed":1,"priority_score":1.0,"priority_tier":"monitor","recommended_action":"no_action","region_id":"puget_sound","region_name":"Puget Sound, WA","state":"WA","status":2,"status_label":"healthy"}},{"type":"Feature","geometry":{"geodesic":false,"type":"Polygon","coordinates":[[[-122.4825940438444,47.549624619014516],[-122.4825940438444,47.5442347273098],[-122.47989909799205,47.5442347273098],[-122.47989909799205,47.546929673162154],[-122.47181426043497,47.546929673162154],[-122.47181426043497,47.549624619014516],[-122.46911931458261,47.549624619014516],[-122.46911931458261,47.55231956486687],[-122.46642436873026,47.55231956486687],[-122.46642436873026,47.55501451071923],[-122.46372942287789,47.55501451071923],[-122.46372942287789,47.56040440242395],[-122.46642436873026,47.56040440242395],[-122.46642436873026,47.55770945657159],[-122.47450920628732,47.55770945657159],[-122.47450920628732,47.56040440242395],[-122.47989909799205,47.56040440242395],[-122.47989909799205,47.55770945657159],[-122.48798393554912,47.55770945657159],[-122.48798393554912,47.55501451071923],[-122.49876371895856,47.55501451071923],[-122.49876371895856,47.546929673162154],[-122.4960687731062,47.546929673162154],[-122.4960687731062,47.549624619014516],[-122.4825940438444,47.549624619014516]],[[-122.4825940438444,47.549624619014516],[-122.47989909799205,47.549624619014516],[-122.47989909799205,47.55231956486687],[-122.4825940438444,47.55231956486687],[-122.4825940438444,47.549624619014516]]]},"id":"-45443+17647","properties":{"area_sq_km":2.0,"count":40,"label":2,"latitude":47.55312824507342,"longitude":-122.48057315683948,"near_healthy_bed":1,"priority_score":1.0,"priority_tier":"monitor","recommended_action":"no_action","region_id":"puget_sound","region_name":"Puget Sound, WA","state":"WA","status":2,"status_label":"healthy"}},{"type":"Feature","geometry":{"geodesic":false,"type":"Polygon","coordinates":[[[-122.46642436873026,47.681676965780085],[-122.46372942287789,47.681676965780085],[-122.46372942287789,47.68437191163244],[-122.46642436873026,47.68437191163244],[-122.46642436873026,47.681676965780085]]]},"id":"-45443+17693","properties":{"area_sq_km":0.0,"count":1,"label":0,"latitude":47.68302443487964,"longitude":-122.46507689582238,"near_healthy_bed":1,"priority_score":1.0,"priority_tier":"monitor","recommended_action":"urchin_removal_then_replant","region_id":"puget_sound","region_name":"Puget Sound, WA","state":"WA","status":0,"status_label":"barren"}},{"type":"Feature","geometry":{"geodesic":false,"type":"Polygon","coordinates":[[[-122.46911931458261,47.69515169504188],[-122.46372942287789,47.69515169504188],[-122.46372942287789,47.697846640894234],[-122.46911931458261,47.697846640894234],[-122.46911931458261,47.69515169504188]]]},"id":"-45443+17698","properties":{"area_sq_km":0.0,"count":2,"label":0,"latitude":47.696499187988145,"longitude":-122.46642436870255,"near_healthy_bed":1,"priority_score":1.0,"priority_tier":"monitor","recommended_action":"urchin_removal_then_replant","region_id":"puget_sound","region_name":"Puget Sound, WA","state":"WA","status":0,"status_label":"barren"}},{"type":"Feature","geometry":{"geodesic":false,"type":"Polygon","coordinates":[[[-122.46642436873026,47.71401631600838],[-122.46372942287789,47.71401631600838],[-122.46372942287789,47.716711261860745],[-122.46642436873026,47.716711261860745],[-122.46642436873026,47.71401631600838]]]},"id":"-45443+17705","properties":{"area_sq_km":0.0,"count":1,"label":2,"latitude":47.71536378533748,"longitude":-122.46507689581578,"near_healthy_bed":1,"priority_score":1.0,"priority_tier":"monitor","recommended_action":"no_action","region_id":"puget_sound","region_name":"Puget Sound, WA","state":"WA","status":2,"status_label":"healthy"}},{"type":"Feature","geometry":{"geodesic":false,"type":"Polygon","coordinates":[[[-122.46642436873026,47.71940620771311],[-122.46372942287789,47.71940620771311],[-122.46372942287789,47.72210115356546],[-122.46642436873026,47.72210115356546],[-122.46642436873026,47.71940620771311]]]},"id":"-45443+17707","properties":{"area_sq_km":0.0,"count":1,"label":2,"latitude":47.720753676952846,"longitude":-122.46507689577426,"near_healthy_bed":1,"priority_score":1.0,"priority_tier":"monitor","recommended_action":"no_action","region_id":"puget_sound","region_name":"Puget Sound, WA","state":"WA","status":2,"status_label":"healthy"}},{"type":"Feature","geometry":{"geodesic":false,"type":"Polygon","coordinates":[[[-122.46642436873026,47.743660720384334],[-122.46372942287789,47.743660720384334],[-122.46372942287789,47.74635566623669],[-122.46642436873026,47.74635566623669],[-122.46642436873026,47.743660720384334]]]},"id":"-45443+17716","properties":{"area_sq_km":0.0,"count":1,"label":0,"latitude":47.745008189571514,"longitude":-122.46507689579273,"near_healthy_bed":1,"priority_score":1.0,"priority_tier":"monitor","recommended_action":"urchin_removal_then_replant","region_id":"puget_sound","region_name":"Puget Sound, WA","state":"WA","status":0,"status_label":"barren"}},{"type":"Feature","geometry":{"geodesic":false,"type":"Polygon","coordinates":[[[-122.46642436873026,47.74635566623669],[-122.46372942287789,47.74635566623669],[-122.46372942287789,47.74905061208905],[-122.46642436873026,47.74905061208905],[-122.46642436873026,47.74635566623669]]]},"id":"-45443+17717","properties":{"area_sq_km":0.0,"count":1,"label":2,"latitude":47.74770313526382,"longitude":-122.46507689577255,"near_healthy_bed":1,"priority_score":1.0,"priority_tier":"monitor","recommended_action":"no_action","region_id":"puget_sound","region_name":"Puget Sound, WA","state":"WA","status":2,"status_label":"healthy"}},{"type":"Feature","geometry":{"geodesic":false,"type":"Polygon","coordinates":[[[-122.46911931458261,47.75713544964612],[-122.46372942287789,47.75713544964612],[-122.46372942287789,47.76252534135084],[-122.46911931458261,47.76252534135084],[-122.46911931458261,47.75713544964612]]]},"id":"-45443+17722","properties":{"area_sq_km":0.0,"count":4,"label":2,"latitude":47.759830380498954,"longitude":-122.46642436872975,"near_healthy_bed":1,"priority_score":1.0,"priority_tier":"monitor","recommended_action":"no_action","region_id":"puget_sound","region_name":"Puget Sound, WA","state":"WA","status":2,"status_label":"healthy"}},{"type":"Feature","geometry":{"geodesic":false,"type":"Polygon","coordinates":[[[-122.46642436873026,47.902662525673485],[-122.46372942287789,47.902662525673485],[-122.46372942287789,47.905357471525846],[-122.46642436873026,47.905357471525846],[-122.46642436873026,47.902662525673485]]]},"id":"-45443+17775","properties":{"area_sq_km":0.0,"count":1,"label":2,"latitude":47.904009995034045,"longitude":-122.46507689578728,"near_healthy_bed":1,"priority_score":1.0,"priority_tier":"monitor","recommended_action":"no_action","region_id":"puget_sound","region_name":"Puget Sound, WA","state":"WA","status":2,"status_label":"healthy"}},{"type":"Feature","geometry":{"geodesic":false,"type":"Polygon","coordinates":[[[-122.46642436873026,47.93230693004943],[-122.46372942287789,47.93230693004943],[-122.46372942287789,47.93500187590179],[-122.46642436873026,47.93500187590179],[-122.46642436873026,47.93230693004943]]]},"id":"-45443+17786","properties":{"area_sq_km":0.0,"count":1,"label":2,"latitude":47.93365439894178,"longitude":-122.46507689574356,"near_healthy_bed":1,"priority_score":1.0,"priority_tier":"monitor","recommended_action":"no_action","region_id":"puget_sound","region_name":"Puget Sound, WA","state":"WA","status":2,"status_label":"healthy"}},{"type":"Feature","geometry":{"geodesic":false,"type":"Polygon","coordinates":[[[-122.46911931458261,47.36636830105413],[-122.46642436873026,47.36636830105413],[-122.46642436873026,47.36906324690649],[-122.46911931458261,47.36906324690649],[-122.46911931458261,47.36636830105413]]]},"id":"-45444+17576","properties":{"area_sq_km":0.0,"count":1,"label":2,"latitude":47.367715770350266,"longitude":-122.4677718416622,"near_healthy_bed":1,"priority_score":1.0,"priority_tier":"monitor","recommended_action":"no_action","region_id":"puget_sound","region_name":"Puget Sound, WA","state":"WA","status":2,"status_label":"healthy"}},{"type":"Feature","geometry":{"geodesic":false,"type":"Polygon","coordinates":[[[-122.46911931458261,47.600828590209325],[-122.46642436873026,47.600828590209325],[-122.46642436873026,47.60352353606169],[-122.46911931458261,47.60352353606169],[-122.46911931458261,47.600828590209325]]]},"id":"-45444+17663","properties":{"area_sq_km":0.0,"count":1,"label":0,"latitude":47.60217605946035,"longitude":-122.46777184171054,"near_healthy_bed":1,"priority_score":1.0,"priority_tier":"monitor","recommended_action":"urchin_removal_then_replant","region_id":"puget_sound","region_name":"Puget Sound, WA","state":"WA","status":0,"status_label":"barren"}},{"type":"Feature","geometry":{"geodesic":false,"type":"Polygon","coordinates":[[[-122.47181426043497,47.71940620771311],[-122.46642436873026,47.71940620771311],[-122.46642436873026,47.72210115356546],[-122.47181426043497,47.72210115356546],[-122.47181426043497,47.71940620771311]]]},"id":"-45444+17707","properties":{"area_sq_km":0.0,"count":2,"label":0,"latitude":47.720753700572594,"longitude":-122.4691193145758,"near_healthy_bed":1,"priority_score":1.0,"priority_tier":"monitor","recommended_action":"urchin_removal_then_replant","region_id":"puget_sound","region_name":"Puget Sound, WA","state":"WA","status":0,"status_label":"barren"}},{"type":"Feature","geometry":{"geodesic":false,"type":"Polygon","coordinates":[[[-122.47181426043497,47.743660720384334],[-122.46642436873026,47.743660720384334],[-122.46642436873026,47.74635566623669],[-122.47181426043497,47.74635566623669],[-122.47181426043497,47.743660720384334]]]},"id":"-45444+17716","properties":{"area_sq_km":0.0,"count":2,"label":2,"latitude":47.74500821319104,"longitude":-122.46911931459988,"near_healthy_bed":1,"priority_score":1.0,"priority_tier":"monitor","recommended_action":"no_action","region_id":"puget_sound","region_name":"Puget Sound, WA","state":"WA","status":2,"status_label":"healthy"}},{"type":"Feature","geometry":{"geodesic":false,"type":"Polygon","coordinates":[[[-122.46911931458261,47.7652202872032],[-122.46642436873026,47.7652202872032],[-122.46642436873026,47.76791523305556],[-122.46911931458261,47.76791523305556],[-122.46911931458261,47.7652202872032]]]},"id":"-45444+17724","properties":{"area_sq_km":0.0,"count":1,"label":2,"latitude":47.766567756353986,"longitude":-122.46777184165595,"near_healthy_bed":1,"priority_score":1.0,"priority_tier":"monitor","recommended_action":"no_action","region_id":"puget_sound","region_name":"Puget Sound, WA","state":"WA","status":2,"status_label":"healthy"}},{"type":"Feature","geometry":{"geodesic":false,"type":"Polygon","coordinates":[[[-122.46911931458261,47.937696821754145],[-122.46642436873026,47.937696821754145],[-122.46642436873026,47.940391767606506],[-122.46911931458261,47.940391767606506],[-122.46911931458261,47.937696821754145]]]},"id":"-45444+17788","properties":{"area_sq_km":0.0,"count":1,"label":2,"latitude":47.93904429094703,"longitude":-122.46777184160841,"near_healthy_bed":1,"priority_score":1.0,"priority_tier":"monitor","recommended_action":"no_action","region_id":"puget_sound","region_name":"Puget Sound, WA","state":"WA","status":2,"status_label":"healthy"}},{"type":"Feature","geometry":{"geodesic":false,"type":"Polygon","coordinates":[[[-122.47181426043497,47.61160837361876],[-122.46911931458261,47.61160837361876],[-122.46911931458261,47.61430331947112],[-122.47181426043497,47.61430331947112],[-122.47181426043497,47.61160837361876]]]},"id":"-45445+17667","properties":{"area_sq_km":0.0,"count":1,"label":2,"latitude":47.6129558430185,"longitude":-122.47046678744583,"near_healthy_bed":1,"priority_score":1.0,"priority_tier":"monitor","recommended_action":"no_action","region_id":"puget_sound","region_name":"Puget Sound, WA","state":"WA","status":2,"status_label":"healthy"}},{"type":"Feature","geometry":{"geodesic":false,"type":"Polygon","coordinates":[[[-122.47450920628732,47.80294952913622],[-122.46911931458261,47.80294952913622],[-122.46911931458261,47.805644474988576],[-122.47450920628732,47.805644474988576],[-122.47450920628732,47.80294952913622]]]},"id":"-45445+17738","properties":{"area_sq_km":0.0,"count":2,"label":2,"latitude":47.80429702193721,"longitude":-122.47181426039569,"near_healthy_bed":1,"priority_score":1.0,"priority_tier":"monitor","recommended_action":"no_action","region_id":"puget_sound","region_name":"Puget Sound, WA","state":"WA","status":2,"status_label":"healthy"}},{"type":"Feature","geometry":{"geodesic":false,"type":"Polygon","coordinates":[[[-122.47181426043497,47.82720404180745],[-122.47181426043497,47.82450909595509],[-122.47450920628732,47.82450909595509],[-122.47450920628732,47.81911920425037],[-122.47181426043497,47.81911920425037],[-122.47181426043497,47.82181415010273],[-122.46642436873026,47.82181415010273],[-122.46642436873026,47.82450909595509],[-122.46911931458261,47.82450909595509],[-122.46911931458261,47.82720404180745],[-122.47181426043497,47.82720404180745]]]},"id":"-45445+17746","properties":{"area_sq_km":0.0,"count":5,"label":2,"latitude":47.82316158407594,"longitude":-122.47100583711496,"near_healthy_bed":1,"priority_score":1.0,"priority_tier":"monitor","recommended_action":"no_action","region_id":"puget_sound","region_name":"Puget Sound, WA","state":"WA","status":2,"status_label":"healthy"}},{"type":"Feature","geometry":{"geodesic":false,"type":"Polygon","coordinates":[[[-122.47181426043497,47.83528887936452],[-122.46911931458261,47.83528887936452],[-122.46911931458261,47.83798382521688],[-122.47181426043497,47.83798382521688],[-122.47181426043497,47.83528887936452]]]},"id":"-45445+17750","properties":{"area_sq_km":0.0,"count":1,"label":2,"latitude":47.836636348489236,"longitude":-122.47046678745681,"near_healthy_bed":1,"priority_score":1.0,"priority_tier":"monitor","recommended_action":"no_action","region_id":"puget_sound","region_name":"Puget Sound, WA","state":"WA","status":2,"status_label":"healthy"}},{"type":"Feature","geometry":{"geodesic":false,"type":"Polygon","coordinates":[[[-122.47181426043497,47.89727263396877],[-122.46911931458261,47.89727263396877],[-122.46911931458261,47.89996757982113],[-122.47181426043497,47.89996757982113],[-122.47181426043497,47.89727263396877]]]},"id":"-45445+17773","properties":{"area_sq_km":0.0,"count":1,"label":2,"latitude":47.89862010313517,"longitude":-122.47046678742446,"near_healthy_bed":1,"priority_score":1.0,"priority_tier":"monitor","recommended_action":"no_action","region_id":"puget_sound","region_name":"Puget Sound, WA","state":"WA","status":2,"status_label":"healthy"}},{"type":"Feature","geometry":{"geodesic":false,"type":"Polygon","coordinates":[[[-122.47181426043497,47.91074736323056],[-122.46911931458261,47.91074736323056],[-122.46911931458261,47.91344230908292],[-122.47181426043497,47.91344230908292],[-122.47181426043497,47.91074736323056]]]},"id":"-45445+17778","properties":{"area_sq_km":0.0,"count":1,"label":2,"latitude":47.912094832514036,"longitude":-122.47046678739738,"near_healthy_bed":1,"priority_score":1.0,"priority_tier":"monitor","recommended_action":"no_action","region_id":"puget_sound","region_name":"Puget Sound, WA","state":"WA","status":2,"status_label":"healthy"}},{"type":"Feature","geometry":{"geodesic":false,"type":"Polygon","coordinates":[[[-122.47720415213969,47.59004880679989],[-122.47720415213969,47.581963969242814],[-122.47989909799205,47.581963969242814],[-122.47989909799205,47.5765740775381],[-122.49337382725383,47.5765740775381],[-122.49337382725383,47.57387913168574],[-122.49067888140148,47.57387913168574],[-122.49067888140148,47.56309934827631],[-122.4825940438444,47.56309934827631],[-122.4825940438444,47.56040440242395],[-122.47989909799205,47.56040440242395],[-122.47989909799205,47.56309934827631],[-122.47720415213969,47.56309934827631],[-122.47720415213969,47.565794294128665],[-122.47181426043497,47.565794294128665],[-122.47181426043497,47.57926902339046],[-122.46642436873026,47.57926902339046],[-122.46642436873026,47.581963969242814],[-122.46372942287789,47.581963969242814],[-122.46372942287789,47.584658915095176],[-122.46642436873026,47.584658915095176],[-122.46642436873026,47.58735386094753],[-122.47181426043497,47.58735386094753],[-122.47181426043497,47.59004880679989],[-122.47720415213969,47.59004880679989]]]},"id":"-45446+17658","properties":{"area_sq_km":3.0,"count":54,"label":2,"latitude":47.57457705001883,"longitude":-122.47870244684226,"near_healthy_bed":1,"priority_score":1.0,"priority_tier":"monitor","recommended_action":"no_action","region_id":"puget_sound","region_name":"Puget Sound, WA","state":"WA","status":2,"status_label":"healthy"}},{"type":"Feature","geometry":{"geodesic":false,"type":"Polygon","coordinates":[[[-122.47450920628732,47.62508310288055],[-122.47181426043497,47.62508310288055],[-122.47181426043497,47.627778048732914],[-122.47450920628732,47.627778048732914],[-122.47450920628732,47.62508310288055]]]},"id":"-45446+17672","properties":{"area_sq_km":0.0,"count":1,"label":2,"latitude":47.62643057197109,"longitude":-122.47316173341726,"near_healthy_bed":1,"priority_score":1.0,"priority_tier":"monitor","recommended_action":"no_action","region_id":"puget_sound","region_name":"Puget Sound, WA","state":"WA","status":2,"status_label":"healthy"}},{"type":"Feature","geometry":{"geodesic":false,"type":"Polygon","coordinates":[[[-122.47720415213969,47.66011739896121],[-122.47720415213969,47.65742245310886],[-122.47450920628732,47.65742245310886],[-122.47450920628732,47.654727507256496],[-122.47181426043497,47.654727507256496],[-122.47181426043497,47.66011739896121],[-122.47720415213969,47.66011739896121]]]},"id":"-45446+17684","properties":{"area_sq_km":0.0,"count":3,"label":0,"latitude":47.65787159191792,"longitude":-122.47406001939142,"near_healthy_bed":1,"priority_score":1.0,"priority_tier":"monitor","recommended_action":"urchin_removal_then_replant","region_id":"puget_sound","region_name":"Puget Sound, WA","state":"WA","status":0,"status_label":"barren"}},{"type":"Feature","geometry":{"geodesic":false,"type":"Polygon","coordinates":[[[-122.47450920628732,47.67898201992772],[-122.47181426043497,47.67898201992772],[-122.47181426043497,47.681676965780085],[-122.47450920628732,47.681676965780085],[-122.47450920628732,47.67898201992772]]]},"id":"-45446+17692","properties":{"area_sq_km":0.0,"count":1,"label":0,"latitude":47.680329489114406,"longitude":-122.47316173340415,"near_healthy_bed":1,"priority_score":1.0,"priority_tier":"monitor","recommended_action":"urchin_removal_then_replant","region_id":"puget_sound","region_name":"Puget Sound, WA","state":"WA","status":0,"status_label":"barren"}},{"type":"Feature","geometry":{"geodesic":false,"type":"Polygon","coordinates":[[[-122.47450920628732,47.69515169504188],[-122.47181426043497,47.69515169504188],[-122.47181426043497,47.697846640894234],[-122.47450920628732,47.697846640894234],[-122.47450920628732,47.69515169504188]]]},"id":"-45446+17698","properties":{"area_sq_km":0.0,"count":1,"label":0,"latitude":47.69649916435371,"longitude":-122.47316173328291,"near_healthy_bed":1,"priority_score":1.0,"priority_tier":"monitor","recommended_action":"urchin_removal_then_replant","region_id":"puget_sound","region_name":"Puget Sound, WA","state":"WA","status":0,"status_label":"barren"}},{"type":"Feature","geometry":{"geodesic":false,"type":"Polygon","coordinates":[[[-122.47450920628732,47.72210115356546],[-122.47181426043497,47.72210115356546],[-122.47181426043497,47.72479609941782],[-122.47450920628732,47.72479609941782],[-122.47450920628732,47.72210115356546]]]},"id":"-45446+17708","properties":{"area_sq_km":0.0,"count":1,"label":0,"latitude":47.72344862268895,"longitude":-122.47316173348084,"near_healthy_bed":1,"priority_score":1.0,"priority_tier":"monitor","recommended_action":"urchin_removal_then_replant","region_id":"puget_sound","region_name":"Puget Sound, WA","state":"WA","status":0,"status_label":"barren"}},{"type":"Feature","geometry":{"geodesic":false,"type":"Polygon","coordinates":[[[-122.47720415213969,47.778695016464994],[-122.47720415213969,47.77600007061263],[-122.47450920628732,47.77600007061263],[-122.47450920628732,47.76791523305556],[-122.46911931458261,47.76791523305556],[-122.46911931458261,47.770610178907916],[-122.47181426043497,47.770610178907916],[-122.47181426043497,47.778695016464994],[-122.47720415213969,47.778695016464994]]]},"id":"-45446+17728","properties":{"area_sq_km":0.0,"count":6,"label":2,"latitude":47.77330493141539,"longitude":-122.47316159894238,"near_healthy_bed":1,"priority_score":1.0,"priority_tier":"monitor","recommended_action":"no_action","region_id":"puget_sound","region_name":"Puget Sound, WA","state":"WA","status":2,"status_label":"healthy"}},{"type":"Feature","geometry":{"geodesic":false,"type":"Polygon","coordinates":[[[-122.47450920628732,47.921527146639995],[-122.47181426043497,47.921527146639995],[-122.47181426043497,47.92422209249236],[-122.47450920628732,47.92422209249236],[-122.47450920628732,47.921527146639995]]]},"id":"-45446+17782","properties":{"area_sq_km":0.0,"count":1,"label":2,"latitude":47.92287461588413,"longitude":-122.47316173341632,"near_healthy_bed":1,"priority_score":1.0,"priority_tier":"monitor","recommended_action":"no_action","region_id":"puget_sound","region_name":"Puget Sound, WA","state":"WA","status":2,"status_label":"healthy"}},{"type":"Feature","geometry":{"geodesic":false,"type":"Polygon","coordinates":[[[-122.47720415213969,47.975426063687166],[-122.47720415213969,47.97273111783481],[-122.47450920628732,47.97273111783481],[-122.47450920628732,47.97003617198245],[-122.46911931458261,47.97003617198245],[-122.46911931458261,47.97273111783481],[-122.47181426043497,47.97273111783481],[-122.47181426043497,47.975426063687166],[-122.47720415213969,47.975426063687166]]]},"id":"-45446+17801","properties":{"area_sq_km":0.0,"count":4,"label":2,"latitude":47.972731110416504,"longitude":-122.47316167090953,"near_healthy_bed":1,"priority_score":1.0,"priority_tier":"monitor","recommended_action":"no_action","region_id":"puget_sound","region_name":"Puget Sound, WA","state":"WA","status":2,"status_label":"healthy"}},{"type":"Feature","geometry":{"geodesic":false,"type":"Polygon","coordinates":[[[-122.47720415213969,47.63855783214235],[-122.47720415213969,47.63316794043763],[-122.4825940438444,47.63316794043763],[-122.4825940438444,47.627778048732914],[-122.47450920628732,47.627778048732914],[-122.47450920628732,47.63047299458527],[-122.47181426043497,47.63047299458527],[-122.47181426043497,47.635862886289985],[-122.47450920628732,47.635862886289985],[-122.47450920628732,47.63855783214235],[-122.47720415213969,47.63855783214235]]]},"id":"-45447+17676","properties":{"area_sq_km":1.0,"count":10,"label":2,"latitude":47.632089889004156,"longitude":-122.47693477576661,"near_healthy_bed":1,"priority_score":1.0,"priority_tier":"monitor","recommended_action":"no_action","region_id":"puget_sound","region_name":"Puget Sound, WA","state":"WA","status":2,"status_label":"healthy"}},{"type":"Feature","geometry":{"geodesic":false,"type":"Polygon","coordinates":[[[-122.47720415213969,47.63855783214235],[-122.47450920628732,47.63855783214235],[-122.47450920628732,47.64125277799471],[-122.47720415213969,47.64125277799471],[-122.47720415213969,47.63855783214235]]]},"id":"-45447+17677","properties":{"area_sq_km":0.0,"count":1,"label":0,"latitude":47.639905301337954,"longitude":-122.47585667911325,"near_healthy_bed":1,"priority_score":1.0,"priority_tier":"monitor","recommended_action":"urchin_removal_then_replant","region_id":"puget_sound","region_name":"Puget Sound, WA","state":"WA","status":0,"status_label":"barren"}},{"type":"Feature","geometry":{"geodesic":false,"type":"Polygon","coordinates":[[[-122.47720415213969,47.64394772384706],[-122.47450920628732,47.64394772384706],[-122.47450920628732,47.646642669699425],[-122.47720415213969,47.646642669699425],[-122.47720415213969,47.64394772384706]]]},"id":"-45447+17679","properties":{"area_sq_km":0.0,"count":1,"label":0,"latitude":47.64529519328161,"longitude":-122.47585667923367,"near_healthy_bed":1,"priority_score":1.0,"priority_tier":"monitor","recommended_action":"urchin_removal_then_replant","region_id":"puget_sound","region_name":"Puget Sound, WA","state":"WA","status":0,"status_label":"barren"}},{"type":"Feature","geometry":{"geodesic":false,"type":"Polygon","coordinates":[[[-122.47720415213969,47.72479609941782],[-122.47450920628732,47.72479609941782],[-122.47450920628732,47.72749104527018],[-122.47720415213969,47.72749104527018],[-122.47720415213969,47.72479609941782]]]},"id":"-45447+17709","properties":{"area_sq_km":0.0,"count":1,"label":0,"latitude":47.72614356862157,"longitude":-122.47585667919775,"near_healthy_bed":1,"priority_score":1.0,"priority_tier":"monitor","recommended_action":"urchin_removal_then_replant","region_id":"puget_sound","region_name":"Puget Sound, WA","state":"WA","status":0,"status_label":"barren"}},{"type":"Feature","geometry":{"geodesic":false,"type":"Polygon","coordinates":[[[-122.47720415213969,47.81642425839801],[-122.47720415213969,47.81103436669329],[-122.47181426043497,47.81103436669329],[-122.47181426043497,47.80833942084094],[-122.46911931458261,47.80833942084094],[-122.46911931458261,47.813729312545654],[-122.47450920628732,47.813729312545654],[-122.47450920628732,47.81642425839801],[-122.47720415213969,47.81642425839801]]]},"id":"-45447+17742","properties":{"area_sq_km":0.0,"count":5,"label":2,"latitude":47.812381811432054,"longitude":-122.47316161515425,"near_healthy_bed":1,"priority_score":1.0,"priority_tier":"monitor","recommended_action":"no_action","region_id":"puget_sound","region_name":"Puget Sound, WA","state":"WA","status":2,"status_label":"healthy"}},{"type":"Feature","geometry":{"geodesic":false,"type":"Polygon","coordinates":[[[-122.48528898969676,47.325944113268754],[-122.47720415213969,47.325944113268754],[-122.47720415213969,47.32863905912111],[-122.48528898969676,47.32863905912111],[-122.48528898969676,47.325944113268754]]]},"id":"-45448+17561","properties":{"area_sq_km":0.0,"count":3,"label":0,"latitude":47.327291645726895,"longitude":-122.48124657089745,"near_healthy_bed":1,"priority_score":1.0,"priority_tier":"monitor","recommended_action":"urchin_removal_then_replant","region_id":"puget_sound","region_name":"Puget Sound, WA","state":"WA","status":0,"status_label":"barren"}},{"type":"Feature","geometry":{"geodesic":false,"type":"Polygon","coordinates":[[[-122.47989909799205,47.33133400497347],[-122.47720415213969,47.33133400497347],[-122.47720415213969,47.33672389667819],[-122.47989909799205,47.33672389667819],[-122.47989909799205,47.33133400497347]]]},"id":"-45448+17564","properties":{"area_sq_km":0.0,"count":2,"label":0,"latitude":47.33402891288841,"longitude":-122.47855162514216,"near_healthy_bed":1,"priority_score":1.0,"priority_tier":"monitor","recommended_action":"urchin_removal_then_replant","region_id":"puget_sound","region_name":"Puget Sound, WA","state":"WA","status":0,"status_label":"barren"}},{"type":"Feature","geometry":{"geodesic":false,"type":"Polygon","coordinates":[[[-122.47989909799205,47.33941884253055],[-122.47720415213969,47.33941884253055],[-122.47720415213969,47.3421137883829],[-122.47989909799205,47.3421137883829],[-122.47989909799205,47.33941884253055]]]},"id":"-45448+17566","properties":{"area_sq_km":0.0,"count":1,"label":0,"latitude":47.34076631194212,"longitude":-122.4785516250515,"near_healthy_bed":1,"priority_score":1.0,"priority_tier":"monitor","recommended_action":"urchin_removal_then_replant","region_id":"puget_sound","region_name":"Puget Sound, WA","state":"WA","status":0,"status_label":"barren"}},{"type":"Feature","geometry":{"geodesic":false,"type":"Polygon","coordinates":[[[-122.46642436873026,47.600828590209325],[-122.46372942287789,47.600828590209325],[-122.46372942287789,47.60621848191404],[-122.46911931458261,47.60621848191404],[-122.46911931458261,47.6089134277664],[-122.47181426043497,47.6089134277664],[-122.47181426043497,47.61160837361876],[-122.47450920628732,47.61160837361876],[-122.47450920628732,47.60621848191404],[-122.47989909799205,47.60621848191404],[-122.47989909799205,47.61160837361876],[-122.47720415213969,47.61160837361876],[-122.47720415213969,47.619693211175836],[-122.47450920628732,47.619693211175836],[-122.47450920628732,47.6223881570282],[-122.47720415213969,47.6223881570282],[-122.47720415213969,47.62508310288055],[-122.47989909799205,47.62508310288055],[-122.47989909799205,47.61699826532348],[-122.4825940438444,47.61699826532348],[-122.4825940438444,47.62508310288055],[-122.48528898969676,47.62508310288055],[-122.48528898969676,47.619693211175836],[-122.48798393554912,47.619693211175836],[-122.48798393554912,47.61699826532348],[-122.49067888140148,47.61699826532348],[-122.49067888140148,47.61430331947112],[-122.48528898969676,47.61430331947112],[-122.48528898969676,47.60621848191404],[-122.49067888140148,47.60621848191404],[-122.49067888140148,47.60352353606169],[-122.4825940438444,47.60352353606169],[-122.4825940438444,47.59813364435697],[-122.47720415213969,47.59813364435697],[-122.47720415213969,47.592743752652254],[-122.47450920628732,47.592743752652254],[-122.47450920628732,47.59543869850461],[-122.47181426043497,47.59543869850461],[-122.47181426043497,47.59813364435697],[-122.46642436873026,47.59813364435697],[-122.46642436873026,47.600828590209325]],[[-122.46642436873026,47.600828590209325],[-122.46642436873026,47.60352353606169],[-122.46911931458261,47.60352353606169],[-122.46911931458261,47.600828590209325],[-122.46642436873026,47.600828590209325]]]},"id":"-45448+17671","properties":{"area_sq_km":3.0,"count":48,"label":2,"latitude":47.60812641437511,"longitude":-122.47810162082764,"near_healthy_bed":1,"priority_score":1.0,"priority_tier":"monitor","recommended_action":"no_action","region_id":"puget_sound","region_name":"Puget Sound, WA","state":"WA","status":2,"status_label":"healthy"}},{"type":"Feature","geometry":{"geodesic":false,"type":"Polygon","coordinates":[[[-122.47989909799205,47.67898201992772],[-122.47720415213969,47.67898201992772],[-122.47720415213969,47.681676965780085],[-122.47989909799205,47.681676965780085],[-122.47989909799205,47.67898201992772]]]},"id":"-45448+17692","properties":{"area_sq_km":0.0,"count":1,"label":0,"latitude":47.680329489108004,"longitude":-122.47855162504091,"near_healthy_bed":1,"priority_score":1.0,"priority_tier":"monitor","recommended_action":"urchin_removal_then_replant","region_id":"puget_sound","region_name":"Puget Sound, WA","state":"WA","status":0,"status_label":"barren"}},{"type":"Feature","geometry":{"geodesic":false,"type":"Polygon","coordinates":[[[-122.47989909799205,47.697846640894234],[-122.47720415213969,47.697846640894234],[-122.47720415213969,47.700541586746596],[-122.47989909799205,47.700541586746596],[-122.47989909799205,47.697846640894234]]]},"id":"-45448+17699","properties":{"area_sq_km":0.0,"count":1,"label":0,"latitude":47.69919411014541,"longitude":-122.47855162506038,"near_healthy_bed":1,"priority_score":1.0,"priority_tier":"monitor","recommended_action":"urchin_removal_then_replant","region_id":"puget_sound","region_name":"Puget Sound, WA","state":"WA","status":0,"status_label":"barren"}},{"type":"Feature","geometry":{"geodesic":false,"type":"Polygon","coordinates":[[[-122.47989909799205,47.71132137015603],[-122.47720415213969,47.71132137015603],[-122.47720415213969,47.71401631600838],[-122.47989909799205,47.71401631600838],[-122.47989909799205,47.71132137015603]]]},"id":"-45448+17704","properties":{"area_sq_km":0.0,"count":1,"label":0,"latitude":47.71266883932376,"longitude":-122.47855162504865,"near_healthy_bed":1,"priority_score":1.0,"priority_tier":"monitor","recommended_action":"urchin_removal_then_replant","region_id":"puget_sound","region_name":"Puget Sound, WA","state":"WA","status":0,"status_label":"barren"}},{"type":"Feature","geometry":{"geodesic":false,"type":"Polygon","coordinates":[[[-122.47989909799205,47.71940620771311],[-122.47720415213969,47.71940620771311],[-122.47720415213969,47.72210115356546],[-122.47989909799205,47.72210115356546],[-122.47989909799205,47.71940620771311]]]},"id":"-45448+17707","properties":{"area_sq_km":0.0,"count":1,"label":0,"latitude":47.72075367693249,"longitude":-122.47855162504892,"near_healthy_bed":1,"priority_score":1.0,"priority_tier":"monitor","recommended_action":"urchin_removal_then_replant","region_id":"puget_sound","region_name":"Puget Sound, WA","state":"WA","status":0,"status_label":"barren"}},{"type":"Feature","geometry":{"geodesic":false,"type":"Polygon","coordinates":[[[-122.4825940438444,47.786779854022065],[-122.4825940438444,47.78408490816971],[-122.48528898969676,47.78408490816971],[-122.48528898969676,47.78138996231735],[-122.4825940438444,47.78138996231735],[-122.4825940438444,47.778695016464994],[-122.47720415213969,47.778695016464994],[-122.47720415213969,47.786779854022065],[-122.4825940438444,47.786779854022065]]]},"id":"-45448+17731","properties":{"area_sq_km":0.0,"count":7,"label":2,"latitude":47.78273738065359,"longitude":-122.48047658630601,"near_healthy_bed":1,"priority_score":1.0,"priority_tier":"monitor","recommended_action":"no_action","region_id":"puget_sound","region_name":"Puget Sound, WA","state":"WA","status":2,"status_label":"healthy"}},{"type":"Feature","geometry":{"geodesic":false,"type":"Polygon","coordinates":[[[-122.47989909799205,47.80833942084094],[-122.47720415213969,47.80833942084094],[-122.47720415213969,47.81103436669329],[-122.47989909799205,47.81103436669329],[-122.47989909799205,47.80833942084094]]]},"id":"-45448+17740","properties":{"area_sq_km":0.0,"count":1,"label":2,"latitude":47.80968689002751,"longitude":-122.4785516250047,"near_healthy_bed":1,"priority_score":1.0,"priority_tier":"monitor","recommended_action":"no_action","region_id":"puget_sound","region_name":"Puget Sound, WA","state":"WA","status":2,"status_label":"healthy"}},{"type":"Feature","geometry":{"geodesic":false,"type":"Polygon","coordinates":[[[-122.47989909799205,47.89727263396877],[-122.47720415213969,47.89727263396877],[-122.47720415213969,47.89996757982113],[-122.47989909799205,47.89996757982113],[-122.47989909799205,47.89727263396877]]]},"id":"-45448+17773","properties":{"area_sq_km":0.0,"count":1,"label":2,"latitude":47.898620103159615,"longitude":-122.47855162506882,"near_healthy_bed":1,"priority_score":1.0,"priority_tier":"monitor","recommended_action":"no_action","region_id":"puget_sound","region_name":"Puget Sound, WA","state":"WA","status":2,"status_label":"healthy"}},{"type":"Feature","geometry":{"geodesic":false,"type":"Polygon","coordinates":[[[-122.47989909799205,47.921527146639995],[-122.47720415213969,47.921527146639995],[-122.47720415213969,47.92422209249236],[-122.47989909799205,47.92422209249236],[-122.47989909799205,47.921527146639995]]]},"id":"-45448+17782","properties":{"area_sq_km":0.0,"count":1,"label":2,"latitude":47.92287461588324,"longitude":-122.47855162511706,"near_healthy_bed":1,"priority_score":1.0,"priority_tier":"monitor","recommended_action":"no_action","region_id":"puget_sound","region_name":"Puget Sound, WA","state":"WA","status":2,"status_label":"healthy"}},{"type":"Feature","geometry":{"geodesic":false,"type":"Polygon","coordinates":[[[-122.47989909799205,47.929611984197074],[-122.47720415213969,47.929611984197074],[-122.47720415213969,47.93500187590179],[-122.47989909799205,47.93500187590179],[-122.47989909799205,47.929611984197074]]]},"id":"-45448+17786","properties":{"area_sq_km":0.0,"count":2,"label":2,"latitude":47.93230689114476,"longitude":-122.478551625011,"near_healthy_bed":1,"priority_score":1.0,"priority_tier":"monitor","recommended_action":"no_action","region_id":"puget_sound","region_name":"Puget Sound, WA","state":"WA","status":2,"status_label":"healthy"}},{"type":"Feature","geometry":{"geodesic":false,"type":"Polygon","coordinates":[[[-122.47989909799205,47.98081595539188],[-122.47720415213969,47.98081595539188],[-122.47720415213969,47.983510901244244],[-122.47989909799205,47.983510901244244],[-122.47989909799205,47.98081595539188]]]},"id":"-45448+17804","properties":{"area_sq_km":0.0,"count":1,"label":2,"latitude":47.98216342451874,"longitude":-122.47855162503379,"near_healthy_bed":1,"priority_score":1.0,"priority_tier":"monitor","recommended_action":"no_action","region_id":"puget_sound","region_name":"Puget Sound, WA","state":"WA","status":2,"status_label":"healthy"}},{"type":"Feature","geometry":{"geodesic":false,"type":"Polygon","coordinates":[[[-122.4825940438444,47.379843030315925],[-122.47989909799205,47.379843030315925],[-122.47989909799205,47.38253797616828],[-122.4825940438444,47.38253797616828],[-122.4825940438444,47.379843030315925]]]},"id":"-45449+17581","properties":{"area_sq_km":0.0,"count":1,"label":1,"latitude":47.381190499533545,"longitude":-122.48124657097486,"near_healthy_bed":1,"priority_score":1.0,"priority_tier":"monitor","recommended_action":"monitor_and_replant","region_id":"puget_sound","region_name":"Puget Sound, WA","state":"WA","status":1,"status_label":"recovering"}},{"type":"Feature","geometry":{"geodesic":false,"type":"Polygon","coordinates":[[[-122.4825940438444,47.48225097270555],[-122.47989909799205,47.48225097270555],[-122.47989909799205,47.484945918557905],[-122.4825940438444,47.484945918557905],[-122.4825940438444,47.48225097270555]]]},"id":"-45449+17619","properties":{"area_sq_km":0.0,"count":1,"label":1,"latitude":47.48359844178796,"longitude":-122.481246571046,"near_healthy_bed":1,"priority_score":1.0,"priority_tier":"monitor","recommended_action":"monitor_and_replant","region_id":"puget_sound","region_name":"Puget Sound, WA","state":"WA","status":1,"status_label":"recovering"}},{"type":"Feature","geometry":{"geodesic":false,"type":"Polygon","coordinates":[[[-122.48798393554912,47.51728526878621],[-122.47989909799205,47.51728526878621],[-122.47989909799205,47.51998021463857],[-122.48798393554912,47.51998021463857],[-122.48798393554912,47.51728526878621]]]},"id":"-45449+17632","properties":{"area_sq_km":0.0,"count":3,"label":2,"latitude":47.51863280129996,"longitude":-122.48394151674759,"near_healthy_bed":1,"priority_score":1.0,"priority_tier":"monitor","recommended_action":"no_action","region_id":"puget_sound","region_name":"Puget Sound, WA","state":"WA","status":2,"status_label":"healthy"}},{"type":"Feature","geometry":{"geodesic":false,"type":"Polygon","coordinates":[[[-122.4825940438444,47.549624619014516],[-122.47989909799205,47.549624619014516],[-122.47989909799205,47.55231956486687],[-122.4825940438444,47.55231956486687],[-122.4825940438444,47.549624619014516]]]},"id":"-45449+17644","properties":{"area_sq_km":0.0,"count":1,"label":0,"latitude":47.55097208813184,"longitude":-122.48124657098657,"near_healthy_bed":1,"priority_score":1.0,"priority_tier":"monitor","recommended_action":"urchin_removal_then_replant","region_id":"puget_sound","region_name":"Puget Sound, WA","state":"WA","status":0,"status_label":"barren"}},{"type":"Feature","geometry":{"geodesic":false,"type":"Polygon","coordinates":[[[-122.4825940438444,47.70862642430367],[-122.47989909799205,47.70862642430367],[-122.47989909799205,47.71132137015603],[-122.4825940438444,47.71132137015603],[-122.4825940438444,47.70862642430367]]]},"id":"-45449+17703","properties":{"area_sq_km":0.0,"count":1,"label":0,"latitude":47.709973893561965,"longitude":-122.48124657085614,"near_healthy_bed":1,"priority_score":1.0,"priority_tier":"monitor","recommended_action":"urchin_removal_then_replant","region_id":"puget_sound","region_name":"Puget Sound, WA","state":"WA","status":0,"status_label":"barren"}},{"type":"Feature","geometry":{"geodesic":false,"type":"Polygon","coordinates":[[[-122.48528898969676,47.81911920425037],[-122.47989909799205,47.81911920425037],[-122.47989909799205,47.82181415010273],[-122.48528898969676,47.82181415010273],[-122.48528898969676,47.81911920425037]]]},"id":"-45449+17744","properties":{"area_sq_km":0.0,"count":2,"label":2,"latitude":47.820466697034966,"longitude":-122.48259404385715,"near_healthy_bed":1,"priority_score":1.0,"priority_tier":"monitor","recommended_action":"no_action","region_id":"puget_sound","region_name":"Puget Sound, WA","state":"WA","status":2,"status_label":"healthy"}},{"type":"Feature","geometry":{"geodesic":false,"type":"Polygon","coordinates":[[[-122.48798393554912,47.8433737169216],[-122.47989909799205,47.8433737169216],[-122.47989909799205,47.84606866277396],[-122.48798393554912,47.84606866277396],[-122.48798393554912,47.8433737169216]]]},"id":"-45449+17753","properties":{"area_sq_km":0.0,"count":3,"label":2,"latitude":47.8447212491242,"longitude":-122.48394151676844,"near_healthy_bed":1,"priority_score":1.0,"priority_tier":"monitor","recommended_action":"no_action","region_id":"puget_sound","region_name":"Puget Sound, WA","state":"WA","status":2,"status_label":"healthy"}},{"type":"Feature","geometry":{"geodesic":false,"type":"Polygon","coordinates":[[[-122.4825940438444,47.883797904706974],[-122.47989909799205,47.883797904706974],[-122.47989909799205,47.886492850559335],[-122.4825940438444,47.886492850559335],[-122.4825940438444,47.883797904706974]]]},"id":"-45449+17768","properties":{"area_sq_km":0.0,"count":1,"label":2,"latitude":47.88514537390336,"longitude":-122.48124657102153,"near_healthy_bed":1,"priority_score":1.0,"priority_tier":"monitor","recommended_action":"no_action","region_id":"puget_sound","region_name":"Puget Sound, WA","state":"WA","status":2,"status_label":"healthy"}},{"type":"Feature","geometry":{"geodesic":false,"type":"Polygon","coordinates":[[[-122.48528898969676,47.743660720384334],[-122.48528898969676,47.74096577453197],[-122.48798393554912,47.74096577453197],[-122.48798393554912,47.73827082867961],[-122.4825940438444,47.73827082867961],[-122.4825940438444,47.732880936974894],[-122.47720415213969,47.732880936974894],[-122.47720415213969,47.73827082867961],[-122.47989909799205,47.73827082867961],[-122.47989909799205,47.74096577453197],[-122.4825940438444,47.74096577453197],[-122.4825940438444,47.743660720384334],[-122.48528898969676,47.743660720384334]]]},"id":"-45450+17715","properties":{"area_sq_km":0.0,"count":8,"label":2,"latitude":47.737933855904885,"longitude":-122.48192012232754,"near_healthy_bed":1,"priority_score":1.0,"priority_tier":"monitor","recommended_action":"no_action","region_id":"puget_sound","region_name":"Puget Sound, WA","state":"WA","status":2,"status_label":"healthy"}},{"type":"Feature","geometry":{"geodesic":false,"type":"Polygon","coordinates":[[[-122.48528898969676,47.85415350033103],[-122.4825940438444,47.85415350033103],[-122.4825940438444,47.85684844618339],[-122.48528898969676,47.85684844618339],[-122.48528898969676,47.85415350033103]]]},"id":"-45450+17757","properties":{"area_sq_km":0.0,"count":1,"label":2,"latitude":47.855500969549006,"longitude":-122.48394151677894,"near_healthy_bed":1,"priority_score":1.0,"priority_tier":"monitor","recommended_action":"no_action","region_id":"puget_sound","region_name":"Puget Sound, WA","state":"WA","status":2,"status_label":"healthy"}},{"type":"Feature","geometry":{"geodesic":false,"type":"Polygon","coordinates":[[[-122.48528898969676,47.9080524173782],[-122.4825940438444,47.9080524173782],[-122.4825940438444,47.91344230908292],[-122.48528898969676,47.91344230908292],[-122.48528898969676,47.9080524173782]]]},"id":"-45450+17778","properties":{"area_sq_km":0.0,"count":2,"label":0,"latitude":47.9107473244135,"longitude":-122.48394151663291,"near_healthy_bed":1,"priority_score":1.0,"priority_tier":"monitor","recommended_action":"urchin_removal_then_replant","region_id":"puget_sound","region_name":"Puget Sound, WA","state":"WA","status":0,"status_label":"barren"}},{"type":"Feature","geometry":{"geodesic":false,"type":"Polygon","coordinates":[[[-122.48528898969676,47.92422209249236],[-122.4825940438444,47.92422209249236],[-122.4825940438444,47.92691703834471],[-122.48528898969676,47.92691703834471],[-122.48528898969676,47.92422209249236]]]},"id":"-45450+17783","properties":{"area_sq_km":0.0,"count":1,"label":2,"latitude":47.925569561510805,"longitude":-122.48394151674671,"near_healthy_bed":1,"priority_score":1.0,"priority_tier":"monitor","recommended_action":"no_action","region_id":"puget_sound","region_name":"Puget Sound, WA","state":"WA","status":2,"status_label":"healthy"}},{"type":"Feature","geometry":{"geodesic":false,"type":"Polygon","coordinates":[[[-122.48528898969676,47.93500187590179],[-122.4825940438444,47.93500187590179],[-122.4825940438444,47.937696821754145],[-122.48528898969676,47.937696821754145],[-122.48528898969676,47.93500187590179]]]},"id":"-45450+17787","properties":{"area_sq_km":0.0,"count":1,"label":2,"latitude":47.936349345029456,"longitude":-122.4839415167508,"near_healthy_bed":1,"priority_score":1.0,"priority_tier":"monitor","recommended_action":"no_action","region_id":"puget_sound","region_name":"Puget Sound, WA","state":"WA","status":2,"status_label":"healthy"}},{"type":"Feature","geometry":{"geodesic":false,"type":"Polygon","coordinates":[[[-122.48798393554912,47.48225097270555],[-122.48528898969676,47.48225097270555],[-122.48528898969676,47.484945918557905],[-122.48798393554912,47.484945918557905],[-122.48798393554912,47.48225097270555]]]},"id":"-45451+17619","properties":{"area_sq_km":0.0,"count":1,"label":2,"latitude":47.48359844184921,"longitude":-122.48663646272739,"near_healthy_bed":1,"priority_score":1.0,"priority_tier":"monitor","recommended_action":"no_action","region_id":"puget_sound","region_name":"Puget Sound, WA","state":"WA","status":2,"status_label":"healthy"}},{"type":"Feature","geometry":{"geodesic":false,"type":"Polygon","coordinates":[[[-122.49337382725383,47.59813364435697],[-122.49337382725383,47.59543869850461],[-122.49067888140148,47.59543869850461],[-122.49067888140148,47.592743752652254],[-122.48528898969676,47.592743752652254],[-122.48528898969676,47.59813364435697],[-122.49337382725383,47.59813364435697]]]},"id":"-45451+17661","properties":{"area_sq_km":0.0,"count":5,"label":2,"latitude":47.595708203450464,"longitude":-122.48879239284092,"near_healthy_bed":1,"priority_score":1.0,"priority_tier":"monitor","recommended_action":"no_action","region_id":"puget_sound","region_name":"Puget Sound, WA","state":"WA","status":2,"status_label":"healthy"}},{"type":"Feature","geometry":{"geodesic":false,"type":"Polygon","coordinates":[[[-122.48798393554912,47.65742245310886],[-122.48528898969676,47.65742245310886],[-122.48528898969676,47.66011739896121],[-122.48798393554912,47.66011739896121],[-122.48798393554912,47.65742245310886]]]},"id":"-45451+17684","properties":{"area_sq_km":0.0,"count":1,"label":0,"latitude":47.658769922311166,"longitude":-122.48663646269809,"near_healthy_bed":1,"priority_score":1.0,"priority_tier":"monitor","recommended_action":"urchin_removal_then_replant","region_id":"puget_sound","region_name":"Puget Sound, WA","state":"WA","status":0,"status_label":"barren"}},{"type":"Feature","geometry":{"geodesic":false,"type":"Polygon","coordinates":[[[-122.48798393554912,47.67628707407537],[-122.48798393554912,47.66820223651829],[-122.47989909799205,47.66820223651829],[-122.47989909799205,47.67089718237065],[-122.48528898969676,47.67089718237065],[-122.48528898969676,47.67628707407537],[-122.48798393554912,47.67628707407537]]]},"id":"-45451+17690","properties":{"area_sq_km":0.0,"count":5,"label":0,"latitude":47.671166631497826,"longitude":-122.48501939933341,"near_healthy_bed":1,"priority_score":1.0,"priority_tier":"monitor","recommended_action":"urchin_removal_then_replant","region_id":"puget_sound","region_name":"Puget Sound, WA","state":"WA","status":0,"status_label":"barren"}},{"type":"Feature","geometry":{"geodesic":false,"type":"Polygon","coordinates":[[[-122.48798393554912,47.786779854022065],[-122.48528898969676,47.786779854022065],[-122.48528898969676,47.78947479987443],[-122.48798393554912,47.78947479987443],[-122.48798393554912,47.786779854022065]]]},"id":"-45451+17732","properties":{"area_sq_km":0.0,"count":1,"label":2,"latitude":47.78812732297415,"longitude":-122.48663646266426,"near_healthy_bed":1,"priority_score":1.0,"priority_tier":"monitor","recommended_action":"no_action","region_id":"puget_sound","region_name":"Puget Sound, WA","state":"WA","status":2,"status_label":"healthy"}},{"type":"Feature","geometry":{"geodesic":false,"type":"Polygon","coordinates":[[[-122.48798393554912,47.97273111783481],[-122.48528898969676,47.97273111783481],[-122.48528898969676,47.975426063687166],[-122.48798393554912,47.975426063687166],[-122.48798393554912,47.97273111783481]]]},"id":"-45451+17801","properties":{"area_sq_km":0.0,"count":1,"label":2,"latitude":47.9740785867676,"longitude":-122.48663646264653,"near_healthy_bed":1,"priority_score":1.0,"priority_tier":"monitor","recommended_action":"no_action","region_id":"puget_sound","region_name":"Puget Sound, WA","state":"WA","status":2,"status_label":"healthy"}},{"type":"Feature","geometry":{"geodesic":false,"type":"Polygon","coordinates":[[[-122.49067888140148,47.654727507256496],[-122.48798393554912,47.654727507256496],[-122.48798393554912,47.65742245310886],[-122.49067888140148,47.65742245310886],[-122.49067888140148,47.654727507256496]]]},"id":"-45452+17683","properties":{"area_sq_km":0.0,"count":1,"label":0,"latitude":47.65607497640563,"longitude":-122.48933140848908,"near_healthy_bed":1,"priority_score":1.0,"priority_tier":"monitor","recommended_action":"urchin_removal_then_replant","region_id":"puget_sound","region_name":"Puget Sound, WA","state":"WA","status":0,"status_label":"barren"}},{"type":"Feature","geometry":{"geodesic":false,"type":"Polygon","coordinates":[[[-122.49876371895856,47.67898201992772],[-122.48798393554912,47.67898201992772],[-122.48798393554912,47.681676965780085],[-122.49876371895856,47.681676965780085],[-122.49876371895856,47.67898201992772]]]},"id":"-45452+17692","properties":{"area_sq_km":0.0,"count":4,"label":0,"latitude":47.680329607484914,"longitude":-122.49337382723702,"near_healthy_bed":1,"priority_score":1.0,"priority_tier":"monitor","recommended_action":"urchin_removal_then_replant","region_id":"puget_sound","region_name":"Puget Sound, WA","state":"WA","status":0,"status_label":"barren"}},{"type":"Feature","geometry":{"geodesic":false,"type":"Polygon","coordinates":[[[-122.49067888140148,47.716711261860745],[-122.48798393554912,47.716711261860745],[-122.48798393554912,47.71940620771311],[-122.49067888140148,47.71940620771311],[-122.49067888140148,47.716711261860745]]]},"id":"-45452+17706","properties":{"area_sq_km":0.0,"count":1,"label":2,"latitude":47.71805873089154,"longitude":-122.48933140844707,"near_healthy_bed":1,"priority_score":1.0,"priority_tier":"monitor","recommended_action":"no_action","region_id":"puget_sound","region_name":"Puget Sound, WA","state":"WA","status":2,"status_label":"healthy"}},{"type":"Feature","geometry":{"geodesic":false,"type":"Polygon","coordinates":[[[-122.48798393554912,47.64933761555178],[-122.48798393554912,47.646642669699425],[-122.48528898969676,47.646642669699425],[-122.48528898969676,47.64394772384706],[-122.4825940438444,47.64394772384706],[-122.4825940438444,47.63855783214235],[-122.47720415213969,47.63855783214235],[-122.47720415213969,47.64125277799471],[-122.47450920628732,47.64125277799471],[-122.47450920628732,47.63855783214235],[-122.47181426043497,47.63855783214235],[-122.47181426043497,47.64394772384706],[-122.46911931458261,47.64394772384706],[-122.46911931458261,47.646642669699425],[-122.47181426043497,47.646642669699425],[-122.47181426043497,47.64933761555178],[-122.47450920628732,47.64933761555178],[-122.47450920628732,47.65203256140414],[-122.46911931458261,47.65203256140414],[-122.46911931458261,47.65742245310886],[-122.46103447702554,47.65742245310886],[-122.46103447702554,47.654727507256496],[-122.45833953117318,47.654727507256496],[-122.45833953117318,47.66011739896121],[-122.46103447702554,47.66011739896121],[-122.46103447702554,47.662812344813574],[-122.45833953117318,47.662812344813574],[-122.45833953117318,47.665507290665936],[-122.46103447702554,47.665507290665936],[-122.46103447702554,47.66820223651829],[-122.46911931458261,47.66820223651829],[-122.46911931458261,47.67089718237065],[-122.47181426043497,47.67089718237065],[-122.47181426043497,47.67359212822301],[-122.46911931458261,47.67359212822301],[-122.46911931458261,47.67898201992772],[-122.46642436873026,47.67898201992772],[-122.46642436873026,47.67628707407537],[-122.46103447702554,47.67628707407537],[-122.46103447702554,47.67898201992772],[-122.45833953117318,47.67898201992772],[-122.45833953117318,47.67089718237065],[-122.45564458532081,47.67089718237065],[-122.45564458532081,47.681676965780085],[-122.46103447702554,47.681676965780085],[-122.46103447702554,47.68437191163244],[-122.45833953117318,47.68437191163244],[-122.45833953117318,47.69245674918952],[-122.45294963946846,47.69245674918952],[-122.45294963946846,47.69515169504188],[-122.44486480191138,47.69515169504188],[-122.44486480191138,47.700541586746596],[-122.44755974776375,47.700541586746596],[-122.44755974776375,47.697846640894234],[-122.45294963946846,47.697846640894234],[-122.45294963946846,47.700541586746596],[-122.45564458532081,47.700541586746596],[-122.45564458532081,47.70323653259895],[-122.45833953117318,47.70323653259895],[-122.45833953117318,47.70593147845131],[-122.46103447702554,47.70593147845131],[-122.46103447702554,47.70323653259895],[-122.46372942287789,47.70323653259895],[-122.46372942287789,47.70862642430367],[-122.45833953117318,47.70862642430367],[-122.45833953117318,47.71132137015603],[-122.46911931458261,47.71132137015603],[-122.46911931458261,47.71401631600839],[-122.47181426043497,47.71401631600839],[-122.47181426043497,47.716711261860745],[-122.46642436873026,47.716711261860745],[-122.46642436873026,47.71940620771311],[-122.47181426043497,47.71940620771311],[-122.47181426043497,47.72210115356546],[-122.46642436873026,47.72210115356546],[-122.46642436873026,47.73018599112254],[-122.47181426043497,47.73018599112254],[-122.47181426043497,47.732880936974894],[-122.47450920628732,47.732880936974894],[-122.47450920628732,47.73018599112254],[-122.4825940438444,47.73018599112254],[-122.4825940438444,47.732880936974894],[-122.48798393554912,47.732880936974894],[-122.48798393554912,47.735575882827256],[-122.49067888140148,47.735575882827256],[-122.49067888140148,47.73018599112254],[-122.48798393554912,47.73018599112254],[-122.48798393554912,47.72749104527018],[-122.4825940438444,47.72749104527018],[-122.4825940438444,47.72210115356546],[-122.48798393554912,47.72210115356546],[-122.48798393554912,47.71940620771311],[-122.4825940438444,47.71940620771311],[-122.4825940438444,47.71132137015603],[-122.49337382725383,47.71132137015603],[-122.49337382725383,47.70862642430367],[-122.48798393554912,47.70862642430367],[-122.48798393554912,47.70593147845131],[-122.47720415213969,47.70593147845131],[-122.47720415213969,47.70323653259895],[-122.48798393554912,47.70323653259895],[-122.48798393554912,47.697846640894234],[-122.48528898969676,47.697846640894234],[-122.48528898969676,47.69515169504188],[-122.4825940438444,47.69515169504188],[-122.4825940438444,47.69245674918952],[-122.47989909799205,47.69245674918952],[-122.47989909799205,47.69515169504188],[-122.47720415213969,47.69515169504188],[-122.47720415213969,47.68976180333716],[-122.4825940438444,47.68976180333716],[-122.4825940438444,47.6870668574848],[-122.48528898969676,47.6870668574848],[-122.48528898969676,47.681676965780085],[-122.48798393554912,47.681676965780085],[-122.48798393554912,47.68437191163244],[-122.49067888140148,47.68437191163244],[-122.49067888140148,47.6870668574848],[-122.48798393554912,47.6870668574848],[-122.48798393554912,47.68976180333716],[-122.49067888140148,47.68976180333716],[-122.49067888140148,47.69245674918952],[-122.4960687731062,47.69245674918952],[-122.4960687731062,47.69515169504188],[-122.49876371895856,47.69515169504188],[-122.49876371895856,47.6870668574848],[-122.50145866481091,47.6870668574848],[-122.50145866481091,47.68437191163244],[-122.50415361066327,47.68437191163244],[-122.50415361066327,47.681676965780085],[-122.50145866481091,47.681676965780085],[-122.50145866481091,47.67628707407537],[-122.49876371895856,47.67628707407537],[-122.49876371895856,47.67359212822301],[-122.4960687731062,47.67359212822301],[-122.4960687731062,47.67089718237065],[-122.49337382725383,47.67089718237065],[-122.49337382725383,47.67628707407537],[-122.49067888140148,47.67628707407537],[-122.49067888140148,47.66011739896121],[-122.49337382725383,47.66011739896121],[-122.49337382725383,47.654727507256496],[-122.4960687731062,47.654727507256496],[-122.4960687731062,47.65203256140414],[-122.49337382725383,47.65203256140414],[-122.49337382725383,47.64394772384706],[-122.49067888140148,47.64394772384706],[-122.49067888140148,47.64933761555178],[-122.48798393554912,47.64933761555178]],[[-122.48798393554912,47.681676965780085],[-122.49876371895856,47.681676965780085],[-122.49876371895856,47.67898201992772],[-122.48798393554912,47.67898201992772],[-122.48798393554912,47.681676965780085]],[[-122.4960687731062,47.68437191163244],[-122.49337382725383,47.68437191163244],[-122.49337382725383,47.6870668574848],[-122.4960687731062,47.6870668574848],[-122.4960687731062,47.68437191163244]],[[-122.48798393554912,47.66820223651829],[-122.47989909799205,47.66820223651829],[-122.47989909799205,47.67089718237065],[-122.48528898969676,47.67089718237065],[-122.48528898969676,47.67628707407537],[-122.48798393554912,47.67628707407537],[-122.48798393554912,47.66820223651829]],[[-122.47989909799205,47.67898201992772],[-122.47720415213969,47.67898201992772],[-122.47720415213969,47.681676965780085],[-122.47989909799205,47.681676965780085],[-122.47989909799205,47.67898201992772]],[[-122.47989909799205,47.697846640894234],[-122.47720415213969,47.697846640894234],[-122.47720415213969,47.700541586746596],[-122.47989909799205,47.700541586746596],[-122.47989909799205,47.697846640894234]],[[-122.47989909799205,47.71940620771311],[-122.47720415213969,47.71940620771311],[-122.47720415213969,47.72210115356546],[-122.47989909799205,47.72210115356546],[-122.47989909799205,47.71940620771311]],[[-122.47720415213969,47.64394772384706],[-122.47450920628732,47.64394772384706],[-122.47450920628732,47.646642669699425],[-122.47720415213969,47.646642669699425],[-122.47720415213969,47.64394772384706]],[[-122.47720415213969,47.65742245310886],[-122.47450920628732,47.65742245310886],[-122.47450920628732,47.654727507256496],[-122.47181426043497,47.654727507256496],[-122.47181426043497,47.66011739896121],[-122.47720415213969,47.66011739896121],[-122.47720415213969,47.65742245310886]],[[-122.47450920628732,47.67898201992772],[-122.47181426043497,47.67898201992772],[-122.47181426043497,47.681676965780085],[-122.47450920628732,47.681676965780085],[-122.47450920628732,47.67898201992772]],[[-122.47450920628732,47.69515169504188],[-122.47181426043497,47.69515169504188],[-122.47181426043497,47.697846640894234],[-122.47450920628732,47.697846640894234],[-122.47450920628732,47.69515169504188]],[[-122.46642436873026,47.681676965780085],[-122.46372942287789,47.681676965780085],[-122.46372942287789,47.68437191163244],[-122.46642436873026,47.68437191163244],[-122.46642436873026,47.681676965780085]],[[-122.47989909799205,47.71132137015603],[-122.47720415213969,47.71132137015603],[-122.47720415213969,47.71401631600839],[-122.47989909799205,47.71401631600839],[-122.47989909799205,47.71132137015603]],[[-122.47450920628732,47.72479609941782],[-122.47450920628732,47.72749104527018],[-122.47720415213969,47.72749104527018],[-122.47720415213969,47.72479609941782],[-122.47450920628732,47.72479609941782]],[[-122.48798393554912,47.65742245310886],[-122.48528898969676,47.65742245310886],[-122.48528898969676,47.66011739896121],[-122.48798393554912,47.66011739896121],[-122.48798393554912,47.65742245310886]],[[-122.46372942287789,47.697846640894234],[-122.46911931458261,47.697846640894234],[-122.46911931458261,47.69515169504188],[-122.46372942287789,47.69515169504188],[-122.46372942287789,47.697846640894234]],[[-122.46372942287789,47.697846640894234],[-122.46103447702554,47.697846640894234],[-122.46103447702554,47.700541586746596],[-122.46372942287789,47.700541586746596],[-122.46372942287789,47.697846640894234]],[[-122.48798393554912,47.654727507256496],[-122.48798393554912,47.64933761555178],[-122.47989909799205,47.64933761555178],[-122.47989909799205,47.65203256140414],[-122.47720415213969,47.65203256140414],[-122.47720415213969,47.654727507256496],[-122.4825940438444,47.654727507256496],[-122.4825940438444,47.65203256140414],[-122.48528898969676,47.65203256140414],[-122.48528898969676,47.654727507256496],[-122.48798393554912,47.654727507256496]],[[-122.48798393554912,47.65742245310886],[-122.49067888140148,47.65742245310886],[-122.49067888140148,47.654727507256496],[-122.48798393554912,47.654727507256496],[-122.48798393554912,47.65742245310886]],[[-122.4825940438444,47.71132137015603],[-122.4825940438444,47.70862642430367],[-122.47989909799205,47.70862642430367],[-122.47989909799205,47.71132137015603],[-122.4825940438444,47.71132137015603]],[[-122.47450920628732,47.72479609941782],[-122.47450920628732,47.72210115356546],[-122.47181426043497,47.72210115356546],[-122.47181426043497,47.72479609941782],[-122.47450920628732,47.72479609941782]]]},"id":"-45452+17712","properties":{"area_sq_km":18.0,"count":298,"label":2,"latitude":47.68532966786187,"longitude":-122.47615638450192,"near_healthy_bed":1,"priority_score":1.0,"priority_tier":"monitor","recommended_action":"no_action","region_id":"puget_sound","region_name":"Puget Sound, WA","state":"WA","status":2,"status_label":"healthy"}},{"type":"Feature","geometry":{"geodesic":false,"type":"Polygon","coordinates":[[[-122.49337382725383,47.8433737169216],[-122.48798393554912,47.8433737169216],[-122.48798393554912,47.84606866277396],[-122.49337382725383,47.84606866277396],[-122.49337382725383,47.8433737169216]]]},"id":"-45452+17753","properties":{"area_sq_km":0.0,"count":2,"label":0,"latitude":47.844721209771976,"longitude":-122.49067888134378,"near_healthy_bed":1,"priority_score":1.0,"priority_tier":"monitor","recommended_action":"urchin_removal_then_replant","region_id":"puget_sound","region_name":"Puget Sound, WA","state":"WA","status":0,"status_label":"barren"}},{"type":"Feature","geometry":{"geodesic":false,"type":"Polygon","coordinates":[[[-122.49067888140148,47.89727263396877],[-122.48798393554912,47.89727263396877],[-122.48798393554912,47.89996757982113],[-122.49067888140148,47.89996757982113],[-122.49067888140148,47.89727263396877]]]},"id":"-45452+17773","properties":{"area_sq_km":0.0,"count":1,"label":0,"latitude":47.89862010313549,"longitude":-122.48933140843786,"near_healthy_bed":1,"priority_score":1.0,"priority_tier":"monitor","recommended_action":"urchin_removal_then_replant","region_id":"puget_sound","region_name":"Puget Sound, WA","state":"WA","status":0,"status_label":"barren"}},{"type":"Feature","geometry":{"geodesic":false,"type":"Polygon","coordinates":[[[-122.49067888140148,47.940391767606506],[-122.48798393554912,47.940391767606506],[-122.48798393554912,47.94308671345886],[-122.49067888140148,47.94308671345886],[-122.49067888140148,47.940391767606506]]]},"id":"-45452+17789","properties":{"area_sq_km":0.0,"count":1,"label":2,"latitude":47.94173923658149,"longitude":-122.4893314084546,"near_healthy_bed":1,"priority_score":1.0,"priority_tier":"monitor","recommended_action":"no_action","region_id":"puget_sound","region_name":"Puget Sound, WA","state":"WA","status":2,"status_label":"healthy"}},{"type":"Feature","geometry":{"geodesic":false,"type":"Polygon","coordinates":[[[-122.4960687731062,47.964646280277734],[-122.48798393554912,47.964646280277734],[-122.48798393554912,47.96734122613009],[-122.4960687731062,47.96734122613009],[-122.4960687731062,47.964646280277734]]]},"id":"-45452+17798","properties":{"area_sq_km":0.0,"count":3,"label":2,"latitude":47.96599381233165,"longitude":-122.49202635432569,"near_healthy_bed":1,"priority_score":1.0,"priority_tier":"monitor","recommended_action":"no_action","region_id":"puget_sound","region_name":"Puget Sound, WA","state":"WA","status":2,"status_label":"healthy"}},{"type":"Feature","geometry":{"geodesic":false,"type":"Polygon","coordinates":[[[-122.49067888140148,47.97003617198245],[-122.48798393554912,47.97003617198245],[-122.48798393554912,47.97273111783481],[-122.49067888140148,47.97273111783481],[-122.49067888140148,47.97003617198245]]]},"id":"-45452+17800","properties":{"area_sq_km":0.0,"count":1,"label":2,"latitude":47.97138364119774,"longitude":-122.48933140830131,"near_healthy_bed":1,"priority_score":1.0,"priority_tier":"monitor","recommended_action":"no_action","region_id":"puget_sound","region_name":"Puget Sound, WA","state":"WA","status":2,"status_label":"healthy"}},{"type":"Feature","geometry":{"geodesic":false,"type":"Polygon","coordinates":[[[-122.49337382725383,47.983510901244244],[-122.48798393554912,47.983510901244244],[-122.48798393554912,47.9862058470966],[-122.49337382725383,47.9862058470966],[-122.49337382725383,47.983510901244244]]]},"id":"-45452+17805","properties":{"area_sq_km":0.0,"count":2,"label":2,"latitude":47.9848583940262,"longitude":-122.49067888132636,"near_healthy_bed":1,"priority_score":1.0,"priority_tier":"monitor","recommended_action":"no_action","region_id":"puget_sound","region_name":"Puget Sound, WA","state":"WA","status":2,"status_label":"healthy"}},{"type":"Feature","geometry":{"geodesic":false,"type":"Polygon","coordinates":[[[-122.49337382725383,47.511895377081494],[-122.49067888140148,47.511895377081494],[-122.49067888140148,47.514590322933856],[-122.49337382725383,47.514590322933856],[-122.49337382725383,47.511895377081494]]]},"id":"-45453+17630","properties":{"area_sq_km":0.0,"count":1,"label":2,"latitude":47.51324284622907,"longitude":-122.49202635432826,"near_healthy_bed":1,"priority_score":1.0,"priority_tier":"monitor","recommended_action":"no_action","region_id":"puget_sound","region_name":"Puget Sound, WA","state":"WA","status":2,"status_label":"healthy"}},{"type":"Feature","geometry":{"geodesic":false,"type":"Polygon","coordinates":[[[-122.4960687731062,47.851458554478675],[-122.49067888140148,47.851458554478675],[-122.49067888140148,47.85415350033103],[-122.4960687731062,47.85415350033103],[-122.4960687731062,47.851458554478675]]]},"id":"-45453+17756","properties":{"area_sq_km":0.0,"count":2,"label":2,"latitude":47.8528060471493,"longitude":-122.49337382725797,"near_healthy_bed":1,"priority_score":1.0,"priority_tier":"monitor","recommended_action":"no_action","region_id":"puget_sound","region_name":"Puget Sound, WA","state":"WA","status":2,"status_label":"healthy"}},{"type":"Feature","geometry":{"geodesic":false,"type":"Polygon","coordinates":[[[-122.4960687731062,47.85684844618339],[-122.49067888140148,47.85684844618339],[-122.49067888140148,47.85954339203575],[-122.4960687731062,47.85954339203575],[-122.4960687731062,47.85684844618339]]]},"id":"-45453+17758","properties":{"area_sq_km":0.0,"count":2,"label":2,"latitude":47.85819593907579,"longitude":-122.49337382736063,"near_healthy_bed":1,"priority_score":1.0,"priority_tier":"monitor","recommended_action":"no_action","region_id":"puget_sound","region_name":"Puget Sound, WA","state":"WA","status":2,"status_label":"healthy"}},{"type":"Feature","geometry":{"geodesic":false,"type":"Polygon","coordinates":[[[-122.49337382725383,47.92691703834471],[-122.49067888140148,47.92691703834471],[-122.49067888140148,47.929611984197074],[-122.49337382725383,47.929611984197074],[-122.49337382725383,47.92691703834471]]]},"id":"-45453+17784","properties":{"area_sq_km":0.0,"count":1,"label":2,"latitude":47.92826450737299,"longitude":-122.49202635432243,"near_healthy_bed":1,"priority_score":1.0,"priority_tier":"monitor","recommended_action":"no_action","region_id":"puget_sound","region_name":"Puget Sound, WA","state":"WA","status":2,"status_label":"healthy"}},{"type":"Feature","geometry":{"geodesic":false,"type":"Polygon","coordinates":[[[-122.49337382725383,47.940391767606506],[-122.49337382725383,47.937696821754145],[-122.49876371895856,47.937696821754145],[-122.49876371895856,47.93500187590179],[-122.49337382725383,47.93500187590179],[-122.49337382725383,47.93230693004943],[-122.48798393554912,47.93230693004943],[-122.48798393554912,47.92691703834471],[-122.48528898969676,47.92691703834471],[-122.48528898969676,47.93500187590179],[-122.48798393554912,47.93500187590179],[-122.48798393554912,47.937696821754145],[-122.49067888140148,47.937696821754145],[-122.49067888140148,47.940391767606506],[-122.49337382725383,47.940391767606506]]]},"id":"-45453+17788","properties":{"area_sq_km":1.0,"count":10,"label":2,"latitude":47.93446277058555,"longitude":-122.49067861455593,"near_healthy_bed":1,"priority_score":1.0,"priority_tier":"monitor","recommended_action":"no_action","region_id":"puget_sound","region_name":"Puget Sound, WA","state":"WA","status":2,"status_label":"healthy"}},{"type":"Feature","geometry":{"geodesic":false,"type":"Polygon","coordinates":[[[-122.49337382725383,47.95925638857302],[-122.49067888140148,47.95925638857302],[-122.49067888140148,47.96195133442537],[-122.49337382725383,47.96195133442537],[-122.49337382725383,47.95925638857302]]]},"id":"-45453+17796","properties":{"area_sq_km":0.0,"count":1,"label":2,"latitude":47.960603857589355,"longitude":-122.49202635433738,"near_healthy_bed":1,"priority_score":1.0,"priority_tier":"monitor","recommended_action":"no_action","region_id":"puget_sound","region_name":"Puget Sound, WA","state":"WA","status":2,"status_label":"healthy"}},{"type":"Feature","geometry":{"geodesic":false,"type":"Polygon","coordinates":[[[-122.49337382725383,47.97273111783481],[-122.49067888140148,47.97273111783481],[-122.49067888140148,47.975426063687166],[-122.49337382725383,47.975426063687166],[-122.49337382725383,47.97273111783481]]]},"id":"-45453+17801","properties":{"area_sq_km":0.0,"count":1,"label":2,"latitude":47.97407858676943,"longitude":-122.49202635431624,"near_healthy_bed":1,"priority_score":1.0,"priority_tier":"monitor","recommended_action":"no_action","region_id":"puget_sound","region_name":"Puget Sound, WA","state":"WA","status":2,"status_label":"healthy"}},{"type":"Feature","geometry":{"geodesic":false,"type":"Polygon","coordinates":[[[-122.4960687731062,47.60621848191404],[-122.49337382725383,47.60621848191404],[-122.49337382725383,47.6089134277664],[-122.4960687731062,47.6089134277664],[-122.4960687731062,47.60621848191404]]]},"id":"-45454+17665","properties":{"area_sq_km":0.0,"count":1,"label":2,"latitude":47.607565951049146,"longitude":-122.49472130017345,"near_healthy_bed":1,"priority_score":1.0,"priority_tier":"monitor","recommended_action":"no_action","region_id":"puget_sound","region_name":"Puget Sound, WA","state":"WA","status":2,"status_label":"healthy"}},{"type":"Feature","geometry":{"geodesic":false,"type":"Polygon","coordinates":[[[-122.4960687731062,47.66011739896121],[-122.49337382725383,47.66011739896121],[-122.49337382725383,47.662812344813574],[-122.4960687731062,47.662812344813574],[-122.4960687731062,47.66011739896121]]]},"id":"-45454+17685","properties":{"area_sq_km":0.0,"count":1,"label":2,"latitude":47.661464868288625,"longitude":-122.4947213002817,"near_healthy_bed":1,"priority_score":1.0,"priority_tier":"monitor","recommended_action":"no_action","region_id":"puget_sound","region_name":"Puget Sound, WA","state":"WA","status":2,"status_label":"healthy"}},{"type":"Feature","geometry":{"geodesic":false,"type":"Polygon","coordinates":[[[-122.4960687731062,47.68437191163244],[-122.49337382725383,47.68437191163244],[-122.49337382725383,47.6870668574848],[-122.4960687731062,47.6870668574848],[-122.4960687731062,47.68437191163244]]]},"id":"-45454+17694","properties":{"area_sq_km":0.0,"count":1,"label":0,"latitude":47.68571938092895,"longitude":-122.49472130027468,"near_healthy_bed":1,"priority_score":1.0,"priority_tier":"monitor","recommended_action":"urchin_removal_then_replant","region_id":"puget_sound","region_name":"Puget Sound, WA","state":"WA","status":0,"status_label":"barren"}},{"type":"Feature","geometry":{"geodesic":false,"type":"Polygon","coordinates":[[[-122.4960687731062,47.71940620771311],[-122.49337382725383,47.71940620771311],[-122.49337382725383,47.72479609941782],[-122.4960687731062,47.72479609941782],[-122.4960687731062,47.71940620771311]]]},"id":"-45454+17708","properties":{"area_sq_km":0.0,"count":2,"label":2,"latitude":47.72210111496612,"longitude":-122.49472130015552,"near_healthy_bed":1,"priority_score":1.0,"priority_tier":"monitor","recommended_action":"no_action","region_id":"puget_sound","region_name":"Puget Sound, WA","state":"WA","status":2,"status_label":"healthy"}},{"type":"Feature","geometry":{"geodesic":false,"type":"Polygon","coordinates":[[[-122.49876371895856,47.91613725493528],[-122.49337382725383,47.91613725493528],[-122.49337382725383,47.91883220078764],[-122.49876371895856,47.91883220078764],[-122.49876371895856,47.91613725493528]]]},"id":"-45454+17780","properties":{"area_sq_km":0.0,"count":2,"label":0,"latitude":47.917484747727535,"longitude":-122.49606877313497,"near_healthy_bed":1,"priority_score":1.0,"priority_tier":"monitor","recommended_action":"urchin_removal_then_replant","region_id":"puget_sound","region_name":"Puget Sound, WA","state":"WA","status":0,"status_label":"barren"}},{"type":"Feature","geometry":{"geodesic":false,"type":"Polygon","coordinates":[[[-122.4960687731062,47.975426063687166],[-122.49337382725383,47.975426063687166],[-122.49337382725383,47.97812100953953],[-122.4960687731062,47.97812100953953],[-122.4960687731062,47.975426063687166]]]},"id":"-45454+17802","properties":{"area_sq_km":0.0,"count":1,"label":2,"latitude":47.976773532914834,"longitude":-122.49472130028607,"near_healthy_bed":1,"priority_score":1.0,"priority_tier":"monitor","recommended_action":"no_action","region_id":"puget_sound","region_name":"Puget Sound, WA","state":"WA","status":2,"status_label":"healthy"}},{"type":"Feature","geometry":{"geodesic":false,"type":"Polygon","coordinates":[[[-122.49876371895856,47.30168960059753],[-122.4960687731062,47.30168960059753],[-122.4960687731062,47.30438454644988],[-122.49876371895856,47.30438454644988],[-122.49876371895856,47.30168960059753]]]},"id":"-45455+17552","properties":{"area_sq_km":0.0,"count":1,"label":0,"latitude":47.30303706994551,"longitude":-122.49741624593759,"near_healthy_bed":1,"priority_score":1.0,"priority_tier":"monitor","recommended_action":"urchin_removal_then_replant","region_id":"puget_sound","region_name":"Puget Sound, WA","state":"WA","status":0,"status_label":"barren"}},{"type":"Feature","geometry":{"geodesic":false,"type":"Polygon","coordinates":[[[-122.50145866481091,47.49033581026263],[-122.50145866481091,47.48764086441027],[-122.50415361066327,47.48764086441027],[-122.50415361066327,47.484945918557905],[-122.4960687731062,47.484945918557905],[-122.4960687731062,47.49033581026263],[-122.50145866481091,47.49033581026263]]]},"id":"-45455+17621","properties":{"area_sq_km":0.0,"count":5,"label":2,"latitude":47.48737138039267,"longitude":-122.49957222884684,"near_healthy_bed":1,"priority_score":1.0,"priority_tier":"monitor","recommended_action":"no_action","region_id":"puget_sound","region_name":"Puget Sound, WA","state":"WA","status":2,"status_label":"healthy"}},{"type":"Feature","geometry":{"geodesic":false,"type":"Polygon","coordinates":[[[-122.50145866481091,47.64933761555178],[-122.4960687731062,47.64933761555178],[-122.4960687731062,47.65203256140414],[-122.50145866481091,47.65203256140414],[-122.50145866481091,47.64933761555178]]]},"id":"-45455+17681","properties":{"area_sq_km":0.0,"count":2,"label":2,"latitude":47.65068510832056,"longitude":-122.49876371890025,"near_healthy_bed":1,"priority_score":1.0,"priority_tier":"monitor","recommended_action":"no_action","region_id":"puget_sound","region_name":"Puget Sound, WA","state":"WA","status":2,"status_label":"healthy"}},{"type":"Feature","geometry":{"geodesic":false,"type":"Polygon","coordinates":[[[-122.50145866481091,47.65203256140414],[-122.4960687731062,47.65203256140414],[-122.4960687731062,47.654727507256496],[-122.50145866481091,47.654727507256496],[-122.50145866481091,47.65203256140414]]]},"id":"-45455+17682","properties":{"area_sq_km":0.0,"count":2,"label":0,"latitude":47.6533800543697,"longitude":-122.49876371895063,"near_healthy_bed":1,"priority_score":1.0,"priority_tier":"monitor","recommended_action":"urchin_removal_then_replant","region_id":"puget_sound","region_name":"Puget Sound, WA","state":"WA","status":0,"status_label":"barren"}},{"type":"Feature","geometry":{"geodesic":false,"type":"Polygon","coordinates":[[[-122.50415361066327,47.65742245310886],[-122.50415361066327,47.654727507256496],[-122.50954350236799,47.654727507256496],[-122.50954350236799,47.65203256140414],[-122.50145866481091,47.65203256140414],[-122.50145866481091,47.654727507256496],[-122.4960687731062,47.654727507256496],[-122.4960687731062,47.65742245310886],[-122.50415361066327,47.65742245310886]]]},"id":"-45455+17683","properties":{"area_sq_km":0.0,"count":6,"label":2,"latitude":47.65472756349412,"longitude":-122.50280625052415,"near_healthy_bed":1,"priority_score":1.0,"priority_tier":"monitor","recommended_action":"no_action","region_id":"puget_sound","region_name":"Puget Sound, WA","state":"WA","status":2,"status_label":"healthy"}},{"type":"Feature","geometry":{"geodesic":false,"type":"Polygon","coordinates":[[[-122.49876371895856,47.67089718237065],[-122.49876371895856,47.662812344813574],[-122.4960687731062,47.662812344813574],[-122.4960687731062,47.665507290665936],[-122.49337382725383,47.665507290665936],[-122.49337382725383,47.66820223651829],[-122.4960687731062,47.66820223651829],[-122.4960687731062,47.67089718237065],[-122.49876371895856,47.67089718237065]]]},"id":"-45455+17688","properties":{"area_sq_km":0.0,"count":4,"label":2,"latitude":47.6668546962694,"longitude":-122.49674250971661,"near_healthy_bed":1,"priority_score":1.0,"priority_tier":"monitor","recommended_action":"no_action","region_id":"puget_sound","region_name":"Puget Sound, WA","state":"WA","status":2,"status_label":"healthy"}},{"type":"Feature","geometry":{"geodesic":false,"type":"Polygon","coordinates":[[[-122.49876371895856,47.67089718237065],[-122.4960687731062,47.67089718237065],[-122.4960687731062,47.67359212822301],[-122.49876371895856,47.67359212822301],[-122.49876371895856,47.67089718237065]]]},"id":"-45455+17689","properties":{"area_sq_km":0.0,"count":1,"label":0,"latitude":47.672244651430354,"longitude":-122.49741624609048,"near_healthy_bed":1,"priority_score":1.0,"priority_tier":"monitor","recommended_action":"urchin_removal_then_replant","region_id":"puget_sound","region_name":"Puget Sound, WA","state":"WA","status":0,"status_label":"barren"}},{"type":"Feature","geometry":{"geodesic":false,"type":"Polygon","coordinates":[[[-122.49876371895856,47.70323653259895],[-122.4960687731062,47.70323653259895],[-122.4960687731062,47.70593147845131],[-122.49876371895856,47.70593147845131],[-122.49876371895856,47.70323653259895]]]},"id":"-45455+17701","properties":{"area_sq_km":0.0,"count":1,"label":0,"latitude":47.70458400173504,"longitude":-122.49741624608883,"near_healthy_bed":1,"priority_score":1.0,"priority_tier":"monitor","recommended_action":"urchin_removal_then_replant","region_id":"puget_sound","region_name":"Puget Sound, WA","state":"WA","status":0,"status_label":"barren"}},{"type":"Feature","geometry":{"geodesic":false,"type":"Polygon","coordinates":[[[-122.49876371895856,47.70323653259895],[-122.49876371895856,47.700541586746596],[-122.4960687731062,47.700541586746596],[-122.4960687731062,47.69515169504188],[-122.49067888140148,47.69515169504188],[-122.49067888140148,47.700541586746596],[-122.49337382725383,47.700541586746596],[-122.49337382725383,47.70323653259895],[-122.49067888140148,47.70323653259895],[-122.49067888140148,47.70593147845131],[-122.49337382725383,47.70593147845131],[-122.49337382725383,47.70862642430367],[-122.4960687731062,47.70862642430367],[-122.4960687731062,47.71132137015603],[-122.50684855651564,47.71132137015603],[-122.50684855651564,47.70862642430367],[-122.50415361066327,47.70862642430367],[-122.50415361066327,47.700541586746596],[-122.50145866481091,47.700541586746596],[-122.50145866481091,47.70323653259895],[-122.49876371895856,47.70323653259895]],[[-122.49876371895856,47.70323653259895],[-122.4960687731062,47.70323653259895],[-122.4960687731062,47.70593147845131],[-122.49876371895856,47.70593147845131],[-122.49876371895856,47.70323653259895]]]},"id":"-45455+17703","properties":{"area_sq_km":1.0,"count":19,"label":2,"latitude":47.7044419256848,"longitude":-122.49784137589286,"near_healthy_bed":1,"priority_score":1.0,"priority_tier":"monitor","recommended_action":"no_action","region_id":"puget_sound","region_name":"Puget Sound, WA","state":"WA","status":2,"status_label":"healthy"}},{"type":"Feature","geometry":{"geodesic":false,"type":"Polygon","coordinates":[[[-122.49876371895856,47.72479609941782],[-122.4960687731062,47.72479609941782],[-122.4960687731062,47.72749104527018],[-122.49876371895856,47.72749104527018],[-122.49876371895856,47.72479609941782]]]},"id":"-45455+17709","properties":{"area_sq_km":0.0,"count":1,"label":2,"latitude":47.726143568587474,"longitude":-122.49741624615676,"near_healthy_bed":1,"priority_score":1.0,"priority_tier":"monitor","recommended_action":"no_action","region_id":"puget_sound","region_name":"Puget Sound, WA","state":"WA","status":2,"status_label":"healthy"}},{"type":"Feature","geometry":{"geodesic":false,"type":"Polygon","coordinates":[[[-122.49876371895856,47.851458554478675],[-122.4960687731062,47.851458554478675],[-122.4960687731062,47.85415350033103],[-122.49876371895856,47.85415350033103],[-122.49876371895856,47.851458554478675]]]},"id":"-45455+17756","properties":{"area_sq_km":0.0,"count":1,"label":0,"latitude":47.85280602365247,"longitude":-122.49741624606659,"near_healthy_bed":1,"priority_score":1.0,"priority_tier":"monitor","recommended_action":"urchin_removal_then_replant","region_id":"puget_sound","region_name":"Puget Sound, WA","state":"WA","status":0,"status_label":"barren"}},{"type":"Feature","geometry":{"geodesic":false,"type":"Polygon","coordinates":[[[-122.50415361066327,47.85684844618339],[-122.50415361066327,47.8298989876598],[-122.49876371895856,47.8298989876598],[-122.49876371895856,47.832593933512165],[-122.4960687731062,47.832593933512165],[-122.4960687731062,47.83528887936452],[-122.49337382725383,47.83528887936452],[-122.49337382725383,47.832593933512165],[-122.48798393554912,47.832593933512165],[-122.48798393554912,47.8298989876598],[-122.48528898969676,47.8298989876598],[-122.48528898969676,47.82450909595509],[-122.47720415213969,47.82450909595509],[-122.47720415213969,47.832593933512165],[-122.47989909799205,47.832593933512165],[-122.47989909799205,47.83528887936452],[-122.47720415213969,47.83528887936452],[-122.47720415213969,47.83798382521688],[-122.4825940438444,47.83798382521688],[-122.4825940438444,47.832593933512165],[-122.48528898969676,47.832593933512165],[-122.48528898969676,47.83798382521688],[-122.48798393554912,47.83798382521688],[-122.48798393554912,47.8433737169216],[-122.49337382725383,47.8433737169216],[-122.49337382725383,47.84606866277396],[-122.48798393554912,47.84606866277396],[-122.48798393554912,47.848763608626314],[-122.4960687731062,47.848763608626314],[-122.4960687731062,47.851458554478675],[-122.49876371895856,47.851458554478675],[-122.49876371895856,47.85415350033103],[-122.4960687731062,47.85415350033103],[-122.4960687731062,47.85684844618339],[-122.50415361066327,47.85684844618339]]]},"id":"-45455+17757","properties":{"area_sq_km":3.0,"count":58,"label":2,"latitude":47.83951626108727,"longitude":-122.49346529028739,"near_healthy_bed":1,"priority_score":1.0,"priority_tier":"monitor","recommended_action":"no_action","region_id":"puget_sound","region_name":"Puget Sound, WA","state":"WA","status":2,"status_label":"healthy"}},{"type":"Feature","geometry":{"geodesic":false,"type":"Polygon","coordinates":[[[-122.50145866481091,47.96734122613009],[-122.4960687731062,47.96734122613009],[-122.4960687731062,47.97273111783481],[-122.50145866481091,47.97273111783481],[-122.50145866481091,47.96734122613009]]]},"id":"-45455+17800","properties":{"area_sq_km":0.0,"count":4,"label":2,"latitude":47.970036156652654,"longitude":-122.49876371890544,"near_healthy_bed":1,"priority_score":1.0,"priority_tier":"monitor","recommended_action":"no_action","region_id":"puget_sound","region_name":"Puget Sound, WA","state":"WA","status":2,"status_label":"healthy"}},{"type":"Feature","geometry":{"geodesic":false,"type":"Polygon","coordinates":[[[-122.50145866481091,47.52537010634329],[-122.49876371895856,47.52537010634329],[-122.49876371895856,47.52806505219564],[-122.50145866481091,47.52806505219564],[-122.50145866481091,47.52537010634329]]]},"id":"-45456+17635","properties":{"area_sq_km":0.0,"count":1,"label":0,"latitude":47.526717575622726,"longitude":-122.50011119171022,"near_healthy_bed":1,"priority_score":1.0,"priority_tier":"monitor","recommended_action":"urchin_removal_then_replant","region_id":"puget_sound","region_name":"Puget Sound, WA","state":"WA","status":0,"status_label":"barren"}},{"type":"Feature","geometry":{"geodesic":false,"type":"Polygon","coordinates":[[[-122.50145866481091,47.55501451071923],[-122.49876371895856,47.55501451071923],[-122.49876371895856,47.55770945657159],[-122.50145866481091,47.55770945657159],[-122.50145866481091,47.55501451071923]]]},"id":"-45456+17646","properties":{"area_sq_km":0.0,"count":1,"label":2,"latitude":47.55636197995189,"longitude":-122.50011119171685,"near_healthy_bed":1,"priority_score":1.0,"priority_tier":"monitor","recommended_action":"no_action","region_id":"puget_sound","region_name":"Puget Sound, WA","state":"WA","status":2,"status_label":"healthy"}},{"type":"Feature","geometry":{"geodesic":false,"type":"Polygon","coordinates":[[[-122.50415361066327,47.67089718237065],[-122.49876371895856,47.67089718237065],[-122.49876371895856,47.67359212822301],[-122.50415361066327,47.67359212822301],[-122.50415361066327,47.67089718237065]]]},"id":"-45456+17689","properties":{"area_sq_km":0.0,"count":2,"label":2,"latitude":47.672244675231106,"longitude":-122.50145866478715,"near_healthy_bed":1,"priority_score":1.0,"priority_tier":"monitor","recommended_action":"no_action","region_id":"puget_sound","region_name":"Puget Sound, WA","state":"WA","status":2,"status_label":"healthy"}},{"type":"Feature","geometry":{"geodesic":false,"type":"Polygon","coordinates":[[[-122.50145866481091,47.697846640894234],[-122.49876371895856,47.697846640894234],[-122.49876371895856,47.700541586746596],[-122.50145866481091,47.700541586746596],[-122.50145866481091,47.697846640894234]]]},"id":"-45456+17699","properties":{"area_sq_km":0.0,"count":1,"label":2,"latitude":47.69919411017793,"longitude":-122.500111191799,"near_healthy_bed":1,"priority_score":1.0,"priority_tier":"monitor","recommended_action":"no_action","region_id":"puget_sound","region_name":"Puget Sound, WA","state":"WA","status":2,"status_label":"healthy"}},{"type":"Feature","geometry":{"geodesic":false,"type":"Polygon","coordinates":[[[-122.50145866481091,47.700541586746596],[-122.49876371895856,47.700541586746596],[-122.49876371895856,47.70323653259895],[-122.50145866481091,47.70323653259895],[-122.50145866481091,47.700541586746596]]]},"id":"-45456+17700","properties":{"area_sq_km":0.0,"count":1,"label":0,"latitude":47.70188905593402,"longitude":-122.50011119179118,"near_healthy_bed":1,"priority_score":1.0,"priority_tier":"monitor","recommended_action":"urchin_removal_then_replant","region_id":"puget_sound","region_name":"Puget Sound, WA","state":"WA","status":0,"status_label":"barren"}},{"type":"Feature","geometry":{"geodesic":false,"type":"Polygon","coordinates":[[[-122.50145866481091,47.71401631600838],[-122.49876371895856,47.71401631600838],[-122.49876371895856,47.716711261860745],[-122.50145866481091,47.716711261860745],[-122.50145866481091,47.71401631600838]]]},"id":"-45456+17705","properties":{"area_sq_km":0.0,"count":1,"label":2,"latitude":47.71536378533792,"longitude":-122.50011119181403,"near_healthy_bed":1,"priority_score":1.0,"priority_tier":"monitor","recommended_action":"no_action","region_id":"puget_sound","region_name":"Puget Sound, WA","state":"WA","status":2,"status_label":"healthy"}},{"type":"Feature","geometry":{"geodesic":false,"type":"Polygon","coordinates":[[[-122.50415361066327,47.92691703834471],[-122.50415361066327,47.92422209249236],[-122.50145866481091,47.92422209249236],[-122.50145866481091,47.921527146639995],[-122.49876371895856,47.921527146639995],[-122.49876371895856,47.92691703834471],[-122.50415361066327,47.92691703834471]]]},"id":"-45456+17783","properties":{"area_sq_km":0.0,"count":3,"label":0,"latitude":47.924671230883106,"longitude":-122.50100947752559,"near_healthy_bed":1,"priority_score":1.0,"priority_tier":"monitor","recommended_action":"urchin_removal_then_replant","region_id":"puget_sound","region_name":"Puget Sound, WA","state":"WA","status":0,"status_label":"barren"}},{"type":"Feature","geometry":{"geodesic":false,"type":"Polygon","coordinates":[[[-122.50145866481091,47.9862058470966],[-122.50145866481091,47.983510901244244],[-122.50684855651564,47.983510901244244],[-122.50684855651564,47.98081595539188],[-122.50954350236799,47.98081595539188],[-122.50954350236799,47.97812100953953],[-122.51223844822034,47.97812100953953],[-122.51223844822034,47.975426063687166],[-122.50954350236799,47.975426063687166],[-122.50954350236799,47.96734122613009],[-122.50415361066327,47.96734122613009],[-122.50415361066327,47.97003617198245],[-122.50684855651564,47.97003617198245],[-122.50684855651564,47.97273111783481],[-122.50415361066327,47.97273111783481],[-122.50415361066327,47.975426063687166],[-122.50145866481091,47.975426063687166],[-122.50145866481091,47.98081595539188],[-122.49337382725383,47.98081595539188],[-122.49337382725383,47.983510901244244],[-122.49876371895856,47.983510901244244],[-122.49876371895856,47.9862058470966],[-122.50145866481091,47.9862058470966]]]},"id":"-45456+17805","properties":{"area_sq_km":1.0,"count":18,"label":2,"latitude":47.97767150622381,"longitude":-122.50445352387642,"near_healthy_bed":1,"priority_score":1.0,"priority_tier":"monitor","recommended_action":"no_action","region_id":"puget_sound","region_name":"Puget Sound, WA","state":"WA","status":2,"status_label":"healthy"}},{"type":"Feature","geometry":{"geodesic":false,"type":"Polygon","coordinates":[[[-122.50415361066327,47.48764086441027],[-122.50145866481091,47.48764086441027],[-122.50145866481091,47.49033581026263],[-122.50415361066327,47.49033581026263],[-122.50415361066327,47.48764086441027]]]},"id":"-45457+17621","properties":{"area_sq_km":0.0,"count":1,"label":0,"latitude":47.48898833357494,"longitude":-122.50280613768561,"near_healthy_bed":1,"priority_score":1.0,"priority_tier":"monitor","recommended_action":"urchin_removal_then_replant","region_id":"puget_sound","region_name":"Puget Sound, WA","state":"WA","status":0,"status_label":"barren"}},{"type":"Feature","geometry":{"geodesic":false,"type":"Polygon","coordinates":[[[-122.53110306918686,47.396012705430074],[-122.5284081233345,47.396012705430074],[-122.5284081233345,47.398707651282436],[-122.52571317748215,47.398707651282436],[-122.52571317748215,47.40679248883951],[-122.52301823162978,47.40679248883951],[-122.52301823162978,47.40948743469187],[-122.52032328577742,47.40948743469187],[-122.52032328577742,47.41218238054423],[-122.51762833992507,47.41218238054423],[-122.51762833992507,47.4202672181013],[-122.51493339407271,47.4202672181013],[-122.51493339407271,47.42835205565838],[-122.51223844822034,47.42835205565838],[-122.51223844822034,47.433741947363096],[-122.51493339407271,47.433741947363096],[-122.51493339407271,47.43913183906781],[-122.51762833992507,47.43913183906781],[-122.51762833992507,47.441826784920174],[-122.51493339407271,47.441826784920174],[-122.51493339407271,47.44452173077253],[-122.51223844822034,47.44452173077253],[-122.51223844822034,47.44721667662489],[-122.51762833992507,47.44721667662489],[-122.51762833992507,47.449911622477245],[-122.51493339407271,47.449911622477245],[-122.51493339407271,47.45260656832961],[-122.52032328577742,47.45260656832961],[-122.52032328577742,47.45530151418196],[-122.51762833992507,47.45530151418196],[-122.51762833992507,47.460691405886685],[-122.50954350236799,47.460691405886685],[-122.50954350236799,47.46338635173904],[-122.50415361066327,47.46338635173904],[-122.50415361066327,47.468776243443756],[-122.50145866481091,47.468776243443756],[-122.50145866481091,47.47416613514847],[-122.50415361066327,47.47416613514847],[-122.50415361066327,47.476861081000834],[-122.50145866481091,47.476861081000834],[-122.50145866481091,47.48225097270555],[-122.50954350236799,47.48225097270555],[-122.50954350236799,47.48764086441027],[-122.50415361066327,47.48764086441027],[-122.50415361066327,47.49033581026263],[-122.50145866481091,47.49033581026263],[-122.50145866481091,47.4984206478197],[-122.50415361066327,47.4984206478197],[-122.50415361066327,47.49303075611498],[-122.50954350236799,47.49303075611498],[-122.50954350236799,47.49033581026263],[-122.51223844822034,47.49033581026263],[-122.51223844822034,47.48494591855791],[-122.51493339407271,47.48494591855791],[-122.51493339407271,47.47955602685319],[-122.51762833992507,47.47955602685319],[-122.51762833992507,47.47416613514847],[-122.52032328577742,47.47416613514847],[-122.52032328577742,47.47147118929612],[-122.5284081233345,47.47147118929612],[-122.5284081233345,47.449911622477245],[-122.53379801503921,47.449911622477245],[-122.53379801503921,47.44452173077253],[-122.53110306918686,47.44452173077253],[-122.53110306918686,47.43643689321546],[-122.53379801503921,47.43643689321546],[-122.53379801503921,47.431047001510734],[-122.5284081233345,47.431047001510734],[-122.5284081233345,47.42565710980602],[-122.53379801503921,47.42565710980602],[-122.53379801503921,47.4202672181013],[-122.53649296089158,47.4202672181013],[-122.53649296089158,47.41757227224895],[-122.53918790674393,47.41757227224895],[-122.53918790674393,47.414877326396585],[-122.54188285259629,47.414877326396585],[-122.54188285259629,47.40948743469187],[-122.53379801503921,47.40948743469187],[-122.53379801503921,47.40679248883951],[-122.54457779844866,47.40679248883951],[-122.54457779844866,47.40409754298715],[-122.54727274430101,47.40409754298715],[-122.54727274430101,47.40679248883951],[-122.54996769015337,47.40679248883951],[-122.54996769015337,47.387927867873],[-122.54457779844866,47.387927867873],[-122.54457779844866,47.38253797616828],[-122.54188285259629,47.38253797616828],[-122.54188285259629,47.379843030315925],[-122.53918790674393,47.379843030315925],[-122.53918790674393,47.38253797616828],[-122.53379801503921,47.38253797616828],[-122.53379801503921,47.38523292202064],[-122.54188285259629,47.38523292202064],[-122.54188285259629,47.387927867873],[-122.53649296089158,47.387927867873],[-122.53649296089158,47.39062281372536],[-122.53110306918686,47.39062281372536],[-122.53110306918686,47.396012705430074]],[[-122.53110306918686,47.396012705430074],[-122.53110306918686,47.398707651282436],[-122.53649296089158,47.398707651282436],[-122.53649296089158,47.39331775957772],[-122.53379801503921,47.39331775957772],[-122.53379801503921,47.396012705430074],[-122.53110306918686,47.396012705430074]]]},"id":"-45457+17624","properties":{"area_sq_km":15.0,"count":248,"label":2,"latitude":47.43530125613241,"longitude":-122.52489804149089,"near_healthy_bed":1,"priority_score":1.0,"priority_tier":"monitor","recommended_action":"no_action","region_id":"puget_sound","region_name":"Puget Sound, WA","state":"WA","status":2,"status_label":"healthy"}},{"type":"Feature","geometry":{"geodesic":false,"type":"Polygon","coordinates":[[[-122.50415361066327,47.546929673162154],[-122.50145866481091,47.546929673162154],[-122.50145866481091,47.55231956486687],[-122.50415361066327,47.55231956486687],[-122.50415361066327,47.546929673162154]]]},"id":"-45457+17644","properties":{"area_sq_km":0.0,"count":2,"label":2,"latitude":47.54962458060582,"longitude":-122.5028061378203,"near_healthy_bed":1,"priority_score":1.0,"priority_tier":"monitor","recommended_action":"no_action","region_id":"puget_sound","region_name":"Puget Sound, WA","state":"WA","status":2,"status_label":"healthy"}},{"type":"Feature","geometry":{"geodesic":false,"type":"Polygon","coordinates":[[[-122.50415361066327,47.94308671345886],[-122.50145866481091,47.94308671345886],[-122.50145866481091,47.94578165931122],[-122.50415361066327,47.94578165931122],[-122.50415361066327,47.94308671345886]]]},"id":"-45457+17790","properties":{"area_sq_km":0.0,"count":1,"label":2,"latitude":47.944434182575144,"longitude":-122.50280613776427,"near_healthy_bed":1,"priority_score":1.0,"priority_tier":"monitor","recommended_action":"no_action","region_id":"puget_sound","region_name":"Puget Sound, WA","state":"WA","status":2,"status_label":"healthy"}},{"type":"Feature","geometry":{"geodesic":false,"type":"Polygon","coordinates":[[[-122.50684855651564,47.619693211175836],[-122.50415361066327,47.619693211175836],[-122.50415361066327,47.6223881570282],[-122.50684855651564,47.6223881570282],[-122.50684855651564,47.619693211175836]]]},"id":"-45458+17670","properties":{"area_sq_km":0.0,"count":1,"label":2,"latitude":47.62104068023622,"longitude":-122.50550108354219,"near_healthy_bed":1,"priority_score":1.0,"priority_tier":"monitor","recommended_action":"no_action","region_id":"puget_sound","region_name":"Puget Sound, WA","state":"WA","status":2,"status_label":"healthy"}},{"type":"Feature","geometry":{"geodesic":false,"type":"Polygon","coordinates":[[[-122.50684855651564,47.91613725493528],[-122.50415361066327,47.91613725493528],[-122.50415361066327,47.91883220078764],[-122.50684855651564,47.91883220078764],[-122.50684855651564,47.91613725493528]]]},"id":"-45458+17780","properties":{"area_sq_km":0.0,"count":1,"label":0,"latitude":47.91748472406239,"longitude":-122.50550108356815,"near_healthy_bed":1,"priority_score":1.0,"priority_tier":"monitor","recommended_action":"urchin_removal_then_replant","region_id":"puget_sound","region_name":"Puget Sound, WA","state":"WA","status":0,"status_label":"barren"}},{"type":"Feature","geometry":{"geodesic":false,"type":"Polygon","coordinates":[[[-122.48798393554912,47.89996757982113],[-122.48798393554912,47.905357471525846],[-122.47989909799205,47.905357471525846],[-122.47989909799205,47.9080524173782],[-122.47450920628732,47.9080524173782],[-122.47450920628732,47.91074736323056],[-122.47720415213969,47.91074736323056],[-122.47720415213969,47.91613725493528],[-122.46911931458261,47.91613725493528],[-122.46911931458261,47.91344230908292],[-122.46642436873026,47.91344230908292],[-122.46642436873026,47.91883220078764],[-122.4825940438444,47.91883220078764],[-122.4825940438444,47.91613725493528],[-122.48528898969676,47.91613725493528],[-122.48528898969676,47.92422209249236],[-122.48798393554912,47.92422209249236],[-122.48798393554912,47.91883220078764],[-122.49067888140148,47.91883220078764],[-122.49067888140148,47.921527146639995],[-122.49337382725383,47.921527146639995],[-122.49337382725383,47.92691703834471],[-122.49876371895856,47.92691703834471],[-122.49876371895856,47.929611984197074],[-122.50415361066327,47.929611984197074],[-122.50415361066327,47.93500187590179],[-122.51493339407271,47.93500187590179],[-122.51493339407271,47.93230693004943],[-122.52301823162978,47.93230693004943],[-122.52301823162978,47.929611984197074],[-122.52032328577742,47.929611984197074],[-122.52032328577742,47.92691703834471],[-122.53379801503921,47.92691703834471],[-122.53379801503921,47.929611984197074],[-122.54457779844866,47.929611984197074],[-122.54457779844866,47.92691703834471],[-122.54727274430101,47.92691703834471],[-122.54727274430101,47.93500187590179],[-122.54996769015337,47.93500187590179],[-122.54996769015337,47.929611984197074],[-122.55266263600572,47.929611984197074],[-122.55266263600572,47.92691703834471],[-122.54996769015337,47.92691703834471],[-122.54996769015337,47.921527146639995],[-122.54727274430101,47.921527146639995],[-122.54727274430101,47.92422209249236],[-122.54188285259629,47.92422209249236],[-122.54188285259629,47.91613725493528],[-122.53379801503921,47.91613725493528],[-122.53379801503921,47.91344230908292],[-122.53110306918686,47.91344230908292],[-122.53110306918686,47.91613725493528],[-122.5284081233345,47.91613725493528],[-122.5284081233345,47.91344230908292],[-122.52301823162978,47.91344230908292],[-122.52301823162978,47.91613725493528],[-122.52032328577742,47.91613725493528],[-122.52032328577742,47.91344230908292],[-122.51762833992507,47.91344230908292],[-122.51762833992507,47.905357471525846],[-122.51493339407271,47.905357471525846],[-122.51493339407271,47.89996757982113],[-122.50684855651564,47.89996757982113],[-122.50684855651564,47.89727263396877],[-122.50954350236799,47.89727263396877],[-122.50954350236799,47.89188274226405],[-122.4960687731062,47.89188274226405],[-122.4960687731062,47.88918779641169],[-122.48798393554912,47.88918779641169],[-122.48798393554912,47.886492850559335],[-122.48528898969676,47.886492850559335],[-122.48528898969676,47.88918779641169],[-122.4825940438444,47.88918779641169],[-122.4825940438444,47.89188274226405],[-122.48528898969676,47.89188274226405],[-122.48528898969676,47.894577688116414],[-122.4825940438444,47.894577688116414],[-122.4825940438444,47.902662525673485],[-122.48528898969676,47.902662525673485],[-122.48528898969676,47.89996757982113],[-122.48798393554912,47.89996757982113]],[[-122.49876371895856,47.92691703834471],[-122.50415361066327,47.92691703834471],[-122.50415361066327,47.92422209249236],[-122.50145866481091,47.92422209249236],[-122.50145866481091,47.921527146639995],[-122.49876371895856,47.921527146639995],[-122.49876371895856,47.92691703834471]],[[-122.48798393554912,47.89996757982113],[-122.49067888140148,47.89996757982113],[-122.49067888140148,47.89727263396877],[-122.48798393554912,47.89727263396877],[-122.48798393554912,47.89996757982113]],[[-122.52571317748215,47.91883220078764],[-122.52301823162978,47.91883220078764],[-122.52301823162978,47.921527146639995],[-122.52571317748215,47.921527146639995],[-122.52571317748215,47.91883220078764]],[[-122.50954350236799,47.905357471525846],[-122.50684855651564,47.905357471525846],[-122.50684855651564,47.9080524173782],[-122.50954350236799,47.9080524173782],[-122.50954350236799,47.905357471525846]],[[-122.50954350236799,47.929611984197074],[-122.50684855651564,47.929611984197074],[-122.50684855651564,47.93230693004943],[-122.50954350236799,47.93230693004943],[-122.50954350236799,47.929611984197074]],[[-122.50684855651564,47.91613725493528],[-122.50415361066327,47.91613725493528],[-122.50415361066327,47.91883220078764],[-122.50684855651564,47.91883220078764],[-122.50684855651564,47.91613725493528]],[[-122.49876371895856,47.91613725493528],[-122.49337382725383,47.91613725493528],[-122.49337382725383,47.91883220078764],[-122.49876371895856,47.91883220078764],[-122.49876371895856,47.91613725493528]],[[-122.48528898969676,47.9080524173782],[-122.4825940438444,47.9080524173782],[-122.4825940438444,47.91344230908292],[-122.48528898969676,47.91344230908292],[-122.48528898969676,47.9080524173782]],[[-122.51493339407271,47.92691703834471],[-122.51493339407271,47.92422209249236],[-122.50684855651564,47.92422209249236],[-122.50684855651564,47.92691703834471],[-122.51493339407271,47.92691703834471]],[[-122.51493339407271,47.92691703834471],[-122.51493339407271,47.929611984197074],[-122.51762833992507,47.929611984197074],[-122.51762833992507,47.92691703834471],[-122.51493339407271,47.92691703834471]]]},"id":"-45458+17786","properties":{"area_sq_km":13.0,"count":219,"label":2,"latitude":47.913582920864016,"longitude":-122.50685064594472,"near_healthy_bed":1,"priority_score":1.0,"priority_tier":"monitor","recommended_action":"no_action","region_id":"puget_sound","region_name":"Puget Sound, WA","state":"WA","status":2,"status_label":"healthy"}},{"type":"Feature","geometry":{"geodesic":false,"type":"Polygon","coordinates":[[[-122.50954350236799,47.937696821754145],[-122.50415361066327,47.937696821754145],[-122.50415361066327,47.940391767606506],[-122.50954350236799,47.940391767606506],[-122.50954350236799,47.937696821754145]]]},"id":"-45458+17788","properties":{"area_sq_km":0.0,"count":2,"label":2,"latitude":47.93904431455043,"longitude":-122.5068485565381,"near_healthy_bed":1,"priority_score":1.0,"priority_tier":"monitor","recommended_action":"no_action","region_id":"puget_sound","region_name":"Puget Sound, WA","state":"WA","status":2,"status_label":"healthy"}},{"type":"Feature","geometry":{"geodesic":false,"type":"Polygon","coordinates":[[[-122.50954350236799,47.30707949230224],[-122.50684855651564,47.30707949230224],[-122.50684855651564,47.309774438154605],[-122.50954350236799,47.309774438154605],[-122.50954350236799,47.30707949230224]]]},"id":"-45459+17554","properties":{"area_sq_km":0.0,"count":1,"label":2,"latitude":47.30842696158824,"longitude":-122.50819602931459,"near_healthy_bed":1,"priority_score":1.0,"priority_tier":"monitor","recommended_action":"no_action","region_id":"puget_sound","region_name":"Puget Sound, WA","state":"WA","status":2,"status_label":"healthy"}},{"type":"Feature","geometry":{"geodesic":false,"type":"Polygon","coordinates":[[[-122.50954350236799,47.51728526878621],[-122.50684855651564,47.51728526878621],[-122.50684855651564,47.51998021463857],[-122.50954350236799,47.51998021463857],[-122.50954350236799,47.51728526878621]]]},"id":"-45459+17632","properties":{"area_sq_km":0.0,"count":1,"label":1,"latitude":47.51863273808155,"longitude":-122.50819602934965,"near_healthy_bed":1,"priority_score":1.0,"priority_tier":"monitor","recommended_action":"monitor_and_replant","region_id":"puget_sound","region_name":"Puget Sound, WA","state":"WA","status":1,"status_label":"recovering"}},{"type":"Feature","geometry":{"geodesic":false,"type":"Polygon","coordinates":[[[-122.50954350236799,47.5442347273098],[-122.50684855651564,47.5442347273098],[-122.50684855651564,47.546929673162154],[-122.50954350236799,47.546929673162154],[-122.50954350236799,47.5442347273098]]]},"id":"-45459+17642","properties":{"area_sq_km":0.0,"count":1,"label":2,"latitude":47.54558219671297,"longitude":-122.50819602930808,"near_healthy_bed":1,"priority_score":1.0,"priority_tier":"monitor","recommended_action":"no_action","region_id":"puget_sound","region_name":"Puget Sound, WA","state":"WA","status":2,"status_label":"healthy"}},{"type":"Feature","geometry":{"geodesic":false,"type":"Polygon","coordinates":[[[-122.50954350236799,47.549624619014516],[-122.50684855651564,47.549624619014516],[-122.50684855651564,47.55231956486687],[-122.50954350236799,47.55231956486687],[-122.50954350236799,47.549624619014516]]]},"id":"-45459+17644","properties":{"area_sq_km":0.0,"count":1,"label":2,"latitude":47.55097208817976,"longitude":-122.50819602945397,"near_healthy_bed":1,"priority_score":1.0,"priority_tier":"monitor","recommended_action":"no_action","region_id":"puget_sound","region_name":"Puget Sound, WA","state":"WA","status":2,"status_label":"healthy"}},{"type":"Feature","geometry":{"geodesic":false,"type":"Polygon","coordinates":[[[-122.50954350236799,47.71132137015603],[-122.50684855651564,47.71132137015603],[-122.50684855651564,47.71401631600838],[-122.50954350236799,47.71401631600838],[-122.50954350236799,47.71132137015603]]]},"id":"-45459+17704","properties":{"area_sq_km":0.0,"count":1,"label":2,"latitude":47.712668839408714,"longitude":-122.50819602946967,"near_healthy_bed":1,"priority_score":1.0,"priority_tier":"monitor","recommended_action":"no_action","region_id":"puget_sound","region_name":"Puget Sound, WA","state":"WA","status":2,"status_label":"healthy"}},{"type":"Feature","geometry":{"geodesic":false,"type":"Polygon","coordinates":[[[-122.50954350236799,47.905357471525846],[-122.50684855651564,47.905357471525846],[-122.50684855651564,47.9080524173782],[-122.50954350236799,47.9080524173782],[-122.50954350236799,47.905357471525846]]]},"id":"-45459+17776","properties":{"area_sq_km":0.0,"count":1,"label":0,"latitude":47.9067049404938,"longitude":-122.5081960293809,"near_healthy_bed":1,"priority_score":1.0,"priority_tier":"monitor","recommended_action":"urchin_removal_then_replant","region_id":"puget_sound","region_name":"Puget Sound, WA","state":"WA","status":0,"status_label":"barren"}},{"type":"Feature","geometry":{"geodesic":false,"type":"Polygon","coordinates":[[[-122.5149333940727,47.92422209249236],[-122.50684855651564,47.92422209249236],[-122.50684855651564,47.92691703834471],[-122.5149333940727,47.92691703834471],[-122.5149333940727,47.92422209249236]]]},"id":"-45459+17783","properties":{"area_sq_km":0.0,"count":3,"label":0,"latitude":47.92556962465589,"longitude":-122.51089097528637,"near_healthy_bed":1,"priority_score":1.0,"priority_tier":"monitor","recommended_action":"urchin_removal_then_replant","region_id":"puget_sound","region_name":"Puget Sound, WA","state":"WA","status":0,"status_label":"barren"}},{"type":"Feature","geometry":{"geodesic":false,"type":"Polygon","coordinates":[[[-122.50954350236799,47.929611984197074],[-122.50684855651564,47.929611984197074],[-122.50684855651564,47.93230693004943],[-122.50954350236799,47.93230693004943],[-122.50954350236799,47.929611984197074]]]},"id":"-45459+17785","properties":{"area_sq_km":0.0,"count":1,"label":0,"latitude":47.93095945357797,"longitude":-122.5081960293807,"near_healthy_bed":1,"priority_score":1.0,"priority_tier":"monitor","recommended_action":"urchin_removal_then_replant","region_id":"puget_sound","region_name":"Puget Sound, WA","state":"WA","status":0,"status_label":"barren"}},{"type":"Feature","geometry":{"geodesic":false,"type":"Polygon","coordinates":[[[-122.50954350236799,47.94308671345886],[-122.50684855651564,47.94308671345886],[-122.50684855651564,47.94578165931122],[-122.50954350236799,47.94578165931122],[-122.50954350236799,47.94308671345886]]]},"id":"-45459+17790","properties":{"area_sq_km":0.0,"count":1,"label":2,"latitude":47.94443418258478,"longitude":-122.50819602944222,"near_healthy_bed":1,"priority_score":1.0,"priority_tier":"monitor","recommended_action":"no_action","region_id":"puget_sound","region_name":"Puget Sound, WA","state":"WA","status":2,"status_label":"healthy"}},{"type":"Feature","geometry":{"geodesic":false,"type":"Polygon","coordinates":[[[-122.51223844822034,47.52537010634329],[-122.50954350236799,47.52537010634329],[-122.50954350236799,47.52806505219564],[-122.51223844822034,47.52806505219564],[-122.51223844822034,47.52537010634329]]]},"id":"-45460+17635","properties":{"area_sq_km":0.0,"count":1,"label":0,"latitude":47.52671757564994,"longitude":-122.51089097522917,"near_healthy_bed":1,"priority_score":1.0,"priority_tier":"monitor","recommended_action":"urchin_removal_then_replant","region_id":"puget_sound","region_name":"Puget Sound, WA","state":"WA","status":0,"status_label":"barren"}},{"type":"Feature","geometry":{"geodesic":false,"type":"Polygon","coordinates":[[[-122.5149333940727,47.5442347273098],[-122.50954350236799,47.5442347273098],[-122.50954350236799,47.546929673162154],[-122.5149333940727,47.546929673162154],[-122.5149333940727,47.5442347273098]]]},"id":"-45460+17642","properties":{"area_sq_km":0.0,"count":2,"label":0,"latitude":47.54558222018611,"longitude":-122.51223844829136,"near_healthy_bed":1,"priority_score":1.0,"priority_tier":"monitor","recommended_action":"urchin_removal_then_replant","region_id":"puget_sound","region_name":"Puget Sound, WA","state":"WA","status":0,"status_label":"barren"}},{"type":"Feature","geometry":{"geodesic":false,"type":"Polygon","coordinates":[[[-122.5149333940727,47.732880936974894],[-122.50954350236799,47.732880936974894],[-122.50954350236799,47.73827082867961],[-122.5149333940727,47.73827082867961],[-122.5149333940727,47.732880936974894]]]},"id":"-45460+17713","properties":{"area_sq_km":0.0,"count":4,"label":2,"latitude":47.73557586790553,"longitude":-122.51223844820223,"near_healthy_bed":1,"priority_score":1.0,"priority_tier":"monitor","recommended_action":"no_action","region_id":"puget_sound","region_name":"Puget Sound, WA","state":"WA","status":2,"status_label":"healthy"}},{"type":"Feature","geometry":{"geodesic":false,"type":"Polygon","coordinates":[[[-122.51223844822034,47.87840801300226],[-122.51223844822034,47.86223833788811],[-122.50954350236799,47.86223833788811],[-122.50954350236799,47.85954339203575],[-122.50684855651564,47.85954339203575],[-122.50684855651564,47.85684844618339],[-122.50415361066327,47.85684844618339],[-122.50415361066327,47.85954339203575],[-122.49876371895856,47.85954339203575],[-122.49876371895856,47.86223833788811],[-122.49337382725383,47.86223833788811],[-122.49337382725383,47.86493328374046],[-122.49876371895856,47.86493328374046],[-122.49876371895856,47.867628229592825],[-122.50415361066327,47.867628229592825],[-122.50415361066327,47.870323175445186],[-122.50684855651564,47.870323175445186],[-122.50684855651564,47.87301812129754],[-122.50954350236799,47.87301812129754],[-122.50954350236799,47.87840801300226],[-122.51223844822034,47.87840801300226]]]},"id":"-45460+17765","properties":{"area_sq_km":1.0,"count":24,"label":2,"latitude":47.86583129794936,"longitude":-122.50561297409833,"near_healthy_bed":1,"priority_score":1.0,"priority_tier":"monitor","recommended_action":"no_action","region_id":"puget_sound","region_name":"Puget Sound, WA","state":"WA","status":2,"status_label":"healthy"}},{"type":"Feature","geometry":{"geodesic":false,"type":"Polygon","coordinates":[[[-122.51223844822034,47.95925638857302],[-122.50954350236799,47.95925638857302],[-122.50954350236799,47.96195133442537],[-122.51223844822034,47.96195133442537],[-122.51223844822034,47.95925638857302]]]},"id":"-45460+17796","properties":{"area_sq_km":0.0,"count":1,"label":2,"latitude":47.96060385762447,"longitude":-122.51089097524371,"near_healthy_bed":1,"priority_score":1.0,"priority_tier":"monitor","recommended_action":"no_action","region_id":"puget_sound","region_name":"Puget Sound, WA","state":"WA","status":2,"status_label":"healthy"}},{"type":"Feature","geometry":{"geodesic":false,"type":"Polygon","coordinates":[[[-122.5149333940727,47.441826784920174],[-122.51223844822034,47.441826784920174],[-122.51223844822034,47.44452173077253],[-122.5149333940727,47.44452173077253],[-122.5149333940727,47.441826784920174]]]},"id":"-45461+17604","properties":{"area_sq_km":0.0,"count":1,"label":1,"latitude":47.443174254181336,"longitude":-122.51358592121736,"near_healthy_bed":1,"priority_score":1.0,"priority_tier":"monitor","recommended_action":"monitor_and_replant","region_id":"puget_sound","region_name":"Puget Sound, WA","state":"WA","status":1,"status_label":"recovering"}},{"type":"Feature","geometry":{"geodesic":false,"type":"Polygon","coordinates":[[[-122.52032328577742,47.89727263396877],[-122.52032328577742,47.894577688116414],[-122.5149333940727,47.894577688116414],[-122.5149333940727,47.89188274226405],[-122.51223844822034,47.89188274226405],[-122.51223844822034,47.89727263396877],[-122.52032328577742,47.89727263396877]]]},"id":"-45461+17772","properties":{"area_sq_km":0.0,"count":4,"label":2,"latitude":47.895251441788375,"longitude":-122.51560707980609,"near_healthy_bed":1,"priority_score":1.0,"priority_tier":"monitor","recommended_action":"no_action","region_id":"puget_sound","region_name":"Puget Sound, WA","state":"WA","status":2,"status_label":"healthy"}},{"type":"Feature","geometry":{"geodesic":false,"type":"Polygon","coordinates":[[[-122.51762833992507,47.97273111783481],[-122.51223844822034,47.97273111783481],[-122.51223844822034,47.975426063687166],[-122.51762833992507,47.975426063687166],[-122.51762833992507,47.97273111783481]]]},"id":"-45461+17801","properties":{"area_sq_km":0.0,"count":2,"label":2,"latitude":47.974078610505366,"longitude":-122.51493339407831,"near_healthy_bed":1,"priority_score":1.0,"priority_tier":"monitor","recommended_action":"no_action","region_id":"puget_sound","region_name":"Puget Sound, WA","state":"WA","status":2,"status_label":"healthy"}},{"type":"Feature","geometry":{"geodesic":false,"type":"Polygon","coordinates":[[[-122.52032328577742,47.32324916741639],[-122.5149333940727,47.32324916741639],[-122.5149333940727,47.325944113268754],[-122.52032328577742,47.325944113268754],[-122.52032328577742,47.32324916741639]]]},"id":"-45462+17560","properties":{"area_sq_km":0.0,"count":2,"label":0,"latitude":47.32459666044931,"longitude":-122.51762833992264,"near_healthy_bed":1,"priority_score":1.0,"priority_tier":"monitor","recommended_action":"urchin_removal_then_replant","region_id":"puget_sound","region_name":"Puget Sound, WA","state":"WA","status":0,"status_label":"barren"}},{"type":"Feature","geometry":{"geodesic":false,"type":"Polygon","coordinates":[[[-122.51762833992507,47.41218238054423],[-122.5149333940727,47.41218238054423],[-122.5149333940727,47.414877326396585],[-122.51762833992507,47.414877326396585],[-122.51762833992507,47.41218238054423]]]},"id":"-45462+17593","properties":{"area_sq_km":0.0,"count":1,"label":1,"latitude":47.41352984990953,"longitude":-122.51628086699174,"near_healthy_bed":1,"priority_score":1.0,"priority_tier":"monitor","recommended_action":"monitor_and_replant","region_id":"puget_sound","region_name":"Puget Sound, WA","state":"WA","status":1,"status_label":"recovering"}},{"type":"Feature","geometry":{"geodesic":false,"type":"Polygon","coordinates":[[[-122.51762833992507,47.716711261860745],[-122.5149333940727,47.716711261860745],[-122.5149333940727,47.71940620771311],[-122.51762833992507,47.71940620771311],[-122.51762833992507,47.716711261860745]]]},"id":"-45462+17706","properties":{"area_sq_km":0.0,"count":1,"label":0,"latitude":47.71805873086049,"longitude":-122.5162808670009,"near_healthy_bed":1,"priority_score":1.0,"priority_tier":"monitor","recommended_action":"urchin_removal_then_replant","region_id":"puget_sound","region_name":"Puget Sound, WA","state":"WA","status":0,"status_label":"barren"}},{"type":"Feature","geometry":{"geodesic":false,"type":"Polygon","coordinates":[[[-122.51762833992507,47.92691703834471],[-122.5149333940727,47.92691703834471],[-122.5149333940727,47.929611984197074],[-122.51762833992507,47.929611984197074],[-122.51762833992507,47.92691703834471]]]},"id":"-45462+17784","properties":{"area_sq_km":0.0,"count":1,"label":0,"latitude":47.92826450732564,"longitude":-122.51628086703214,"near_healthy_bed":1,"priority_score":1.0,"priority_tier":"monitor","recommended_action":"urchin_removal_then_replant","region_id":"puget_sound","region_name":"Puget Sound, WA","state":"WA","status":0,"status_label":"barren"}},{"type":"Feature","geometry":{"geodesic":false,"type":"Polygon","coordinates":[[[-122.51762833992507,47.937696821754145],[-122.5149333940727,47.937696821754145],[-122.5149333940727,47.940391767606506],[-122.51762833992507,47.940391767606506],[-122.51762833992507,47.937696821754145]]]},"id":"-45462+17788","properties":{"area_sq_km":0.0,"count":1,"label":2,"latitude":47.93904429092801,"longitude":-122.51628086701405,"near_healthy_bed":1,"priority_score":1.0,"priority_tier":"monitor","recommended_action":"no_action","region_id":"puget_sound","region_name":"Puget Sound, WA","state":"WA","status":2,"status_label":"healthy"}},{"type":"Feature","geometry":{"geodesic":false,"type":"Polygon","coordinates":[[[-122.52032328577742,47.36906324690649],[-122.51762833992507,47.36906324690649],[-122.51762833992507,47.37175819275885],[-122.52032328577742,47.37175819275885],[-122.52032328577742,47.36906324690649]]]},"id":"-45463+17577","properties":{"area_sq_km":0.0,"count":1,"label":2,"latitude":47.370410716216966,"longitude":-122.51897581284905,"near_healthy_bed":1,"priority_score":1.0,"priority_tier":"monitor","recommended_action":"no_action","region_id":"puget_sound","region_name":"Puget Sound, WA","state":"WA","status":2,"status_label":"healthy"}},{"type":"Feature","geometry":{"geodesic":false,"type":"Polygon","coordinates":[[[-122.52301823162978,47.71940620771311],[-122.51762833992507,47.71940620771311],[-122.51762833992507,47.72210115356546],[-122.52301823162978,47.72210115356546],[-122.52301823162978,47.71940620771311]]]},"id":"-45463+17707","properties":{"area_sq_km":0.0,"count":2,"label":0,"latitude":47.720753700531105,"longitude":-122.52032328578336,"near_healthy_bed":1,"priority_score":1.0,"priority_tier":"monitor","recommended_action":"urchin_removal_then_replant","region_id":"puget_sound","region_name":"Puget Sound, WA","state":"WA","status":0,"status_label":"barren"}},{"type":"Feature","geometry":{"geodesic":false,"type":"Polygon","coordinates":[[[-122.52301823162978,47.89996757982113],[-122.51762833992507,47.89996757982113],[-122.51762833992507,47.905357471525846],[-122.52301823162978,47.905357471525846],[-122.52301823162978,47.89996757982113]]]},"id":"-45463+17775","properties":{"area_sq_km":0.0,"count":4,"label":2,"latitude":47.90266251047572,"longitude":-122.52032328579293,"near_healthy_bed":1,"priority_score":1.0,"priority_tier":"monitor","recommended_action":"no_action","region_id":"puget_sound","region_name":"Puget Sound, WA","state":"WA","status":2,"status_label":"healthy"}},{"type":"Feature","geometry":{"geodesic":false,"type":"Polygon","coordinates":[[[-122.52032328577742,47.94308671345886],[-122.51762833992507,47.94308671345886],[-122.51762833992507,47.94578165931122],[-122.52032328577742,47.94578165931122],[-122.52032328577742,47.94308671345886]]]},"id":"-45463+17790","properties":{"area_sq_km":0.0,"count":1,"label":2,"latitude":47.94443418259607,"longitude":-122.518975812922,"near_healthy_bed":1,"priority_score":1.0,"priority_tier":"monitor","recommended_action":"no_action","region_id":"puget_sound","region_name":"Puget Sound, WA","state":"WA","status":2,"status_label":"healthy"}},{"type":"Feature","geometry":{"geodesic":false,"type":"Polygon","coordinates":[[[-122.52032328577742,47.9538664968683],[-122.52032328577742,47.95117155101594],[-122.52301823162978,47.95117155101594],[-122.52301823162978,47.9538664968683],[-122.52571317748215,47.9538664968683],[-122.52571317748215,47.95117155101594],[-122.5284081233345,47.95117155101594],[-122.5284081233345,47.9538664968683],[-122.53110306918686,47.9538664968683],[-122.53110306918686,47.95117155101594],[-122.53379801503921,47.95117155101594],[-122.53379801503921,47.948476605163584],[-122.53918790674393,47.948476605163584],[-122.53918790674393,47.94578165931122],[-122.54188285259629,47.94578165931122],[-122.54188285259629,47.94308671345886],[-122.53649296089158,47.94308671345886],[-122.53649296089158,47.94578165931122],[-122.52571317748215,47.94578165931122],[-122.52571317748215,47.948476605163584],[-122.52301823162978,47.948476605163584],[-122.52301823162978,47.94578165931122],[-122.52032328577742,47.94578165931122],[-122.52032328577742,47.948476605163584],[-122.51762833992507,47.948476605163584],[-122.51762833992507,47.9538664968683],[-122.52032328577742,47.9538664968683]]]},"id":"-45463+17793","properties":{"area_sq_km":1.0,"count":17,"label":2,"latitude":47.94871447934797,"longitude":-122.52880482577862,"near_healthy_bed":1,"priority_score":1.0,"priority_tier":"monitor","recommended_action":"no_action","region_id":"puget_sound","region_name":"Puget Sound, WA","state":"WA","status":2,"status_label":"healthy"}},{"type":"Feature","geometry":{"geodesic":false,"type":"Polygon","coordinates":[[[-122.52571317748215,47.964646280277734],[-122.53918790674393,47.964646280277734],[-122.53918790674393,47.96195133442537],[-122.54188285259629,47.96195133442537],[-122.54188285259629,47.95925638857302],[-122.54457779844866,47.95925638857302],[-122.54457779844866,47.9538664968683],[-122.54188285259629,47.9538664968683],[-122.54188285259629,47.956561442720655],[-122.53379801503921,47.956561442720655],[-122.53379801503921,47.96195133442537],[-122.5284081233345,47.96195133442537],[-122.5284081233345,47.95925638857302],[-122.52032328577742,47.95925638857302],[-122.52032328577742,47.96195133442537],[-122.51762833992507,47.96195133442537],[-122.51762833992507,47.97273111783481],[-122.52032328577742,47.97273111783481],[-122.52032328577742,47.97003617198245],[-122.52301823162978,47.97003617198245],[-122.52301823162978,47.96734122613009],[-122.52571317748215,47.96734122613009],[-122.52571317748215,47.964646280277734]],[[-122.53918790674393,47.96195133442537],[-122.53918790674393,47.95925638857302],[-122.53649296089158,47.95925638857302],[-122.53649296089158,47.96195133442537],[-122.53918790674393,47.96195133442537]],[[-122.52571317748215,47.964646280277734],[-122.52571317748215,47.96195133442537],[-122.52301823162978,47.96195133442537],[-122.52301823162978,47.964646280277734],[-122.52571317748215,47.964646280277734]]]},"id":"-45463+17800","properties":{"area_sq_km":1.0,"count":23,"label":2,"latitude":47.962595823417146,"longitude":-122.5294050679175,"near_healthy_bed":1,"priority_score":1.0,"priority_tier":"monitor","recommended_action":"no_action","region_id":"puget_sound","region_name":"Puget Sound, WA","state":"WA","status":2,"status_label":"healthy"}},{"type":"Feature","geometry":{"geodesic":false,"type":"Polygon","coordinates":[[[-122.52301823162978,47.55501451071923],[-122.52032328577742,47.55501451071923],[-122.52032328577742,47.55770945657159],[-122.52301823162978,47.55770945657159],[-122.52301823162978,47.55501451071923]]]},"id":"-45464+17646","properties":{"area_sq_km":0.0,"count":1,"label":2,"latitude":47.55636197991638,"longitude":-122.52167075868171,"near_healthy_bed":1,"priority_score":1.0,"priority_tier":"monitor","recommended_action":"no_action","region_id":"puget_sound","region_name":"Puget Sound, WA","state":"WA","status":2,"status_label":"healthy"}},{"type":"Feature","geometry":{"geodesic":false,"type":"Polygon","coordinates":[[[-122.52301823162978,47.56309934827631],[-122.52032328577742,47.56309934827631],[-122.52032328577742,47.565794294128665],[-122.52301823162978,47.565794294128665],[-122.52301823162978,47.56309934827631]]]},"id":"-45464+17649","properties":{"area_sq_km":0.0,"count":1,"label":0,"latitude":47.564446817630746,"longitude":-122.52167075874738,"near_healthy_bed":1,"priority_score":1.0,"priority_tier":"monitor","recommended_action":"urchin_removal_then_replant","region_id":"puget_sound","region_name":"Puget Sound, WA","state":"WA","status":0,"status_label":"barren"}},{"type":"Feature","geometry":{"geodesic":false,"type":"Polygon","coordinates":[[[-122.52301823162978,47.894577688116414],[-122.52032328577742,47.894577688116414],[-122.52032328577742,47.89727263396877],[-122.52301823162978,47.89727263396877],[-122.52301823162978,47.894577688116414]]]},"id":"-45464+17772","properties":{"area_sq_km":0.0,"count":1,"label":1,"latitude":47.895925157143836,"longitude":-122.52167075867753,"near_healthy_bed":1,"priority_score":1.0,"priority_tier":"monitor","recommended_action":"monitor_and_replant","region_id":"puget_sound","region_name":"Puget Sound, WA","state":"WA","status":1,"status_label":"recovering"}},{"type":"Feature","geometry":{"geodesic":false,"type":"Polygon","coordinates":[[[-122.52301823162978,47.9080524173782],[-122.52032328577742,47.9080524173782],[-122.52032328577742,47.91074736323056],[-122.52301823162978,47.91074736323056],[-122.52301823162978,47.9080524173782]]]},"id":"-45464+17777","properties":{"area_sq_km":0.0,"count":1,"label":2,"latitude":47.90939988652168,"longitude":-122.52167075869568,"near_healthy_bed":1,"priority_score":1.0,"priority_tier":"monitor","recommended_action":"no_action","region_id":"puget_sound","region_name":"Puget Sound, WA","state":"WA","status":2,"status_label":"healthy"}},{"type":"Feature","geometry":{"geodesic":false,"type":"Polygon","coordinates":[[[-122.52301823162978,47.93500187590179],[-122.52032328577742,47.93500187590179],[-122.52032328577742,47.940391767606506],[-122.52301823162978,47.940391767606506],[-122.52301823162978,47.93500187590179]]]},"id":"-45464+17788","properties":{"area_sq_km":0.0,"count":2,"label":2,"latitude":47.93769678286061,"longitude":-122.5216707586925,"near_healthy_bed":1,"priority_score":1.0,"priority_tier":"monitor","recommended_action":"no_action","region_id":"puget_sound","region_name":"Puget Sound, WA","state":"WA","status":2,"status_label":"healthy"}},{"type":"Feature","geometry":{"geodesic":false,"type":"Polygon","coordinates":[[[-122.53110306918686,47.5442347273098],[-122.53110306918686,47.54153978145744],[-122.52571317748215,47.54153978145744],[-122.52571317748215,47.53884483560508],[-122.52301823162978,47.53884483560508],[-122.52301823162978,47.5442347273098],[-122.53110306918686,47.5442347273098]]]},"id":"-45465+17641","properties":{"area_sq_km":0.0,"count":4,"label":0,"latitude":47.542213535670214,"longitude":-122.52638686390692,"near_healthy_bed":1,"priority_score":1.0,"priority_tier":"monitor","recommended_action":"urchin_removal_then_replant","region_id":"puget_sound","region_name":"Puget Sound, WA","state":"WA","status":0,"status_label":"barren"}},{"type":"Feature","geometry":{"geodesic":false,"type":"Polygon","coordinates":[[[-122.52571317748215,47.72479609941782],[-122.52301823162978,47.72479609941782],[-122.52301823162978,47.72749104527018],[-122.52571317748215,47.72749104527018],[-122.52571317748215,47.72479609941782]]]},"id":"-45465+17709","properties":{"area_sq_km":0.0,"count":1,"label":0,"latitude":47.72614356863049,"longitude":-122.5243657046505,"near_healthy_bed":1,"priority_score":1.0,"priority_tier":"monitor","recommended_action":"urchin_removal_then_replant","region_id":"puget_sound","region_name":"Puget Sound, WA","state":"WA","status":0,"status_label":"barren"}},{"type":"Feature","geometry":{"geodesic":false,"type":"Polygon","coordinates":[[[-122.52571317748215,47.74096577453197],[-122.52301823162978,47.74096577453197],[-122.52301823162978,47.743660720384334],[-122.52571317748215,47.743660720384334],[-122.52571317748215,47.74096577453197]]]},"id":"-45465+17715","properties":{"area_sq_km":0.0,"count":1,"label":2,"latitude":47.74231324378237,"longitude":-122.52436570462304,"near_healthy_bed":1,"priority_score":1.0,"priority_tier":"monitor","recommended_action":"no_action","region_id":"puget_sound","region_name":"Puget Sound, WA","state":"WA","status":2,"status_label":"healthy"}},{"type":"Feature","geometry":{"geodesic":false,"type":"Polygon","coordinates":[[[-122.52571317748215,47.91883220078764],[-122.52301823162978,47.91883220078764],[-122.52301823162978,47.921527146639995],[-122.52571317748215,47.921527146639995],[-122.52571317748215,47.91883220078764]]]},"id":"-45465+17781","properties":{"area_sq_km":0.0,"count":1,"label":0,"latitude":47.92017966983658,"longitude":-122.52436570462275,"near_healthy_bed":1,"priority_score":1.0,"priority_tier":"monitor","recommended_action":"urchin_removal_then_replant","region_id":"puget_sound","region_name":"Puget Sound, WA","state":"WA","status":0,"status_label":"barren"}},{"type":"Feature","geometry":{"geodesic":false,"type":"Polygon","coordinates":[[[-122.52571317748215,47.93230693004943],[-122.52301823162978,47.93230693004943],[-122.52301823162978,47.93500187590179],[-122.52571317748215,47.93500187590179],[-122.52571317748215,47.93230693004943]]]},"id":"-45465+17786","properties":{"area_sq_km":0.0,"count":1,"label":2,"latitude":47.933654398939716,"longitude":-122.52436570461876,"near_healthy_bed":1,"priority_score":1.0,"priority_tier":"monitor","recommended_action":"no_action","region_id":"puget_sound","region_name":"Puget Sound, WA","state":"WA","status":2,"status_label":"healthy"}},{"type":"Feature","geometry":{"geodesic":false,"type":"Polygon","coordinates":[[[-122.52571317748215,47.96195133442537],[-122.52301823162978,47.96195133442537],[-122.52301823162978,47.964646280277734],[-122.52571317748215,47.964646280277734],[-122.52571317748215,47.96195133442537]]]},"id":"-45465+17797","properties":{"area_sq_km":0.0,"count":1,"label":0,"latitude":47.963298803440786,"longitude":-122.52436570457435,"near_healthy_bed":1,"priority_score":1.0,"priority_tier":"monitor","recommended_action":"urchin_removal_then_replant","region_id":"puget_sound","region_name":"Puget Sound, WA","state":"WA","status":0,"status_label":"barren"}},{"type":"Feature","geometry":{"geodesic":false,"type":"Polygon","coordinates":[[[-122.5284081233345,47.38523292202064],[-122.52571317748215,47.38523292202064],[-122.52571317748215,47.387927867873],[-122.5284081233345,47.387927867873],[-122.5284081233345,47.38523292202064]]]},"id":"-45466+17583","properties":{"area_sq_km":0.0,"count":1,"label":2,"latitude":47.38658039141852,"longitude":-122.52706065044772,"near_healthy_bed":1,"priority_score":1.0,"priority_tier":"monitor","recommended_action":"no_action","region_id":"puget_sound","region_name":"Puget Sound, WA","state":"WA","status":2,"status_label":"healthy"}},{"type":"Feature","geometry":{"geodesic":false,"type":"Polygon","coordinates":[[[-122.5284081233345,47.55770945657159],[-122.52571317748215,47.55770945657159],[-122.52571317748215,47.56040440242395],[-122.5284081233345,47.56040440242395],[-122.5284081233345,47.55770945657159]]]},"id":"-45466+17647","properties":{"area_sq_km":0.0,"count":1,"label":2,"latitude":47.55905692600932,"longitude":-122.5270606504308,"near_healthy_bed":1,"priority_score":1.0,"priority_tier":"monitor","recommended_action":"no_action","region_id":"puget_sound","region_name":"Puget Sound, WA","state":"WA","status":2,"status_label":"healthy"}},{"type":"Feature","geometry":{"geodesic":false,"type":"Polygon","coordinates":[[[-122.5284081233345,47.73018599112254],[-122.52571317748215,47.73018599112254],[-122.52571317748215,47.732880936974894],[-122.5284081233345,47.732880936974894],[-122.5284081233345,47.73018599112254]]]},"id":"-45466+17711","properties":{"area_sq_km":0.0,"count":1,"label":0,"latitude":47.73153346028953,"longitude":-122.52706065039813,"near_healthy_bed":1,"priority_score":1.0,"priority_tier":"monitor","recommended_action":"urchin_removal_then_replant","region_id":"puget_sound","region_name":"Puget Sound, WA","state":"WA","status":0,"status_label":"barren"}},{"type":"Feature","geometry":{"geodesic":false,"type":"Polygon","coordinates":[[[-122.5284081233345,47.929611984197074],[-122.52571317748215,47.929611984197074],[-122.52571317748215,47.93230693004943],[-122.5284081233345,47.93230693004943],[-122.5284081233345,47.929611984197074]]]},"id":"-45466+17785","properties":{"area_sq_km":0.0,"count":1,"label":2,"latitude":47.93095945354651,"longitude":-122.52706065036938,"near_healthy_bed":1,"priority_score":1.0,"priority_tier":"monitor","recommended_action":"no_action","region_id":"puget_sound","region_name":"Puget Sound, WA","state":"WA","status":2,"status_label":"healthy"}},{"type":"Feature","geometry":{"geodesic":false,"type":"Polygon","coordinates":[[[-122.53379801503921,47.38253797616828],[-122.53379801503921,47.379843030315925],[-122.53918790674393,47.379843030315925],[-122.53918790674393,47.37714808446356],[-122.53649296089158,47.37714808446356],[-122.53649296089158,47.37445313861121],[-122.53110306918686,47.37445313861121],[-122.53110306918686,47.37714808446356],[-122.5284081233345,47.37714808446356],[-122.5284081233345,47.38253797616828],[-122.53379801503921,47.38253797616828]]]},"id":"-45467+17581","properties":{"area_sq_km":0.0,"count":8,"label":2,"latitude":47.378495528333964,"longitude":-122.53312434838934,"near_healthy_bed":1,"priority_score":1.0,"priority_tier":"monitor","recommended_action":"no_action","region_id":"puget_sound","region_name":"Puget Sound, WA","state":"WA","status":2,"status_label":"healthy"}},{"type":"Feature","geometry":{"geodesic":false,"type":"Polygon","coordinates":[[[-122.53110306918686,47.39331775957772],[-122.5284081233345,47.39331775957772],[-122.5284081233345,47.396012705430074],[-122.53110306918686,47.396012705430074],[-122.53110306918686,47.39331775957772]]]},"id":"-45467+17586","properties":{"area_sq_km":0.0,"count":1,"label":1,"latitude":47.39466522890642,"longitude":-122.52975559628966,"near_healthy_bed":1,"priority_score":1.0,"priority_tier":"monitor","recommended_action":"monitor_and_replant","region_id":"puget_sound","region_name":"Puget Sound, WA","state":"WA","status":1,"status_label":"recovering"}},{"type":"Feature","geometry":{"geodesic":false,"type":"Polygon","coordinates":[[[-122.53379801503921,47.581963969242814],[-122.53379801503921,47.57926902339046],[-122.53649296089158,47.57926902339046],[-122.53649296089158,47.5765740775381],[-122.54188285259629,47.5765740775381],[-122.54188285259629,47.57387913168574],[-122.53918790674393,47.57387913168574],[-122.53918790674393,47.56848923998103],[-122.53649296089158,47.56848923998103],[-122.53649296089158,47.57118418583338],[-122.53379801503921,47.57118418583338],[-122.53379801503921,47.565794294128665],[-122.53110306918686,47.565794294128665],[-122.53110306918686,47.56309934827631],[-122.52571317748215,47.56309934827631],[-122.52571317748215,47.56040440242395],[-122.5149333940727,47.56040440242395],[-122.5149333940727,47.56309934827631],[-122.51223844822034,47.56309934827631],[-122.51223844822034,47.565794294128665],[-122.50954350236799,47.565794294128665],[-122.50954350236799,47.56309934827631],[-122.50684855651564,47.56309934827631],[-122.50684855651564,47.55231956486687],[-122.50415361066327,47.55231956486687],[-122.50415361066327,47.56040440242395],[-122.4960687731062,47.56040440242395],[-122.4960687731062,47.56848923998103],[-122.49337382725383,47.56848923998103],[-122.49337382725383,47.57387913168574],[-122.50415361066327,47.57387913168574],[-122.50415361066327,47.57118418583338],[-122.51762833992507,47.57118418583338],[-122.51762833992507,47.56848923998103],[-122.52032328577742,47.56848923998103],[-122.52032328577742,47.57118418583338],[-122.52301823162978,47.57118418583338],[-122.52301823162978,47.57387913168574],[-122.52571317748215,47.57387913168574],[-122.52571317748215,47.5765740775381],[-122.5284081233345,47.5765740775381],[-122.5284081233345,47.581963969242814],[-122.53379801503921,47.581963969242814]],[[-122.52032328577742,47.565794294128665],[-122.52301823162978,47.565794294128665],[-122.52301823162978,47.56309934827631],[-122.52032328577742,47.56309934827631],[-122.52032328577742,47.565794294128665]]]},"id":"-45467+17655","properties":{"area_sq_km":4.0,"count":72,"label":2,"latitude":47.56848951116554,"longitude":-122.51699070880866,"near_healthy_bed":1,"priority_score":1.0,"priority_tier":"monitor","recommended_action":"no_action","region_id":"puget_sound","region_name":"Puget Sound, WA","state":"WA","status":2,"status_label":"healthy"}},{"type":"Feature","geometry":{"geodesic":false,"type":"Polygon","coordinates":[[[-122.53110306918686,47.70323653259895],[-122.5284081233345,47.70323653259895],[-122.5284081233345,47.70593147845131],[-122.53110306918686,47.70593147845131],[-122.53110306918686,47.70323653259895]]]},"id":"-45467+17701","properties":{"area_sq_km":0.0,"count":1,"label":2,"latitude":47.70458400166571,"longitude":-122.5297555963148,"near_healthy_bed":1,"priority_score":1.0,"priority_tier":"monitor","recommended_action":"no_action","region_id":"puget_sound","region_name":"Puget Sound, WA","state":"WA","status":2,"status_label":"healthy"}},{"type":"Feature","geometry":{"geodesic":false,"type":"Polygon","coordinates":[[[-122.53110306918686,47.72749104527018],[-122.5284081233345,47.72749104527018],[-122.5284081233345,47.73018599112254],[-122.53110306918686,47.73018599112254],[-122.53110306918686,47.72749104527018]]]},"id":"-45467+17710","properties":{"area_sq_km":0.0,"count":1,"label":0,"latitude":47.728838514543085,"longitude":-122.52975559626005,"near_healthy_bed":1,"priority_score":1.0,"priority_tier":"monitor","recommended_action":"urchin_removal_then_replant","region_id":"puget_sound","region_name":"Puget Sound, WA","state":"WA","status":0,"status_label":"barren"}},{"type":"Feature","geometry":{"geodesic":false,"type":"Polygon","coordinates":[[[-122.53110306918686,47.94308671345886],[-122.53110306918686,47.940391767606506],[-122.53379801503921,47.940391767606506],[-122.53379801503921,47.929611984197074],[-122.53110306918686,47.929611984197074],[-122.53110306918686,47.93230693004943],[-122.5284081233345,47.93230693004943],[-122.5284081233345,47.937696821754145],[-122.52571317748215,47.937696821754145],[-122.52571317748215,47.940391767606506],[-122.5284081233345,47.940391767606506],[-122.5284081233345,47.94308671345886],[-122.53110306918686,47.94308671345886]]]},"id":"-45467+17789","properties":{"area_sq_km":1.0,"count":9,"label":2,"latitude":47.93664859628191,"longitude":-122.53065401559118,"near_healthy_bed":1,"priority_score":1.0,"priority_tier":"monitor","recommended_action":"no_action","region_id":"puget_sound","region_name":"Puget Sound, WA","state":"WA","status":2,"status_label":"healthy"}},{"type":"Feature","geometry":{"geodesic":false,"type":"Polygon","coordinates":[[[-122.53379801503921,47.38523292202064],[-122.53110306918686,47.38523292202064],[-122.53110306918686,47.387927867873],[-122.53379801503921,47.387927867873],[-122.53379801503921,47.38523292202064]]]},"id":"-45468+17583","properties":{"area_sq_km":0.0,"count":1,"label":2,"latitude":47.386580391383504,"longitude":-122.5324505421209,"near_healthy_bed":1,"priority_score":1.0,"priority_tier":"monitor","recommended_action":"no_action","region_id":"puget_sound","region_name":"Puget Sound, WA","state":"WA","status":2,"status_label":"healthy"}},{"type":"Feature","geometry":{"geodesic":false,"type":"Polygon","coordinates":[[[-122.53649296089158,47.398707651282436],[-122.53649296089158,47.39331775957772],[-122.53379801503921,47.39331775957772],[-122.53379801503921,47.396012705430074],[-122.53110306918686,47.396012705430074],[-122.53110306918686,47.398707651282436],[-122.53649296089158,47.398707651282436]]]},"id":"-45468+17587","properties":{"area_sq_km":0.0,"count":3,"label":0,"latitude":47.39646184463767,"longitude":-122.53424720169146,"near_healthy_bed":1,"priority_score":1.0,"priority_tier":"monitor","recommended_action":"urchin_removal_then_replant","region_id":"puget_sound","region_name":"Puget Sound, WA","state":"WA","status":0,"status_label":"barren"}},{"type":"Feature","geometry":{"geodesic":false,"type":"Polygon","coordinates":[[[-122.53379801503921,47.55501451071923],[-122.53110306918686,47.55501451071923],[-122.53110306918686,47.55770945657159],[-122.53379801503921,47.55770945657159],[-122.53379801503921,47.55501451071923]]]},"id":"-45468+17646","properties":{"area_sq_km":0.0,"count":1,"label":0,"latitude":47.5563619799556,"longitude":-122.53245054201967,"near_healthy_bed":1,"priority_score":1.0,"priority_tier":"monitor","recommended_action":"urchin_removal_then_replant","region_id":"puget_sound","region_name":"Puget Sound, WA","state":"WA","status":0,"status_label":"barren"}},{"type":"Feature","geometry":{"geodesic":false,"type":"Polygon","coordinates":[[[-122.50145866481091,47.52806505219564],[-122.50684855651564,47.52806505219564],[-122.50684855651564,47.53345494390036],[-122.50415361066327,47.53345494390036],[-122.50415361066327,47.53614988975272],[-122.51223844822034,47.53614988975272],[-122.51223844822034,47.54153978145744],[-122.50954350236799,47.54153978145744],[-122.50954350236799,47.5442347273098],[-122.51493339407271,47.5442347273098],[-122.51493339407271,47.546929673162154],[-122.50954350236799,47.546929673162154],[-122.50954350236799,47.549624619014516],[-122.51493339407271,47.549624619014516],[-122.51493339407271,47.55231956486687],[-122.51762833992507,47.55231956486687],[-122.51762833992507,47.549624619014516],[-122.52571317748215,47.549624619014516],[-122.52571317748215,47.55501451071923],[-122.5284081233345,47.55501451071923],[-122.5284081233345,47.55770945657159],[-122.53110306918686,47.55770945657159],[-122.53110306918686,47.56040440242395],[-122.53918790674393,47.56040440242395],[-122.53918790674393,47.55770945657159],[-122.54188285259629,47.55770945657159],[-122.54188285259629,47.55501451071923],[-122.53918790674393,47.55501451071923],[-122.53918790674393,47.549624619014516],[-122.53649296089158,47.549624619014516],[-122.53649296089158,47.54153978145744],[-122.53918790674393,47.54153978145744],[-122.53918790674393,47.53614988975272],[-122.54188285259629,47.53614988975272],[-122.54188285259629,47.52537010634329],[-122.53918790674393,47.52537010634329],[-122.53918790674393,47.52267516049093],[-122.53379801503921,47.52267516049093],[-122.53379801503921,47.52537010634329],[-122.51762833992507,47.52537010634329],[-122.51762833992507,47.52267516049093],[-122.51493339407271,47.52267516049093],[-122.51493339407271,47.51998021463857],[-122.50145866481091,47.51998021463857],[-122.50145866481091,47.51728526878621],[-122.49067888140148,47.51728526878621],[-122.49067888140148,47.51998021463857],[-122.48798393554912,47.51998021463857],[-122.48798393554912,47.52267516049093],[-122.49067888140148,47.52267516049093],[-122.49067888140148,47.52537010634329],[-122.48798393554912,47.52537010634329],[-122.48798393554912,47.52806505219564],[-122.4960687731062,47.52806505219564],[-122.4960687731062,47.530759998048005],[-122.50145866481091,47.530759998048005],[-122.50145866481091,47.52806505219564]],[[-122.50145866481091,47.52806505219564],[-122.50145866481091,47.52537010634329],[-122.49876371895856,47.52537010634329],[-122.49876371895856,47.52806505219564],[-122.50145866481091,47.52806505219564]],[[-122.53649296089158,47.530759998048005],[-122.53379801503921,47.530759998048005],[-122.53379801503921,47.53345494390036],[-122.53649296089158,47.53345494390036],[-122.53649296089158,47.530759998048005]],[[-122.53110306918686,47.54153978145744],[-122.52571317748215,47.54153978145744],[-122.52571317748215,47.53884483560508],[-122.52301823162978,47.53884483560508],[-122.52301823162978,47.5442347273098],[-122.53110306918686,47.5442347273098],[-122.53110306918686,47.54153978145744]],[[-122.51223844822034,47.52806505219564],[-122.51223844822034,47.530759998048005],[-122.51493339407271,47.530759998048005],[-122.51493339407271,47.53884483560508],[-122.51762833992507,47.53884483560508],[-122.51762833992507,47.53345494390036],[-122.52032328577742,47.53345494390036],[-122.52032328577742,47.530759998048005],[-122.51762833992507,47.530759998048005],[-122.51762833992507,47.52806505219564],[-122.51223844822034,47.52806505219564]],[[-122.51223844822034,47.52806505219564],[-122.51223844822034,47.52537010634329],[-122.50954350236799,47.52537010634329],[-122.50954350236799,47.52806505219564],[-122.51223844822034,47.52806505219564]],[[-122.53379801503921,47.55501451071923],[-122.53649296089158,47.55501451071923],[-122.53649296089158,47.55231956486687],[-122.53379801503921,47.55231956486687],[-122.53379801503921,47.55501451071923]],[[-122.53110306918686,47.55770945657159],[-122.53379801503921,47.55770945657159],[-122.53379801503921,47.55501451071923],[-122.53110306918686,47.55501451071923],[-122.53110306918686,47.55770945657159]]]},"id":"-45468+17647","properties":{"area_sq_km":8.0,"count":140,"label":2,"latitude":47.53559040109639,"longitude":-122.52035868641798,"near_healthy_bed":1,"priority_score":1.0,"priority_tier":"monitor","recommended_action":"no_action","region_id":"puget_sound","region_name":"Puget Sound, WA","state":"WA","status":2,"status_label":"healthy"}},{"type":"Feature","geometry":{"geodesic":false,"type":"Polygon","coordinates":[[[-122.53379801503921,47.732880936974894],[-122.53110306918686,47.732880936974894],[-122.53110306918686,47.735575882827256],[-122.53379801503921,47.735575882827256],[-122.53379801503921,47.732880936974894]]]},"id":"-45468+17712","properties":{"area_sq_km":0.0,"count":1,"label":0,"latitude":47.7342284061297,"longitude":-122.53245054203123,"near_healthy_bed":1,"priority_score":1.0,"priority_tier":"monitor","recommended_action":"urchin_removal_then_replant","region_id":"puget_sound","region_name":"Puget Sound, WA","state":"WA","status":0,"status_label":"barren"}},{"type":"Feature","geometry":{"geodesic":false,"type":"Polygon","coordinates":[[[-122.53379801503921,47.743660720384334],[-122.53110306918686,47.743660720384334],[-122.53110306918686,47.74635566623669],[-122.53379801503921,47.74635566623669],[-122.53379801503921,47.743660720384334]]]},"id":"-45468+17716","properties":{"area_sq_km":0.0,"count":1,"label":1,"latitude":47.74500818958154,"longitude":-122.5324505420796,"near_healthy_bed":1,"priority_score":1.0,"priority_tier":"monitor","recommended_action":"monitor_and_replant","region_id":"puget_sound","region_name":"Puget Sound, WA","state":"WA","status":1,"status_label":"recovering"}},{"type":"Feature","geometry":{"geodesic":false,"type":"Polygon","coordinates":[[[-122.53918790674393,47.36636830105413],[-122.53379801503921,47.36636830105413],[-122.53379801503921,47.36906324690649],[-122.53918790674393,47.36906324690649],[-122.53918790674393,47.36636830105413]]]},"id":"-45469+17576","properties":{"area_sq_km":0.0,"count":2,"label":2,"latitude":47.36771579414633,"longitude":-122.53649296080084,"near_healthy_bed":1,"priority_score":1.0,"priority_tier":"monitor","recommended_action":"no_action","region_id":"puget_sound","region_name":"Puget Sound, WA","state":"WA","status":2,"status_label":"healthy"}},{"type":"Feature","geometry":{"geodesic":false,"type":"Polygon","coordinates":[[[-122.53918790674393,47.379843030315925],[-122.53379801503921,47.379843030315925],[-122.53379801503921,47.38253797616828],[-122.53918790674393,47.38253797616828],[-122.53918790674393,47.379843030315925]]]},"id":"-45469+17581","properties":{"area_sq_km":0.0,"count":2,"label":0,"latitude":47.38119052339,"longitude":-122.5364929608684,"near_healthy_bed":1,"priority_score":1.0,"priority_tier":"monitor","recommended_action":"urchin_removal_then_replant","region_id":"puget_sound","region_name":"Puget Sound, WA","state":"WA","status":0,"status_label":"barren"}},{"type":"Feature","geometry":{"geodesic":false,"type":"Polygon","coordinates":[[[-122.53649296089158,47.530759998048005],[-122.53379801503921,47.530759998048005],[-122.53379801503921,47.53345494390036],[-122.53649296089158,47.53345494390036],[-122.53649296089158,47.530759998048005]]]},"id":"-45469+17637","properties":{"area_sq_km":0.0,"count":1,"label":0,"latitude":47.532107467358635,"longitude":-122.535145487925,"near_healthy_bed":1,"priority_score":1.0,"priority_tier":"monitor","recommended_action":"urchin_removal_then_replant","region_id":"puget_sound","region_name":"Puget Sound, WA","state":"WA","status":0,"status_label":"barren"}},{"type":"Feature","geometry":{"geodesic":false,"type":"Polygon","coordinates":[[[-122.53649296089158,47.55231956486687],[-122.53379801503921,47.55231956486687],[-122.53379801503921,47.55501451071923],[-122.53649296089158,47.55501451071923],[-122.53649296089158,47.55231956486687]]]},"id":"-45469+17645","properties":{"area_sq_km":0.0,"count":1,"label":0,"latitude":47.55366703427927,"longitude":-122.5351454880155,"near_healthy_bed":1,"priority_score":1.0,"priority_tier":"monitor","recommended_action":"urchin_removal_then_replant","region_id":"puget_sound","region_name":"Puget Sound, WA","state":"WA","status":0,"status_label":"barren"}},{"type":"Feature","geometry":{"geodesic":false,"type":"Polygon","coordinates":[[[-122.52301823162978,47.72749104527018],[-122.52301823162978,47.73018599112254],[-122.51493339407271,47.73018599112254],[-122.51493339407271,47.732880936974894],[-122.51762833992507,47.732880936974894],[-122.51762833992507,47.735575882827256],[-122.52571317748215,47.735575882827256],[-122.52571317748215,47.73827082867961],[-122.5284081233345,47.73827082867961],[-122.5284081233345,47.74096577453197],[-122.53379801503921,47.74096577453197],[-122.53379801503921,47.743660720384334],[-122.53649296089158,47.743660720384334],[-122.53649296089158,47.74096577453197],[-122.53918790674393,47.74096577453197],[-122.53918790674393,47.732880936974894],[-122.54188285259629,47.732880936974894],[-122.54188285259629,47.735575882827256],[-122.54727274430101,47.735575882827256],[-122.54727274430101,47.732880936974894],[-122.54457779844866,47.732880936974894],[-122.54457779844866,47.73018599112254],[-122.54727274430101,47.73018599112254],[-122.54727274430101,47.72749104527018],[-122.54996769015337,47.72749104527018],[-122.54996769015337,47.72479609941782],[-122.55535758185809,47.72479609941782],[-122.55535758185809,47.72210115356546],[-122.54727274430101,47.72210115356546],[-122.54727274430101,47.71940620771311],[-122.54457779844866,47.71940620771311],[-122.54457779844866,47.72210115356546],[-122.54188285259629,47.72210115356546],[-122.54188285259629,47.72749104527018],[-122.53918790674393,47.72749104527018],[-122.53918790674393,47.72479609941782],[-122.53379801503921,47.72479609941782],[-122.53379801503921,47.72210115356546],[-122.53918790674393,47.72210115356546],[-122.53918790674393,47.71940620771311],[-122.54188285259629,47.71940620771311],[-122.54188285259629,47.71401631600839],[-122.53918790674393,47.71401631600839],[-122.53918790674393,47.716711261860745],[-122.53110306918686,47.716711261860745],[-122.53110306918686,47.71132137015603],[-122.52571317748215,47.71132137015603],[-122.52571317748215,47.70862642430367],[-122.52301823162978,47.70862642430367],[-122.52301823162978,47.71132137015603],[-122.52032328577742,47.71132137015603],[-122.52032328577742,47.70593147845131],[-122.51762833992507,47.70593147845131],[-122.51762833992507,47.70862642430367],[-122.51493339407271,47.70862642430367],[-122.51493339407271,47.71132137015603],[-122.51223844822034,47.71132137015603],[-122.51223844822034,47.716711261860745],[-122.50954350236799,47.716711261860745],[-122.50954350236799,47.71940620771311],[-122.51223844822034,47.71940620771311],[-122.51223844822034,47.72210115356546],[-122.50954350236799,47.72210115356546],[-122.50954350236799,47.72479609941782],[-122.50145866481091,47.72479609941782],[-122.50145866481091,47.73018599112254],[-122.50415361066327,47.73018599112254],[-122.50415361066327,47.72749104527018],[-122.50954350236799,47.72749104527018],[-122.50954350236799,47.73018599112254],[-122.51223844822034,47.73018599112254],[-122.51223844822034,47.72479609941782],[-122.51493339407271,47.72479609941782],[-122.51493339407271,47.72749104527018],[-122.52301823162978,47.72749104527018]],[[-122.52301823162978,47.72749104527018],[-122.52571317748215,47.72749104527018],[-122.52571317748215,47.72479609941782],[-122.52301823162978,47.72479609941782],[-122.52301823162978,47.72749104527018]],[[-122.53379801503921,47.732880936974894],[-122.53110306918686,47.732880936974894],[-122.53110306918686,47.735575882827256],[-122.53379801503921,47.735575882827256],[-122.53379801503921,47.732880936974894]],[[-122.5284081233345,47.73018599112254],[-122.53110306918686,47.73018599112254],[-122.53110306918686,47.72749104527018],[-122.5284081233345,47.72749104527018],[-122.5284081233345,47.73018599112254]],[[-122.5284081233345,47.73018599112254],[-122.52571317748215,47.73018599112254],[-122.52571317748215,47.732880936974894],[-122.5284081233345,47.732880936974894],[-122.5284081233345,47.73018599112254]],[[-122.51762833992507,47.71940620771311],[-122.51762833992507,47.716711261860745],[-122.51493339407271,47.716711261860745],[-122.51493339407271,47.71940620771311],[-122.51762833992507,47.71940620771311]],[[-122.51762833992507,47.71940620771311],[-122.51762833992507,47.72210115356546],[-122.52301823162978,47.72210115356546],[-122.52301823162978,47.71940620771311],[-122.51762833992507,47.71940620771311]]]},"id":"-45469+17715","properties":{"area_sq_km":6.0,"count":107,"label":2,"latitude":47.724782847138776,"longitude":-122.52819311338831,"near_healthy_bed":1,"priority_score":1.0,"priority_tier":"monitor","recommended_action":"no_action","region_id":"puget_sound","region_name":"Puget Sound, WA","state":"WA","status":2,"status_label":"healthy"}},{"type":"Feature","geometry":{"geodesic":false,"type":"Polygon","coordinates":[[[-122.53649296089158,47.95117155101594],[-122.53379801503921,47.95117155101594],[-122.53379801503921,47.9538664968683],[-122.53649296089158,47.9538664968683],[-122.53649296089158,47.95117155101594]]]},"id":"-45469+17793","properties":{"area_sq_km":0.0,"count":1,"label":2,"latitude":47.95251902011139,"longitude":-122.5351454880416,"near_healthy_bed":1,"priority_score":1.0,"priority_tier":"monitor","recommended_action":"no_action","region_id":"puget_sound","region_name":"Puget Sound, WA","state":"WA","status":2,"status_label":"healthy"}},{"type":"Feature","geometry":{"geodesic":false,"type":"Polygon","coordinates":[[[-122.54457779844866,47.298994654745165],[-122.53649296089158,47.298994654745165],[-122.53649296089158,47.30168960059753],[-122.54457779844866,47.30168960059753],[-122.54457779844866,47.298994654745165]]]},"id":"-45470+17551","properties":{"area_sq_km":0.0,"count":3,"label":2,"latitude":47.30034218729193,"longitude":-122.54053537962751,"near_healthy_bed":1,"priority_score":1.0,"priority_tier":"monitor","recommended_action":"no_action","region_id":"puget_sound","region_name":"Puget Sound, WA","state":"WA","status":2,"status_label":"healthy"}},{"type":"Feature","geometry":{"geodesic":false,"type":"Polygon","coordinates":[[[-122.53918790674393,47.32055422156404],[-122.53649296089158,47.32055422156404],[-122.53649296089158,47.32324916741639],[-122.53918790674393,47.32324916741639],[-122.53918790674393,47.32055422156404]]]},"id":"-45470+17559","properties":{"area_sq_km":0.0,"count":1,"label":2,"latitude":47.32190169087922,"longitude":-122.53784043361946,"near_healthy_bed":1,"priority_score":1.0,"priority_tier":"monitor","recommended_action":"no_action","region_id":"puget_sound","region_name":"Puget Sound, WA","state":"WA","status":2,"status_label":"healthy"}},{"type":"Feature","geometry":{"geodesic":false,"type":"Polygon","coordinates":[[[-122.53918790674393,47.592743752652254],[-122.53918790674393,47.59004880679989],[-122.54188285259629,47.59004880679989],[-122.54188285259629,47.58735386094753],[-122.54457779844866,47.58735386094753],[-122.54457779844866,47.57926902339046],[-122.53918790674393,47.57926902339046],[-122.53918790674393,47.581963969242814],[-122.53379801503921,47.581963969242814],[-122.53379801503921,47.59004880679989],[-122.53649296089158,47.59004880679989],[-122.53649296089158,47.592743752652254],[-122.53918790674393,47.592743752652254]]]},"id":"-45470+17659","properties":{"area_sq_km":1.0,"count":14,"label":2,"latitude":47.58542875702997,"longitude":-122.53918803556672,"near_healthy_bed":1,"priority_score":1.0,"priority_tier":"monitor","recommended_action":"no_action","region_id":"puget_sound","region_name":"Puget Sound, WA","state":"WA","status":2,"status_label":"healthy"}},{"type":"Feature","geometry":{"geodesic":false,"type":"Polygon","coordinates":[[[-122.53918790674393,47.937696821754145],[-122.53649296089158,47.937696821754145],[-122.53649296089158,47.940391767606506],[-122.53918790674393,47.940391767606506],[-122.53918790674393,47.937696821754145]]]},"id":"-45470+17788","properties":{"area_sq_km":0.0,"count":1,"label":2,"latitude":47.939044290933715,"longitude":-122.53784043363375,"near_healthy_bed":1,"priority_score":1.0,"priority_tier":"monitor","recommended_action":"no_action","region_id":"puget_sound","region_name":"Puget Sound, WA","state":"WA","status":2,"status_label":"healthy"}},{"type":"Feature","geometry":{"geodesic":false,"type":"Polygon","coordinates":[[[-122.53918790674393,47.95925638857302],[-122.53649296089158,47.95925638857302],[-122.53649296089158,47.96195133442537],[-122.53918790674393,47.96195133442537],[-122.53918790674393,47.95925638857302]]]},"id":"-45470+17796","properties":{"area_sq_km":0.0,"count":1,"label":0,"latitude":47.96060385763213,"longitude":-122.53784043370051,"near_healthy_bed":1,"priority_score":1.0,"priority_tier":"monitor","recommended_action":"urchin_removal_then_replant","region_id":"puget_sound","region_name":"Puget Sound, WA","state":"WA","status":0,"status_label":"barren"}},{"type":"Feature","geometry":{"geodesic":false,"type":"Polygon","coordinates":[[[-122.54188285259629,47.95117155101594],[-122.53918790674393,47.95117155101594],[-122.53918790674393,47.9538664968683],[-122.54188285259629,47.9538664968683],[-122.54188285259629,47.95117155101594]]]},"id":"-45471+17793","properties":{"area_sq_km":0.0,"count":1,"label":2,"latitude":47.9525190201717,"longitude":-122.54053537975814,"near_healthy_bed":1,"priority_score":1.0,"priority_tier":"monitor","recommended_action":"no_action","region_id":"puget_sound","region_name":"Puget Sound, WA","state":"WA","status":2,"status_label":"healthy"}},{"type":"Feature","geometry":{"geodesic":false,"type":"Polygon","coordinates":[[[-122.54457779844866,47.363673355201776],[-122.54188285259629,47.363673355201776],[-122.54188285259629,47.36636830105413],[-122.54457779844866,47.36636830105413],[-122.54457779844866,47.363673355201776]]]},"id":"-45472+17575","properties":{"area_sq_km":0.0,"count":1,"label":2,"latitude":47.36502082454953,"longitude":-122.54323032547403,"near_healthy_bed":1,"priority_score":1.0,"priority_tier":"monitor","recommended_action":"no_action","region_id":"puget_sound","region_name":"Puget Sound, WA","state":"WA","status":2,"status_label":"healthy"}},{"type":"Feature","geometry":{"geodesic":false,"type":"Polygon","coordinates":[[[-122.54457779844866,47.73827082867961],[-122.54188285259629,47.73827082867961],[-122.54188285259629,47.74096577453197],[-122.54457779844866,47.74096577453197],[-122.54457779844866,47.73827082867961]]]},"id":"-45472+17714","properties":{"area_sq_km":0.0,"count":1,"label":2,"latitude":47.73961829792407,"longitude":-122.54323032543431,"near_healthy_bed":1,"priority_score":1.0,"priority_tier":"monitor","recommended_action":"no_action","region_id":"puget_sound","region_name":"Puget Sound, WA","state":"WA","status":2,"status_label":"healthy"}},{"type":"Feature","geometry":{"geodesic":false,"type":"Polygon","coordinates":[[[-122.54457779844866,47.93500187590179],[-122.54188285259629,47.93500187590179],[-122.54188285259629,47.937696821754145],[-122.54457779844866,47.937696821754145],[-122.54457779844866,47.93500187590179]]]},"id":"-45472+17787","properties":{"area_sq_km":0.0,"count":1,"label":2,"latitude":47.93634934500695,"longitude":-122.54323032544426,"near_healthy_bed":1,"priority_score":1.0,"priority_tier":"monitor","recommended_action":"no_action","region_id":"puget_sound","region_name":"Puget Sound, WA","state":"WA","status":2,"status_label":"healthy"}},{"type":"Feature","geometry":{"geodesic":false,"type":"Polygon","coordinates":[[[-122.54457779844866,47.948476605163584],[-122.54188285259629,47.948476605163584],[-122.54188285259629,47.95117155101594],[-122.54457779844866,47.95117155101594],[-122.54457779844866,47.948476605163584]]]},"id":"-45472+17792","properties":{"area_sq_km":0.0,"count":1,"label":2,"latitude":47.94982407412699,"longitude":-122.54323032543383,"near_healthy_bed":1,"priority_score":1.0,"priority_tier":"monitor","recommended_action":"no_action","region_id":"puget_sound","region_name":"Puget Sound, WA","state":"WA","status":2,"status_label":"healthy"}},{"type":"Feature","geometry":{"geodesic":false,"type":"Polygon","coordinates":[[[-122.54996769015337,47.96195133442537],[-122.54188285259629,47.96195133442537],[-122.54188285259629,47.964646280277734],[-122.54996769015337,47.964646280277734],[-122.54996769015337,47.96195133442537]]]},"id":"-45472+17797","properties":{"area_sq_km":0.0,"count":3,"label":2,"latitude":47.96329886653649,"longitude":-122.54592527140183,"near_healthy_bed":1,"priority_score":1.0,"priority_tier":"monitor","recommended_action":"no_action","region_id":"puget_sound","region_name":"Puget Sound, WA","state":"WA","status":2,"status_label":"healthy"}},{"type":"Feature","geometry":{"geodesic":false,"type":"Polygon","coordinates":[[[-122.54457779844866,47.983510901244244],[-122.54188285259629,47.983510901244244],[-122.54188285259629,47.9862058470966],[-122.54457779844866,47.9862058470966],[-122.54457779844866,47.983510901244244]]]},"id":"-45472+17805","properties":{"area_sq_km":0.0,"count":1,"label":2,"latitude":47.98485837020764,"longitude":-122.5432303254394,"near_healthy_bed":1,"priority_score":1.0,"priority_tier":"monitor","recommended_action":"no_action","region_id":"puget_sound","region_name":"Puget Sound, WA","state":"WA","status":2,"status_label":"healthy"}},{"type":"Feature","geometry":{"geodesic":false,"type":"Polygon","coordinates":[[[-122.55266263600572,47.309774438154605],[-122.55266263600572,47.30707949230224],[-122.55535758185809,47.30707949230224],[-122.55535758185809,47.30168960059753],[-122.54996769015337,47.30168960059753],[-122.54996769015337,47.30438454644988],[-122.53918790674393,47.30438454644988],[-122.53918790674393,47.30707949230224],[-122.54457779844866,47.30707949230224],[-122.54457779844866,47.309774438154605],[-122.55266263600572,47.309774438154605]]]},"id":"-45473+17554","properties":{"area_sq_km":1.0,"count":11,"label":2,"latitude":47.30597706318614,"longitude":-122.5486203238219,"near_healthy_bed":1,"priority_score":1.0,"priority_tier":"monitor","recommended_action":"no_action","region_id":"puget_sound","region_name":"Puget Sound, WA","state":"WA","status":2,"status_label":"healthy"}},{"type":"Feature","geometry":{"geodesic":false,"type":"Polygon","coordinates":[[[-122.54727274430101,47.360978409349414],[-122.54457779844866,47.360978409349414],[-122.54457779844866,47.363673355201776],[-122.54727274430101,47.363673355201776],[-122.54727274430101,47.360978409349414]]]},"id":"-45473+17574","properties":{"area_sq_km":0.0,"count":1,"label":2,"latitude":47.36232587865405,"longitude":-122.54592527133768,"near_healthy_bed":1,"priority_score":1.0,"priority_tier":"monitor","recommended_action":"no_action","region_id":"puget_sound","region_name":"Puget Sound, WA","state":"WA","status":2,"status_label":"healthy"}},{"type":"Feature","geometry":{"geodesic":false,"type":"Polygon","coordinates":[[[-122.54727274430101,47.52537010634329],[-122.54457779844866,47.52537010634329],[-122.54457779844866,47.52806505219564],[-122.54727274430101,47.52806505219564],[-122.54727274430101,47.52537010634329]]]},"id":"-45473+17635","properties":{"area_sq_km":0.0,"count":1,"label":1,"latitude":47.52671757565747,"longitude":-122.5459252713331,"near_healthy_bed":1,"priority_score":1.0,"priority_tier":"monitor","recommended_action":"monitor_and_replant","region_id":"puget_sound","region_name":"Puget Sound, WA","state":"WA","status":1,"status_label":"recovering"}},{"type":"Feature","geometry":{"geodesic":false,"type":"Polygon","coordinates":[[[-122.54727274430101,47.581963969242814],[-122.54457779844866,47.581963969242814],[-122.54457779844866,47.584658915095176],[-122.54727274430101,47.584658915095176],[-122.54727274430101,47.581963969242814]]]},"id":"-45473+17656","properties":{"area_sq_km":0.0,"count":1,"label":1,"latitude":47.58331143861376,"longitude":-122.54592527145678,"near_healthy_bed":1,"priority_score":1.0,"priority_tier":"monitor","recommended_action":"monitor_and_replant","region_id":"puget_sound","region_name":"Puget Sound, WA","state":"WA","status":1,"status_label":"recovering"}},{"type":"Feature","geometry":{"geodesic":false,"type":"Polygon","coordinates":[[[-122.55266263600572,47.59004880679989],[-122.54457779844866,47.59004880679989],[-122.54457779844866,47.592743752652254],[-122.55266263600572,47.592743752652254],[-122.55266263600572,47.59004880679989]]]},"id":"-45473+17659","properties":{"area_sq_km":0.0,"count":3,"label":2,"latitude":47.59139633915947,"longitude":-122.54862021718866,"near_healthy_bed":1,"priority_score":1.0,"priority_tier":"monitor","recommended_action":"no_action","region_id":"puget_sound","region_name":"Puget Sound, WA","state":"WA","status":2,"status_label":"healthy"}},{"type":"Feature","geometry":{"geodesic":false,"type":"Polygon","coordinates":[[[-122.54727274430101,47.74096577453197],[-122.54457779844866,47.74096577453197],[-122.54457779844866,47.743660720384334],[-122.54727274430101,47.743660720384334],[-122.54727274430101,47.74096577453197]]]},"id":"-45473+17715","properties":{"area_sq_km":0.0,"count":1,"label":2,"latitude":47.74231324377113,"longitude":-122.54592527145434,"near_healthy_bed":1,"priority_score":1.0,"priority_tier":"monitor","recommended_action":"no_action","region_id":"puget_sound","region_name":"Puget Sound, WA","state":"WA","status":2,"status_label":"healthy"}},{"type":"Feature","geometry":{"geodesic":false,"type":"Polygon","coordinates":[[[-122.55266263600572,47.940391767606506],[-122.54457779844866,47.940391767606506],[-122.54457779844866,47.94308671345886],[-122.55266263600572,47.94308671345886],[-122.55266263600572,47.940391767606506]]]},"id":"-45473+17789","properties":{"area_sq_km":0.0,"count":3,"label":2,"latitude":47.94173929967261,"longitude":-122.54862021723804,"near_healthy_bed":1,"priority_score":1.0,"priority_tier":"monitor","recommended_action":"no_action","region_id":"puget_sound","region_name":"Puget Sound, WA","state":"WA","status":2,"status_label":"healthy"}},{"type":"Feature","geometry":{"geodesic":false,"type":"Polygon","coordinates":[[[-122.54727274430101,47.98081595539188],[-122.54457779844866,47.98081595539188],[-122.54457779844866,47.983510901244244],[-122.54727274430101,47.983510901244244],[-122.54727274430101,47.98081595539188]]]},"id":"-45473+17804","properties":{"area_sq_km":0.0,"count":1,"label":1,"latitude":47.982163424511775,"longitude":-122.54592527136903,"near_healthy_bed":1,"priority_score":1.0,"priority_tier":"monitor","recommended_action":"monitor_and_replant","region_id":"puget_sound","region_name":"Puget Sound, WA","state":"WA","status":1,"status_label":"recovering"}},{"type":"Feature","geometry":{"geodesic":false,"type":"Polygon","coordinates":[[[-122.54727274430101,47.983510901244244],[-122.54457779844866,47.983510901244244],[-122.54457779844866,47.9862058470966],[-122.54727274430101,47.9862058470966],[-122.54727274430101,47.983510901244244]]]},"id":"-45473+17805","properties":{"area_sq_km":0.0,"count":1,"label":0,"latitude":47.984858370213054,"longitude":-122.54592527133791,"near_healthy_bed":1,"priority_score":1.0,"priority_tier":"monitor","recommended_action":"urchin_removal_then_replant","region_id":"puget_sound","region_name":"Puget Sound, WA","state":"WA","status":0,"status_label":"barren"}},{"type":"Feature","geometry":{"geodesic":false,"type":"Polygon","coordinates":[[[-122.55535758185809,47.99698563050604],[-122.55535758185809,47.98890079294896],[-122.55266263600572,47.98890079294896],[-122.55266263600572,47.9862058470966],[-122.55535758185809,47.9862058470966],[-122.55535758185809,47.983510901244244],[-122.5607474735628,47.983510901244244],[-122.5607474735628,47.98081595539188],[-122.55805252771044,47.98081595539188],[-122.55805252771044,47.97812100953953],[-122.55535758185809,47.97812100953953],[-122.55535758185809,47.975426063687166],[-122.55266263600572,47.975426063687166],[-122.55266263600572,47.98081595539188],[-122.54727274430101,47.98081595539188],[-122.54727274430101,47.9862058470966],[-122.54457779844866,47.9862058470966],[-122.54457779844866,47.99698563050604],[-122.55535758185809,47.99698563050604]]]},"id":"-45473+17809","properties":{"area_sq_km":2.0,"count":26,"label":2,"latitude":47.98765645550732,"longitude":-122.55131553948273,"near_healthy_bed":1,"priority_score":1.0,"priority_tier":"monitor","recommended_action":"no_action","region_id":"puget_sound","region_name":"Puget Sound, WA","state":"WA","status":2,"status_label":"healthy"}},{"type":"Feature","geometry":{"geodesic":false,"type":"Polygon","coordinates":[[[-122.54996769015337,47.298994654745165],[-122.54727274430101,47.298994654745165],[-122.54727274430101,47.30168960059753],[-122.54996769015337,47.30168960059753],[-122.54996769015337,47.298994654745165]]]},"id":"-45474+17551","properties":{"area_sq_km":0.0,"count":1,"label":2,"latitude":47.30034212406002,"longitude":-122.54862021719667,"near_healthy_bed":1,"priority_score":1.0,"priority_tier":"monitor","recommended_action":"no_action","region_id":"puget_sound","region_name":"Puget Sound, WA","state":"WA","status":2,"status_label":"healthy"}},{"type":"Feature","geometry":{"geodesic":false,"type":"Polygon","coordinates":[[[-122.54996769015337,47.360978409349414],[-122.54996769015337,47.3555885176447],[-122.54457779844866,47.3555885176447],[-122.54457779844866,47.35828346349705],[-122.54727274430101,47.35828346349705],[-122.54727274430101,47.360978409349414],[-122.54996769015337,47.360978409349414]]]},"id":"-45474+17573","properties":{"area_sq_km":0.0,"count":3,"label":2,"latitude":47.35783428747658,"longitude":-122.54772187328386,"near_healthy_bed":1,"priority_score":1.0,"priority_tier":"monitor","recommended_action":"no_action","region_id":"puget_sound","region_name":"Puget Sound, WA","state":"WA","status":2,"status_label":"healthy"}},{"type":"Feature","geometry":{"geodesic":false,"type":"Polygon","coordinates":[[[-122.54996769015337,47.58735386094753],[-122.54727274430101,47.58735386094753],[-122.54727274430101,47.59004880679989],[-122.54996769015337,47.59004880679989],[-122.54996769015337,47.58735386094753]]]},"id":"-45474+17658","properties":{"area_sq_km":0.0,"count":1,"label":1,"latitude":47.5887013302206,"longitude":-122.54862021719738,"near_healthy_bed":1,"priority_score":1.0,"priority_tier":"monitor","recommended_action":"monitor_and_replant","region_id":"puget_sound","region_name":"Puget Sound, WA","state":"WA","status":1,"status_label":"recovering"}},{"type":"Feature","geometry":{"geodesic":false,"type":"Polygon","coordinates":[[[-122.55535758185809,47.298994654745165],[-122.54996769015337,47.298994654745165],[-122.54996769015337,47.30168960059753],[-122.55535758185809,47.30168960059753],[-122.55535758185809,47.298994654745165]]]},"id":"-45475+17551","properties":{"area_sq_km":0.0,"count":2,"label":0,"latitude":47.30034214771377,"longitude":-122.55266263604035,"near_healthy_bed":1,"priority_score":1.0,"priority_tier":"monitor","recommended_action":"urchin_removal_then_replant","region_id":"puget_sound","region_name":"Puget Sound, WA","state":"WA","status":0,"status_label":"barren"}},{"type":"Feature","geometry":{"geodesic":false,"type":"Polygon","coordinates":[[[-122.55805252771044,47.33941884253055],[-122.54996769015337,47.33941884253055],[-122.54996769015337,47.3421137883829],[-122.55805252771044,47.3421137883829],[-122.55805252771044,47.33941884253055]]]},"id":"-45475+17566","properties":{"area_sq_km":0.0,"count":3,"label":2,"latitude":47.34076637500145,"longitude":-122.55401010891444,"near_healthy_bed":1,"priority_score":1.0,"priority_tier":"monitor","recommended_action":"no_action","region_id":"puget_sound","region_name":"Puget Sound, WA","state":"WA","status":2,"status_label":"healthy"}},{"type":"Feature","geometry":{"geodesic":false,"type":"Polygon","coordinates":[[[-122.55266263600572,47.59813364435697],[-122.54996769015337,47.59813364435697],[-122.54996769015337,47.600828590209325],[-122.55266263600572,47.600828590209325],[-122.55266263600572,47.59813364435697]]]},"id":"-45475+17662","properties":{"area_sq_km":0.0,"count":1,"label":2,"latitude":47.59948111359351,"longitude":-122.55131516297477,"near_healthy_bed":1,"priority_score":1.0,"priority_tier":"monitor","recommended_action":"no_action","region_id":"puget_sound","region_name":"Puget Sound, WA","state":"WA","status":2,"status_label":"healthy"}},{"type":"Feature","geometry":{"geodesic":false,"type":"Polygon","coordinates":[[[-122.55266263600572,47.72479609941782],[-122.54996769015337,47.72479609941782],[-122.54996769015337,47.72749104527018],[-122.55266263600572,47.72749104527018],[-122.55266263600572,47.72479609941782]]]},"id":"-45475+17709","properties":{"area_sq_km":0.0,"count":1,"label":1,"latitude":47.72614356855355,"longitude":-122.55131516303958,"near_healthy_bed":1,"priority_score":1.0,"priority_tier":"monitor","recommended_action":"monitor_and_replant","region_id":"puget_sound","region_name":"Puget Sound, WA","state":"WA","status":1,"status_label":"recovering"}},{"type":"Feature","geometry":{"geodesic":false,"type":"Polygon","coordinates":[[[-122.55266263600572,47.74905061208905],[-122.54996769015337,47.74905061208905],[-122.54996769015337,47.751745557941405],[-122.55266263600572,47.751745557941405],[-122.55266263600572,47.74905061208905]]]},"id":"-45475+17718","properties":{"area_sq_km":0.0,"count":1,"label":1,"latitude":47.750398081337906,"longitude":-122.55131516302315,"near_healthy_bed":1,"priority_score":1.0,"priority_tier":"monitor","recommended_action":"monitor_and_replant","region_id":"puget_sound","region_name":"Puget Sound, WA","state":"WA","status":1,"status_label":"recovering"}},{"type":"Feature","geometry":{"geodesic":false,"type":"Polygon","coordinates":[[[-122.55805252771044,47.59004880679989],[-122.55266263600572,47.59004880679989],[-122.55266263600572,47.592743752652254],[-122.55805252771044,47.592743752652254],[-122.55805252771044,47.59004880679989]]]},"id":"-45476+17659","properties":{"area_sq_km":0.0,"count":2,"label":1,"latitude":47.591396299713935,"longitude":-122.55535758190365,"near_healthy_bed":1,"priority_score":1.0,"priority_tier":"monitor","recommended_action":"monitor_and_replant","region_id":"puget_sound","region_name":"Puget Sound, WA","state":"WA","status":1,"status_label":"recovering"}},{"type":"Feature","geometry":{"geodesic":false,"type":"Polygon","coordinates":[[[-122.55805252771044,47.592743752652254],[-122.55266263600572,47.592743752652254],[-122.55266263600572,47.59543869850461],[-122.55805252771044,47.59543869850461],[-122.55805252771044,47.592743752652254]]]},"id":"-45476+17660","properties":{"area_sq_km":0.0,"count":2,"label":2,"latitude":47.594091245579506,"longitude":-122.55535758186889,"near_healthy_bed":1,"priority_score":1.0,"priority_tier":"monitor","recommended_action":"no_action","region_id":"puget_sound","region_name":"Puget Sound, WA","state":"WA","status":2,"status_label":"healthy"}},{"type":"Feature","geometry":{"geodesic":false,"type":"Polygon","coordinates":[[[-122.55535758185809,47.751745557941405],[-122.55266263600572,47.751745557941405],[-122.55266263600572,47.75444050379377],[-122.55535758185809,47.75444050379377],[-122.55535758185809,47.751745557941405]]]},"id":"-45476+17719","properties":{"area_sq_km":0.0,"count":1,"label":2,"latitude":47.75309302719407,"longitude":-122.55401010896419,"near_healthy_bed":1,"priority_score":1.0,"priority_tier":"monitor","recommended_action":"no_action","region_id":"puget_sound","region_name":"Puget Sound, WA","state":"WA","status":2,"status_label":"healthy"}},{"type":"Feature","geometry":{"geodesic":false,"type":"Polygon","coordinates":[[[-122.55535758185809,47.93230693004943],[-122.55266263600572,47.93230693004943],[-122.55266263600572,47.93500187590179],[-122.55535758185809,47.93500187590179],[-122.55535758185809,47.93230693004943]]]},"id":"-45476+17786","properties":{"area_sq_km":0.0,"count":1,"label":2,"latitude":47.93365439896952,"longitude":-122.55401010902884,"near_healthy_bed":1,"priority_score":1.0,"priority_tier":"monitor","recommended_action":"no_action","region_id":"puget_sound","region_name":"Puget Sound, WA","state":"WA","status":2,"status_label":"healthy"}},{"type":"Feature","geometry":{"geodesic":false,"type":"Polygon","coordinates":[[[-122.55535758185809,47.97003617198245],[-122.55266263600572,47.97003617198245],[-122.55266263600572,47.97273111783481],[-122.55535758185809,47.97273111783481],[-122.55535758185809,47.97003617198245]]]},"id":"-45476+17800","properties":{"area_sq_km":0.0,"count":1,"label":2,"latitude":47.97138364112857,"longitude":-122.55401010897887,"near_healthy_bed":1,"priority_score":1.0,"priority_tier":"monitor","recommended_action":"no_action","region_id":"puget_sound","region_name":"Puget Sound, WA","state":"WA","status":2,"status_label":"healthy"}},{"type":"Feature","geometry":{"geodesic":false,"type":"Polygon","coordinates":[[[-122.55535758185809,47.9862058470966],[-122.55266263600572,47.9862058470966],[-122.55266263600572,47.98890079294896],[-122.55535758185809,47.98890079294896],[-122.55535758185809,47.9862058470966]]]},"id":"-45476+17806","properties":{"area_sq_km":0.0,"count":1,"label":0,"latitude":47.98755331613223,"longitude":-122.5540101089811,"near_healthy_bed":1,"priority_score":1.0,"priority_tier":"monitor","recommended_action":"urchin_removal_then_replant","region_id":"puget_sound","region_name":"Puget Sound, WA","state":"WA","status":0,"status_label":"barren"}},{"type":"Feature","geometry":{"geodesic":false,"type":"Polygon","coordinates":[[[-122.55805252771044,47.298994654745165],[-122.55535758185809,47.298994654745165],[-122.55535758185809,47.30168960059753],[-122.55805252771044,47.30168960059753],[-122.55805252771044,47.298994654745165]]]},"id":"-45477+17551","properties":{"area_sq_km":0.0,"count":1,"label":1,"latitude":47.30034212410484,"longitude":-122.5567050546097,"near_healthy_bed":1,"priority_score":1.0,"priority_tier":"monitor","recommended_action":"monitor_and_replant","region_id":"puget_sound","region_name":"Puget Sound, WA","state":"WA","status":1,"status_label":"recovering"}},{"type":"Feature","geometry":{"geodesic":false,"type":"Polygon","coordinates":[[[-122.55805252771044,47.94308671345886],[-122.55535758185809,47.94308671345886],[-122.55535758185809,47.94578165931122],[-122.55805252771044,47.94578165931122],[-122.55805252771044,47.94308671345886]]]},"id":"-45477+17790","properties":{"area_sq_km":0.0,"count":1,"label":2,"latitude":47.944434182562,"longitude":-122.55670505458284,"near_healthy_bed":1,"priority_score":1.0,"priority_tier":"monitor","recommended_action":"no_action","region_id":"puget_sound","region_name":"Puget Sound, WA","state":"WA","status":2,"status_label":"healthy"}},{"type":"Feature","geometry":{"geodesic":false,"type":"Polygon","coordinates":[[[-122.55805252771044,47.97273111783481],[-122.55535758185809,47.97273111783481],[-122.55535758185809,47.975426063687166],[-122.55805252771044,47.975426063687166],[-122.55805252771044,47.97273111783481]]]},"id":"-45477+17801","properties":{"area_sq_km":0.0,"count":1,"label":2,"latitude":47.97407858681328,"longitude":-122.55670505466578,"near_healthy_bed":1,"priority_score":1.0,"priority_tier":"monitor","recommended_action":"no_action","region_id":"puget_sound","region_name":"Puget Sound, WA","state":"WA","status":2,"status_label":"healthy"}},{"type":"Feature","geometry":{"geodesic":false,"type":"Polygon","coordinates":[[[-122.55805252771044,47.9862058470966],[-122.55535758185809,47.9862058470966],[-122.55535758185809,47.98890079294896],[-122.55805252771044,47.98890079294896],[-122.55805252771044,47.9862058470966]]]},"id":"-45477+17806","properties":{"area_sq_km":0.0,"count":1,"label":2,"latitude":47.98755331611074,"longitude":-122.55670505464741,"near_healthy_bed":1,"priority_score":1.0,"priority_tier":"monitor","recommended_action":"no_action","region_id":"puget_sound","region_name":"Puget Sound, WA","state":"WA","status":2,"status_label":"healthy"}},{"type":"Feature","geometry":{"geodesic":false,"type":"Polygon","coordinates":[[[-122.55805252771044,47.99698563050604],[-122.55535758185809,47.99698563050604],[-122.55535758185809,47.999680576358394],[-122.55805252771044,47.999680576358394],[-122.55805252771044,47.99698563050604]]]},"id":"-45477+17810","properties":{"area_sq_km":0.0,"count":1,"label":2,"latitude":47.99833309960144,"longitude":-122.5567050547123,"near_healthy_bed":1,"priority_score":1.0,"priority_tier":"monitor","recommended_action":"no_action","region_id":"puget_sound","region_name":"Puget Sound, WA","state":"WA","status":2,"status_label":"healthy"}},{"type":"Feature","geometry":{"geodesic":false,"type":"Polygon","coordinates":[[[-122.56344241941515,47.30707949230224],[-122.55805252771044,47.30707949230224],[-122.55805252771044,47.309774438154605],[-122.56344241941515,47.309774438154605],[-122.56344241941515,47.30707949230224]]]},"id":"-45478+17554","properties":{"area_sq_km":0.0,"count":2,"label":2,"latitude":47.30842698529562,"longitude":-122.5607474736403,"near_healthy_bed":1,"priority_score":1.0,"priority_tier":"monitor","recommended_action":"no_action","region_id":"puget_sound","region_name":"Puget Sound, WA","state":"WA","status":2,"status_label":"healthy"}},{"type":"Feature","geometry":{"geodesic":false,"type":"Polygon","coordinates":[[[-122.5607474735628,47.33672389667819],[-122.55805252771044,47.33672389667819],[-122.55805252771044,47.33941884253055],[-122.5607474735628,47.33941884253055],[-122.5607474735628,47.33672389667819]]]},"id":"-45478+17565","properties":{"area_sq_km":0.0,"count":1,"label":2,"latitude":47.33807136603276,"longitude":-122.55940000060774,"near_healthy_bed":1,"priority_score":1.0,"priority_tier":"monitor","recommended_action":"no_action","region_id":"puget_sound","region_name":"Puget Sound, WA","state":"WA","status":2,"status_label":"healthy"}},{"type":"Feature","geometry":{"geodesic":false,"type":"Polygon","coordinates":[[[-122.56613736526752,47.58735386094753],[-122.55805252771044,47.58735386094753],[-122.55805252771044,47.59004880679989],[-122.56613736526752,47.59004880679989],[-122.56613736526752,47.58735386094753]]]},"id":"-45478+17658","properties":{"area_sq_km":0.0,"count":3,"label":2,"latitude":47.58870139330805,"longitude":-122.56209494646247,"near_healthy_bed":1,"priority_score":1.0,"priority_tier":"monitor","recommended_action":"no_action","region_id":"puget_sound","region_name":"Puget Sound, WA","state":"WA","status":2,"status_label":"healthy"}},{"type":"Feature","geometry":{"geodesic":false,"type":"Polygon","coordinates":[[[-122.56613736526752,47.67089718237065],[-122.56344241941515,47.67089718237065],[-122.56344241941515,47.67628707407537],[-122.56613736526752,47.67628707407537],[-122.56613736526752,47.67089718237065]]]},"id":"-45480+17690","properties":{"area_sq_km":0.0,"count":2,"label":2,"latitude":47.67359208966602,"longitude":-122.5647898921658,"near_healthy_bed":1,"priority_score":1.0,"priority_tier":"monitor","recommended_action":"no_action","region_id":"puget_sound","region_name":"Puget Sound, WA","state":"WA","status":2,"status_label":"healthy"}},{"type":"Feature","geometry":{"geodesic":false,"type":"Polygon","coordinates":[[[-122.56613736526752,47.67628707407537],[-122.56344241941515,47.67628707407537],[-122.56344241941515,47.67898201992772],[-122.56613736526752,47.67898201992772],[-122.56613736526752,47.67628707407537]]]},"id":"-45480+17691","properties":{"area_sq_km":0.0,"count":1,"label":1,"latitude":47.677634543336424,"longitude":-122.56478989220848,"near_healthy_bed":1,"priority_score":1.0,"priority_tier":"monitor","recommended_action":"monitor_and_replant","region_id":"puget_sound","region_name":"Puget Sound, WA","state":"WA","status":1,"status_label":"recovering"}},{"type":"Feature","geometry":{"geodesic":false,"type":"Polygon","coordinates":[[[-122.56883231111988,47.67359212822301],[-122.56613736526752,47.67359212822301],[-122.56613736526752,47.67628707407537],[-122.56883231111988,47.67628707407537],[-122.56883231111988,47.67359212822301]]]},"id":"-45481+17690","properties":{"area_sq_km":0.0,"count":1,"label":1,"latitude":47.67493959747756,"longitude":-122.56748483829837,"near_healthy_bed":1,"priority_score":1.0,"priority_tier":"monitor","recommended_action":"monitor_and_replant","region_id":"puget_sound","region_name":"Puget Sound, WA","state":"WA","status":1,"status_label":"recovering"}},{"type":"Feature","geometry":{"geodesic":false,"type":"Polygon","coordinates":[[[-122.59847671549582,47.66820223651829],[-122.59578176964347,47.66820223651829],[-122.59578176964347,47.67089718237065],[-122.58769693208639,47.67089718237065],[-122.58769693208639,47.66820223651829],[-122.58500198623403,47.66820223651829],[-122.58500198623403,47.67089718237065],[-122.57691714867696,47.67089718237065],[-122.57691714867696,47.67359212822301],[-122.5742222028246,47.67359212822301],[-122.5742222028246,47.67628707407537],[-122.56613736526752,47.67628707407537],[-122.56613736526752,47.6870668574848],[-122.56883231111988,47.6870668574848],[-122.56883231111988,47.69245674918952],[-122.56613736526752,47.69245674918952],[-122.56613736526752,47.700541586746596],[-122.56883231111988,47.700541586746596],[-122.56883231111988,47.69515169504188],[-122.57691714867696,47.69515169504188],[-122.57691714867696,47.697846640894234],[-122.57961209452931,47.697846640894234],[-122.57961209452931,47.68976180333716],[-122.58230704038166,47.68976180333716],[-122.58230704038166,47.69245674918952],[-122.58500198623403,47.69245674918952],[-122.58500198623403,47.6870668574848],[-122.59039187793874,47.6870668574848],[-122.59039187793874,47.68437191163244],[-122.58769693208639,47.68437191163244],[-122.58769693208639,47.681676965780085],[-122.59308682379111,47.681676965780085],[-122.59308682379111,47.67628707407537],[-122.59578176964347,47.67628707407537],[-122.59578176964347,47.67359212822301],[-122.59847671549582,47.67359212822301],[-122.59847671549582,47.66820223651829]],[[-122.5742222028246,47.681676965780085],[-122.57152725697223,47.681676965780085],[-122.57152725697223,47.68437191163244],[-122.5742222028246,47.68437191163244],[-122.5742222028246,47.681676965780085]],[[-122.5742222028246,47.68976180333716],[-122.57152725697223,47.68976180333716],[-122.57152725697223,47.69245674918952],[-122.5742222028246,47.69245674918952],[-122.5742222028246,47.68976180333716]],[[-122.57961209452931,47.68437191163244],[-122.57691714867696,47.68437191163244],[-122.57691714867696,47.6870668574848],[-122.57961209452931,47.6870668574848],[-122.57961209452931,47.68437191163244]],[[-122.57961209452931,47.68437191163244],[-122.58230704038166,47.68437191163244],[-122.58230704038166,47.681676965780085],[-122.58500198623403,47.681676965780085],[-122.58500198623403,47.67898201992772],[-122.58769693208639,47.67898201992772],[-122.58769693208639,47.67359212822301],[-122.57961209452931,47.67359212822301],[-122.57961209452931,47.67628707407537],[-122.58230704038166,47.67628707407537],[-122.58230704038166,47.67898201992772],[-122.57961209452931,47.67898201992772],[-122.57961209452931,47.68437191163244]]]},"id":"-45481+17699","properties":{"area_sq_km":4.0,"count":63,"label":2,"latitude":47.68246757330625,"longitude":-122.5794636829814,"near_healthy_bed":1,"priority_score":1.0,"priority_tier":"monitor","recommended_action":"no_action","region_id":"puget_sound","region_name":"Puget Sound, WA","state":"WA","status":2,"status_label":"healthy"}},{"type":"Feature","geometry":{"geodesic":false,"type":"Polygon","coordinates":[[[-122.56883231111988,47.71132137015603],[-122.56883231111988,47.70862642430367],[-122.57152725697223,47.70862642430367],[-122.57152725697223,47.70593147845131],[-122.56883231111988,47.70593147845131],[-122.56883231111988,47.70323653259895],[-122.56613736526752,47.70323653259895],[-122.56613736526752,47.71132137015603],[-122.56883231111988,47.71132137015603]]]},"id":"-45481+17703","properties":{"area_sq_km":0.0,"count":4,"label":2,"latitude":47.707278883880505,"longitude":-122.56815857458767,"near_healthy_bed":1,"priority_score":1.0,"priority_tier":"monitor","recommended_action":"no_action","region_id":"puget_sound","region_name":"Puget Sound, WA","state":"WA","status":2,"status_label":"healthy"}},{"type":"Feature","geometry":{"geodesic":false,"type":"Polygon","coordinates":[[[-122.57152725697223,47.956561442720655],[-122.56883231111988,47.956561442720655],[-122.56883231111988,47.95925638857302],[-122.57152725697223,47.95925638857302],[-122.57152725697223,47.956561442720655]]]},"id":"-45482+17795","properties":{"area_sq_km":0.0,"count":1,"label":2,"latitude":47.95790891188594,"longitude":-122.57017978400249,"near_healthy_bed":1,"priority_score":1.0,"priority_tier":"monitor","recommended_action":"no_action","region_id":"puget_sound","region_name":"Puget Sound, WA","state":"WA","status":2,"status_label":"healthy"}},{"type":"Feature","geometry":{"geodesic":false,"type":"Polygon","coordinates":[[[-122.57152725697223,47.95925638857302],[-122.56883231111988,47.95925638857302],[-122.56883231111988,47.964646280277734],[-122.57152725697223,47.964646280277734],[-122.57152725697223,47.95925638857302]]]},"id":"-45482+17797","properties":{"area_sq_km":0.0,"count":2,"label":0,"latitude":47.96195129534791,"longitude":-122.57017978403465,"near_healthy_bed":1,"priority_score":1.0,"priority_tier":"monitor","recommended_action":"urchin_removal_then_replant","region_id":"puget_sound","region_name":"Puget Sound, WA","state":"WA","status":0,"status_label":"barren"}},{"type":"Feature","geometry":{"geodesic":false,"type":"Polygon","coordinates":[[[-122.57152725697223,47.97003617198245],[-122.56883231111988,47.97003617198245],[-122.56883231111988,47.97273111783481],[-122.57152725697223,47.97273111783481],[-122.57152725697223,47.97003617198245]]]},"id":"-45482+17800","properties":{"area_sq_km":0.0,"count":1,"label":0,"latitude":47.97138364116825,"longitude":-122.57017978399416,"near_healthy_bed":1,"priority_score":1.0,"priority_tier":"monitor","recommended_action":"urchin_removal_then_replant","region_id":"puget_sound","region_name":"Puget Sound, WA","state":"WA","status":0,"status_label":"barren"}},{"type":"Feature","geometry":{"geodesic":false,"type":"Polygon","coordinates":[[[-122.64429079498592,47.95117155101594],[-122.64159584913357,47.95117155101594],[-122.64159584913357,47.94578165931122],[-122.6389009032812,47.94578165931122],[-122.6389009032812,47.94308671345887],[-122.63351101157649,47.94308671345887],[-122.63351101157649,47.93500187590179],[-122.62812111987176,47.93500187590179],[-122.62812111987176,47.93230693004943],[-122.62542617401941,47.93230693004943],[-122.62542617401941,47.929611984197074],[-122.62273122816705,47.929611984197074],[-122.62273122816705,47.93500187590179],[-122.62003628231469,47.93500187590179],[-122.62003628231469,47.940391767606506],[-122.61464639060998,47.940391767606506],[-122.61464639060998,47.94308671345887],[-122.59847671549582,47.94308671345887],[-122.59847671549582,47.940391767606506],[-122.60117166134818,47.940391767606506],[-122.60117166134818,47.93230693004943],[-122.59847671549582,47.93230693004943],[-122.59847671549582,47.92691703834471],[-122.59308682379111,47.92691703834471],[-122.59308682379111,47.92422209249236],[-122.59039187793874,47.92422209249236],[-122.59039187793874,47.921527146639995],[-122.57691714867696,47.921527146639995],[-122.57691714867696,47.92422209249236],[-122.57961209452931,47.92422209249236],[-122.57961209452931,47.92691703834471],[-122.5742222028246,47.92691703834471],[-122.5742222028246,47.929611984197074],[-122.56883231111988,47.929611984197074],[-122.56883231111988,47.93230693004943],[-122.5742222028246,47.93230693004943],[-122.5742222028246,47.93500187590179],[-122.57152725697223,47.93500187590179],[-122.57152725697223,47.937696821754145],[-122.56883231111988,47.937696821754145],[-122.56883231111988,47.940391767606506],[-122.57152725697223,47.940391767606506],[-122.57152725697223,47.94308671345887],[-122.56613736526752,47.94308671345887],[-122.56613736526752,47.94578165931122],[-122.56344241941515,47.94578165931122],[-122.56344241941515,47.948476605163584],[-122.55535758185809,47.948476605163584],[-122.55535758185809,47.94578165931122],[-122.55266263600572,47.94578165931122],[-122.55266263600572,47.95117155101594],[-122.54996769015337,47.95117155101594],[-122.54996769015337,47.956561442720655],[-122.55805252771044,47.956561442720655],[-122.55805252771044,47.95925638857302],[-122.56344241941515,47.95925638857302],[-122.56344241941515,47.96195133442537],[-122.5607474735628,47.96195133442537],[-122.5607474735628,47.96734122613009],[-122.56344241941515,47.96734122613009],[-122.56344241941515,47.97003617198245],[-122.56613736526752,47.97003617198245],[-122.56613736526752,47.97273111783481],[-122.56883231111988,47.97273111783481],[-122.56883231111988,47.975426063687166],[-122.57152725697223,47.975426063687166],[-122.57152725697223,47.97812100953953],[-122.56883231111988,47.97812100953953],[-122.56883231111988,47.98081595539188],[-122.5742222028246,47.98081595539188],[-122.5742222028246,47.983510901244244],[-122.56883231111988,47.983510901244244],[-122.56883231111988,47.9862058470966],[-122.56613736526752,47.9862058470966],[-122.56613736526752,47.99429068465368],[-122.56883231111988,47.99429068465368],[-122.56883231111988,47.991595738801315],[-122.57152725697223,47.991595738801315],[-122.57152725697223,47.99429068465368],[-122.57961209452931,47.99429068465368],[-122.57961209452931,47.99698563050604],[-122.56883231111988,47.99698563050604],[-122.56883231111988,47.999680576358394],[-122.59039187793874,47.999680576358394],[-122.59039187793874,47.99698563050604],[-122.59578176964347,47.99698563050604],[-122.59578176964347,47.999680576358394],[-122.62542617401941,47.999680576358394],[-122.62542617401941,47.99698563050604],[-122.62812111987176,47.99698563050604],[-122.62812111987176,47.99429068465368],[-122.63081606572412,47.99429068465368],[-122.63081606572412,47.999680576358394],[-122.63620595742884,47.999680576358394],[-122.63620595742884,47.99429068465368],[-122.6389009032812,47.99429068465368],[-122.6389009032812,47.9862058470966],[-122.64429079498592,47.9862058470966],[-122.64429079498592,47.98890079294896],[-122.64698574083828,47.98890079294896],[-122.64698574083828,47.991595738801315],[-122.652375632543,47.991595738801315],[-122.652375632543,47.99429068465368],[-122.65507057839535,47.99429068465368],[-122.65507057839535,47.99698563050604],[-122.64429079498592,47.99698563050604],[-122.64429079498592,47.999680576358394],[-122.66315541595243,47.999680576358394],[-122.66315541595243,47.99429068465368],[-122.66585036180479,47.99429068465368],[-122.66585036180479,47.99698563050604],[-122.67124025350951,47.99698563050604],[-122.67124025350951,47.999680576358394],[-122.67393519936186,47.999680576358394],[-122.67393519936186,47.99429068465368],[-122.67124025350951,47.99429068465368],[-122.67124025350951,47.991595738801315],[-122.67393519936186,47.991595738801315],[-122.67393519936186,47.9862058470966],[-122.66854530765714,47.9862058470966],[-122.66854530765714,47.98890079294896],[-122.66315541595243,47.98890079294896],[-122.66315541595243,47.9862058470966],[-122.66046047010006,47.9862058470966],[-122.66046047010006,47.983510901244244],[-122.66854530765714,47.983510901244244],[-122.66854530765714,47.98081595539188],[-122.67124025350951,47.98081595539188],[-122.67124025350951,47.975426063687166],[-122.67663014521422,47.975426063687166],[-122.67663014521422,47.97812100953953],[-122.6847149827713,47.97812100953953],[-122.6847149827713,47.975426063687166],[-122.67932509106657,47.975426063687166],[-122.67932509106657,47.97003617198245],[-122.67663014521422,47.97003617198245],[-122.67663014521422,47.96195133442537],[-122.67393519936186,47.96195133442537],[-122.67393519936186,47.9538664968683],[-122.67663014521422,47.9538664968683],[-122.67663014521422,47.94578165931122],[-122.68202003691894,47.94578165931122],[-122.68202003691894,47.937696821754145],[-122.67932509106657,47.937696821754145],[-122.67932509106657,47.93500187590179],[-122.67393519936186,47.93500187590179],[-122.67393519936186,47.93230693004943],[-122.67663014521422,47.93230693004943],[-122.67663014521422,47.92422209249236],[-122.67932509106657,47.92422209249236],[-122.67932509106657,47.921527146639995],[-122.6847149827713,47.921527146639995],[-122.6847149827713,47.91613725493528],[-122.67932509106657,47.91613725493528],[-122.67932509106657,47.91883220078764],[-122.67663014521422,47.91883220078764],[-122.67663014521422,47.921527146639995],[-122.67393519936186,47.921527146639995],[-122.67393519936186,47.92422209249236],[-122.66854530765714,47.92422209249236],[-122.66854530765714,47.92691703834471],[-122.66585036180479,47.92691703834471],[-122.66585036180479,47.93500187590179],[-122.67124025350951,47.93500187590179],[-122.67124025350951,47.937696821754145],[-122.67393519936186,47.937696821754145],[-122.67393519936186,47.940391767606506],[-122.67663014521422,47.940391767606506],[-122.67663014521422,47.94308671345887],[-122.67393519936186,47.94308671345887],[-122.67393519936186,47.94578165931122],[-122.67124025350951,47.94578165931122],[-122.67124025350951,47.94308671345887],[-122.66854530765714,47.94308671345887],[-122.66854530765714,47.940391767606506],[-122.66585036180479,47.940391767606506],[-122.66585036180479,47.937696821754145],[-122.66046047010006,47.937696821754145],[-122.66046047010006,47.93500187590179],[-122.65776552424771,47.93500187590179],[-122.65776552424771,47.93230693004943],[-122.65507057839535,47.93230693004943],[-122.65507057839535,47.929611984197074],[-122.64968068669063,47.929611984197074],[-122.64968068669063,47.92691703834471],[-122.65507057839535,47.92691703834471],[-122.65507057839535,47.92422209249236],[-122.64968068669063,47.92422209249236],[-122.64968068669063,47.921527146639995],[-122.64698574083828,47.921527146639995],[-122.64698574083828,47.91883220078764],[-122.64429079498592,47.91883220078764],[-122.64429079498592,47.91344230908292],[-122.64698574083828,47.91344230908292],[-122.64698574083828,47.91613725493528],[-122.64968068669063,47.91613725493528],[-122.64968068669063,47.91074736323056],[-122.64429079498592,47.91074736323056],[-122.64429079498592,47.9080524173782],[-122.6389009032812,47.9080524173782],[-122.6389009032812,47.91074736323056],[-122.63081606572412,47.91074736323056],[-122.63081606572412,47.91344230908292],[-122.62542617401941,47.91344230908292],[-122.62542617401941,47.91074736323056],[-122.62003628231469,47.91074736323056],[-122.62003628231469,47.91344230908292],[-122.62273122816705,47.91344230908292],[-122.62273122816705,47.91613725493528],[-122.62542617401941,47.91613725493528],[-122.62542617401941,47.91883220078764],[-122.63081606572412,47.91883220078764],[-122.63081606572412,47.921527146639995],[-122.63351101157649,47.921527146639995],[-122.63351101157649,47.92422209249236],[-122.63620595742884,47.92422209249236],[-122.63620595742884,47.92691703834471],[-122.6389009032812,47.92691703834471],[-122.6389009032812,47.93230693004943],[-122.64159584913357,47.93230693004943],[-122.64159584913357,47.937696821754145],[-122.64429079498592,47.937696821754145],[-122.64429079498592,47.94578165931122],[-122.64968068669063,47.94578165931122],[-122.64968068669063,47.948476605163584],[-122.64429079498592,47.948476605163584],[-122.64429079498592,47.95117155101594]],[[-122.67393519936186,47.93230693004943],[-122.67393519936186,47.929611984197074],[-122.67124025350951,47.929611984197074],[-122.67124025350951,47.93230693004943],[-122.67393519936186,47.93230693004943]],[[-122.66046047010006,47.9862058470966],[-122.65776552424771,47.9862058470966],[-122.65776552424771,47.98890079294896],[-122.66046047010006,47.98890079294896],[-122.66046047010006,47.9862058470966]],[[-122.64429079498592,47.95117155101594],[-122.64429079498592,47.9538664968683],[-122.64968068669063,47.9538664968683],[-122.64968068669063,47.95117155101594],[-122.64429079498592,47.95117155101594]],[[-122.62812111987176,47.99429068465368],[-122.62812111987176,47.98890079294896],[-122.62542617401941,47.98890079294896],[-122.62542617401941,47.99429068465368],[-122.62812111987176,47.99429068465368]],[[-122.57152725697223,47.94308671345887],[-122.57152725697223,47.94578165931122],[-122.56883231111988,47.94578165931122],[-122.56883231111988,47.948476605163584],[-122.56613736526752,47.948476605163584],[-122.56613736526752,47.95117155101594],[-122.5607474735628,47.95117155101594],[-122.5607474735628,47.956561442720655],[-122.56613736526752,47.956561442720655],[-122.56613736526752,47.95925638857302],[-122.56883231111988,47.95925638857302],[-122.56883231111988,47.964646280277734],[-122.57152725697223,47.964646280277734],[-122.57152725697223,47.95925638857302],[-122.5742222028246,47.95925638857302],[-122.5742222028246,47.9538664968683],[-122.56883231111988,47.9538664968683],[-122.56883231111988,47.95117155101594],[-122.5742222028246,47.95117155101594],[-122.5742222028246,47.94308671345887],[-122.57152725697223,47.94308671345887]],[[-122.56883231111988,47.97273111783481],[-122.57152725697223,47.97273111783481],[-122.57152725697223,47.97003617198245],[-122.56883231111988,47.97003617198245],[-122.56883231111988,47.97273111783481]],[[-122.67393519936186,47.97003617198245],[-122.67124025350951,47.97003617198245],[-122.67124025350951,47.97273111783481],[-122.67393519936186,47.97273111783481],[-122.67393519936186,47.97003617198245]],[[-122.66854530765714,47.95925638857302],[-122.66585036180479,47.95925638857302],[-122.66585036180479,47.956561442720655],[-122.66315541595243,47.956561442720655],[-122.66315541595243,47.9538664968683],[-122.65776552424771,47.9538664968683],[-122.65776552424771,47.95117155101594],[-122.65507057839535,47.95117155101594],[-122.65507057839535,47.9538664968683],[-122.652375632543,47.9538664968683],[-122.652375632543,47.956561442720655],[-122.65507057839535,47.956561442720655],[-122.65507057839535,47.95925638857302],[-122.65776552424771,47.95925638857302],[-122.65776552424771,47.956561442720655],[-122.66046047010006,47.956561442720655],[-122.66046047010006,47.96195133442537],[-122.66315541595243,47.96195133442537],[-122.66315541595243,47.964646280277734],[-122.66854530765714,47.964646280277734],[-122.66854530765714,47.95925638857302]],[[-122.66854530765714,47.97003617198245],[-122.66315541595243,47.97003617198245],[-122.66315541595243,47.97273111783481],[-122.66854530765714,47.97273111783481],[-122.66854530765714,47.97003617198245]],[[-122.66046047010006,47.964646280277734],[-122.65507057839535,47.964646280277734],[-122.65507057839535,47.96734122613009],[-122.66046047010006,47.96734122613009],[-122.66046047010006,47.964646280277734]],[[-122.66046047010006,47.991595738801315],[-122.65776552424771,47.991595738801315],[-122.65776552424771,47.99429068465368],[-122.66046047010006,47.99429068465368],[-122.66046047010006,47.991595738801315]],[[-122.652375632543,47.937696821754145],[-122.64968068669063,47.937696821754145],[-122.64968068669063,47.940391767606506],[-122.652375632543,47.940391767606506],[-122.652375632543,47.937696821754145]],[[-122.652375632543,47.964646280277734],[-122.64968068669063,47.964646280277734],[-122.64968068669063,47.96734122613009],[-122.652375632543,47.96734122613009],[-122.652375632543,47.964646280277734]],[[-122.64968068669063,47.956561442720655],[-122.64698574083828,47.956561442720655],[-122.64698574083828,47.95925638857302],[-122.64968068669063,47.95925638857302],[-122.64968068669063,47.956561442720655]],[[-122.64698574083828,47.98081595539188],[-122.64429079498592,47.98081595539188],[-122.64429079498592,47.983510901244244],[-122.64698574083828,47.983510901244244],[-122.64698574083828,47.98081595539188]],[[-122.64429079498592,47.975426063687166],[-122.64159584913357,47.975426063687166],[-122.64159584913357,47.97812100953953],[-122.64429079498592,47.97812100953953],[-122.64429079498592,47.975426063687166]],[[-122.6389009032812,47.97273111783481],[-122.63620595742884,47.97273111783481],[-122.63620595742884,47.97812100953953],[-122.6389009032812,47.97812100953953],[-122.6389009032812,47.97273111783481]],[[-122.63620595742884,47.96734122613009],[-122.63351101157649,47.96734122613009],[-122.63351101157649,47.97003617198245],[-122.63620595742884,47.97003617198245],[-122.63620595742884,47.96734122613009]],[[-122.63620595742884,47.98890079294896],[-122.63081606572412,47.98890079294896],[-122.63081606572412,47.991595738801315],[-122.63620595742884,47.991595738801315],[-122.63620595742884,47.98890079294896]],[[-122.62812111987176,47.96195133442537],[-122.62003628231469,47.96195133442537],[-122.62003628231469,47.964646280277734],[-122.62812111987176,47.964646280277734],[-122.62812111987176,47.96195133442537]],[[-122.62812111987176,47.975426063687166],[-122.62542617401941,47.975426063687166],[-122.62542617401941,47.98081595539188],[-122.62812111987176,47.98081595539188],[-122.62812111987176,47.975426063687166]],[[-122.62273122816705,47.9538664968683],[-122.62003628231469,47.9538664968683],[-122.62003628231469,47.95925638857302],[-122.62273122816705,47.95925638857302],[-122.62273122816705,47.9538664968683]],[[-122.62273122816705,47.96734122613009],[-122.62003628231469,47.96734122613009],[-122.62003628231469,47.97003617198245],[-122.62273122816705,47.97003617198245],[-122.62273122816705,47.96734122613009]],[[-122.62273122816705,47.98890079294896],[-122.62003628231469,47.98890079294896],[-122.62003628231469,47.99429068465368],[-122.62273122816705,47.99429068465368],[-122.62273122816705,47.98890079294896]],[[-122.62003628231469,47.975426063687166],[-122.61734133646233,47.975426063687166],[-122.61734133646233,47.97812100953953],[-122.62003628231469,47.97812100953953],[-122.62003628231469,47.975426063687166]],[[-122.61734133646233,47.94578165931122],[-122.61464639060998,47.94578165931122],[-122.61464639060998,47.948476605163584],[-122.61734133646233,47.948476605163584],[-122.61734133646233,47.94578165931122]],[[-122.61734133646233,47.95925638857302],[-122.61464639060998,47.95925638857302],[-122.61464639060998,47.96195133442537],[-122.61734133646233,47.96195133442537],[-122.61734133646233,47.95925638857302]],[[-122.61195144475761,47.98890079294896],[-122.60925649890525,47.98890079294896],[-122.60925649890525,47.991595738801315],[-122.61195144475761,47.991595738801315],[-122.61195144475761,47.98890079294896]],[[-122.60925649890525,47.94578165931122],[-122.6065615530529,47.94578165931122],[-122.6065615530529,47.948476605163584],[-122.60925649890525,47.948476605163584],[-122.60925649890525,47.94578165931122]],[[-122.6065615530529,47.95117155101594],[-122.60117166134818,47.95117155101594],[-122.60117166134818,47.9538664968683],[-122.6065615530529,47.9538664968683],[-122.6065615530529,47.95117155101594]],[[-122.60386660720054,47.98890079294896],[-122.60117166134818,47.98890079294896],[-122.60117166134818,47.991595738801315],[-122.60386660720054,47.991595738801315],[-122.60386660720054,47.98890079294896]],[[-122.59847671549582,47.96195133442537],[-122.59578176964347,47.96195133442537],[-122.59578176964347,47.964646280277734],[-122.59847671549582,47.964646280277734],[-122.59847671549582,47.96195133442537]],[[-122.59578176964347,47.98081595539188],[-122.59039187793874,47.98081595539188],[-122.59039187793874,47.983510901244244],[-122.59578176964347,47.983510901244244],[-122.59578176964347,47.98081595539188]],[[-122.59308682379111,47.956561442720655],[-122.59039187793874,47.956561442720655],[-122.59039187793874,47.95925638857302],[-122.59308682379111,47.95925638857302],[-122.59308682379111,47.956561442720655]],[[-122.59308682379111,47.96195133442537],[-122.58769693208639,47.96195133442537],[-122.58769693208639,47.964646280277734],[-122.59308682379111,47.964646280277734],[-122.59308682379111,47.96195133442537]],[[-122.58500198623403,47.983510901244244],[-122.57961209452931,47.983510901244244],[-122.57961209452931,47.9862058470966],[-122.58500198623403,47.9862058470966],[-122.58500198623403,47.983510901244244]],[[-122.58500198623403,47.98890079294896],[-122.57961209452931,47.98890079294896],[-122.57961209452931,47.991595738801315],[-122.58500198623403,47.991595738801315],[-122.58500198623403,47.98890079294896]],[[-122.57961209452931,47.964646280277734],[-122.57691714867696,47.964646280277734],[-122.57691714867696,47.96734122613009],[-122.57961209452931,47.96734122613009],[-122.57961209452931,47.964646280277734]],[[-122.65776552424771,47.94308671345887],[-122.65507057839535,47.94308671345887],[-122.65507057839535,47.94578165931122],[-122.65776552424771,47.94578165931122],[-122.65776552424771,47.94308671345887]],[[-122.66854530765714,47.95117155101594],[-122.66854530765714,47.948476605163584],[-122.66585036180479,47.948476605163584],[-122.66585036180479,47.95117155101594],[-122.66854530765714,47.95117155101594]],[[-122.58230704038166,47.94308671345887],[-122.57691714867696,47.94308671345887],[-122.57691714867696,47.94578165931122],[-122.58230704038166,47.94578165931122],[-122.58230704038166,47.94308671345887]],[[-122.66046047010006,47.98081595539188],[-122.66315541595243,47.98081595539188],[-122.66315541595243,47.97812100953953],[-122.66046047010006,47.97812100953953],[-122.66046047010006,47.98081595539188]],[[-122.65776552424771,47.94308671345887],[-122.66046047010006,47.94308671345887],[-122.66046047010006,47.940391767606506],[-122.65776552424771,47.940391767606506],[-122.65776552424771,47.94308671345887]],[[-122.652375632543,47.97812100953953],[-122.64968068669063,47.97812100953953],[-122.64968068669063,47.98081595539188],[-122.652375632543,47.98081595539188],[-122.652375632543,47.97812100953953]],[[-122.66854530765714,47.95117155101594],[-122.66854530765714,47.9538664968683],[-122.67124025350951,47.9538664968683],[-122.67124025350951,47.95117155101594],[-122.66854530765714,47.95117155101594]],[[-122.58230704038166,47.94308671345887],[-122.58500198623403,47.94308671345887],[-122.58500198623403,47.940391767606506],[-122.58230704038166,47.940391767606506],[-122.58230704038166,47.94308671345887]],[[-122.65507057839535,47.97812100953953],[-122.65507057839535,47.975426063687166],[-122.652375632543,47.975426063687166],[-122.652375632543,47.97812100953953],[-122.65507057839535,47.97812100953953]],[[-122.65776552424771,47.98081595539188],[-122.65776552424771,47.97812100953953],[-122.65507057839535,47.97812100953953],[-122.65507057839535,47.98081595539188],[-122.65776552424771,47.98081595539188]],[[-122.66046047010006,47.983510901244244],[-122.66046047010006,47.98081595539188],[-122.65776552424771,47.98081595539188],[-122.65776552424771,47.983510901244244],[-122.66046047010006,47.983510901244244]]]},"id":"-45482+17810","properties":{"area_sq_km":56.0,"count":933,"label":2,"latitude":47.9613935826916,"longitude":-122.61991305404027,"near_healthy_bed":1,"priority_score":1.0,"priority_tier":"monitor","recommended_action":"no_action","region_id":"puget_sound","region_name":"Puget Sound, WA","state":"WA","status":2,"status_label":"healthy"}},{"type":"Feature","geometry":{"geodesic":false,"type":"Polygon","coordinates":[[[-122.57691714867696,47.58735386094753],[-122.57152725697223,47.58735386094753],[-122.57152725697223,47.59004880679989],[-122.57691714867696,47.59004880679989],[-122.57691714867696,47.58735386094753]]]},"id":"-45483+17658","properties":{"area_sq_km":0.0,"count":2,"label":2,"latitude":47.5887013540171,"longitude":-122.57422220278215,"near_healthy_bed":1,"priority_score":1.0,"priority_tier":"monitor","recommended_action":"no_action","region_id":"puget_sound","region_name":"Puget Sound, WA","state":"WA","status":2,"status_label":"healthy"}},{"type":"Feature","geometry":{"geodesic":false,"type":"Polygon","coordinates":[[[-122.5742222028246,47.681676965780085],[-122.57152725697223,47.681676965780085],[-122.57152725697223,47.68437191163244],[-122.5742222028246,47.68437191163244],[-122.5742222028246,47.681676965780085]]]},"id":"-45483+17693","properties":{"area_sq_km":0.0,"count":1,"label":0,"latitude":47.683024434850225,"longitude":-122.57287472992654,"near_healthy_bed":1,"priority_score":1.0,"priority_tier":"monitor","recommended_action":"urchin_removal_then_replant","region_id":"puget_sound","region_name":"Puget Sound, WA","state":"WA","status":0,"status_label":"barren"}},{"type":"Feature","geometry":{"geodesic":false,"type":"Polygon","coordinates":[[[-122.5742222028246,47.68976180333716],[-122.57152725697223,47.68976180333716],[-122.57152725697223,47.69245674918952],[-122.5742222028246,47.69245674918952],[-122.5742222028246,47.68976180333716]]]},"id":"-45483+17696","properties":{"area_sq_km":0.0,"count":1,"label":0,"latitude":47.69110927248605,"longitude":-122.57287472996529,"near_healthy_bed":1,"priority_score":1.0,"priority_tier":"monitor","recommended_action":"urchin_removal_then_replant","region_id":"puget_sound","region_name":"Puget Sound, WA","state":"WA","status":0,"status_label":"barren"}},{"type":"Feature","geometry":{"geodesic":false,"type":"Polygon","coordinates":[[[-122.57691714867696,47.70593147845131],[-122.57691714867696,47.70323653259895],[-122.57961209452931,47.70323653259895],[-122.57961209452931,47.700541586746596],[-122.57691714867696,47.700541586746596],[-122.57691714867696,47.697846640894234],[-122.5742222028246,47.697846640894234],[-122.5742222028246,47.700541586746596],[-122.57152725697223,47.700541586746596],[-122.57152725697223,47.70323653259895],[-122.5742222028246,47.70323653259895],[-122.5742222028246,47.70593147845131],[-122.57691714867696,47.70593147845131]]]},"id":"-45484+17701","properties":{"area_sq_km":0.0,"count":5,"label":2,"latitude":47.70188901283818,"longitude":-122.57556967569792,"near_healthy_bed":1,"priority_score":1.0,"priority_tier":"monitor","recommended_action":"no_action","region_id":"puget_sound","region_name":"Puget Sound, WA","state":"WA","status":2,"status_label":"healthy"}},{"type":"Feature","geometry":{"geodesic":false,"type":"Polygon","coordinates":[[[-122.58230704038166,47.8433737169216],[-122.58230704038166,47.840678771069236],[-122.57961209452931,47.840678771069236],[-122.57961209452931,47.832593933512165],[-122.57152725697223,47.832593933512165],[-122.57152725697223,47.83528887936452],[-122.5742222028246,47.83528887936452],[-122.5742222028246,47.8433737169216],[-122.58230704038166,47.8433737169216]]]},"id":"-45484+17752","properties":{"area_sq_km":1.0,"count":10,"label":2,"latitude":47.83798368945729,"longitude":-122.57691703527047,"near_healthy_bed":1,"priority_score":1.0,"priority_tier":"monitor","recommended_action":"no_action","region_id":"puget_sound","region_name":"Puget Sound, WA","state":"WA","status":2,"status_label":"healthy"}},{"type":"Feature","geometry":{"geodesic":false,"type":"Polygon","coordinates":[[[-122.57961209452931,47.600828590209325],[-122.57691714867696,47.600828590209325],[-122.57691714867696,47.60352353606169],[-122.57961209452931,47.60352353606169],[-122.57961209452931,47.600828590209325]]]},"id":"-45485+17663","properties":{"area_sq_km":0.0,"count":1,"label":1,"latitude":47.602176059427606,"longitude":-122.57826462155536,"near_healthy_bed":1,"priority_score":1.0,"priority_tier":"monitor","recommended_action":"monitor_and_replant","region_id":"puget_sound","region_name":"Puget Sound, WA","state":"WA","status":1,"status_label":"recovering"}},{"type":"Feature","geometry":{"geodesic":false,"type":"Polygon","coordinates":[[[-122.57961209452931,47.68437191163244],[-122.57691714867696,47.68437191163244],[-122.57691714867696,47.6870668574848],[-122.57961209452931,47.6870668574848],[-122.57961209452931,47.68437191163244]]]},"id":"-45485+17694","properties":{"area_sq_km":0.0,"count":1,"label":0,"latitude":47.68571938091447,"longitude":-122.57826462158624,"near_healthy_bed":1,"priority_score":1.0,"priority_tier":"monitor","recommended_action":"urchin_removal_then_replant","region_id":"puget_sound","region_name":"Puget Sound, WA","state":"WA","status":0,"status_label":"barren"}},{"type":"Feature","geometry":{"geodesic":false,"type":"Polygon","coordinates":[[[-122.57961209452931,47.81911920425037],[-122.57691714867696,47.81911920425037],[-122.57691714867696,47.82181415010273],[-122.57961209452931,47.82181415010273],[-122.57961209452931,47.81911920425037]]]},"id":"-45485+17744","properties":{"area_sq_km":0.0,"count":1,"label":1,"latitude":47.820466673402926,"longitude":-122.57826462165131,"near_healthy_bed":1,"priority_score":1.0,"priority_tier":"monitor","recommended_action":"monitor_and_replant","region_id":"puget_sound","region_name":"Puget Sound, WA","state":"WA","status":1,"status_label":"recovering"}},{"type":"Feature","geometry":{"geodesic":false,"type":"Polygon","coordinates":[[[-122.57961209452931,47.82181415010273],[-122.57691714867696,47.82181415010273],[-122.57691714867696,47.82450909595509],[-122.57961209452931,47.82450909595509],[-122.57961209452931,47.82181415010273]]]},"id":"-45485+17745","properties":{"area_sq_km":0.0,"count":1,"label":2,"latitude":47.82316161922599,"longitude":-122.57826462163729,"near_healthy_bed":1,"priority_score":1.0,"priority_tier":"monitor","recommended_action":"no_action","region_id":"puget_sound","region_name":"Puget Sound, WA","state":"WA","status":2,"status_label":"healthy"}},{"type":"Feature","geometry":{"geodesic":false,"type":"Polygon","coordinates":[[[-122.58230704038166,47.94308671345886],[-122.57691714867696,47.94308671345886],[-122.57691714867696,47.94578165931122],[-122.58230704038166,47.94578165931122],[-122.58230704038166,47.94308671345886]]]},"id":"-45485+17790","properties":{"area_sq_km":0.0,"count":2,"label":0,"latitude":47.94443420606393,"longitude":-122.57961209460018,"near_healthy_bed":1,"priority_score":1.0,"priority_tier":"monitor","recommended_action":"urchin_removal_then_replant","region_id":"puget_sound","region_name":"Puget Sound, WA","state":"WA","status":0,"status_label":"barren"}},{"type":"Feature","geometry":{"geodesic":false,"type":"Polygon","coordinates":[[[-122.57961209452931,47.964646280277734],[-122.57691714867696,47.964646280277734],[-122.57691714867696,47.96734122613009],[-122.57961209452931,47.96734122613009],[-122.57961209452931,47.964646280277734]]]},"id":"-45485+17798","properties":{"area_sq_km":0.0,"count":1,"label":0,"latitude":47.96599374954195,"longitude":-122.5782646216522,"near_healthy_bed":1,"priority_score":1.0,"priority_tier":"monitor","recommended_action":"urchin_removal_then_replant","region_id":"puget_sound","region_name":"Puget Sound, WA","state":"WA","status":0,"status_label":"barren"}},{"type":"Feature","geometry":{"geodesic":false,"type":"Polygon","coordinates":[[[-122.58230704038166,47.619693211175836],[-122.57961209452931,47.619693211175836],[-122.57961209452931,47.6223881570282],[-122.58230704038166,47.6223881570282],[-122.58230704038166,47.619693211175836]]]},"id":"-45486+17670","properties":{"area_sq_km":0.0,"count":1,"label":2,"latitude":47.62104068025769,"longitude":-122.58095956749992,"near_healthy_bed":1,"priority_score":1.0,"priority_tier":"monitor","recommended_action":"no_action","region_id":"puget_sound","region_name":"Puget Sound, WA","state":"WA","status":2,"status_label":"healthy"}},{"type":"Feature","geometry":{"geodesic":false,"type":"Polygon","coordinates":[[[-122.58230704038166,47.700541586746596],[-122.57961209452931,47.700541586746596],[-122.57961209452931,47.70323653259895],[-122.58230704038166,47.70323653259895],[-122.58230704038166,47.700541586746596]]]},"id":"-45486+17700","properties":{"area_sq_km":0.0,"count":1,"label":1,"latitude":47.701889055963065,"longitude":-122.58095956757579,"near_healthy_bed":1,"priority_score":1.0,"priority_tier":"monitor","recommended_action":"monitor_and_replant","region_id":"puget_sound","region_name":"Puget Sound, WA","state":"WA","status":1,"status_label":"recovering"}},{"type":"Feature","geometry":{"geodesic":false,"type":"Polygon","coordinates":[[[-122.58230704038166,47.82181415010273],[-122.57961209452931,47.82181415010273],[-122.57961209452931,47.82450909595509],[-122.58230704038166,47.82450909595509],[-122.58230704038166,47.82181415010273]]]},"id":"-45486+17745","properties":{"area_sq_km":0.0,"count":1,"label":1,"latitude":47.823161619231136,"longitude":-122.58095956754501,"near_healthy_bed":1,"priority_score":1.0,"priority_tier":"monitor","recommended_action":"monitor_and_replant","region_id":"puget_sound","region_name":"Puget Sound, WA","state":"WA","status":1,"status_label":"recovering"}},{"type":"Feature","geometry":{"geodesic":false,"type":"Polygon","coordinates":[[[-122.58230704038166,47.82450909595509],[-122.57961209452931,47.82450909595509],[-122.57961209452931,47.832593933512165],[-122.58230704038166,47.832593933512165],[-122.58230704038166,47.82450909595509]]]},"id":"-45486+17748","properties":{"area_sq_km":0.0,"count":3,"label":2,"latitude":47.82855141768549,"longitude":-122.5809595675504,"near_healthy_bed":1,"priority_score":1.0,"priority_tier":"monitor","recommended_action":"no_action","region_id":"puget_sound","region_name":"Puget Sound, WA","state":"WA","status":2,"status_label":"healthy"}},{"type":"Feature","geometry":{"geodesic":false,"type":"Polygon","coordinates":[[[-122.58769693208639,47.88110295885462],[-122.58769693208639,47.8757130671499],[-122.58500198623403,47.8757130671499],[-122.58500198623403,47.87840801300226],[-122.57961209452931,47.87840801300226],[-122.57961209452931,47.88110295885462],[-122.58769693208639,47.88110295885462]]]},"id":"-45486+17766","properties":{"area_sq_km":0.0,"count":4,"label":2,"latitude":47.87908176663377,"longitude":-122.58432830048626,"near_healthy_bed":1,"priority_score":1.0,"priority_tier":"monitor","recommended_action":"no_action","region_id":"puget_sound","region_name":"Puget Sound, WA","state":"WA","status":2,"status_label":"healthy"}},{"type":"Feature","geometry":{"geodesic":false,"type":"Polygon","coordinates":[[[-122.58500198623403,47.983510901244244],[-122.57961209452931,47.983510901244244],[-122.57961209452931,47.9862058470966],[-122.58500198623403,47.9862058470966],[-122.58500198623403,47.983510901244244]]]},"id":"-45486+17805","properties":{"area_sq_km":0.0,"count":2,"label":0,"latitude":47.98485839399036,"longitude":-122.58230704034604,"near_healthy_bed":1,"priority_score":1.0,"priority_tier":"monitor","recommended_action":"urchin_removal_then_replant","region_id":"puget_sound","region_name":"Puget Sound, WA","state":"WA","status":0,"status_label":"barren"}},{"type":"Feature","geometry":{"geodesic":false,"type":"Polygon","coordinates":[[[-122.58500198623403,47.98890079294896],[-122.57961209452931,47.98890079294896],[-122.57961209452931,47.991595738801315],[-122.58500198623403,47.991595738801315],[-122.58500198623403,47.98890079294896]]]},"id":"-45486+17807","properties":{"area_sq_km":0.0,"count":2,"label":0,"latitude":47.99024828577708,"longitude":-122.58230704039106,"near_healthy_bed":1,"priority_score":1.0,"priority_tier":"monitor","recommended_action":"urchin_removal_then_replant","region_id":"puget_sound","region_name":"Puget Sound, WA","state":"WA","status":0,"status_label":"barren"}},{"type":"Feature","geometry":{"geodesic":false,"type":"Polygon","coordinates":[[[-122.58500198623403,47.5765740775381],[-122.58230704038166,47.5765740775381],[-122.58230704038166,47.57926902339046],[-122.58500198623403,47.57926902339046],[-122.58500198623403,47.5765740775381]]]},"id":"-45487+17654","properties":{"area_sq_km":0.0,"count":1,"label":0,"latitude":47.57792154674907,"longitude":-122.58365451316439,"near_healthy_bed":1,"priority_score":1.0,"priority_tier":"monitor","recommended_action":"urchin_removal_then_replant","region_id":"puget_sound","region_name":"Puget Sound, WA","state":"WA","status":0,"status_label":"barren"}},{"type":"Feature","geometry":{"geodesic":false,"type":"Polygon","coordinates":[[[-122.58500198623403,47.59813364435697],[-122.58230704038166,47.59813364435697],[-122.58230704038166,47.600828590209325],[-122.58500198623403,47.600828590209325],[-122.58500198623403,47.59813364435697]]]},"id":"-45487+17662","properties":{"area_sq_km":0.0,"count":1,"label":0,"latitude":47.599481113588965,"longitude":-122.58365451326743,"near_healthy_bed":1,"priority_score":1.0,"priority_tier":"monitor","recommended_action":"urchin_removal_then_replant","region_id":"puget_sound","region_name":"Puget Sound, WA","state":"WA","status":0,"status_label":"barren"}},{"type":"Feature","geometry":{"geodesic":false,"type":"Polygon","coordinates":[[[-122.58500198623403,47.646642669699425],[-122.58230704038166,47.646642669699425],[-122.58230704038166,47.64933761555178],[-122.58500198623403,47.64933761555178],[-122.58500198623403,47.646642669699425]]]},"id":"-45487+17680","properties":{"area_sq_km":0.0,"count":1,"label":1,"latitude":47.647990138793006,"longitude":-122.58365451316057,"near_healthy_bed":1,"priority_score":1.0,"priority_tier":"monitor","recommended_action":"monitor_and_replant","region_id":"puget_sound","region_name":"Puget Sound, WA","state":"WA","status":1,"status_label":"recovering"}},{"type":"Feature","geometry":{"geodesic":false,"type":"Polygon","coordinates":[[[-122.58500198623403,47.883797904706974],[-122.58230704038166,47.883797904706974],[-122.58230704038166,47.886492850559335],[-122.58500198623403,47.886492850559335],[-122.58500198623403,47.883797904706974]]]},"id":"-45487+17768","properties":{"area_sq_km":0.0,"count":1,"label":2,"latitude":47.885145373873016,"longitude":-122.58365451309706,"near_healthy_bed":1,"priority_score":1.0,"priority_tier":"monitor","recommended_action":"no_action","region_id":"puget_sound","region_name":"Puget Sound, WA","state":"WA","status":2,"status_label":"healthy"}},{"type":"Feature","geometry":{"geodesic":false,"type":"Polygon","coordinates":[[[-122.58500198623403,47.91883220078764],[-122.58230704038166,47.91883220078764],[-122.58230704038166,47.921527146639995],[-122.58500198623403,47.921527146639995],[-122.58500198623403,47.91883220078764]]]},"id":"-45487+17781","properties":{"area_sq_km":0.0,"count":1,"label":1,"latitude":47.92017966983924,"longitude":-122.58365451308174,"near_healthy_bed":1,"priority_score":1.0,"priority_tier":"monitor","recommended_action":"monitor_and_replant","region_id":"puget_sound","region_name":"Puget Sound, WA","state":"WA","status":1,"status_label":"recovering"}},{"type":"Feature","geometry":{"geodesic":false,"type":"Polygon","coordinates":[[[-122.58500198623403,47.940391767606506],[-122.58230704038166,47.940391767606506],[-122.58230704038166,47.94308671345886],[-122.58500198623403,47.94308671345886],[-122.58500198623403,47.940391767606506]]]},"id":"-45487+17789","properties":{"area_sq_km":0.0,"count":1,"label":0,"latitude":47.94173923661297,"longitude":-122.58365451324164,"near_healthy_bed":1,"priority_score":1.0,"priority_tier":"monitor","recommended_action":"urchin_removal_then_replant","region_id":"puget_sound","region_name":"Puget Sound, WA","state":"WA","status":0,"status_label":"barren"}},{"type":"Feature","geometry":{"geodesic":false,"type":"Polygon","coordinates":[[[-122.62273122816705,47.55770945657159],[-122.62812111987176,47.55770945657159],[-122.62812111987176,47.55501451071923],[-122.63351101157649,47.55501451071923],[-122.63351101157649,47.55231956486687],[-122.64698574083828,47.55231956486687],[-122.64698574083828,47.5442347273098],[-122.64429079498592,47.5442347273098],[-122.64429079498592,47.546929673162154],[-122.64159584913357,47.546929673162154],[-122.64159584913357,47.5442347273098],[-122.6389009032812,47.5442347273098],[-122.6389009032812,47.546929673162154],[-122.63351101157649,47.546929673162154],[-122.63351101157649,47.5442347273098],[-122.63081606572412,47.5442347273098],[-122.63081606572412,47.546929673162154],[-122.62812111987176,47.546929673162154],[-122.62812111987176,47.55231956486687],[-122.62273122816705,47.55231956486687],[-122.62273122816705,47.549624619014516],[-122.61734133646233,47.549624619014516],[-122.61734133646233,47.55231956486687],[-122.61464639060998,47.55231956486687],[-122.61464639060998,47.549624619014516],[-122.60386660720054,47.549624619014516],[-122.60386660720054,47.55231956486687],[-122.60117166134818,47.55231956486687],[-122.60117166134818,47.55770945657159],[-122.59847671549582,47.55770945657159],[-122.59847671549582,47.56040440242395],[-122.59578176964347,47.56040440242395],[-122.59578176964347,47.56309934827631],[-122.59308682379111,47.56309934827631],[-122.59308682379111,47.56848923998103],[-122.58769693208639,47.56848923998103],[-122.58769693208639,47.57118418583338],[-122.58500198623403,47.57118418583338],[-122.58500198623403,47.57387913168574],[-122.57961209452931,47.57387913168574],[-122.57961209452931,47.57926902339046],[-122.57691714867696,47.57926902339046],[-122.57691714867696,47.584658915095176],[-122.58769693208639,47.584658915095176],[-122.58769693208639,47.58735386094754],[-122.58500198623403,47.58735386094754],[-122.58500198623403,47.592743752652254],[-122.57691714867696,47.592743752652254],[-122.57691714867696,47.59543869850461],[-122.57961209452931,47.59543869850461],[-122.57961209452931,47.60352353606169],[-122.58500198623403,47.60352353606169],[-122.58500198623403,47.6089134277664],[-122.58769693208639,47.6089134277664],[-122.58769693208639,47.60621848191404],[-122.59308682379111,47.60621848191404],[-122.59308682379111,47.59813364435697],[-122.58769693208639,47.59813364435697],[-122.58769693208639,47.59004880679989],[-122.59308682379111,47.59004880679989],[-122.59308682379111,47.584658915095176],[-122.59578176964347,47.584658915095176],[-122.59578176964347,47.57926902339046],[-122.59847671549582,47.57926902339046],[-122.59847671549582,47.57387913168574],[-122.60117166134818,47.57387913168574],[-122.60117166134818,47.57118418583338],[-122.60386660720054,47.57118418583338],[-122.60386660720054,47.565794294128665],[-122.61464639060998,47.565794294128665],[-122.61464639060998,47.56309934827631],[-122.61734133646233,47.56309934827631],[-122.61734133646233,47.56040440242395],[-122.62273122816705,47.56040440242395],[-122.62273122816705,47.55770945657159]],[[-122.62273122816705,47.55770945657159],[-122.62273122816705,47.55501451071923],[-122.61734133646233,47.55501451071923],[-122.61734133646233,47.55770945657159],[-122.62273122816705,47.55770945657159]],[[-122.59039187793874,47.600828590209325],[-122.58769693208639,47.600828590209325],[-122.58769693208639,47.60352353606169],[-122.59039187793874,47.60352353606169],[-122.59039187793874,47.600828590209325]],[[-122.58500198623403,47.5765740775381],[-122.58230704038166,47.5765740775381],[-122.58230704038166,47.57926902339046],[-122.58500198623403,47.57926902339046],[-122.58500198623403,47.5765740775381]],[[-122.58500198623403,47.59813364435697],[-122.58230704038166,47.59813364435697],[-122.58230704038166,47.600828590209325],[-122.58500198623403,47.600828590209325],[-122.58500198623403,47.59813364435697]]]},"id":"-45488+17665","properties":{"area_sq_km":8.0,"count":136,"label":2,"latitude":47.56957515052117,"longitude":-122.60347985583591,"near_healthy_bed":1,"priority_score":1.0,"priority_tier":"monitor","recommended_action":"no_action","region_id":"puget_sound","region_name":"Puget Sound, WA","state":"WA","status":2,"status_label":"healthy"}},{"type":"Feature","geometry":{"geodesic":false,"type":"Polygon","coordinates":[[[-122.58769693208639,47.63316794043763],[-122.58500198623403,47.63316794043763],[-122.58500198623403,47.635862886289985],[-122.58769693208639,47.635862886289985],[-122.58769693208639,47.63316794043763]]]},"id":"-45488+17675","properties":{"area_sq_km":0.0,"count":1,"label":2,"latitude":47.63451540961007,"longitude":-122.58634945928299,"near_healthy_bed":1,"priority_score":1.0,"priority_tier":"monitor","recommended_action":"no_action","region_id":"puget_sound","region_name":"Puget Sound, WA","state":"WA","status":2,"status_label":"healthy"}},{"type":"Feature","geometry":{"geodesic":false,"type":"Polygon","coordinates":[[[-122.59039187793874,47.600828590209325],[-122.58769693208639,47.600828590209325],[-122.58769693208639,47.60352353606169],[-122.59039187793874,47.60352353606169],[-122.59039187793874,47.600828590209325]]]},"id":"-45489+17663","properties":{"area_sq_km":0.0,"count":1,"label":0,"latitude":47.60217605946163,"longitude":-122.58904440498101,"near_healthy_bed":1,"priority_score":1.0,"priority_tier":"monitor","recommended_action":"urchin_removal_then_replant","region_id":"puget_sound","region_name":"Puget Sound, WA","state":"WA","status":0,"status_label":"barren"}},{"type":"Feature","geometry":{"geodesic":false,"type":"Polygon","coordinates":[[[-122.59039187793874,47.6089134277664],[-122.58769693208639,47.6089134277664],[-122.58769693208639,47.619693211175836],[-122.59039187793874,47.619693211175836],[-122.59039187793874,47.6089134277664]]]},"id":"-45489+17669","properties":{"area_sq_km":0.0,"count":4,"label":2,"latitude":47.61430314219447,"longitude":-122.5890444050818,"near_healthy_bed":1,"priority_score":1.0,"priority_tier":"monitor","recommended_action":"no_action","region_id":"puget_sound","region_name":"Puget Sound, WA","state":"WA","status":2,"status_label":"healthy"}},{"type":"Feature","geometry":{"geodesic":false,"type":"Polygon","coordinates":[[[-122.59039187793874,47.654727507256496],[-122.58769693208639,47.654727507256496],[-122.58769693208639,47.65742245310886],[-122.59039187793874,47.65742245310886],[-122.59039187793874,47.654727507256496]]]},"id":"-45489+17683","properties":{"area_sq_km":0.0,"count":1,"label":1,"latitude":47.656074976454136,"longitude":-122.58904440500089,"near_healthy_bed":1,"priority_score":1.0,"priority_tier":"monitor","recommended_action":"monitor_and_replant","region_id":"puget_sound","region_name":"Puget Sound, WA","state":"WA","status":1,"status_label":"recovering"}},{"type":"Feature","geometry":{"geodesic":false,"type":"Polygon","coordinates":[[[-122.59578176964347,47.66820223651829],[-122.59578176964347,47.662812344813574],[-122.5930868237911,47.662812344813574],[-122.5930868237911,47.665507290665936],[-122.58769693208639,47.665507290665936],[-122.58769693208639,47.66820223651829],[-122.59578176964347,47.66820223651829]]]},"id":"-45489+17687","properties":{"area_sq_km":0.0,"count":4,"label":2,"latitude":47.66618104471404,"longitude":-122.59241313769559,"near_healthy_bed":1,"priority_score":1.0,"priority_tier":"monitor","recommended_action":"no_action","region_id":"puget_sound","region_name":"Puget Sound, WA","state":"WA","status":2,"status_label":"healthy"}},{"type":"Feature","geometry":{"geodesic":false,"type":"Polygon","coordinates":[[[-122.59578176964347,47.66820223651829],[-122.58769693208639,47.66820223651829],[-122.58769693208639,47.67089718237065],[-122.59578176964347,47.67089718237065],[-122.59578176964347,47.66820223651829]]]},"id":"-45489+17688","properties":{"area_sq_km":0.0,"count":3,"label":0,"latitude":47.66954976875896,"longitude":-122.59173935092133,"near_healthy_bed":1,"priority_score":1.0,"priority_tier":"monitor","recommended_action":"urchin_removal_then_replant","region_id":"puget_sound","region_name":"Puget Sound, WA","state":"WA","status":0,"status_label":"barren"}},{"type":"Feature","geometry":{"geodesic":false,"type":"Polygon","coordinates":[[[-122.5930868237911,47.96195133442537],[-122.58769693208639,47.96195133442537],[-122.58769693208639,47.964646280277734],[-122.5930868237911,47.964646280277734],[-122.5930868237911,47.96195133442537]]]},"id":"-45489+17797","properties":{"area_sq_km":0.0,"count":2,"label":0,"latitude":47.96329882720324,"longitude":-122.59039187795446,"near_healthy_bed":1,"priority_score":1.0,"priority_tier":"monitor","recommended_action":"urchin_removal_then_replant","region_id":"puget_sound","region_name":"Puget Sound, WA","state":"WA","status":0,"status_label":"barren"}},{"type":"Feature","geometry":{"geodesic":false,"type":"Polygon","coordinates":[[[-122.5930868237911,47.6870668574848],[-122.5930868237911,47.681676965780085],[-122.58769693208639,47.681676965780085],[-122.58769693208639,47.68437191163244],[-122.59039187793874,47.68437191163244],[-122.59039187793874,47.6870668574848],[-122.5930868237911,47.6870668574848]]]},"id":"-45490+17694","properties":{"area_sq_km":0.0,"count":3,"label":0,"latitude":47.683922735149984,"longitude":-122.59084100658306,"near_healthy_bed":1,"priority_score":1.0,"priority_tier":"monitor","recommended_action":"urchin_removal_then_replant","region_id":"puget_sound","region_name":"Puget Sound, WA","state":"WA","status":0,"status_label":"barren"}},{"type":"Feature","geometry":{"geodesic":false,"type":"Polygon","coordinates":[[[-122.5930868237911,47.6870668574848],[-122.59039187793874,47.6870668574848],[-122.59039187793874,47.68976180333716],[-122.5930868237911,47.68976180333716],[-122.5930868237911,47.6870668574848]]]},"id":"-45490+17695","properties":{"area_sq_km":0.0,"count":1,"label":2,"latitude":47.688414326734765,"longitude":-122.59173935095777,"near_healthy_bed":1,"priority_score":1.0,"priority_tier":"monitor","recommended_action":"no_action","region_id":"puget_sound","region_name":"Puget Sound, WA","state":"WA","status":2,"status_label":"healthy"}},{"type":"Feature","geometry":{"geodesic":false,"type":"Polygon","coordinates":[[[-122.5930868237911,47.956561442720655],[-122.59039187793874,47.956561442720655],[-122.59039187793874,47.95925638857302],[-122.5930868237911,47.95925638857302],[-122.5930868237911,47.956561442720655]]]},"id":"-45490+17795","properties":{"area_sq_km":0.0,"count":1,"label":0,"latitude":47.95790891185419,"longitude":-122.59173935081543,"near_healthy_bed":1,"priority_score":1.0,"priority_tier":"monitor","recommended_action":"urchin_removal_then_replant","region_id":"puget_sound","region_name":"Puget Sound, WA","state":"WA","status":0,"status_label":"barren"}},{"type":"Feature","geometry":{"geodesic":false,"type":"Polygon","coordinates":[[[-122.59578176964347,47.98081595539188],[-122.59039187793874,47.98081595539188],[-122.59039187793874,47.983510901244244],[-122.59578176964347,47.983510901244244],[-122.59578176964347,47.98081595539188]]]},"id":"-45490+17804","properties":{"area_sq_km":0.0,"count":2,"label":0,"latitude":47.98216344817602,"longitude":-122.59308682384147,"near_healthy_bed":1,"priority_score":1.0,"priority_tier":"monitor","recommended_action":"urchin_removal_then_replant","region_id":"puget_sound","region_name":"Puget Sound, WA","state":"WA","status":0,"status_label":"barren"}},{"type":"Feature","geometry":{"geodesic":false,"type":"Polygon","coordinates":[[[-122.59578176964347,47.99698563050604],[-122.59039187793874,47.99698563050604],[-122.59039187793874,47.999680576358394],[-122.59578176964347,47.999680576358394],[-122.59578176964347,47.99698563050604]]]},"id":"-45490+17810","properties":{"area_sq_km":0.0,"count":2,"label":0,"latitude":47.998333123291744,"longitude":-122.59308682383714,"near_healthy_bed":1,"priority_score":1.0,"priority_tier":"monitor","recommended_action":"urchin_removal_then_replant","region_id":"puget_sound","region_name":"Puget Sound, WA","state":"WA","status":0,"status_label":"barren"}},{"type":"Feature","geometry":{"geodesic":false,"type":"Polygon","coordinates":[[[-122.59578176964347,47.59813364435697],[-122.5930868237911,47.59813364435697],[-122.5930868237911,47.600828590209325],[-122.59578176964347,47.600828590209325],[-122.59578176964347,47.59813364435697]]]},"id":"-45491+17662","properties":{"area_sq_km":0.0,"count":1,"label":1,"latitude":47.599481113625785,"longitude":-122.59443429679379,"near_healthy_bed":1,"priority_score":1.0,"priority_tier":"monitor","recommended_action":"monitor_and_replant","region_id":"puget_sound","region_name":"Puget Sound, WA","state":"WA","status":1,"status_label":"recovering"}},{"type":"Feature","geometry":{"geodesic":false,"type":"Polygon","coordinates":[[[-122.59578176964347,47.64933761555178],[-122.5930868237911,47.64933761555178],[-122.5930868237911,47.65203256140414],[-122.59578176964347,47.65203256140414],[-122.59578176964347,47.64933761555178]]]},"id":"-45491+17681","properties":{"area_sq_km":0.0,"count":1,"label":0,"latitude":47.65068508479448,"longitude":-122.59443429672008,"near_healthy_bed":1,"priority_score":1.0,"priority_tier":"monitor","recommended_action":"urchin_removal_then_replant","region_id":"puget_sound","region_name":"Puget Sound, WA","state":"WA","status":0,"status_label":"barren"}},{"type":"Feature","geometry":{"geodesic":false,"type":"Polygon","coordinates":[[[-122.59308682379111,47.64933761555178],[-122.58769693208639,47.64933761555178],[-122.58769693208639,47.654727507256496],[-122.59039187793874,47.654727507256496],[-122.59039187793874,47.65742245310886],[-122.59308682379111,47.65742245310886],[-122.59308682379111,47.66011739896121],[-122.59847671549582,47.66011739896121],[-122.59847671549582,47.65742245310886],[-122.6065615530529,47.65742245310886],[-122.6065615530529,47.654727507256496],[-122.60925649890525,47.654727507256496],[-122.60925649890525,47.64933761555178],[-122.6065615530529,47.64933761555178],[-122.6065615530529,47.65203256140414],[-122.60386660720054,47.65203256140414],[-122.60386660720054,47.64933761555178],[-122.59847671549582,47.64933761555178],[-122.59847671549582,47.63855783214235],[-122.59308682379111,47.63855783214235],[-122.59308682379111,47.64394772384706],[-122.59039187793874,47.64394772384706],[-122.59039187793874,47.64125277799471],[-122.58500198623403,47.64125277799471],[-122.58500198623403,47.646642669699425],[-122.59308682379111,47.646642669699425],[-122.59308682379111,47.64933761555178]],[[-122.59308682379111,47.64933761555178],[-122.59308682379111,47.65203256140414],[-122.59578176964347,47.65203256140414],[-122.59578176964347,47.64933761555178],[-122.59308682379111,47.64933761555178]]]},"id":"-45491+17684","properties":{"area_sq_km":2.0,"count":35,"label":2,"latitude":47.65022269447923,"longitude":-122.59620483445487,"near_healthy_bed":1,"priority_score":1.0,"priority_tier":"monitor","recommended_action":"no_action","region_id":"puget_sound","region_name":"Puget Sound, WA","state":"WA","status":2,"status_label":"healthy"}},{"type":"Feature","geometry":{"geodesic":false,"type":"Polygon","coordinates":[[[-122.59578176964347,47.67628707407537],[-122.5930868237911,47.67628707407537],[-122.5930868237911,47.681676965780085],[-122.59578176964347,47.681676965780085],[-122.59578176964347,47.67628707407537]]]},"id":"-45491+17692","properties":{"area_sq_km":0.0,"count":2,"label":0,"latitude":47.67898198143398,"longitude":-122.59443429677322,"near_healthy_bed":1,"priority_score":1.0,"priority_tier":"monitor","recommended_action":"urchin_removal_then_replant","region_id":"puget_sound","region_name":"Puget Sound, WA","state":"WA","status":0,"status_label":"barren"}},{"type":"Feature","geometry":{"geodesic":false,"type":"Polygon","coordinates":[[[-122.59578176964347,47.681676965780085],[-122.5930868237911,47.681676965780085],[-122.5930868237911,47.6870668574848],[-122.59578176964347,47.6870668574848],[-122.59578176964347,47.681676965780085]]]},"id":"-45491+17694","properties":{"area_sq_km":0.0,"count":2,"label":2,"latitude":47.68437187309155,"longitude":-122.59443429678204,"near_healthy_bed":1,"priority_score":1.0,"priority_tier":"monitor","recommended_action":"no_action","region_id":"puget_sound","region_name":"Puget Sound, WA","state":"WA","status":2,"status_label":"healthy"}},{"type":"Feature","geometry":{"geodesic":false,"type":"Polygon","coordinates":[[[-122.59578176964347,47.86493328374046],[-122.5930868237911,47.86493328374046],[-122.5930868237911,47.867628229592825],[-122.59578176964347,47.867628229592825],[-122.59578176964347,47.86493328374046]]]},"id":"-45491+17761","properties":{"area_sq_km":0.0,"count":1,"label":2,"latitude":47.86628075293609,"longitude":-122.59443429673942,"near_healthy_bed":1,"priority_score":1.0,"priority_tier":"monitor","recommended_action":"no_action","region_id":"puget_sound","region_name":"Puget Sound, WA","state":"WA","status":2,"status_label":"healthy"}},{"type":"Feature","geometry":{"geodesic":false,"type":"Polygon","coordinates":[[[-122.59847671549582,47.67359212822301],[-122.59578176964347,47.67359212822301],[-122.59578176964347,47.67628707407537],[-122.59847671549582,47.67628707407537],[-122.59847671549582,47.67359212822301]]]},"id":"-45492+17690","properties":{"area_sq_km":0.0,"count":1,"label":0,"latitude":47.67493959747636,"longitude":-122.59712924249213,"near_healthy_bed":1,"priority_score":1.0,"priority_tier":"monitor","recommended_action":"urchin_removal_then_replant","region_id":"puget_sound","region_name":"Puget Sound, WA","state":"WA","status":0,"status_label":"barren"}},{"type":"Feature","geometry":{"geodesic":false,"type":"Polygon","coordinates":[[[-122.59847671549582,47.681676965780085],[-122.59847671549582,47.67898201992772],[-122.60117166134818,47.67898201992772],[-122.60117166134818,47.67359212822301],[-122.59847671549582,47.67359212822301],[-122.59847671549582,47.67628707407537],[-122.59578176964347,47.67628707407537],[-122.59578176964347,47.681676965780085],[-122.59847671549582,47.681676965780085]]]},"id":"-45492+17692","properties":{"area_sq_km":0.0,"count":4,"label":2,"latitude":47.67763448160867,"longitude":-122.59847678513025,"near_healthy_bed":1,"priority_score":1.0,"priority_tier":"monitor","recommended_action":"no_action","region_id":"puget_sound","region_name":"Puget Sound, WA","state":"WA","status":2,"status_label":"healthy"}},{"type":"Feature","geometry":{"geodesic":false,"type":"Polygon","coordinates":[[[-122.59847671549582,47.91613725493528],[-122.59578176964347,47.91613725493528],[-122.59578176964347,47.91883220078764],[-122.59847671549582,47.91883220078764],[-122.59847671549582,47.91613725493528]]]},"id":"-45492+17780","properties":{"area_sq_km":0.0,"count":1,"label":1,"latitude":47.917484724050595,"longitude":-122.59712924256068,"near_healthy_bed":1,"priority_score":1.0,"priority_tier":"monitor","recommended_action":"monitor_and_replant","region_id":"puget_sound","region_name":"Puget Sound, WA","state":"WA","status":1,"status_label":"recovering"}},{"type":"Feature","geometry":{"geodesic":false,"type":"Polygon","coordinates":[[[-122.59847671549582,47.96195133442537],[-122.59578176964347,47.96195133442537],[-122.59578176964347,47.964646280277734],[-122.59847671549582,47.964646280277734],[-122.59847671549582,47.96195133442537]]]},"id":"-45492+17797","properties":{"area_sq_km":0.0,"count":1,"label":0,"latitude":47.96329880345507,"longitude":-122.59712924244359,"near_healthy_bed":1,"priority_score":1.0,"priority_tier":"monitor","recommended_action":"urchin_removal_then_replant","region_id":"puget_sound","region_name":"Puget Sound, WA","state":"WA","status":0,"status_label":"barren"}},{"type":"Feature","geometry":{"geodesic":false,"type":"Polygon","coordinates":[[[-122.60117166134818,47.55501451071923],[-122.59847671549582,47.55501451071923],[-122.59847671549582,47.55770945657159],[-122.60117166134818,47.55770945657159],[-122.60117166134818,47.55501451071923]]]},"id":"-45493+17646","properties":{"area_sq_km":0.0,"count":1,"label":1,"latitude":47.5563619799891,"longitude":-122.5998241884859,"near_healthy_bed":1,"priority_score":1.0,"priority_tier":"monitor","recommended_action":"monitor_and_replant","region_id":"puget_sound","region_name":"Puget Sound, WA","state":"WA","status":1,"status_label":"recovering"}},{"type":"Feature","geometry":{"geodesic":false,"type":"Polygon","coordinates":[[[-122.60117166134818,47.66011739896121],[-122.59847671549582,47.66011739896121],[-122.59847671549582,47.665507290665936],[-122.60117166134818,47.665507290665936],[-122.60117166134818,47.66011739896121]]]},"id":"-45493+17686","properties":{"area_sq_km":0.0,"count":2,"label":2,"latitude":47.66281230631588,"longitude":-122.59982418843028,"near_healthy_bed":1,"priority_score":1.0,"priority_tier":"monitor","recommended_action":"no_action","region_id":"puget_sound","region_name":"Puget Sound, WA","state":"WA","status":2,"status_label":"healthy"}},{"type":"Feature","geometry":{"geodesic":false,"type":"Polygon","coordinates":[[[-122.60117166134818,47.68976180333716],[-122.60117166134818,47.6870668574848],[-122.6065615530529,47.6870668574848],[-122.6065615530529,47.68976180333716],[-122.60925649890525,47.68976180333716],[-122.60925649890525,47.68437191163244],[-122.6065615530529,47.68437191163244],[-122.6065615530529,47.681676965780085],[-122.60386660720054,47.681676965780085],[-122.60386660720054,47.67898201992772],[-122.60117166134818,47.67898201992772],[-122.60117166134818,47.68437191163244],[-122.59847671549582,47.68437191163244],[-122.59847671549582,47.68976180333716],[-122.60117166134818,47.68976180333716]]]},"id":"-45493+17695","properties":{"area_sq_km":1.0,"count":9,"label":2,"latitude":47.68512042545826,"longitude":-122.60371686060328,"near_healthy_bed":1,"priority_score":1.0,"priority_tier":"monitor","recommended_action":"no_action","region_id":"puget_sound","region_name":"Puget Sound, WA","state":"WA","status":2,"status_label":"healthy"}},{"type":"Feature","geometry":{"geodesic":false,"type":"Polygon","coordinates":[[[-122.60386660720054,47.867628229592825],[-122.60386660720054,47.86493328374046],[-122.6065615530529,47.86493328374046],[-122.6065615530529,47.86223833788811],[-122.60925649890525,47.86223833788811],[-122.60925649890525,47.85954339203575],[-122.60386660720054,47.85954339203575],[-122.60386660720054,47.86223833788811],[-122.59847671549582,47.86223833788811],[-122.59847671549582,47.867628229592825],[-122.60386660720054,47.867628229592825]]]},"id":"-45493+17761","properties":{"area_sq_km":0.0,"count":7,"label":2,"latitude":47.86358577615138,"longitude":-122.60328927338891,"near_healthy_bed":1,"priority_score":1.0,"priority_tier":"monitor","recommended_action":"no_action","region_id":"puget_sound","region_name":"Puget Sound, WA","state":"WA","status":2,"status_label":"healthy"}},{"type":"Feature","geometry":{"geodesic":false,"type":"Polygon","coordinates":[[[-122.60386660720054,47.67089718237065],[-122.60117166134818,47.67089718237065],[-122.60117166134818,47.67359212822301],[-122.60386660720054,47.67359212822301],[-122.60386660720054,47.67089718237065]]]},"id":"-45494+17689","properties":{"area_sq_km":0.0,"count":1,"label":2,"latitude":47.67224465144041,"longitude":-122.60251913412681,"near_healthy_bed":1,"priority_score":1.0,"priority_tier":"monitor","recommended_action":"no_action","region_id":"puget_sound","region_name":"Puget Sound, WA","state":"WA","status":2,"status_label":"healthy"}},{"type":"Feature","geometry":{"geodesic":false,"type":"Polygon","coordinates":[[[-122.6065615530529,47.69515169504188],[-122.6065615530529,47.69245674918952],[-122.60386660720054,47.69245674918952],[-122.60386660720054,47.68976180333716],[-122.60117166134818,47.68976180333716],[-122.60117166134818,47.69515169504188],[-122.6065615530529,47.69515169504188]]]},"id":"-45494+17697","properties":{"area_sq_km":0.0,"count":3,"label":2,"latitude":47.69290588782933,"longitude":-122.60341742017609,"near_healthy_bed":1,"priority_score":1.0,"priority_tier":"monitor","recommended_action":"no_action","region_id":"puget_sound","region_name":"Puget Sound, WA","state":"WA","status":2,"status_label":"healthy"}},{"type":"Feature","geometry":{"geodesic":false,"type":"Polygon","coordinates":[[[-122.6065615530529,47.88110295885462],[-122.60117166134818,47.88110295885462],[-122.60117166134818,47.883797904706974],[-122.6065615530529,47.883797904706974],[-122.6065615530529,47.88110295885462]]]},"id":"-45494+17767","properties":{"area_sq_km":0.0,"count":2,"label":2,"latitude":47.882450451670124,"longitude":-122.60386660721157,"near_healthy_bed":1,"priority_score":1.0,"priority_tier":"monitor","recommended_action":"no_action","region_id":"puget_sound","region_name":"Puget Sound, WA","state":"WA","status":2,"status_label":"healthy"}},{"type":"Feature","geometry":{"geodesic":false,"type":"Polygon","coordinates":[[[-122.6065615530529,47.95117155101594],[-122.60117166134818,47.95117155101594],[-122.60117166134818,47.9538664968683],[-122.6065615530529,47.9538664968683],[-122.6065615530529,47.95117155101594]]]},"id":"-45494+17793","properties":{"area_sq_km":0.0,"count":2,"label":0,"latitude":47.952519043760326,"longitude":-122.60386660714059,"near_healthy_bed":1,"priority_score":1.0,"priority_tier":"monitor","recommended_action":"urchin_removal_then_replant","region_id":"puget_sound","region_name":"Puget Sound, WA","state":"WA","status":0,"status_label":"barren"}},{"type":"Feature","geometry":{"geodesic":false,"type":"Polygon","coordinates":[[[-122.60386660720054,47.98890079294896],[-122.60117166134818,47.98890079294896],[-122.60117166134818,47.991595738801315],[-122.60386660720054,47.991595738801315],[-122.60386660720054,47.98890079294896]]]},"id":"-45494+17807","properties":{"area_sq_km":0.0,"count":1,"label":0,"latitude":47.99024826206864,"longitude":-122.60251913407454,"near_healthy_bed":1,"priority_score":1.0,"priority_tier":"monitor","recommended_action":"urchin_removal_then_replant","region_id":"puget_sound","region_name":"Puget Sound, WA","state":"WA","status":0,"status_label":"barren"}},{"type":"Feature","geometry":{"geodesic":false,"type":"Polygon","coordinates":[[[-122.6065615530529,47.646642669699425],[-122.60386660720054,47.646642669699425],[-122.60386660720054,47.64933761555178],[-122.6065615530529,47.64933761555178],[-122.6065615530529,47.646642669699425]]]},"id":"-45495+17680","properties":{"area_sq_km":0.0,"count":1,"label":2,"latitude":47.64799013883281,"longitude":-122.60521408018938,"near_healthy_bed":1,"priority_score":1.0,"priority_tier":"monitor","recommended_action":"no_action","region_id":"puget_sound","region_name":"Puget Sound, WA","state":"WA","status":2,"status_label":"healthy"}},{"type":"Feature","geometry":{"geodesic":false,"type":"Polygon","coordinates":[[[-122.6065615530529,47.64933761555178],[-122.60386660720054,47.64933761555178],[-122.60386660720054,47.65203256140414],[-122.6065615530529,47.65203256140414],[-122.6065615530529,47.64933761555178]]]},"id":"-45495+17681","properties":{"area_sq_km":0.0,"count":1,"label":0,"latitude":47.65068508479645,"longitude":-122.60521408017874,"near_healthy_bed":1,"priority_score":1.0,"priority_tier":"monitor","recommended_action":"urchin_removal_then_replant","region_id":"puget_sound","region_name":"Puget Sound, WA","state":"WA","status":0,"status_label":"barren"}},{"type":"Feature","geometry":{"geodesic":false,"type":"Polygon","coordinates":[[[-122.60925649890525,47.65742245310886],[-122.6065615530529,47.65742245310886],[-122.6065615530529,47.662812344813574],[-122.60925649890525,47.662812344813574],[-122.60925649890525,47.65742245310886]]]},"id":"-45496+17685","properties":{"area_sq_km":0.0,"count":2,"label":2,"latitude":47.66011736053018,"longitude":-122.60790902605837,"near_healthy_bed":1,"priority_score":1.0,"priority_tier":"monitor","recommended_action":"no_action","region_id":"puget_sound","region_name":"Puget Sound, WA","state":"WA","status":2,"status_label":"healthy"}},{"type":"Feature","geometry":{"geodesic":false,"type":"Polygon","coordinates":[[[-122.60925649890525,47.665507290665936],[-122.6065615530529,47.665507290665936],[-122.6065615530529,47.66820223651829],[-122.60925649890525,47.66820223651829],[-122.60925649890525,47.665507290665936]]]},"id":"-45496+17687","properties":{"area_sq_km":0.0,"count":1,"label":2,"latitude":47.66685475996188,"longitude":-122.60790902605038,"near_healthy_bed":1,"priority_score":1.0,"priority_tier":"monitor","recommended_action":"no_action","region_id":"puget_sound","region_name":"Puget Sound, WA","state":"WA","status":2,"status_label":"healthy"}},{"type":"Feature","geometry":{"geodesic":false,"type":"Polygon","coordinates":[[[-122.60925649890525,47.94578165931122],[-122.6065615530529,47.94578165931122],[-122.6065615530529,47.948476605163584],[-122.60925649890525,47.948476605163584],[-122.60925649890525,47.94578165931122]]]},"id":"-45496+17791","properties":{"area_sq_km":0.0,"count":1,"label":0,"latitude":47.94712912843714,"longitude":-122.60790902605872,"near_healthy_bed":1,"priority_score":1.0,"priority_tier":"monitor","recommended_action":"urchin_removal_then_replant","region_id":"puget_sound","region_name":"Puget Sound, WA","state":"WA","status":0,"status_label":"barren"}},{"type":"Feature","geometry":{"geodesic":false,"type":"Polygon","coordinates":[[[-122.61195144475761,47.69515169504188],[-122.60925649890525,47.69515169504188],[-122.60925649890525,47.697846640894234],[-122.61195144475761,47.697846640894234],[-122.61195144475761,47.69515169504188]]]},"id":"-45497+17698","properties":{"area_sq_km":0.0,"count":1,"label":2,"latitude":47.69649916433957,"longitude":-122.61060397180874,"near_healthy_bed":1,"priority_score":1.0,"priority_tier":"monitor","recommended_action":"no_action","region_id":"puget_sound","region_name":"Puget Sound, WA","state":"WA","status":2,"status_label":"healthy"}},{"type":"Feature","geometry":{"geodesic":false,"type":"Polygon","coordinates":[[[-122.61195144475761,47.98890079294896],[-122.60925649890525,47.98890079294896],[-122.60925649890525,47.991595738801315],[-122.61195144475761,47.991595738801315],[-122.61195144475761,47.98890079294896]]]},"id":"-45497+17807","properties":{"area_sq_km":0.0,"count":1,"label":0,"latitude":47.99024826209566,"longitude":-122.61060397181159,"near_healthy_bed":1,"priority_score":1.0,"priority_tier":"monitor","recommended_action":"urchin_removal_then_replant","region_id":"puget_sound","region_name":"Puget Sound, WA","state":"WA","status":0,"status_label":"barren"}},{"type":"Feature","geometry":{"geodesic":false,"type":"Polygon","coordinates":[[[-122.61464639060998,47.6870668574848],[-122.61195144475761,47.6870668574848],[-122.61195144475761,47.68976180333716],[-122.61464639060998,47.68976180333716],[-122.61464639060998,47.6870668574848]]]},"id":"-45498+17695","properties":{"area_sq_km":0.0,"count":1,"label":2,"latitude":47.6884143267477,"longitude":-122.61329891757788,"near_healthy_bed":1,"priority_score":1.0,"priority_tier":"monitor","recommended_action":"no_action","region_id":"puget_sound","region_name":"Puget Sound, WA","state":"WA","status":2,"status_label":"healthy"}},{"type":"Feature","geometry":{"geodesic":false,"type":"Polygon","coordinates":[[[-122.61464639060998,47.70862642430367],[-122.61195144475761,47.70862642430367],[-122.61195144475761,47.71132137015603],[-122.61464639060998,47.71132137015603],[-122.61464639060998,47.70862642430367]]]},"id":"-45498+17703","properties":{"area_sq_km":0.0,"count":1,"label":1,"latitude":47.70997389358178,"longitude":-122.61329891759036,"near_healthy_bed":1,"priority_score":1.0,"priority_tier":"monitor","recommended_action":"monitor_and_replant","region_id":"puget_sound","region_name":"Puget Sound, WA","state":"WA","status":1,"status_label":"recovering"}},{"type":"Feature","geometry":{"geodesic":false,"type":"Polygon","coordinates":[[[-122.61734133646233,47.6870668574848],[-122.61464639060998,47.6870668574848],[-122.61464639060998,47.68976180333716],[-122.61734133646233,47.68976180333716],[-122.61734133646233,47.6870668574848]]]},"id":"-45499+17695","properties":{"area_sq_km":0.0,"count":1,"label":1,"latitude":47.68841432674158,"longitude":-122.61599386365414,"near_healthy_bed":1,"priority_score":1.0,"priority_tier":"monitor","recommended_action":"monitor_and_replant","region_id":"puget_sound","region_name":"Puget Sound, WA","state":"WA","status":1,"status_label":"recovering"}},{"type":"Feature","geometry":{"geodesic":false,"type":"Polygon","coordinates":[[[-122.62003628231469,47.70862642430367],[-122.61464639060998,47.70862642430367],[-122.61464639060998,47.71132137015603],[-122.62003628231469,47.71132137015603],[-122.62003628231469,47.70862642430367]]]},"id":"-45499+17703","properties":{"area_sq_km":0.0,"count":2,"label":2,"latitude":47.70997391723082,"longitude":-122.61734133649404,"near_healthy_bed":1,"priority_score":1.0,"priority_tier":"monitor","recommended_action":"no_action","region_id":"puget_sound","region_name":"Puget Sound, WA","state":"WA","status":2,"status_label":"healthy"}},{"type":"Feature","geometry":{"geodesic":false,"type":"Polygon","coordinates":[[[-122.62003628231469,47.84606866277396],[-122.61464639060998,47.84606866277396],[-122.61464639060998,47.848763608626314],[-122.62003628231469,47.848763608626314],[-122.62003628231469,47.84606866277396]]]},"id":"-45499+17754","properties":{"area_sq_km":0.0,"count":2,"label":1,"latitude":47.84741615540945,"longitude":-122.6173413365064,"near_healthy_bed":1,"priority_score":1.0,"priority_tier":"monitor","recommended_action":"monitor_and_replant","region_id":"puget_sound","region_name":"Puget Sound, WA","state":"WA","status":1,"status_label":"recovering"}},{"type":"Feature","geometry":{"geodesic":false,"type":"Polygon","coordinates":[[[-122.61734133646233,47.85684844618339],[-122.61464639060998,47.85684844618339],[-122.61464639060998,47.86223833788811],[-122.61734133646233,47.86223833788811],[-122.61734133646233,47.85684844618339]]]},"id":"-45499+17759","properties":{"area_sq_km":0.0,"count":2,"label":2,"latitude":47.859543353221724,"longitude":-122.6159938636513,"near_healthy_bed":1,"priority_score":1.0,"priority_tier":"monitor","recommended_action":"no_action","region_id":"puget_sound","region_name":"Puget Sound, WA","state":"WA","status":2,"status_label":"healthy"}},{"type":"Feature","geometry":{"geodesic":false,"type":"Polygon","coordinates":[[[-122.61734133646233,47.87840801300226],[-122.61734133646233,47.8757130671499],[-122.62542617401941,47.8757130671499],[-122.62542617401941,47.870323175445186],[-122.62273122816705,47.870323175445186],[-122.62273122816705,47.86223833788811],[-122.61734133646233,47.86223833788811],[-122.61734133646233,47.86493328374046],[-122.61464639060998,47.86493328374046],[-122.61464639060998,47.870323175445186],[-122.61734133646233,47.870323175445186],[-122.61734133646233,47.87301812129754],[-122.61464639060998,47.87301812129754],[-122.61464639060998,47.87840801300226],[-122.61734133646233,47.87840801300226]]]},"id":"-45499+17765","properties":{"area_sq_km":1.0,"count":16,"label":2,"latitude":47.87015447522179,"longitude":-122.61953098830351,"near_healthy_bed":1,"priority_score":1.0,"priority_tier":"monitor","recommended_action":"no_action","region_id":"puget_sound","region_name":"Puget Sound, WA","state":"WA","status":2,"status_label":"healthy"}},{"type":"Feature","geometry":{"geodesic":false,"type":"Polygon","coordinates":[[[-122.61734133646233,47.94578165931122],[-122.61464639060998,47.94578165931122],[-122.61464639060998,47.948476605163584],[-122.61734133646233,47.948476605163584],[-122.61734133646233,47.94578165931122]]]},"id":"-45499+17791","properties":{"area_sq_km":0.0,"count":1,"label":0,"latitude":47.947129128463615,"longitude":-122.6159938636947,"near_healthy_bed":1,"priority_score":1.0,"priority_tier":"monitor","recommended_action":"urchin_removal_then_replant","region_id":"puget_sound","region_name":"Puget Sound, WA","state":"WA","status":0,"status_label":"barren"}},{"type":"Feature","geometry":{"geodesic":false,"type":"Polygon","coordinates":[[[-122.61734133646233,47.95925638857302],[-122.61464639060998,47.95925638857302],[-122.61464639060998,47.96195133442537],[-122.61734133646233,47.96195133442537],[-122.61734133646233,47.95925638857302]]]},"id":"-45499+17796","properties":{"area_sq_km":0.0,"count":1,"label":0,"latitude":47.960603857547184,"longitude":-122.61599386364732,"near_healthy_bed":1,"priority_score":1.0,"priority_tier":"monitor","recommended_action":"urchin_removal_then_replant","region_id":"puget_sound","region_name":"Puget Sound, WA","state":"WA","status":0,"status_label":"barren"}},{"type":"Feature","geometry":{"geodesic":false,"type":"Polygon","coordinates":[[[-122.62273122816705,47.55501451071923],[-122.61734133646233,47.55501451071923],[-122.61734133646233,47.55770945657159],[-122.62273122816705,47.55770945657159],[-122.62273122816705,47.55501451071923]]]},"id":"-45500+17646","properties":{"area_sq_km":0.0,"count":2,"label":0,"latitude":47.55636200381471,"longitude":-122.62003628227997,"near_healthy_bed":1,"priority_score":1.0,"priority_tier":"monitor","recommended_action":"urchin_removal_then_replant","region_id":"puget_sound","region_name":"Puget Sound, WA","state":"WA","status":0,"status_label":"barren"}},{"type":"Feature","geometry":{"geodesic":false,"type":"Polygon","coordinates":[[[-122.62003628231469,47.92422209249236],[-122.62003628231469,47.921527146639995],[-122.62542617401941,47.921527146639995],[-122.62542617401941,47.91883220078764],[-122.62003628231469,47.91883220078764],[-122.62003628231469,47.91344230908292],[-122.61734133646233,47.91344230908292],[-122.61734133646233,47.9080524173782],[-122.61464639060998,47.9080524173782],[-122.61464639060998,47.91074736323056],[-122.60386660720054,47.91074736323056],[-122.60386660720054,47.9080524173782],[-122.60117166134818,47.9080524173782],[-122.60117166134818,47.905357471525846],[-122.60925649890525,47.905357471525846],[-122.60925649890525,47.902662525673485],[-122.6065615530529,47.902662525673485],[-122.6065615530529,47.89727263396877],[-122.60117166134818,47.89727263396877],[-122.60117166134818,47.89188274226405],[-122.59847671549582,47.89188274226405],[-122.59847671549582,47.88918779641169],[-122.59578176964347,47.88918779641169],[-122.59578176964347,47.894577688116414],[-122.5930868237911,47.894577688116414],[-122.5930868237911,47.89188274226405],[-122.59039187793874,47.89188274226405],[-122.59039187793874,47.89727263396877],[-122.59847671549582,47.89727263396877],[-122.59847671549582,47.89996757982113],[-122.59578176964347,47.89996757982113],[-122.59578176964347,47.902662525673485],[-122.59847671549582,47.902662525673485],[-122.59847671549582,47.9080524173782],[-122.5930868237911,47.9080524173782],[-122.5930868237911,47.91344230908292],[-122.59578176964347,47.91344230908292],[-122.59578176964347,47.91613725493528],[-122.59847671549582,47.91613725493528],[-122.59847671549582,47.91883220078764],[-122.60117166134818,47.91883220078764],[-122.60117166134818,47.91613725493528],[-122.60925649890525,47.91613725493528],[-122.60925649890525,47.91883220078764],[-122.6065615530529,47.91883220078764],[-122.6065615530529,47.921527146639995],[-122.61464639060998,47.921527146639995],[-122.61464639060998,47.91883220078764],[-122.61195144475761,47.91883220078764],[-122.61195144475761,47.91344230908292],[-122.61464639060998,47.91344230908292],[-122.61464639060998,47.91613725493528],[-122.61734133646233,47.91613725493528],[-122.61734133646233,47.92422209249236],[-122.62003628231469,47.92422209249236]]]},"id":"-45500+17782","properties":{"area_sq_km":3.0,"count":52,"label":2,"latitude":47.90862132694362,"longitude":-122.60490131483061,"near_healthy_bed":1,"priority_score":1.0,"priority_tier":"monitor","recommended_action":"no_action","region_id":"puget_sound","region_name":"Puget Sound, WA","state":"WA","status":2,"status_label":"healthy"}},{"type":"Feature","geometry":{"geodesic":false,"type":"Polygon","coordinates":[[[-122.62003628231469,47.975426063687166],[-122.61734133646233,47.975426063687166],[-122.61734133646233,47.97812100953953],[-122.62003628231469,47.97812100953953],[-122.62003628231469,47.975426063687166]]]},"id":"-45500+17802","properties":{"area_sq_km":0.0,"count":1,"label":0,"latitude":47.97677353290587,"longitude":-122.61868880938505,"near_healthy_bed":1,"priority_score":1.0,"priority_tier":"monitor","recommended_action":"urchin_removal_then_replant","region_id":"puget_sound","region_name":"Puget Sound, WA","state":"WA","status":0,"status_label":"barren"}},{"type":"Feature","geometry":{"geodesic":false,"type":"Polygon","coordinates":[[[-122.62542617401941,47.91883220078764],[-122.62542617401941,47.91613725493528],[-122.62273122816705,47.91613725493528],[-122.62273122816705,47.91344230908292],[-122.62003628231469,47.91344230908292],[-122.62003628231469,47.91883220078764],[-122.62542617401941,47.91883220078764]]]},"id":"-45501+17780","properties":{"area_sq_km":0.0,"count":3,"label":0,"latitude":47.91658639333971,"longitude":-122.62228204099047,"near_healthy_bed":1,"priority_score":1.0,"priority_tier":"monitor","recommended_action":"urchin_removal_then_replant","region_id":"puget_sound","region_name":"Puget Sound, WA","state":"WA","status":0,"status_label":"barren"}},{"type":"Feature","geometry":{"geodesic":false,"type":"Polygon","coordinates":[[[-122.62273122816705,47.92422209249236],[-122.62003628231469,47.92422209249236],[-122.62003628231469,47.929611984197074],[-122.62273122816705,47.929611984197074],[-122.62273122816705,47.92422209249236]]]},"id":"-45501+17784","properties":{"area_sq_km":0.0,"count":2,"label":2,"latitude":47.92691699931936,"longitude":-122.62138375513244,"near_healthy_bed":1,"priority_score":1.0,"priority_tier":"monitor","recommended_action":"no_action","region_id":"puget_sound","region_name":"Puget Sound, WA","state":"WA","status":2,"status_label":"healthy"}},{"type":"Feature","geometry":{"geodesic":false,"type":"Polygon","coordinates":[[[-122.62273122816705,47.9538664968683],[-122.62003628231469,47.9538664968683],[-122.62003628231469,47.95925638857302],[-122.62273122816705,47.95925638857302],[-122.62273122816705,47.9538664968683]]]},"id":"-45501+17795","properties":{"area_sq_km":0.0,"count":2,"label":0,"latitude":47.95656140380965,"longitude":-122.62138375529312,"near_healthy_bed":1,"priority_score":1.0,"priority_tier":"monitor","recommended_action":"urchin_removal_then_replant","region_id":"puget_sound","region_name":"Puget Sound, WA","state":"WA","status":0,"status_label":"barren"}},{"type":"Feature","geometry":{"geodesic":false,"type":"Polygon","coordinates":[[[-122.62812111987176,47.96195133442537],[-122.62003628231469,47.96195133442537],[-122.62003628231469,47.964646280277734],[-122.62812111987176,47.964646280277734],[-122.62812111987176,47.96195133442537]]]},"id":"-45501+17797","properties":{"area_sq_km":0.0,"count":3,"label":0,"latitude":47.96329886656905,"longitude":-122.62407870105568,"near_healthy_bed":1,"priority_score":1.0,"priority_tier":"monitor","recommended_action":"urchin_removal_then_replant","region_id":"puget_sound","region_name":"Puget Sound, WA","state":"WA","status":0,"status_label":"barren"}},{"type":"Feature","geometry":{"geodesic":false,"type":"Polygon","coordinates":[[[-122.62273122816705,47.96734122613009],[-122.62003628231469,47.96734122613009],[-122.62003628231469,47.97003617198245],[-122.62273122816705,47.97003617198245],[-122.62273122816705,47.96734122613009]]]},"id":"-45501+17799","properties":{"area_sq_km":0.0,"count":1,"label":0,"latitude":47.96868869501724,"longitude":-122.62138375519447,"near_healthy_bed":1,"priority_score":1.0,"priority_tier":"monitor","recommended_action":"urchin_removal_then_replant","region_id":"puget_sound","region_name":"Puget Sound, WA","state":"WA","status":0,"status_label":"barren"}},{"type":"Feature","geometry":{"geodesic":false,"type":"Polygon","coordinates":[[[-122.62273122816705,47.98890079294896],[-122.62003628231469,47.98890079294896],[-122.62003628231469,47.99429068465368],[-122.62273122816705,47.99429068465368],[-122.62273122816705,47.98890079294896]]]},"id":"-45501+17808","properties":{"area_sq_km":0.0,"count":2,"label":0,"latitude":47.99159569975221,"longitude":-122.62138375524465,"near_healthy_bed":1,"priority_score":1.0,"priority_tier":"monitor","recommended_action":"urchin_removal_then_replant","region_id":"puget_sound","region_name":"Puget Sound, WA","state":"WA","status":0,"status_label":"barren"}},{"type":"Feature","geometry":{"geodesic":false,"type":"Polygon","coordinates":[[[-122.62812111987176,47.716711261860745],[-122.62542617401941,47.716711261860745],[-122.62542617401941,47.71940620771311],[-122.62812111987176,47.71940620771311],[-122.62812111987176,47.716711261860745]]]},"id":"-45503+17706","properties":{"area_sq_km":0.0,"count":1,"label":1,"latitude":47.71805873085728,"longitude":-122.62677364691311,"near_healthy_bed":1,"priority_score":1.0,"priority_tier":"monitor","recommended_action":"monitor_and_replant","region_id":"puget_sound","region_name":"Puget Sound, WA","state":"WA","status":1,"status_label":"recovering"}},{"type":"Feature","geometry":{"geodesic":false,"type":"Polygon","coordinates":[[[-122.62812111987176,47.84606866277396],[-122.62542617401941,47.84606866277396],[-122.62542617401941,47.848763608626314],[-122.62812111987176,47.848763608626314],[-122.62812111987176,47.84606866277396]]]},"id":"-45503+17754","properties":{"area_sq_km":0.0,"count":1,"label":0,"latitude":47.8474161318175,"longitude":-122.62677364689792,"near_healthy_bed":1,"priority_score":1.0,"priority_tier":"monitor","recommended_action":"urchin_removal_then_replant","region_id":"puget_sound","region_name":"Puget Sound, WA","state":"WA","status":0,"status_label":"barren"}},{"type":"Feature","geometry":{"geodesic":false,"type":"Polygon","coordinates":[[[-122.63081606572412,47.905357471525846],[-122.62542617401941,47.905357471525846],[-122.62542617401941,47.9080524173782],[-122.63081606572412,47.9080524173782],[-122.63081606572412,47.905357471525846]]]},"id":"-45503+17776","properties":{"area_sq_km":0.0,"count":2,"label":2,"latitude":47.90670496420187,"longitude":-122.6281211198501,"near_healthy_bed":1,"priority_score":1.0,"priority_tier":"monitor","recommended_action":"no_action","region_id":"puget_sound","region_name":"Puget Sound, WA","state":"WA","status":2,"status_label":"healthy"}},{"type":"Feature","geometry":{"geodesic":false,"type":"Polygon","coordinates":[[[-122.62812111987176,47.975426063687166],[-122.62542617401941,47.975426063687166],[-122.62542617401941,47.98081595539188],[-122.62812111987176,47.98081595539188],[-122.62812111987176,47.975426063687166]]]},"id":"-45503+17803","properties":{"area_sq_km":0.0,"count":2,"label":0,"latitude":47.97812097060507,"longitude":-122.62677364694784,"near_healthy_bed":1,"priority_score":1.0,"priority_tier":"monitor","recommended_action":"urchin_removal_then_replant","region_id":"puget_sound","region_name":"Puget Sound, WA","state":"WA","status":0,"status_label":"barren"}},{"type":"Feature","geometry":{"geodesic":false,"type":"Polygon","coordinates":[[[-122.62812111987176,47.98890079294896],[-122.62542617401941,47.98890079294896],[-122.62542617401941,47.99429068465368],[-122.62812111987176,47.99429068465368],[-122.62812111987176,47.98890079294896]]]},"id":"-45503+17808","properties":{"area_sq_km":0.0,"count":2,"label":0,"latitude":47.99159569973787,"longitude":-122.62677364688227,"near_healthy_bed":1,"priority_score":1.0,"priority_tier":"monitor","recommended_action":"urchin_removal_then_replant","region_id":"puget_sound","region_name":"Puget Sound, WA","state":"WA","status":0,"status_label":"barren"}},{"type":"Feature","geometry":{"geodesic":false,"type":"Polygon","coordinates":[[[-122.63081606572412,47.999680576358394],[-122.63081606572412,47.99429068465368],[-122.62812111987176,47.99429068465368],[-122.62812111987176,47.99698563050604],[-122.62542617401941,47.99698563050604],[-122.62542617401941,47.999680576358394],[-122.63081606572412,47.999680576358394]]]},"id":"-45503+17810","properties":{"area_sq_km":0.0,"count":3,"label":0,"latitude":47.99743476881876,"longitude":-122.62857030720677,"near_healthy_bed":1,"priority_score":1.0,"priority_tier":"monitor","recommended_action":"urchin_removal_then_replant","region_id":"puget_sound","region_name":"Puget Sound, WA","state":"WA","status":0,"status_label":"barren"}},{"type":"Feature","geometry":{"geodesic":false,"type":"Polygon","coordinates":[[[-122.64159584913357,47.37175819275885],[-122.64159584913357,47.36636830105413],[-122.6389009032812,47.36636830105413],[-122.6389009032812,47.36906324690649],[-122.62812111987176,47.36906324690649],[-122.62812111987176,47.37445313861121],[-122.62542617401941,47.37445313861121],[-122.62542617401941,47.37714808446356],[-122.62812111987176,47.37714808446356],[-122.62812111987176,47.379843030315925],[-122.63620595742884,47.379843030315925],[-122.63620595742884,47.37714808446356],[-122.64698574083828,47.37714808446356],[-122.64698574083828,47.37445313861121],[-122.652375632543,47.37445313861121],[-122.652375632543,47.36906324690649],[-122.65507057839535,47.36906324690649],[-122.65507057839535,47.363673355201776],[-122.65776552424771,47.363673355201776],[-122.65776552424771,47.35828346349706],[-122.65507057839535,47.35828346349706],[-122.65507057839535,47.360978409349414],[-122.64968068669063,47.360978409349414],[-122.64968068669063,47.363673355201776],[-122.64698574083828,47.363673355201776],[-122.64698574083828,47.37175819275885],[-122.64159584913357,47.37175819275885]],[[-122.652375632543,47.36906324690649],[-122.652375632543,47.36636830105413],[-122.64968068669063,47.36636830105413],[-122.64968068669063,47.36906324690649],[-122.652375632543,47.36906324690649]],[[-122.64159584913357,47.37175819275885],[-122.6389009032812,47.37175819275885],[-122.6389009032812,47.37445313861121],[-122.64159584913357,47.37445313861121],[-122.64159584913357,47.37175819275885]],[[-122.63620595742884,47.37714808446356],[-122.63620595742884,47.37445313861121],[-122.63351101157649,47.37445313861121],[-122.63351101157649,47.37714808446356],[-122.63620595742884,47.37714808446356]]]},"id":"-45504+17580","properties":{"area_sq_km":2.0,"count":35,"label":2,"latitude":47.371103627371184,"longitude":-122.64171256243604,"near_healthy_bed":1,"priority_score":1.0,"priority_tier":"monitor","recommended_action":"no_action","region_id":"puget_sound","region_name":"Puget Sound, WA","state":"WA","status":2,"status_label":"healthy"}},{"type":"Feature","geometry":{"geodesic":false,"type":"Polygon","coordinates":[[[-122.63081606572412,47.70862642430367],[-122.62812111987176,47.70862642430367],[-122.62812111987176,47.71401631600838],[-122.63081606572412,47.71401631600838],[-122.63081606572412,47.70862642430367]]]},"id":"-45504+17704","properties":{"area_sq_km":0.0,"count":2,"label":2,"latitude":47.711321331626706,"longitude":-122.62946859293467,"near_healthy_bed":1,"priority_score":1.0,"priority_tier":"monitor","recommended_action":"no_action","region_id":"puget_sound","region_name":"Puget Sound, WA","state":"WA","status":2,"status_label":"healthy"}},{"type":"Feature","geometry":{"geodesic":false,"type":"Polygon","coordinates":[[[-122.63351101157649,47.716711261860745],[-122.62812111987176,47.716711261860745],[-122.62812111987176,47.71940620771311],[-122.63351101157649,47.71940620771311],[-122.63351101157649,47.716711261860745]]]},"id":"-45504+17706","properties":{"area_sq_km":0.0,"count":2,"label":2,"latitude":47.71805875458662,"longitude":-122.63081606574461,"near_healthy_bed":1,"priority_score":1.0,"priority_tier":"monitor","recommended_action":"no_action","region_id":"puget_sound","region_name":"Puget Sound, WA","state":"WA","status":2,"status_label":"healthy"}},{"type":"Feature","geometry":{"geodesic":false,"type":"Polygon","coordinates":[[[-122.63351101157649,47.89996757982113],[-122.63081606572412,47.89996757982113],[-122.63081606572412,47.902662525673485],[-122.63351101157649,47.902662525673485],[-122.63351101157649,47.89996757982113]]]},"id":"-45505+17774","properties":{"area_sq_km":0.0,"count":1,"label":2,"latitude":47.90131504881107,"longitude":-122.63216353870197,"near_healthy_bed":1,"priority_score":1.0,"priority_tier":"monitor","recommended_action":"no_action","region_id":"puget_sound","region_name":"Puget Sound, WA","state":"WA","status":2,"status_label":"healthy"}},{"type":"Feature","geometry":{"geodesic":false,"type":"Polygon","coordinates":[[[-122.63620595742884,47.98890079294896],[-122.63081606572412,47.98890079294896],[-122.63081606572412,47.991595738801315],[-122.63620595742884,47.991595738801315],[-122.63620595742884,47.98890079294896]]]},"id":"-45505+17807","properties":{"area_sq_km":0.0,"count":2,"label":0,"latitude":47.99024828576367,"longitude":-122.63351101152017,"near_healthy_bed":1,"priority_score":1.0,"priority_tier":"monitor","recommended_action":"urchin_removal_then_replant","region_id":"puget_sound","region_name":"Puget Sound, WA","state":"WA","status":0,"status_label":"barren"}},{"type":"Feature","geometry":{"geodesic":false,"type":"Polygon","coordinates":[[[-122.63620595742884,47.37445313861121],[-122.63351101157649,47.37445313861121],[-122.63351101157649,47.37714808446356],[-122.63620595742884,47.37714808446356],[-122.63620595742884,47.37445313861121]]]},"id":"-45506+17579","properties":{"area_sq_km":0.0,"count":1,"label":0,"latitude":47.37580060802197,"longitude":-122.6348584844587,"near_healthy_bed":1,"priority_score":1.0,"priority_tier":"monitor","recommended_action":"urchin_removal_then_replant","region_id":"puget_sound","region_name":"Puget Sound, WA","state":"WA","status":0,"status_label":"barren"}},{"type":"Feature","geometry":{"geodesic":false,"type":"Polygon","coordinates":[[[-122.63620595742884,47.38253797616828],[-122.63351101157649,47.38253797616828],[-122.63351101157649,47.38523292202064],[-122.63620595742884,47.38523292202064],[-122.63620595742884,47.38253797616828]]]},"id":"-45506+17582","properties":{"area_sq_km":0.0,"count":1,"label":1,"latitude":47.38388544556172,"longitude":-122.63485848447904,"near_healthy_bed":1,"priority_score":1.0,"priority_tier":"monitor","recommended_action":"monitor_and_replant","region_id":"puget_sound","region_name":"Puget Sound, WA","state":"WA","status":1,"status_label":"recovering"}},{"type":"Feature","geometry":{"geodesic":false,"type":"Polygon","coordinates":[[[-122.6389009032812,47.71132137015603],[-122.63351101157649,47.71132137015603],[-122.63351101157649,47.71401631600838],[-122.6389009032812,47.71401631600838],[-122.6389009032812,47.71132137015603]]]},"id":"-45506+17704","properties":{"area_sq_km":0.0,"count":2,"label":2,"latitude":47.71266886300709,"longitude":-122.63620595742384,"near_healthy_bed":1,"priority_score":1.0,"priority_tier":"monitor","recommended_action":"no_action","region_id":"puget_sound","region_name":"Puget Sound, WA","state":"WA","status":2,"status_label":"healthy"}},{"type":"Feature","geometry":{"geodesic":false,"type":"Polygon","coordinates":[[[-122.63620595742884,47.96734122613009],[-122.63351101157649,47.96734122613009],[-122.63351101157649,47.97003617198245],[-122.63620595742884,47.97003617198245],[-122.63620595742884,47.96734122613009]]]},"id":"-45506+17799","properties":{"area_sq_km":0.0,"count":1,"label":0,"latitude":47.96868869499604,"longitude":-122.63485848441566,"near_healthy_bed":1,"priority_score":1.0,"priority_tier":"monitor","recommended_action":"urchin_removal_then_replant","region_id":"puget_sound","region_name":"Puget Sound, WA","state":"WA","status":0,"status_label":"barren"}},{"type":"Feature","geometry":{"geodesic":false,"type":"Polygon","coordinates":[[[-122.6389009032812,47.97273111783481],[-122.63620595742884,47.97273111783481],[-122.63620595742884,47.97812100953953],[-122.6389009032812,47.97812100953953],[-122.6389009032812,47.97273111783481]]]},"id":"-45507+17802","properties":{"area_sq_km":0.0,"count":2,"label":0,"latitude":47.975426024688936,"longitude":-122.63755343036404,"near_healthy_bed":1,"priority_score":1.0,"priority_tier":"monitor","recommended_action":"urchin_removal_then_replant","region_id":"puget_sound","region_name":"Puget Sound, WA","state":"WA","status":0,"status_label":"barren"}},{"type":"Feature","geometry":{"geodesic":false,"type":"Polygon","coordinates":[[[-122.64429079498592,47.360978409349414],[-122.6389009032812,47.360978409349414],[-122.6389009032812,47.363673355201776],[-122.64429079498592,47.363673355201776],[-122.64429079498592,47.360978409349414]]]},"id":"-45508+17574","properties":{"area_sq_km":0.0,"count":2,"label":2,"latitude":47.362325902174966,"longitude":-122.64159584909316,"near_healthy_bed":1,"priority_score":1.0,"priority_tier":"monitor","recommended_action":"no_action","region_id":"puget_sound","region_name":"Puget Sound, WA","state":"WA","status":2,"status_label":"healthy"}},{"type":"Feature","geometry":{"geodesic":false,"type":"Polygon","coordinates":[[[-122.64159584913355,47.37175819275885],[-122.6389009032812,47.37175819275885],[-122.6389009032812,47.37445313861121],[-122.64159584913355,47.37445313861121],[-122.64159584913355,47.37175819275885]]]},"id":"-45508+17578","properties":{"area_sq_km":0.0,"count":1,"label":0,"latitude":47.37310566219044,"longitude":-122.64024837623955,"near_healthy_bed":1,"priority_score":1.0,"priority_tier":"monitor","recommended_action":"urchin_removal_then_replant","region_id":"puget_sound","region_name":"Puget Sound, WA","state":"WA","status":0,"status_label":"barren"}},{"type":"Feature","geometry":{"geodesic":false,"type":"Polygon","coordinates":[[[-122.64159584913355,47.99698563050604],[-122.6389009032812,47.99698563050604],[-122.6389009032812,47.999680576358394],[-122.64159584913355,47.999680576358394],[-122.64159584913355,47.99698563050604]]]},"id":"-45508+17810","properties":{"area_sq_km":0.0,"count":1,"label":2,"latitude":47.998333099658865,"longitude":-122.64024837618783,"near_healthy_bed":1,"priority_score":1.0,"priority_tier":"monitor","recommended_action":"no_action","region_id":"puget_sound","region_name":"Puget Sound, WA","state":"WA","status":2,"status_label":"healthy"}},{"type":"Feature","geometry":{"geodesic":false,"type":"Polygon","coordinates":[[[-122.64429079498592,47.82720404180745],[-122.64159584913355,47.82720404180745],[-122.64159584913355,47.8298989876598],[-122.64429079498592,47.8298989876598],[-122.64429079498592,47.82720404180745]]]},"id":"-45509+17747","properties":{"area_sq_km":0.0,"count":1,"label":1,"latitude":47.82855151120506,"longitude":-122.64294332197393,"near_healthy_bed":1,"priority_score":1.0,"priority_tier":"monitor","recommended_action":"monitor_and_replant","region_id":"puget_sound","region_name":"Puget Sound, WA","state":"WA","status":1,"status_label":"recovering"}},{"type":"Feature","geometry":{"geodesic":false,"type":"Polygon","coordinates":[[[-122.64429079498592,47.975426063687166],[-122.64159584913355,47.975426063687166],[-122.64159584913355,47.97812100953953],[-122.64429079498592,47.97812100953953],[-122.64429079498592,47.975426063687166]]]},"id":"-45509+17802","properties":{"area_sq_km":0.0,"count":1,"label":0,"latitude":47.97677353289974,"longitude":-122.64294332200451,"near_healthy_bed":1,"priority_score":1.0,"priority_tier":"monitor","recommended_action":"urchin_removal_then_replant","region_id":"puget_sound","region_name":"Puget Sound, WA","state":"WA","status":0,"status_label":"barren"}},{"type":"Feature","geometry":{"geodesic":false,"type":"Polygon","coordinates":[[[-122.64698574083828,47.35828346349705],[-122.64429079498592,47.35828346349705],[-122.64429079498592,47.360978409349414],[-122.64698574083828,47.360978409349414],[-122.64698574083828,47.35828346349705]]]},"id":"-45510+17573","properties":{"area_sq_km":0.0,"count":1,"label":2,"latitude":47.35963093277078,"longitude":-122.64563826792474,"near_healthy_bed":1,"priority_score":1.0,"priority_tier":"monitor","recommended_action":"no_action","region_id":"puget_sound","region_name":"Puget Sound, WA","state":"WA","status":2,"status_label":"healthy"}},{"type":"Feature","geometry":{"geodesic":false,"type":"Polygon","coordinates":[[[-122.64968068669063,47.95117155101594],[-122.64429079498592,47.95117155101594],[-122.64429079498592,47.9538664968683],[-122.64968068669063,47.9538664968683],[-122.64968068669063,47.95117155101594]]]},"id":"-45510+17793","properties":{"area_sq_km":0.0,"count":2,"label":0,"latitude":47.952519043772796,"longitude":-122.64698574084677,"near_healthy_bed":1,"priority_score":1.0,"priority_tier":"monitor","recommended_action":"urchin_removal_then_replant","region_id":"puget_sound","region_name":"Puget Sound, WA","state":"WA","status":0,"status_label":"barren"}},{"type":"Feature","geometry":{"geodesic":false,"type":"Polygon","coordinates":[[[-122.64698574083828,47.98081595539188],[-122.64429079498592,47.98081595539188],[-122.64429079498592,47.983510901244244],[-122.64698574083828,47.983510901244244],[-122.64698574083828,47.98081595539188]]]},"id":"-45510+17804","properties":{"area_sq_km":0.0,"count":1,"label":0,"latitude":47.98216342448237,"longitude":-122.64563826785485,"near_healthy_bed":1,"priority_score":1.0,"priority_tier":"monitor","recommended_action":"urchin_removal_then_replant","region_id":"puget_sound","region_name":"Puget Sound, WA","state":"WA","status":0,"status_label":"barren"}},{"type":"Feature","geometry":{"geodesic":false,"type":"Polygon","coordinates":[[[-122.64698574083828,47.991595738801315],[-122.64429079498592,47.991595738801315],[-122.64429079498592,47.99429068465368],[-122.64698574083828,47.99429068465368],[-122.64698574083828,47.991595738801315]]]},"id":"-45510+17808","properties":{"area_sq_km":0.0,"count":1,"label":2,"latitude":47.99294320774086,"longitude":-122.64563826791456,"near_healthy_bed":1,"priority_score":1.0,"priority_tier":"monitor","recommended_action":"no_action","region_id":"puget_sound","region_name":"Puget Sound, WA","state":"WA","status":2,"status_label":"healthy"}},{"type":"Feature","geometry":{"geodesic":false,"type":"Polygon","coordinates":[[[-122.64968068669063,47.956561442720655],[-122.64698574083828,47.956561442720655],[-122.64698574083828,47.95925638857302],[-122.64968068669063,47.95925638857302],[-122.64968068669063,47.956561442720655]]]},"id":"-45511+17795","properties":{"area_sq_km":0.0,"count":1,"label":0,"latitude":47.95790891192083,"longitude":-122.64833321384121,"near_healthy_bed":1,"priority_score":1.0,"priority_tier":"monitor","recommended_action":"urchin_removal_then_replant","region_id":"puget_sound","region_name":"Puget Sound, WA","state":"WA","status":0,"status_label":"barren"}},{"type":"Feature","geometry":{"geodesic":false,"type":"Polygon","coordinates":[[[-122.652375632543,47.36636830105413],[-122.64968068669063,47.36636830105413],[-122.64968068669063,47.36906324690649],[-122.652375632543,47.36906324690649],[-122.652375632543,47.36636830105413]]]},"id":"-45512+17576","properties":{"area_sq_km":0.0,"count":1,"label":0,"latitude":47.367715770357385,"longitude":-122.65102815955123,"near_healthy_bed":1,"priority_score":1.0,"priority_tier":"monitor","recommended_action":"urchin_removal_then_replant","region_id":"puget_sound","region_name":"Puget Sound, WA","state":"WA","status":0,"status_label":"barren"}},{"type":"Feature","geometry":{"geodesic":false,"type":"Polygon","coordinates":[[[-122.652375632543,47.72749104527018],[-122.64968068669063,47.72749104527018],[-122.64968068669063,47.73018599112254],[-122.652375632543,47.73018599112254],[-122.652375632543,47.72749104527018]]]},"id":"-45512+17710","properties":{"area_sq_km":0.0,"count":1,"label":2,"latitude":47.72883851452406,"longitude":-122.65102815959011,"near_healthy_bed":1,"priority_score":1.0,"priority_tier":"monitor","recommended_action":"no_action","region_id":"puget_sound","region_name":"Puget Sound, WA","state":"WA","status":2,"status_label":"healthy"}},{"type":"Feature","geometry":{"geodesic":false,"type":"Polygon","coordinates":[[[-122.652375632543,47.91613725493528],[-122.64968068669063,47.91613725493528],[-122.64968068669063,47.91883220078764],[-122.652375632543,47.91883220078764],[-122.652375632543,47.91613725493528]]]},"id":"-45512+17780","properties":{"area_sq_km":0.0,"count":1,"label":2,"latitude":47.917484724098145,"longitude":-122.65102815954309,"near_healthy_bed":1,"priority_score":1.0,"priority_tier":"monitor","recommended_action":"no_action","region_id":"puget_sound","region_name":"Puget Sound, WA","state":"WA","status":2,"status_label":"healthy"}},{"type":"Feature","geometry":{"geodesic":false,"type":"Polygon","coordinates":[[[-122.652375632543,47.937696821754145],[-122.64968068669063,47.937696821754145],[-122.64968068669063,47.940391767606506],[-122.652375632543,47.940391767606506],[-122.652375632543,47.937696821754145]]]},"id":"-45512+17788","properties":{"area_sq_km":0.0,"count":1,"label":0,"latitude":47.939044290939606,"longitude":-122.6510281595128,"near_healthy_bed":1,"priority_score":1.0,"priority_tier":"monitor","recommended_action":"urchin_removal_then_replant","region_id":"puget_sound","region_name":"Puget Sound, WA","state":"WA","status":0,"status_label":"barren"}},{"type":"Feature","geometry":{"geodesic":false,"type":"Polygon","coordinates":[[[-122.652375632543,47.964646280277734],[-122.64968068669063,47.964646280277734],[-122.64968068669063,47.96734122613009],[-122.652375632543,47.96734122613009],[-122.652375632543,47.964646280277734]]]},"id":"-45512+17798","properties":{"area_sq_km":0.0,"count":1,"label":0,"latitude":47.965993749513096,"longitude":-122.65102815958369,"near_healthy_bed":1,"priority_score":1.0,"priority_tier":"monitor","recommended_action":"urchin_removal_then_replant","region_id":"puget_sound","region_name":"Puget Sound, WA","state":"WA","status":0,"status_label":"barren"}},{"type":"Feature","geometry":{"geodesic":false,"type":"Polygon","coordinates":[[[-122.652375632543,47.97812100953953],[-122.64968068669063,47.97812100953953],[-122.64968068669063,47.98081595539188],[-122.652375632543,47.98081595539188],[-122.652375632543,47.97812100953953]]]},"id":"-45512+17803","properties":{"area_sq_km":0.0,"count":1,"label":0,"latitude":47.97946847864057,"longitude":-122.65102815957019,"near_healthy_bed":1,"priority_score":1.0,"priority_tier":"monitor","recommended_action":"urchin_removal_then_replant","region_id":"puget_sound","region_name":"Puget Sound, WA","state":"WA","status":0,"status_label":"barren"}},{"type":"Feature","geometry":{"geodesic":false,"type":"Polygon","coordinates":[[[-122.65507057839535,47.73018599112254],[-122.652375632543,47.73018599112254],[-122.652375632543,47.732880936974894],[-122.65507057839535,47.732880936974894],[-122.65507057839535,47.73018599112254]]]},"id":"-45513+17711","properties":{"area_sq_km":0.0,"count":1,"label":2,"latitude":47.73153346029256,"longitude":-122.6537231056026,"near_healthy_bed":1,"priority_score":1.0,"priority_tier":"monitor","recommended_action":"no_action","region_id":"puget_sound","region_name":"Puget Sound, WA","state":"WA","status":2,"status_label":"healthy"}},{"type":"Feature","geometry":{"geodesic":false,"type":"Polygon","coordinates":[[[-122.65507057839535,47.975426063687166],[-122.652375632543,47.975426063687166],[-122.652375632543,47.97812100953953],[-122.65507057839535,47.97812100953953],[-122.65507057839535,47.975426063687166]]]},"id":"-45513+17802","properties":{"area_sq_km":0.0,"count":1,"label":0,"latitude":47.976773532889105,"longitude":-122.65372310540721,"near_healthy_bed":1,"priority_score":1.0,"priority_tier":"monitor","recommended_action":"urchin_removal_then_replant","region_id":"puget_sound","region_name":"Puget Sound, WA","state":"WA","status":0,"status_label":"barren"}},{"type":"Feature","geometry":{"geodesic":false,"type":"Polygon","coordinates":[[[-122.65776552424771,47.35019862593998],[-122.65507057839535,47.35019862593998],[-122.65507057839535,47.352893571792336],[-122.65776552424771,47.352893571792336],[-122.65776552424771,47.35019862593998]]]},"id":"-45514+17570","properties":{"area_sq_km":0.0,"count":1,"label":1,"latitude":47.35154609535761,"longitude":-122.65641805120514,"near_healthy_bed":1,"priority_score":1.0,"priority_tier":"monitor","recommended_action":"monitor_and_replant","region_id":"puget_sound","region_name":"Puget Sound, WA","state":"WA","status":1,"status_label":"recovering"}},{"type":"Feature","geometry":{"geodesic":false,"type":"Polygon","coordinates":[[[-122.65776552424771,47.36906324690649],[-122.65507057839535,47.36906324690649],[-122.65507057839535,47.37175819275885],[-122.65776552424771,47.37175819275885],[-122.65776552424771,47.36906324690649]]]},"id":"-45514+17577","properties":{"area_sq_km":0.0,"count":1,"label":2,"latitude":47.37041071618576,"longitude":-122.6564180513073,"near_healthy_bed":1,"priority_score":1.0,"priority_tier":"monitor","recommended_action":"no_action","region_id":"puget_sound","region_name":"Puget Sound, WA","state":"WA","status":2,"status_label":"healthy"}},{"type":"Feature","geometry":{"geodesic":false,"type":"Polygon","coordinates":[[[-122.65776552424771,47.94308671345886],[-122.65507057839535,47.94308671345886],[-122.65507057839535,47.94578165931122],[-122.65776552424771,47.94578165931122],[-122.65776552424771,47.94308671345886]]]},"id":"-45514+17790","properties":{"area_sq_km":0.0,"count":1,"label":0,"latitude":47.94443418261696,"longitude":-122.65641805120015,"near_healthy_bed":1,"priority_score":1.0,"priority_tier":"monitor","recommended_action":"urchin_removal_then_replant","region_id":"puget_sound","region_name":"Puget Sound, WA","state":"WA","status":0,"status_label":"barren"}},{"type":"Feature","geometry":{"geodesic":false,"type":"Polygon","coordinates":[[[-122.66046047010006,47.964646280277734],[-122.65507057839535,47.964646280277734],[-122.65507057839535,47.96734122613009],[-122.66046047010006,47.96734122613009],[-122.66046047010006,47.964646280277734]]]},"id":"-45514+17798","properties":{"area_sq_km":0.0,"count":2,"label":0,"latitude":47.965993772882605,"longitude":-122.6577655242577,"near_healthy_bed":1,"priority_score":1.0,"priority_tier":"monitor","recommended_action":"urchin_removal_then_replant","region_id":"puget_sound","region_name":"Puget Sound, WA","state":"WA","status":0,"status_label":"barren"}},{"type":"Feature","geometry":{"geodesic":false,"type":"Polygon","coordinates":[[[-122.65776552424771,47.97812100953953],[-122.65507057839535,47.97812100953953],[-122.65507057839535,47.98081595539188],[-122.65776552424771,47.98081595539188],[-122.65776552424771,47.97812100953953]]]},"id":"-45514+17803","properties":{"area_sq_km":0.0,"count":1,"label":0,"latitude":47.97946847862126,"longitude":-122.656418051282,"near_healthy_bed":1,"priority_score":1.0,"priority_tier":"monitor","recommended_action":"urchin_removal_then_replant","region_id":"puget_sound","region_name":"Puget Sound, WA","state":"WA","status":0,"status_label":"barren"}},{"type":"Feature","geometry":{"geodesic":false,"type":"Polygon","coordinates":[[[-122.66315541595243,47.813729312545654],[-122.65776552424771,47.813729312545654],[-122.65776552424771,47.81642425839801],[-122.66315541595243,47.81642425839801],[-122.66315541595243,47.813729312545654]]]},"id":"-45515+17742","properties":{"area_sq_km":0.0,"count":2,"label":2,"latitude":47.815076805232685,"longitude":-122.6604604701794,"near_healthy_bed":1,"priority_score":1.0,"priority_tier":"monitor","recommended_action":"no_action","region_id":"puget_sound","region_name":"Puget Sound, WA","state":"WA","status":2,"status_label":"healthy"}},{"type":"Feature","geometry":{"geodesic":false,"type":"Polygon","coordinates":[[[-122.66046047010006,47.940391767606506],[-122.65776552424771,47.940391767606506],[-122.65776552424771,47.94308671345886],[-122.66046047010006,47.94308671345886],[-122.66046047010006,47.940391767606506]]]},"id":"-45515+17789","properties":{"area_sq_km":0.0,"count":1,"label":0,"latitude":47.941739236528136,"longitude":-122.6591129972448,"near_healthy_bed":1,"priority_score":1.0,"priority_tier":"monitor","recommended_action":"urchin_removal_then_replant","region_id":"puget_sound","region_name":"Puget Sound, WA","state":"WA","status":0,"status_label":"barren"}},{"type":"Feature","geometry":{"geodesic":false,"type":"Polygon","coordinates":[[[-122.66046047010006,47.98081595539188],[-122.65776552424771,47.98081595539188],[-122.65776552424771,47.983510901244244],[-122.66046047010006,47.983510901244244],[-122.66046047010006,47.98081595539188]]]},"id":"-45515+17804","properties":{"area_sq_km":0.0,"count":1,"label":0,"latitude":47.98216342452314,"longitude":-122.65911299731529,"near_healthy_bed":1,"priority_score":1.0,"priority_tier":"monitor","recommended_action":"urchin_removal_then_replant","region_id":"puget_sound","region_name":"Puget Sound, WA","state":"WA","status":0,"status_label":"barren"}},{"type":"Feature","geometry":{"geodesic":false,"type":"Polygon","coordinates":[[[-122.66046047010006,47.9862058470966],[-122.65776552424771,47.9862058470966],[-122.65776552424771,47.98890079294896],[-122.66046047010006,47.98890079294896],[-122.66046047010006,47.9862058470966]]]},"id":"-45515+17806","properties":{"area_sq_km":0.0,"count":1,"label":0,"latitude":47.98755331613518,"longitude":-122.65911299729821,"near_healthy_bed":1,"priority_score":1.0,"priority_tier":"monitor","recommended_action":"urchin_removal_then_replant","region_id":"puget_sound","region_name":"Puget Sound, WA","state":"WA","status":0,"status_label":"barren"}},{"type":"Feature","geometry":{"geodesic":false,"type":"Polygon","coordinates":[[[-122.66046047010006,47.991595738801315],[-122.65776552424771,47.991595738801315],[-122.65776552424771,47.99429068465368],[-122.66046047010006,47.99429068465368],[-122.66046047010006,47.991595738801315]]]},"id":"-45515+17808","properties":{"area_sq_km":0.0,"count":1,"label":0,"latitude":47.99294320772477,"longitude":-122.65911299737864,"near_healthy_bed":1,"priority_score":1.0,"priority_tier":"monitor","recommended_action":"urchin_removal_then_replant","region_id":"puget_sound","region_name":"Puget Sound, WA","state":"WA","status":0,"status_label":"barren"}},{"type":"Feature","geometry":{"geodesic":false,"type":"Polygon","coordinates":[[[-122.66315541595243,47.97812100953953],[-122.66046047010006,47.97812100953953],[-122.66046047010006,47.98081595539188],[-122.66315541595243,47.98081595539188],[-122.66315541595243,47.97812100953953]]]},"id":"-45516+17803","properties":{"area_sq_km":0.0,"count":1,"label":0,"latitude":47.97946847863392,"longitude":-122.66180794295187,"near_healthy_bed":1,"priority_score":1.0,"priority_tier":"monitor","recommended_action":"urchin_removal_then_replant","region_id":"puget_sound","region_name":"Puget Sound, WA","state":"WA","status":0,"status_label":"barren"}},{"type":"Feature","geometry":{"geodesic":false,"type":"Polygon","coordinates":[[[-122.67124025350951,47.35019862593998],[-122.66315541595243,47.35019862593998],[-122.66315541595243,47.352893571792336],[-122.67124025350951,47.352893571792336],[-122.67124025350951,47.35019862593998]]]},"id":"-45517+17570","properties":{"area_sq_km":0.0,"count":3,"label":0,"latitude":47.351546158504505,"longitude":-122.66719783471669,"near_healthy_bed":1,"priority_score":1.0,"priority_tier":"monitor","recommended_action":"urchin_removal_then_replant","region_id":"puget_sound","region_name":"Puget Sound, WA","state":"WA","status":0,"status_label":"barren"}},{"type":"Feature","geometry":{"geodesic":false,"type":"Polygon","coordinates":[[[-122.70896949544252,47.32055422156404],[-122.70896949544252,47.32324916741639],[-122.70088465788545,47.32324916741639],[-122.70088465788545,47.325944113268754],[-122.70627454959016,47.325944113268754],[-122.70627454959016,47.33133400497347],[-122.69818971203308,47.33133400497347],[-122.69818971203308,47.33672389667819],[-122.70088465788545,47.33672389667819],[-122.70088465788545,47.33941884253055],[-122.69549476618073,47.33941884253055],[-122.69549476618073,47.33672389667819],[-122.69279982032837,47.33672389667819],[-122.69279982032837,47.33941884253055],[-122.690104874476,47.33941884253055],[-122.690104874476,47.33133400497347],[-122.68202003691894,47.33133400497347],[-122.68202003691894,47.33402895082583],[-122.67932509106657,47.33402895082583],[-122.67932509106657,47.33941884253055],[-122.67663014521422,47.33941884253055],[-122.67663014521422,47.344808734235265],[-122.66585036180479,47.344808734235265],[-122.66585036180479,47.34750368008762],[-122.66315541595243,47.34750368008762],[-122.66315541595243,47.35019862593998],[-122.66046047010006,47.35019862593998],[-122.66046047010006,47.35828346349706],[-122.66585036180479,47.35828346349706],[-122.66585036180479,47.360978409349414],[-122.66315541595243,47.360978409349414],[-122.66315541595243,47.363673355201776],[-122.65776552424771,47.363673355201776],[-122.65776552424771,47.36636830105413],[-122.66315541595243,47.36636830105413],[-122.66315541595243,47.36906324690649],[-122.66585036180479,47.36906324690649],[-122.66585036180479,47.36636830105413],[-122.67124025350951,47.36636830105413],[-122.67124025350951,47.363673355201776],[-122.67393519936186,47.363673355201776],[-122.67393519936186,47.36636830105413],[-122.67663014521422,47.36636830105413],[-122.67663014521422,47.363673355201776],[-122.68202003691894,47.363673355201776],[-122.68202003691894,47.35828346349706],[-122.690104874476,47.35828346349706],[-122.690104874476,47.3555885176447],[-122.69279982032837,47.3555885176447],[-122.69279982032837,47.352893571792336],[-122.69549476618073,47.352893571792336],[-122.69549476618073,47.35019862593998],[-122.70088465788545,47.35019862593998],[-122.70088465788545,47.34750368008762],[-122.70896949544252,47.34750368008762],[-122.70896949544252,47.3421137883829],[-122.71435938714724,47.3421137883829],[-122.71435938714724,47.33941884253055],[-122.71974927885196,47.33941884253055],[-122.71974927885196,47.33672389667819],[-122.72783411640903,47.33672389667819],[-122.72783411640903,47.32324916741639],[-122.7305290622614,47.32324916741639],[-122.7305290622614,47.31516432985932],[-122.73322400811375,47.31516432985932],[-122.73322400811375,47.31246938400696],[-122.7359189539661,47.31246938400696],[-122.7359189539661,47.309774438154605],[-122.74130884567083,47.309774438154605],[-122.74130884567083,47.30438454644988],[-122.74400379152318,47.30438454644988],[-122.74400379152318,47.298994654745165],[-122.72783411640903,47.298994654745165],[-122.72783411640903,47.30168960059753],[-122.72513917055667,47.30168960059753],[-122.72513917055667,47.298994654745165],[-122.71974927885196,47.298994654745165],[-122.71974927885196,47.30168960059753],[-122.7170543329996,47.30168960059753],[-122.7170543329996,47.298994654745165],[-122.69549476618073,47.298994654745165],[-122.69549476618073,47.30168960059753],[-122.69279982032837,47.30168960059753],[-122.69279982032837,47.298994654745165],[-122.690104874476,47.298994654745165],[-122.690104874476,47.31246938400696],[-122.68740992862365,47.31246938400696],[-122.68740992862365,47.31516432985932],[-122.67932509106657,47.31516432985932],[-122.67932509106657,47.32055422156404],[-122.67663014521422,47.32055422156404],[-122.67663014521422,47.325944113268754],[-122.67932509106657,47.325944113268754],[-122.67932509106657,47.32863905912111],[-122.68202003691894,47.32863905912111],[-122.68202003691894,47.32324916741639],[-122.6847149827713,47.32324916741639],[-122.6847149827713,47.317859275711676],[-122.690104874476,47.317859275711676],[-122.690104874476,47.32055422156404],[-122.69279982032837,47.32055422156404],[-122.69279982032837,47.32324916741639],[-122.69818971203308,47.32324916741639],[-122.69818971203308,47.317859275711676],[-122.70088465788545,47.317859275711676],[-122.70088465788545,47.32055422156404],[-122.70357960373781,47.32055422156404],[-122.70357960373781,47.317859275711676],[-122.70627454959016,47.317859275711676],[-122.70627454959016,47.32055422156404],[-122.70896949544252,47.32055422156404]],[[-122.66585036180479,47.35828346349706],[-122.67124025350951,47.35828346349706],[-122.67124025350951,47.3555885176447],[-122.66585036180479,47.3555885176447],[-122.66585036180479,47.35828346349706]],[[-122.66585036180479,47.360978409349414],[-122.66585036180479,47.363673355201776],[-122.66854530765714,47.363673355201776],[-122.66854530765714,47.360978409349414],[-122.66585036180479,47.360978409349414]],[[-122.66315541595243,47.35019862593998],[-122.66315541595243,47.352893571792336],[-122.67124025350951,47.352893571792336],[-122.67124025350951,47.35019862593998],[-122.66315541595243,47.35019862593998]],[[-122.72783411640903,47.309774438154605],[-122.72513917055667,47.309774438154605],[-122.72513917055667,47.31246938400696],[-122.72783411640903,47.31246938400696],[-122.72783411640903,47.309774438154605]],[[-122.72513917055667,47.30438454644988],[-122.72244422470432,47.30438454644988],[-122.72244422470432,47.30707949230224],[-122.72513917055667,47.30707949230224],[-122.72513917055667,47.30438454644988]],[[-122.69549476618073,47.309774438154605],[-122.69279982032837,47.309774438154605],[-122.69279982032837,47.31246938400696],[-122.69549476618073,47.31246938400696],[-122.69549476618073,47.309774438154605]],[[-122.690104874476,47.3421137883829],[-122.6847149827713,47.3421137883829],[-122.6847149827713,47.344808734235265],[-122.690104874476,47.344808734235265],[-122.690104874476,47.3421137883829]],[[-122.67932509106657,47.34750368008762],[-122.67663014521422,47.34750368008762],[-122.67663014521422,47.35019862593998],[-122.67932509106657,47.35019862593998],[-122.67932509106657,47.34750368008762]],[[-122.70088465788545,47.31246938400696],[-122.69818971203308,47.31246938400696],[-122.69818971203308,47.31516432985932],[-122.70088465788545,47.31516432985932],[-122.70088465788545,47.31246938400696]],[[-122.70627454959016,47.31246938400696],[-122.70627454959016,47.31516432985932],[-122.70896949544252,47.31516432985932],[-122.70896949544252,47.32055422156404],[-122.71435938714724,47.32055422156404],[-122.71435938714724,47.309774438154605],[-122.70896949544252,47.309774438154605],[-122.70896949544252,47.31246938400696],[-122.70627454959016,47.31246938400696]],[[-122.70627454959016,47.31246938400696],[-122.70627454959016,47.309774438154605],[-122.70088465788545,47.309774438154605],[-122.70088465788545,47.31246938400696],[-122.70627454959016,47.31246938400696]]]},"id":"-45517+17576","properties":{"area_sq_km":19.0,"count":314,"label":2,"latitude":47.32840235270343,"longitude":-122.70173565932936,"near_healthy_bed":1,"priority_score":1.0,"priority_tier":"monitor","recommended_action":"no_action","region_id":"puget_sound","region_name":"Puget Sound, WA","state":"WA","status":2,"status_label":"healthy"}},{"type":"Feature","geometry":{"geodesic":false,"type":"Polygon","coordinates":[[[-122.66854530765714,47.97003617198245],[-122.66315541595243,47.97003617198245],[-122.66315541595243,47.97273111783481],[-122.66854530765714,47.97273111783481],[-122.66854530765714,47.97003617198245]]]},"id":"-45517+17800","properties":{"area_sq_km":0.0,"count":2,"label":0,"latitude":47.971383664821104,"longitude":-122.66585036172978,"near_healthy_bed":1,"priority_score":1.0,"priority_tier":"monitor","recommended_action":"urchin_removal_then_replant","region_id":"puget_sound","region_name":"Puget Sound, WA","state":"WA","status":0,"status_label":"barren"}},{"type":"Feature","geometry":{"geodesic":false,"type":"Polygon","coordinates":[[[-122.67124025350951,47.999680576358394],[-122.67124025350951,47.99698563050604],[-122.66585036180479,47.99698563050604],[-122.66585036180479,47.99429068465368],[-122.66315541595243,47.99429068465368],[-122.66315541595243,47.999680576358394],[-122.67124025350951,47.999680576358394]]]},"id":"-45517+17810","properties":{"area_sq_km":0.0,"count":4,"label":0,"latitude":47.99765938400764,"longitude":-122.66652404730569,"near_healthy_bed":1,"priority_score":1.0,"priority_tier":"monitor","recommended_action":"urchin_removal_then_replant","region_id":"puget_sound","region_name":"Puget Sound, WA","state":"WA","status":0,"status_label":"barren"}},{"type":"Feature","geometry":{"geodesic":false,"type":"Polygon","coordinates":[[[-122.67124025350951,47.3555885176447],[-122.66585036180479,47.3555885176447],[-122.66585036180479,47.35828346349705],[-122.67124025350951,47.35828346349705],[-122.67124025350951,47.3555885176447]]]},"id":"-45518+17572","properties":{"area_sq_km":0.0,"count":2,"label":0,"latitude":47.35693601070391,"longitude":-122.66854530764854,"near_healthy_bed":1,"priority_score":1.0,"priority_tier":"monitor","recommended_action":"urchin_removal_then_replant","region_id":"puget_sound","region_name":"Puget Sound, WA","state":"WA","status":0,"status_label":"barren"}},{"type":"Feature","geometry":{"geodesic":false,"type":"Polygon","coordinates":[[[-122.66854530765714,47.360978409349414],[-122.66585036180479,47.360978409349414],[-122.66585036180479,47.363673355201776],[-122.66854530765714,47.363673355201776],[-122.66854530765714,47.360978409349414]]]},"id":"-45518+17574","properties":{"area_sq_km":0.0,"count":1,"label":0,"latitude":47.362325878685944,"longitude":-122.66719783461514,"near_healthy_bed":1,"priority_score":1.0,"priority_tier":"monitor","recommended_action":"urchin_removal_then_replant","region_id":"puget_sound","region_name":"Puget Sound, WA","state":"WA","status":0,"status_label":"barren"}},{"type":"Feature","geometry":{"geodesic":false,"type":"Polygon","coordinates":[[[-122.67393519936186,47.54153978145744],[-122.67393519936186,47.53614988975272],[-122.67663014521422,47.53614988975272],[-122.67663014521422,47.53345494390036],[-122.66854530765714,47.53345494390036],[-122.66854530765714,47.53884483560508],[-122.66585036180479,47.53884483560508],[-122.66585036180479,47.54153978145744],[-122.67393519936186,47.54153978145744]]]},"id":"-45518+17640","properties":{"area_sq_km":0.0,"count":8,"label":2,"latitude":47.53749732618683,"longitude":-122.67124034164004,"near_healthy_bed":1,"priority_score":1.0,"priority_tier":"monitor","recommended_action":"no_action","region_id":"puget_sound","region_name":"Puget Sound, WA","state":"WA","status":2,"status_label":"healthy"}},{"type":"Feature","geometry":{"geodesic":false,"type":"Polygon","coordinates":[[[-122.66854530765714,47.81911920425037],[-122.66585036180479,47.81911920425037],[-122.66585036180479,47.82181415010273],[-122.66854530765714,47.82181415010273],[-122.66854530765714,47.81911920425037]]]},"id":"-45518+17744","properties":{"area_sq_km":0.0,"count":1,"label":0,"latitude":47.82046667342885,"longitude":-122.66719783464792,"near_healthy_bed":1,"priority_score":1.0,"priority_tier":"monitor","recommended_action":"urchin_removal_then_replant","region_id":"puget_sound","region_name":"Puget Sound, WA","state":"WA","status":0,"status_label":"barren"}},{"type":"Feature","geometry":{"geodesic":false,"type":"Polygon","coordinates":[[[-122.66854530765714,47.948476605163584],[-122.66585036180479,47.948476605163584],[-122.66585036180479,47.95117155101594],[-122.66854530765714,47.95117155101594],[-122.66854530765714,47.948476605163584]]]},"id":"-45518+17792","properties":{"area_sq_km":0.0,"count":1,"label":0,"latitude":47.94982407417229,"longitude":-122.66719783459891,"near_healthy_bed":1,"priority_score":1.0,"priority_tier":"monitor","recommended_action":"urchin_removal_then_replant","region_id":"puget_sound","region_name":"Puget Sound, WA","state":"WA","status":0,"status_label":"barren"}},{"type":"Feature","geometry":{"geodesic":false,"type":"Polygon","coordinates":[[[-122.67393519936186,47.85954339203575],[-122.66854530765714,47.85954339203575],[-122.66854530765714,47.86223833788811],[-122.67393519936186,47.86223833788811],[-122.67393519936186,47.85954339203575]]]},"id":"-45519+17759","properties":{"area_sq_km":0.0,"count":2,"label":0,"latitude":47.8608908847067,"longitude":-122.67124025351292,"near_healthy_bed":1,"priority_score":1.0,"priority_tier":"monitor","recommended_action":"urchin_removal_then_replant","region_id":"puget_sound","region_name":"Puget Sound, WA","state":"WA","status":0,"status_label":"barren"}},{"type":"Feature","geometry":{"geodesic":false,"type":"Polygon","coordinates":[[[-122.74669873737554,47.73827082867961],[-122.74400379152318,47.73827082867961],[-122.74400379152318,47.74096577453197],[-122.74130884567083,47.74096577453197],[-122.74130884567083,47.74635566623669],[-122.73861389981846,47.74635566623669],[-122.73861389981846,47.751745557941405],[-122.7359189539661,47.751745557941405],[-122.7359189539661,47.75444050379377],[-122.7305290622614,47.75444050379377],[-122.7305290622614,47.75713544964612],[-122.72783411640903,47.75713544964612],[-122.72783411640903,47.75983039549848],[-122.72513917055667,47.75983039549848],[-122.72513917055667,47.76252534135084],[-122.72244422470432,47.76252534135084],[-122.72244422470432,47.76791523305556],[-122.71435938714724,47.76791523305556],[-122.71435938714724,47.77330512476028],[-122.70896949544252,47.77330512476028],[-122.70896949544252,47.770610178907916],[-122.70627454959016,47.770610178907916],[-122.70627454959016,47.77600007061263],[-122.69549476618073,47.77600007061263],[-122.69549476618073,47.778695016464994],[-122.69279982032837,47.778695016464994],[-122.69279982032837,47.78138996231735],[-122.690104874476,47.78138996231735],[-122.690104874476,47.78947479987443],[-122.69549476618073,47.78947479987443],[-122.69549476618073,47.79216974572679],[-122.68740992862365,47.79216974572679],[-122.68740992862365,47.80294952913622],[-122.6847149827713,47.80294952913622],[-122.6847149827713,47.80833942084094],[-122.68202003691894,47.80833942084094],[-122.68202003691894,47.81103436669329],[-122.67393519936186,47.81103436669329],[-122.67393519936186,47.80833942084094],[-122.67124025350951,47.80833942084094],[-122.67124025350951,47.813729312545654],[-122.66854530765714,47.813729312545654],[-122.66854530765714,47.816424258398015],[-122.66315541595243,47.816424258398015],[-122.66315541595243,47.82181415010273],[-122.65507057839535,47.82181415010273],[-122.65507057839535,47.82450909595509],[-122.652375632543,47.82450909595509],[-122.652375632543,47.82181415010273],[-122.64968068669063,47.82181415010273],[-122.64968068669063,47.82720404180745],[-122.652375632543,47.82720404180745],[-122.652375632543,47.8298989876598],[-122.64968068669063,47.8298989876598],[-122.64968068669063,47.832593933512165],[-122.64159584913357,47.832593933512165],[-122.64159584913357,47.83528887936452],[-122.63351101157649,47.83528887936452],[-122.63351101157649,47.83798382521688],[-122.62542617401941,47.83798382521688],[-122.62542617401941,47.84067877106924],[-122.62273122816705,47.84067877106924],[-122.62273122816705,47.84606866277396],[-122.62003628231469,47.84606866277396],[-122.62003628231469,47.848763608626314],[-122.61734133646233,47.848763608626314],[-122.61734133646233,47.851458554478675],[-122.61464639060998,47.851458554478675],[-122.61464639060998,47.85415350033103],[-122.62003628231469,47.85415350033103],[-122.62003628231469,47.85684844618339],[-122.62812111987176,47.85684844618339],[-122.62812111987176,47.85954339203575],[-122.63081606572412,47.85954339203575],[-122.63081606572412,47.86223833788811],[-122.63351101157649,47.86223833788811],[-122.63351101157649,47.86493328374046],[-122.64429079498592,47.86493328374046],[-122.64429079498592,47.86223833788811],[-122.66315541595243,47.86223833788811],[-122.66315541595243,47.85954339203575],[-122.66585036180479,47.85954339203575],[-122.66585036180479,47.86493328374046],[-122.66854530765714,47.86493328374046],[-122.66854530765714,47.867628229592825],[-122.67124025350951,47.867628229592825],[-122.67124025350951,47.86493328374046],[-122.67393519936186,47.86493328374046],[-122.67393519936186,47.86223833788811],[-122.67663014521422,47.86223833788811],[-122.67663014521422,47.86493328374046],[-122.67932509106657,47.86493328374046],[-122.67932509106657,47.867628229592825],[-122.68202003691894,47.867628229592825],[-122.68202003691894,47.86493328374046],[-122.6847149827713,47.86493328374046],[-122.6847149827713,47.86223833788811],[-122.68740992862365,47.86223833788811],[-122.68740992862365,47.85954339203575],[-122.68202003691894,47.85954339203575],[-122.68202003691894,47.851458554478675],[-122.67932509106657,47.851458554478675],[-122.67932509106657,47.83798382521688],[-122.68202003691894,47.83798382521688],[-122.68202003691894,47.83528887936452],[-122.68740992862365,47.83528887936452],[-122.68740992862365,47.8298989876598],[-122.690104874476,47.8298989876598],[-122.690104874476,47.82720404180745],[-122.69549476618073,47.82720404180745],[-122.69549476618073,47.82450909595509],[-122.70357960373781,47.82450909595509],[-122.70357960373781,47.82181415010273],[-122.69818971203308,47.82181415010273],[-122.69818971203308,47.81911920425037],[-122.70627454959016,47.81911920425037],[-122.70627454959016,47.816424258398015],[-122.71166444129489,47.816424258398015],[-122.71166444129489,47.813729312545654],[-122.7170543329996,47.813729312545654],[-122.7170543329996,47.81103436669329],[-122.72513917055667,47.81103436669329],[-122.72513917055667,47.80833942084094],[-122.72783411640903,47.80833942084094],[-122.72783411640903,47.80294952913622],[-122.73322400811375,47.80294952913622],[-122.73322400811375,47.80025458328386],[-122.74130884567083,47.80025458328386],[-122.74130884567083,47.78947479987443],[-122.74400379152318,47.78947479987443],[-122.74400379152318,47.78408490816971],[-122.74669873737554,47.78408490816971],[-122.74669873737554,47.78138996231735],[-122.74400379152318,47.78138996231735],[-122.74400379152318,47.77330512476028],[-122.74669873737554,47.77330512476028],[-122.74669873737554,47.76252534135084],[-122.75478357493262,47.76252534135084],[-122.75478357493262,47.743660720384334],[-122.75747852078497,47.743660720384334],[-122.75747852078497,47.74096577453197],[-122.76556335834205,47.74096577453197],[-122.76556335834205,47.73827082867961],[-122.77095325004677,47.73827082867961],[-122.77095325004677,47.735575882827256],[-122.77364819589913,47.735575882827256],[-122.77364819589913,47.73018599112254],[-122.77634314175148,47.73018599112254],[-122.77634314175148,47.72479609941782],[-122.77903808760385,47.72479609941782],[-122.77903808760385,47.71132137015603],[-122.77634314175148,47.71132137015603],[-122.77634314175148,47.70862642430367],[-122.77903808760385,47.70862642430367],[-122.77903808760385,47.70593147845131],[-122.77634314175148,47.70593147845131],[-122.77634314175148,47.700541586746596],[-122.77364819589913,47.700541586746596],[-122.77364819589913,47.697846640894234],[-122.77095325004677,47.697846640894234],[-122.77095325004677,47.6870668574848],[-122.77634314175148,47.6870668574848],[-122.77634314175148,47.68437191163244],[-122.77364819589913,47.68437191163244],[-122.77364819589913,47.681676965780085],[-122.77634314175148,47.681676965780085],[-122.77634314175148,47.67898201992772],[-122.77903808760385,47.67898201992772],[-122.77903808760385,47.67628707407537],[-122.7817330334562,47.67628707407537],[-122.7817330334562,47.67359212822301],[-122.78712292516092,47.67359212822301],[-122.78712292516092,47.66820223651829],[-122.7817330334562,47.66820223651829],[-122.7817330334562,47.67089718237065],[-122.77634314175148,47.67089718237065],[-122.77634314175148,47.67359212822301],[-122.7628684124897,47.67359212822301],[-122.7628684124897,47.67628707407537],[-122.75747852078497,47.67628707407537],[-122.75747852078497,47.681676965780085],[-122.76017346663734,47.681676965780085],[-122.76017346663734,47.68976180333716],[-122.75747852078497,47.68976180333716],[-122.75747852078497,47.69245674918952],[-122.75478357493262,47.69245674918952],[-122.75478357493262,47.697846640894234],[-122.75747852078497,47.697846640894234],[-122.75747852078497,47.700541586746596],[-122.75478357493262,47.700541586746596],[-122.75478357493262,47.71940620771311],[-122.75208862908026,47.71940620771311],[-122.75208862908026,47.72749104527018],[-122.74669873737554,47.72749104527018],[-122.74669873737554,47.73018599112254],[-122.74400379152318,47.73018599112254],[-122.74400379152318,47.732880936974894],[-122.74669873737554,47.732880936974894],[-122.74669873737554,47.73827082867961]],[[-122.74669873737554,47.73827082867961],[-122.74669873737554,47.74096577453197],[-122.75208862908026,47.74096577453197],[-122.75208862908026,47.73827082867961],[-122.74669873737554,47.73827082867961]],[[-122.72783411640903,47.80294952913622],[-122.72783411640903,47.80025458328386],[-122.72513917055667,47.80025458328386],[-122.72513917055667,47.80294952913622],[-122.72783411640903,47.80294952913622]],[[-122.72244422470432,47.76791523305556],[-122.72244422470432,47.770610178907916],[-122.72513917055667,47.770610178907916],[-122.72513917055667,47.76791523305556],[-122.72244422470432,47.76791523305556]],[[-122.67393519936186,47.86223833788811],[-122.67393519936186,47.85954339203575],[-122.66854530765714,47.85954339203575],[-122.66854530765714,47.86223833788811],[-122.67393519936186,47.86223833788811]],[[-122.69818971203308,47.78408490816971],[-122.69549476618073,47.78408490816971],[-122.69549476618073,47.786779854022065],[-122.69818971203308,47.786779854022065],[-122.69818971203308,47.78408490816971]],[[-122.66854530765714,47.81911920425037],[-122.66585036180479,47.81911920425037],[-122.66585036180479,47.82181415010273],[-122.66854530765714,47.82181415010273],[-122.66854530765714,47.81911920425037]],[[-122.62812111987176,47.84606866277396],[-122.62542617401941,47.84606866277396],[-122.62542617401941,47.848763608626314],[-122.62812111987176,47.848763608626314],[-122.62812111987176,47.84606866277396]]]},"id":"-45519+17761","properties":{"area_sq_km":56.0,"count":921,"label":2,"latitude":47.78891754213627,"longitude":-122.7079634471348,"near_healthy_bed":1,"priority_score":1.0,"priority_tier":"monitor","recommended_action":"no_action","region_id":"puget_sound","region_name":"Puget Sound, WA","state":"WA","status":2,"status_label":"healthy"}},{"type":"Feature","geometry":{"geodesic":false,"type":"Polygon","coordinates":[[[-122.67124025350951,47.95117155101594],[-122.66854530765714,47.95117155101594],[-122.66854530765714,47.9538664968683],[-122.67124025350951,47.9538664968683],[-122.67124025350951,47.95117155101594]]]},"id":"-45519+17793","properties":{"area_sq_km":0.0,"count":1,"label":0,"latitude":47.95251902016705,"longitude":-122.66989278061085,"near_healthy_bed":1,"priority_score":1.0,"priority_tier":"monitor","recommended_action":"urchin_removal_then_replant","region_id":"puget_sound","region_name":"Puget Sound, WA","state":"WA","status":0,"status_label":"barren"}},{"type":"Feature","geometry":{"geodesic":false,"type":"Polygon","coordinates":[[[-122.67393519936186,47.33672389667819],[-122.67124025350951,47.33672389667819],[-122.67124025350951,47.33941884253055],[-122.67393519936186,47.33941884253055],[-122.67393519936186,47.33672389667819]]]},"id":"-45520+17565","properties":{"area_sq_km":0.0,"count":1,"label":2,"latitude":47.338071366020756,"longitude":-122.67258772630547,"near_healthy_bed":1,"priority_score":1.0,"priority_tier":"monitor","recommended_action":"no_action","region_id":"puget_sound","region_name":"Puget Sound, WA","state":"WA","status":2,"status_label":"healthy"}},{"type":"Feature","geometry":{"geodesic":false,"type":"Polygon","coordinates":[[[-122.67393519936186,47.60621848191404],[-122.67124025350951,47.60621848191404],[-122.67124025350951,47.6089134277664],[-122.67393519936186,47.6089134277664],[-122.67393519936186,47.60621848191404]]]},"id":"-45520+17665","properties":{"area_sq_km":0.0,"count":1,"label":0,"latitude":47.607565951072466,"longitude":-122.67258772643287,"near_healthy_bed":1,"priority_score":1.0,"priority_tier":"monitor","recommended_action":"urchin_removal_then_replant","region_id":"puget_sound","region_name":"Puget Sound, WA","state":"WA","status":0,"status_label":"barren"}},{"type":"Feature","geometry":{"geodesic":false,"type":"Polygon","coordinates":[[[-122.67393519936186,47.805644474988576],[-122.67124025350951,47.805644474988576],[-122.67124025350951,47.80833942084094],[-122.67393519936186,47.80833942084094],[-122.67393519936186,47.805644474988576]]]},"id":"-45520+17739","properties":{"area_sq_km":0.0,"count":1,"label":1,"latitude":47.80699194415317,"longitude":-122.67258772647958,"near_healthy_bed":1,"priority_score":1.0,"priority_tier":"monitor","recommended_action":"monitor_and_replant","region_id":"puget_sound","region_name":"Puget Sound, WA","state":"WA","status":1,"status_label":"recovering"}},{"type":"Feature","geometry":{"geodesic":false,"type":"Polygon","coordinates":[[[-122.67393519936186,47.929611984197074],[-122.67124025350951,47.929611984197074],[-122.67124025350951,47.93230693004943],[-122.67393519936186,47.93230693004943],[-122.67393519936186,47.929611984197074]]]},"id":"-45520+17785","properties":{"area_sq_km":0.0,"count":1,"label":0,"latitude":47.9309594535461,"longitude":-122.67258772635577,"near_healthy_bed":1,"priority_score":1.0,"priority_tier":"monitor","recommended_action":"urchin_removal_then_replant","region_id":"puget_sound","region_name":"Puget Sound, WA","state":"WA","status":0,"status_label":"barren"}},{"type":"Feature","geometry":{"geodesic":false,"type":"Polygon","coordinates":[[[-122.67393519936186,47.97003617198245],[-122.67124025350951,47.97003617198245],[-122.67124025350951,47.97273111783481],[-122.67393519936186,47.97273111783481],[-122.67393519936186,47.97003617198245]]]},"id":"-45520+17800","properties":{"area_sq_km":0.0,"count":1,"label":0,"latitude":47.97138364121069,"longitude":-122.6725877263477,"near_healthy_bed":1,"priority_score":1.0,"priority_tier":"monitor","recommended_action":"urchin_removal_then_replant","region_id":"puget_sound","region_name":"Puget Sound, WA","state":"WA","status":0,"status_label":"barren"}},{"type":"Feature","geometry":{"geodesic":false,"type":"Polygon","coordinates":[[[-122.67393519936186,47.98081595539188],[-122.67393519936186,47.97812100953953],[-122.67663014521422,47.97812100953953],[-122.67663014521422,47.975426063687166],[-122.67124025350951,47.975426063687166],[-122.67124025350951,47.98081595539188],[-122.67393519936186,47.98081595539188]]]},"id":"-45520+17803","properties":{"area_sq_km":0.0,"count":3,"label":0,"latitude":47.977671832619784,"longitude":-122.67348607106865,"near_healthy_bed":1,"priority_score":1.0,"priority_tier":"monitor","recommended_action":"urchin_removal_then_replant","region_id":"puget_sound","region_name":"Puget Sound, WA","state":"WA","status":0,"status_label":"barren"}},{"type":"Feature","geometry":{"geodesic":false,"type":"Polygon","coordinates":[[[-122.67663014521422,47.33402895082583],[-122.67393519936186,47.33402895082583],[-122.67393519936186,47.33672389667819],[-122.67663014521422,47.33672389667819],[-122.67663014521422,47.33402895082583]]]},"id":"-45521+17564","properties":{"area_sq_km":0.0,"count":1,"label":2,"latitude":47.33537642014713,"longitude":-122.67528267229119,"near_healthy_bed":1,"priority_score":1.0,"priority_tier":"monitor","recommended_action":"no_action","region_id":"puget_sound","region_name":"Puget Sound, WA","state":"WA","status":2,"status_label":"healthy"}},{"type":"Feature","geometry":{"geodesic":false,"type":"Polygon","coordinates":[[[-122.67663014521422,47.61430331947112],[-122.67393519936186,47.61430331947112],[-122.67393519936186,47.61699826532348],[-122.67663014521422,47.61699826532348],[-122.67663014521422,47.61430331947112]]]},"id":"-45521+17668","properties":{"area_sq_km":0.0,"count":1,"label":0,"latitude":47.61565078867352,"longitude":-122.67528267231089,"near_healthy_bed":1,"priority_score":1.0,"priority_tier":"monitor","recommended_action":"urchin_removal_then_replant","region_id":"puget_sound","region_name":"Puget Sound, WA","state":"WA","status":0,"status_label":"barren"}},{"type":"Feature","geometry":{"geodesic":false,"type":"Polygon","coordinates":[[[-122.68202003691894,47.805644474988576],[-122.67393519936186,47.805644474988576],[-122.67393519936186,47.80833942084094],[-122.68202003691894,47.80833942084094],[-122.68202003691894,47.805644474988576]]]},"id":"-45521+17739","properties":{"area_sq_km":0.0,"count":3,"label":2,"latitude":47.806992007222426,"longitude":-122.67797761813415,"near_healthy_bed":1,"priority_score":1.0,"priority_tier":"monitor","recommended_action":"no_action","region_id":"puget_sound","region_name":"Puget Sound, WA","state":"WA","status":2,"status_label":"healthy"}},{"type":"Feature","geometry":{"geodesic":false,"type":"Polygon","coordinates":[[[-122.68202003691894,47.80833942084094],[-122.67393519936186,47.80833942084094],[-122.67393519936186,47.81103436669329],[-122.68202003691894,47.81103436669329],[-122.68202003691894,47.80833942084094]]]},"id":"-45521+17740","properties":{"area_sq_km":0.0,"count":3,"label":0,"latitude":47.80968695312136,"longitude":-122.67797761812423,"near_healthy_bed":1,"priority_score":1.0,"priority_tier":"monitor","recommended_action":"urchin_removal_then_replant","region_id":"puget_sound","region_name":"Puget Sound, WA","state":"WA","status":0,"status_label":"barren"}},{"type":"Feature","geometry":{"geodesic":false,"type":"Polygon","coordinates":[[[-122.67663014521422,47.86223833788811],[-122.67393519936186,47.86223833788811],[-122.67393519936186,47.86493328374046],[-122.67663014521422,47.86493328374046],[-122.67663014521422,47.86223833788811]]]},"id":"-45521+17760","properties":{"area_sq_km":0.0,"count":1,"label":0,"latitude":47.86358580689724,"longitude":-122.67528267238491,"near_healthy_bed":1,"priority_score":1.0,"priority_tier":"monitor","recommended_action":"urchin_removal_then_replant","region_id":"puget_sound","region_name":"Puget Sound, WA","state":"WA","status":0,"status_label":"barren"}},{"type":"Feature","geometry":{"geodesic":false,"type":"Polygon","coordinates":[[[-122.67663014521422,47.86493328374046],[-122.67393519936186,47.86493328374046],[-122.67393519936186,47.867628229592825],[-122.67663014521422,47.867628229592825],[-122.67663014521422,47.86493328374046]]]},"id":"-45521+17761","properties":{"area_sq_km":0.0,"count":1,"label":2,"latitude":47.8662807528936,"longitude":-122.6752826723311,"near_healthy_bed":1,"priority_score":1.0,"priority_tier":"monitor","recommended_action":"no_action","region_id":"puget_sound","region_name":"Puget Sound, WA","state":"WA","status":2,"status_label":"healthy"}},{"type":"Feature","geometry":{"geodesic":false,"type":"Polygon","coordinates":[[[-122.67663014521422,47.91613725493528],[-122.67393519936186,47.91613725493528],[-122.67393519936186,47.91883220078764],[-122.67663014521422,47.91883220078764],[-122.67663014521422,47.91613725493528]]]},"id":"-45521+17780","properties":{"area_sq_km":0.0,"count":1,"label":2,"latitude":47.91748472406915,"longitude":-122.67528267238276,"near_healthy_bed":1,"priority_score":1.0,"priority_tier":"monitor","recommended_action":"no_action","region_id":"puget_sound","region_name":"Puget Sound, WA","state":"WA","status":2,"status_label":"healthy"}},{"type":"Feature","geometry":{"geodesic":false,"type":"Polygon","coordinates":[[[-122.67663014521422,47.95925638857302],[-122.67393519936186,47.95925638857302],[-122.67393519936186,47.96195133442537],[-122.67663014521422,47.96195133442537],[-122.67663014521422,47.95925638857302]]]},"id":"-45521+17796","properties":{"area_sq_km":0.0,"count":1,"label":1,"latitude":47.96060385762109,"longitude":-122.67528267232404,"near_healthy_bed":1,"priority_score":1.0,"priority_tier":"monitor","recommended_action":"monitor_and_replant","region_id":"puget_sound","region_name":"Puget Sound, WA","state":"WA","status":1,"status_label":"recovering"}},{"type":"Feature","geometry":{"geodesic":false,"type":"Polygon","coordinates":[[[-122.67663014521422,47.9862058470966],[-122.67663014521422,47.983510901244244],[-122.67932509106657,47.983510901244244],[-122.67932509106657,47.98081595539188],[-122.67663014521422,47.98081595539188],[-122.67663014521422,47.97812100953953],[-122.67393519936186,47.97812100953953],[-122.67393519936186,47.98081595539188],[-122.67124025350951,47.98081595539188],[-122.67124025350951,47.983510901244244],[-122.67393519936186,47.983510901244244],[-122.67393519936186,47.9862058470966],[-122.67663014521422,47.9862058470966]]]},"id":"-45521+17805","properties":{"area_sq_km":0.0,"count":5,"label":2,"latitude":47.982163380805105,"longitude":-122.67528267229763,"near_healthy_bed":1,"priority_score":1.0,"priority_tier":"monitor","recommended_action":"no_action","region_id":"puget_sound","region_name":"Puget Sound, WA","state":"WA","status":2,"status_label":"healthy"}},{"type":"Feature","geometry":{"geodesic":false,"type":"Polygon","coordinates":[[[-122.67932509106657,47.32863905912111],[-122.67663014521422,47.32863905912111],[-122.67663014521422,47.33133400497347],[-122.67932509106657,47.33133400497347],[-122.67932509106657,47.32863905912111]]]},"id":"-45522+17562","properties":{"area_sq_km":0.0,"count":1,"label":1,"latitude":47.329986528500115,"longitude":-122.67797761803696,"near_healthy_bed":1,"priority_score":1.0,"priority_tier":"monitor","recommended_action":"monitor_and_replant","region_id":"puget_sound","region_name":"Puget Sound, WA","state":"WA","status":1,"status_label":"recovering"}},{"type":"Feature","geometry":{"geodesic":false,"type":"Polygon","coordinates":[[[-122.67932509106657,47.34750368008762],[-122.67663014521422,47.34750368008762],[-122.67663014521422,47.35019862593998],[-122.67932509106657,47.35019862593998],[-122.67932509106657,47.34750368008762]]]},"id":"-45522+17569","properties":{"area_sq_km":0.0,"count":1,"label":0,"latitude":47.348851149280506,"longitude":-122.67797761804798,"near_healthy_bed":1,"priority_score":1.0,"priority_tier":"monitor","recommended_action":"urchin_removal_then_replant","region_id":"puget_sound","region_name":"Puget Sound, WA","state":"WA","status":0,"status_label":"barren"}},{"type":"Feature","geometry":{"geodesic":false,"type":"Polygon","coordinates":[[[-122.68202003691894,47.61160837361876],[-122.68202003691894,47.60621848191404],[-122.67932509106657,47.60621848191404],[-122.67932509106657,47.6089134277664],[-122.67663014521422,47.6089134277664],[-122.67663014521422,47.61160837361876],[-122.68202003691894,47.61160837361876]]]},"id":"-45522+17666","properties":{"area_sq_km":0.0,"count":3,"label":0,"latitude":47.60936256663883,"longitude":-122.67977427793765,"near_healthy_bed":1,"priority_score":1.0,"priority_tier":"monitor","recommended_action":"urchin_removal_then_replant","region_id":"puget_sound","region_name":"Puget Sound, WA","state":"WA","status":0,"status_label":"barren"}},{"type":"Feature","geometry":{"geodesic":false,"type":"Polygon","coordinates":[[[-122.68202003691894,47.635862886289985],[-122.68202003691894,47.63316794043763],[-122.67932509106657,47.63316794043763],[-122.67932509106657,47.63047299458527],[-122.67663014521422,47.63047299458527],[-122.67663014521422,47.635862886289985],[-122.68202003691894,47.635862886289985]]]},"id":"-45522+17675","properties":{"area_sq_km":0.0,"count":3,"label":2,"latitude":47.63361707926343,"longitude":-122.67887590416137,"near_healthy_bed":1,"priority_score":1.0,"priority_tier":"monitor","recommended_action":"no_action","region_id":"puget_sound","region_name":"Puget Sound, WA","state":"WA","status":2,"status_label":"healthy"}},{"type":"Feature","geometry":{"geodesic":false,"type":"Polygon","coordinates":[[[-122.68202003691894,47.61699826532348],[-122.67932509106657,47.61699826532348],[-122.67932509106657,47.619693211175836],[-122.68202003691894,47.619693211175836],[-122.68202003691894,47.61699826532348]]]},"id":"-45523+17669","properties":{"area_sq_km":0.0,"count":1,"label":0,"latitude":47.6183457345991,"longitude":-122.68067256398605,"near_healthy_bed":1,"priority_score":1.0,"priority_tier":"monitor","recommended_action":"urchin_removal_then_replant","region_id":"puget_sound","region_name":"Puget Sound, WA","state":"WA","status":0,"status_label":"barren"}},{"type":"Feature","geometry":{"geodesic":false,"type":"Polygon","coordinates":[[[-122.68202003691894,47.619693211175836],[-122.67932509106657,47.619693211175836],[-122.67932509106657,47.6223881570282],[-122.68202003691894,47.6223881570282],[-122.68202003691894,47.619693211175836]]]},"id":"-45523+17670","properties":{"area_sq_km":0.0,"count":1,"label":2,"latitude":47.62104068023921,"longitude":-122.68067256401474,"near_healthy_bed":1,"priority_score":1.0,"priority_tier":"monitor","recommended_action":"no_action","region_id":"puget_sound","region_name":"Puget Sound, WA","state":"WA","status":2,"status_label":"healthy"}},{"type":"Feature","geometry":{"geodesic":false,"type":"Polygon","coordinates":[[[-122.68202003691894,47.92422209249236],[-122.67932509106657,47.92422209249236],[-122.67932509106657,47.929611984197074],[-122.68202003691894,47.929611984197074],[-122.68202003691894,47.92422209249236]]]},"id":"-45523+17784","properties":{"area_sq_km":0.0,"count":2,"label":1,"latitude":47.926916999323346,"longitude":-122.68067256401422,"near_healthy_bed":1,"priority_score":1.0,"priority_tier":"monitor","recommended_action":"monitor_and_replant","region_id":"puget_sound","region_name":"Puget Sound, WA","state":"WA","status":1,"status_label":"recovering"}},{"type":"Feature","geometry":{"geodesic":false,"type":"Polygon","coordinates":[[[-122.69549476618073,47.98890079294896],[-122.69549476618073,47.983510901244244],[-122.690104874476,47.983510901244244],[-122.690104874476,47.98081595539188],[-122.69818971203308,47.98081595539188],[-122.69818971203308,47.97812100953953],[-122.69549476618073,47.97812100953953],[-122.69549476618073,47.975426063687166],[-122.690104874476,47.975426063687166],[-122.690104874476,47.97273111783481],[-122.68740992862365,47.97273111783481],[-122.68740992862365,47.97812100953953],[-122.6847149827713,47.97812100953953],[-122.6847149827713,47.9862058470966],[-122.67932509106657,47.9862058470966],[-122.67932509106657,47.99429068465368],[-122.67663014521422,47.99429068465368],[-122.67663014521422,47.99698563050604],[-122.67932509106657,47.99698563050604],[-122.67932509106657,47.999680576358394],[-122.68740992862365,47.999680576358394],[-122.68740992862365,47.99698563050604],[-122.690104874476,47.99698563050604],[-122.690104874476,47.999680576358394],[-122.70088465788545,47.999680576358394],[-122.70088465788545,47.99698563050604],[-122.70357960373781,47.99698563050604],[-122.70357960373781,47.999680576358394],[-122.70627454959016,47.999680576358394],[-122.70627454959016,47.99698563050604],[-122.71166444129489,47.99698563050604],[-122.71166444129489,47.991595738801315],[-122.70896949544252,47.991595738801315],[-122.70896949544252,47.99429068465368],[-122.70627454959016,47.99429068465368],[-122.70627454959016,47.991595738801315],[-122.70088465788545,47.991595738801315],[-122.70088465788545,47.98890079294896],[-122.69549476618073,47.98890079294896]],[[-122.69549476618073,47.98890079294896],[-122.69279982032837,47.98890079294896],[-122.69279982032837,47.991595738801315],[-122.69549476618073,47.991595738801315],[-122.69549476618073,47.98890079294896]],[[-122.690104874476,47.983510901244244],[-122.68740992862365,47.983510901244244],[-122.68740992862365,47.9862058470966],[-122.690104874476,47.9862058470966],[-122.690104874476,47.983510901244244]],[[-122.690104874476,47.98890079294896],[-122.68740992862365,47.98890079294896],[-122.68740992862365,47.991595738801315],[-122.690104874476,47.991595738801315],[-122.690104874476,47.98890079294896]]]},"id":"-45523+17810","properties":{"area_sq_km":3.0,"count":58,"label":2,"latitude":47.99034060542321,"longitude":-122.69187019415125,"near_healthy_bed":1,"priority_score":1.0,"priority_tier":"monitor","recommended_action":"no_action","region_id":"puget_sound","region_name":"Puget Sound, WA","state":"WA","status":2,"status_label":"healthy"}},{"type":"Feature","geometry":{"geodesic":false,"type":"Polygon","coordinates":[[[-122.6847149827713,47.581963969242814],[-122.68202003691894,47.581963969242814],[-122.68202003691894,47.584658915095176],[-122.6847149827713,47.584658915095176],[-122.6847149827713,47.581963969242814]]]},"id":"-45524+17656","properties":{"area_sq_km":0.0,"count":1,"label":2,"latitude":47.583311438625,"longitude":-122.68336750986023,"near_healthy_bed":1,"priority_score":1.0,"priority_tier":"monitor","recommended_action":"no_action","region_id":"puget_sound","region_name":"Puget Sound, WA","state":"WA","status":2,"status_label":"healthy"}},{"type":"Feature","geometry":{"geodesic":false,"type":"Polygon","coordinates":[[[-122.6847149827713,47.592743752652254],[-122.68202003691894,47.592743752652254],[-122.68202003691894,47.59813364435697],[-122.6847149827713,47.59813364435697],[-122.6847149827713,47.592743752652254]]]},"id":"-45524+17661","properties":{"area_sq_km":0.0,"count":2,"label":2,"latitude":47.59543866015149,"longitude":-122.68336750992948,"near_healthy_bed":1,"priority_score":1.0,"priority_tier":"monitor","recommended_action":"no_action","region_id":"puget_sound","region_name":"Puget Sound, WA","state":"WA","status":2,"status_label":"healthy"}},{"type":"Feature","geometry":{"geodesic":false,"type":"Polygon","coordinates":[[[-122.6847149827713,47.62508310288055],[-122.68202003691894,47.62508310288055],[-122.68202003691894,47.627778048732914],[-122.6847149827713,47.627778048732914],[-122.6847149827713,47.62508310288055]]]},"id":"-45524+17672","properties":{"area_sq_km":0.0,"count":1,"label":2,"latitude":47.62643057198732,"longitude":-122.68336750981,"near_healthy_bed":1,"priority_score":1.0,"priority_tier":"monitor","recommended_action":"no_action","region_id":"puget_sound","region_name":"Puget Sound, WA","state":"WA","status":2,"status_label":"healthy"}},{"type":"Feature","geometry":{"geodesic":false,"type":"Polygon","coordinates":[[[-122.6847149827713,47.937696821754145],[-122.68202003691894,47.937696821754145],[-122.68202003691894,47.940391767606506],[-122.6847149827713,47.940391767606506],[-122.6847149827713,47.937696821754145]]]},"id":"-45524+17788","properties":{"area_sq_km":0.0,"count":1,"label":1,"latitude":47.93904429092742,"longitude":-122.68336750973603,"near_healthy_bed":1,"priority_score":1.0,"priority_tier":"monitor","recommended_action":"monitor_and_replant","region_id":"puget_sound","region_name":"Puget Sound, WA","state":"WA","status":1,"status_label":"recovering"}},{"type":"Feature","geometry":{"geodesic":false,"type":"Polygon","coordinates":[[[-122.690104874476,47.32324916741639],[-122.6847149827713,47.32324916741639],[-122.6847149827713,47.32863905912111],[-122.690104874476,47.32863905912111],[-122.690104874476,47.32324916741639]]]},"id":"-45525+17561","properties":{"area_sq_km":0.0,"count":4,"label":2,"latitude":47.32594409901895,"longitude":-122.68740992862244,"near_healthy_bed":1,"priority_score":1.0,"priority_tier":"monitor","recommended_action":"no_action","region_id":"puget_sound","region_name":"Puget Sound, WA","state":"WA","status":2,"status_label":"healthy"}},{"type":"Feature","geometry":{"geodesic":false,"type":"Polygon","coordinates":[[[-122.690104874476,47.3421137883829],[-122.6847149827713,47.3421137883829],[-122.6847149827713,47.344808734235265],[-122.690104874476,47.344808734235265],[-122.690104874476,47.3421137883829]]]},"id":"-45525+17567","properties":{"area_sq_km":0.0,"count":2,"label":0,"latitude":47.343461281525826,"longitude":-122.68740992868284,"near_healthy_bed":1,"priority_score":1.0,"priority_tier":"monitor","recommended_action":"urchin_removal_then_replant","region_id":"puget_sound","region_name":"Puget Sound, WA","state":"WA","status":0,"status_label":"barren"}},{"type":"Feature","geometry":{"geodesic":false,"type":"Polygon","coordinates":[[[-122.690104874476,47.61430331947112],[-122.6847149827713,47.61430331947112],[-122.6847149827713,47.619693211175836],[-122.690104874476,47.619693211175836],[-122.690104874476,47.61430331947112]]]},"id":"-45525+17669","properties":{"area_sq_km":0.0,"count":4,"label":0,"latitude":47.61699825053163,"longitude":-122.68740992865396,"near_healthy_bed":1,"priority_score":1.0,"priority_tier":"monitor","recommended_action":"urchin_removal_then_replant","region_id":"puget_sound","region_name":"Puget Sound, WA","state":"WA","status":0,"status_label":"barren"}},{"type":"Feature","geometry":{"geodesic":false,"type":"Polygon","coordinates":[[[-122.69818971203308,47.61430331947112],[-122.69818971203308,47.6089134277664],[-122.6847149827713,47.6089134277664],[-122.6847149827713,47.60621848191404],[-122.68202003691894,47.60621848191404],[-122.68202003691894,47.60352353606169],[-122.6847149827713,47.60352353606169],[-122.6847149827713,47.600828590209325],[-122.68202003691894,47.600828590209325],[-122.68202003691894,47.59813364435697],[-122.67932509106657,47.59813364435697],[-122.67932509106657,47.600828590209325],[-122.67663014521422,47.600828590209325],[-122.67663014521422,47.60352353606169],[-122.67124025350951,47.60352353606169],[-122.67124025350951,47.60621848191404],[-122.66854530765714,47.60621848191404],[-122.66854530765714,47.6089134277664],[-122.66315541595243,47.6089134277664],[-122.66315541595243,47.61430331947112],[-122.66585036180479,47.61430331947112],[-122.66585036180479,47.61160837361876],[-122.66854530765714,47.61160837361876],[-122.66854530765714,47.61699826532348],[-122.67124025350951,47.61699826532348],[-122.67124025350951,47.619693211175836],[-122.67932509106657,47.619693211175836],[-122.67932509106657,47.61699826532348],[-122.68202003691894,47.61699826532348],[-122.68202003691894,47.619693211175836],[-122.6847149827713,47.619693211175836],[-122.6847149827713,47.62508310288055],[-122.690104874476,47.62508310288055],[-122.690104874476,47.6223881570282],[-122.70088465788545,47.6223881570282],[-122.70088465788545,47.62508310288055],[-122.70357960373781,47.62508310288055],[-122.70357960373781,47.619693211175836],[-122.70627454959016,47.619693211175836],[-122.70627454959016,47.61699826532348],[-122.70088465788545,47.61699826532348],[-122.70088465788545,47.61430331947112],[-122.69818971203308,47.61430331947112]],[[-122.69818971203308,47.61430331947112],[-122.69549476618073,47.61430331947112],[-122.69549476618073,47.619693211175836],[-122.69818971203308,47.619693211175836],[-122.69818971203308,47.61430331947112]],[[-122.6847149827713,47.619693211175836],[-122.690104874476,47.619693211175836],[-122.690104874476,47.61430331947112],[-122.6847149827713,47.61430331947112],[-122.6847149827713,47.619693211175836]],[[-122.68202003691894,47.60621848191404],[-122.67932509106657,47.60621848191404],[-122.67932509106657,47.6089134277664],[-122.67663014521422,47.6089134277664],[-122.67663014521422,47.61160837361876],[-122.68202003691894,47.61160837361876],[-122.68202003691894,47.60621848191404]],[[-122.67124025350951,47.60621848191404],[-122.67124025350951,47.6089134277664],[-122.67393519936186,47.6089134277664],[-122.67393519936186,47.60621848191404],[-122.67124025350951,47.60621848191404]],[[-122.67663014521422,47.61430331947112],[-122.67393519936186,47.61430331947112],[-122.67393519936186,47.61699826532348],[-122.67663014521422,47.61699826532348],[-122.67663014521422,47.61430331947112]]]},"id":"-45525+17671","properties":{"area_sq_km":4.0,"count":62,"label":2,"latitude":47.6134338426739,"longitude":-122.68410537517923,"near_healthy_bed":1,"priority_score":1.0,"priority_tier":"monitor","recommended_action":"no_action","region_id":"puget_sound","region_name":"Puget Sound, WA","state":"WA","status":2,"status_label":"healthy"}},{"type":"Feature","geometry":{"geodesic":false,"type":"Polygon","coordinates":[[[-122.68740992862365,47.86493328374046],[-122.6847149827713,47.86493328374046],[-122.6847149827713,47.867628229592825],[-122.68740992862365,47.867628229592825],[-122.68740992862365,47.86493328374046]]]},"id":"-45525+17761","properties":{"area_sq_km":0.0,"count":1,"label":2,"latitude":47.86628075291222,"longitude":-122.68606245567659,"near_healthy_bed":1,"priority_score":1.0,"priority_tier":"monitor","recommended_action":"no_action","region_id":"puget_sound","region_name":"Puget Sound, WA","state":"WA","status":2,"status_label":"healthy"}},{"type":"Feature","geometry":{"geodesic":false,"type":"Polygon","coordinates":[[[-122.690104874476,47.309774438154605],[-122.68740992862365,47.309774438154605],[-122.68740992862365,47.31246938400696],[-122.690104874476,47.31246938400696],[-122.690104874476,47.309774438154605]]]},"id":"-45526+17555","properties":{"area_sq_km":0.0,"count":1,"label":1,"latitude":47.311121907567674,"longitude":-122.68875740149016,"near_healthy_bed":1,"priority_score":1.0,"priority_tier":"monitor","recommended_action":"monitor_and_replant","region_id":"puget_sound","region_name":"Puget Sound, WA","state":"WA","status":1,"status_label":"recovering"}},{"type":"Feature","geometry":{"geodesic":false,"type":"Polygon","coordinates":[[[-122.690104874476,47.64125277799471],[-122.68740992862365,47.64125277799471],[-122.68740992862365,47.64394772384706],[-122.690104874476,47.64394772384706],[-122.690104874476,47.64125277799471]]]},"id":"-45526+17678","properties":{"area_sq_km":0.0,"count":1,"label":2,"latitude":47.642600247201834,"longitude":-122.68875740155073,"near_healthy_bed":1,"priority_score":1.0,"priority_tier":"monitor","recommended_action":"no_action","region_id":"puget_sound","region_name":"Puget Sound, WA","state":"WA","status":2,"status_label":"healthy"}},{"type":"Feature","geometry":{"geodesic":false,"type":"Polygon","coordinates":[[[-122.690104874476,47.983510901244244],[-122.68740992862365,47.983510901244244],[-122.68740992862365,47.9862058470966],[-122.690104874476,47.9862058470966],[-122.690104874476,47.983510901244244]]]},"id":"-45526+17805","properties":{"area_sq_km":0.0,"count":1,"label":0,"latitude":47.98485837022481,"longitude":-122.68875740146467,"near_healthy_bed":1,"priority_score":1.0,"priority_tier":"monitor","recommended_action":"urchin_removal_then_replant","region_id":"puget_sound","region_name":"Puget Sound, WA","state":"WA","status":0,"status_label":"barren"}},{"type":"Feature","geometry":{"geodesic":false,"type":"Polygon","coordinates":[[[-122.690104874476,47.98890079294896],[-122.68740992862365,47.98890079294896],[-122.68740992862365,47.991595738801315],[-122.690104874476,47.991595738801315],[-122.690104874476,47.98890079294896]]]},"id":"-45526+17807","properties":{"area_sq_km":0.0,"count":1,"label":0,"latitude":47.990248262131445,"longitude":-122.68875740142407,"near_healthy_bed":1,"priority_score":1.0,"priority_tier":"monitor","recommended_action":"urchin_removal_then_replant","region_id":"puget_sound","region_name":"Puget Sound, WA","state":"WA","status":0,"status_label":"barren"}},{"type":"Feature","geometry":{"geodesic":false,"type":"Polygon","coordinates":[[[-122.690104874476,47.99698563050604],[-122.68740992862365,47.99698563050604],[-122.68740992862365,47.999680576358394],[-122.690104874476,47.999680576358394],[-122.690104874476,47.99698563050604]]]},"id":"-45526+17810","properties":{"area_sq_km":0.0,"count":1,"label":0,"latitude":47.998333099626144,"longitude":-122.688757401492,"near_healthy_bed":1,"priority_score":1.0,"priority_tier":"monitor","recommended_action":"urchin_removal_then_replant","region_id":"puget_sound","region_name":"Puget Sound, WA","state":"WA","status":0,"status_label":"barren"}},{"type":"Feature","geometry":{"geodesic":false,"type":"Polygon","coordinates":[[[-122.69549476618073,47.298994654745165],[-122.69279982032837,47.298994654745165],[-122.69279982032837,47.30168960059753],[-122.69549476618073,47.30168960059753],[-122.69549476618073,47.298994654745165]]]},"id":"-45528+17551","properties":{"area_sq_km":0.0,"count":1,"label":0,"latitude":47.300342124104866,"longitude":-122.69414729326122,"near_healthy_bed":1,"priority_score":1.0,"priority_tier":"monitor","recommended_action":"urchin_removal_then_replant","region_id":"puget_sound","region_name":"Puget Sound, WA","state":"WA","status":0,"status_label":"barren"}},{"type":"Feature","geometry":{"geodesic":false,"type":"Polygon","coordinates":[[[-122.69549476618073,47.309774438154605],[-122.69279982032837,47.309774438154605],[-122.69279982032837,47.31246938400696],[-122.69549476618073,47.31246938400696],[-122.69549476618073,47.309774438154605]]]},"id":"-45528+17555","properties":{"area_sq_km":0.0,"count":1,"label":0,"latitude":47.31112190756064,"longitude":-122.69414729321805,"near_healthy_bed":1,"priority_score":1.0,"priority_tier":"monitor","recommended_action":"urchin_removal_then_replant","region_id":"puget_sound","region_name":"Puget Sound, WA","state":"WA","status":0,"status_label":"barren"}},{"type":"Feature","geometry":{"geodesic":false,"type":"Polygon","coordinates":[[[-122.69549476618073,47.63047299458527],[-122.69279982032837,47.63047299458527],[-122.69279982032837,47.63316794043763],[-122.69549476618073,47.63316794043763],[-122.69549476618073,47.63047299458527]]]},"id":"-45528+17674","properties":{"area_sq_km":0.0,"count":1,"label":2,"latitude":47.63182046380636,"longitude":-122.69414729319568,"near_healthy_bed":1,"priority_score":1.0,"priority_tier":"monitor","recommended_action":"no_action","region_id":"puget_sound","region_name":"Puget Sound, WA","state":"WA","status":2,"status_label":"healthy"}},{"type":"Feature","geometry":{"geodesic":false,"type":"Polygon","coordinates":[[[-122.69818971203308,47.635862886289985],[-122.69279982032837,47.635862886289985],[-122.69279982032837,47.63855783214235],[-122.69818971203308,47.63855783214235],[-122.69818971203308,47.635862886289985]]]},"id":"-45528+17676","properties":{"area_sq_km":0.0,"count":2,"label":2,"latitude":47.63721037911363,"longitude":-122.69549476617135,"near_healthy_bed":1,"priority_score":1.0,"priority_tier":"monitor","recommended_action":"no_action","region_id":"puget_sound","region_name":"Puget Sound, WA","state":"WA","status":2,"status_label":"healthy"}},{"type":"Feature","geometry":{"geodesic":false,"type":"Polygon","coordinates":[[[-122.69549476618073,47.98890079294896],[-122.69279982032837,47.98890079294896],[-122.69279982032837,47.991595738801315],[-122.69549476618073,47.991595738801315],[-122.69549476618073,47.98890079294896]]]},"id":"-45528+17807","properties":{"area_sq_km":0.0,"count":1,"label":0,"latitude":47.99024826210613,"longitude":-122.69414729325752,"near_healthy_bed":1,"priority_score":1.0,"priority_tier":"monitor","recommended_action":"urchin_removal_then_replant","region_id":"puget_sound","region_name":"Puget Sound, WA","state":"WA","status":0,"status_label":"barren"}},{"type":"Feature","geometry":{"geodesic":false,"type":"Polygon","coordinates":[[[-122.69818971203308,47.32863905912111],[-122.69549476618073,47.32863905912111],[-122.69549476618073,47.33133400497347],[-122.69818971203308,47.33133400497347],[-122.69818971203308,47.32863905912111]]]},"id":"-45529+17562","properties":{"area_sq_km":0.0,"count":1,"label":2,"latitude":47.32998652848274,"longitude":-122.6968422391381,"near_healthy_bed":1,"priority_score":1.0,"priority_tier":"monitor","recommended_action":"no_action","region_id":"puget_sound","region_name":"Puget Sound, WA","state":"WA","status":2,"status_label":"healthy"}},{"type":"Feature","geometry":{"geodesic":false,"type":"Polygon","coordinates":[[[-122.69818971203308,47.61430331947112],[-122.69549476618073,47.61430331947112],[-122.69549476618073,47.619693211175836],[-122.69818971203308,47.619693211175836],[-122.69818971203308,47.61430331947112]]]},"id":"-45529+17669","properties":{"area_sq_km":0.0,"count":2,"label":0,"latitude":47.61699822688684,"longitude":-122.69684223907859,"near_healthy_bed":1,"priority_score":1.0,"priority_tier":"monitor","recommended_action":"urchin_removal_then_replant","region_id":"puget_sound","region_name":"Puget Sound, WA","state":"WA","status":0,"status_label":"barren"}},{"type":"Feature","geometry":{"geodesic":false,"type":"Polygon","coordinates":[[[-122.69818971203308,47.78408490816971],[-122.69549476618073,47.78408490816971],[-122.69549476618073,47.786779854022065],[-122.69818971203308,47.786779854022065],[-122.69818971203308,47.78408490816971]]]},"id":"-45529+17731","properties":{"area_sq_km":0.0,"count":1,"label":0,"latitude":47.78543237751174,"longitude":-122.69684223907592,"near_healthy_bed":1,"priority_score":1.0,"priority_tier":"monitor","recommended_action":"urchin_removal_then_replant","region_id":"puget_sound","region_name":"Puget Sound, WA","state":"WA","status":0,"status_label":"barren"}},{"type":"Feature","geometry":{"geodesic":false,"type":"Polygon","coordinates":[[[-122.70088465788545,47.31246938400696],[-122.69818971203308,47.31246938400696],[-122.69818971203308,47.31516432985932],[-122.70088465788545,47.31516432985932],[-122.70088465788545,47.31246938400696]]]},"id":"-45530+17556","properties":{"area_sq_km":0.0,"count":1,"label":0,"latitude":47.313816853345884,"longitude":-122.69953718493875,"near_healthy_bed":1,"priority_score":1.0,"priority_tier":"monitor","recommended_action":"urchin_removal_then_replant","region_id":"puget_sound","region_name":"Puget Sound, WA","state":"WA","status":0,"status_label":"barren"}},{"type":"Feature","geometry":{"geodesic":false,"type":"Polygon","coordinates":[[[-122.70627454959016,47.309774438154605],[-122.70088465788545,47.309774438154605],[-122.70088465788545,47.31246938400696],[-122.70627454959016,47.31246938400696],[-122.70627454959016,47.309774438154605]]]},"id":"-45531+17555","properties":{"area_sq_km":0.0,"count":2,"label":0,"latitude":47.311121931185085,"longitude":-122.70357960369577,"near_healthy_bed":1,"priority_score":1.0,"priority_tier":"monitor","recommended_action":"urchin_removal_then_replant","region_id":"puget_sound","region_name":"Puget Sound, WA","state":"WA","status":0,"status_label":"barren"}},{"type":"Feature","geometry":{"geodesic":false,"type":"Polygon","coordinates":[[[-122.70627454959016,47.61160837361876],[-122.70088465788545,47.61160837361876],[-122.70088465788545,47.61430331947112],[-122.70627454959016,47.61430331947112],[-122.70627454959016,47.61160837361876]]]},"id":"-45531+17667","properties":{"area_sq_km":0.0,"count":2,"label":2,"latitude":47.612955866644,"longitude":-122.7035796038056,"near_healthy_bed":1,"priority_score":1.0,"priority_tier":"monitor","recommended_action":"no_action","region_id":"puget_sound","region_name":"Puget Sound, WA","state":"WA","status":2,"status_label":"healthy"}},{"type":"Feature","geometry":{"geodesic":false,"type":"Polygon","coordinates":[[[-122.70357960373781,47.99698563050604],[-122.70088465788545,47.99698563050604],[-122.70088465788545,47.999680576358394],[-122.70357960373781,47.999680576358394],[-122.70357960373781,47.99698563050604]]]},"id":"-45531+17810","properties":{"area_sq_km":0.0,"count":1,"label":0,"latitude":47.998333099626635,"longitude":-122.70223213076281,"near_healthy_bed":1,"priority_score":1.0,"priority_tier":"monitor","recommended_action":"urchin_removal_then_replant","region_id":"puget_sound","region_name":"Puget Sound, WA","state":"WA","status":0,"status_label":"barren"}},{"type":"Feature","geometry":{"geodesic":false,"type":"Polygon","coordinates":[[[-122.70627454959016,47.56848923998103],[-122.70357960373781,47.56848923998103],[-122.70357960373781,47.57387913168574],[-122.70627454959016,47.57387913168574],[-122.70627454959016,47.56848923998103]]]},"id":"-45532+17652","properties":{"area_sq_km":0.0,"count":2,"label":2,"latitude":47.57118414749146,"longitude":-122.7049270767524,"near_healthy_bed":1,"priority_score":1.0,"priority_tier":"monitor","recommended_action":"no_action","region_id":"puget_sound","region_name":"Puget Sound, WA","state":"WA","status":2,"status_label":"healthy"}},{"type":"Feature","geometry":{"geodesic":false,"type":"Polygon","coordinates":[[[-122.70627454959016,47.975426063687166],[-122.70357960373781,47.975426063687166],[-122.70357960373781,47.97812100953953],[-122.70627454959016,47.97812100953953],[-122.70627454959016,47.975426063687166]]]},"id":"-45532+17802","properties":{"area_sq_km":0.0,"count":1,"label":2,"latitude":47.9767735329489,"longitude":-122.7049270767141,"near_healthy_bed":1,"priority_score":1.0,"priority_tier":"monitor","recommended_action":"no_action","region_id":"puget_sound","region_name":"Puget Sound, WA","state":"WA","status":2,"status_label":"healthy"}},{"type":"Feature","geometry":{"geodesic":false,"type":"Polygon","coordinates":[[[-122.70896949544252,47.983510901244244],[-122.70627454959016,47.983510901244244],[-122.70627454959016,47.9862058470966],[-122.70896949544252,47.9862058470966],[-122.70896949544252,47.983510901244244]]]},"id":"-45533+17805","properties":{"area_sq_km":0.0,"count":1,"label":2,"latitude":47.98485837021076,"longitude":-122.70762202256984,"near_healthy_bed":1,"priority_score":1.0,"priority_tier":"monitor","recommended_action":"no_action","region_id":"puget_sound","region_name":"Puget Sound, WA","state":"WA","status":2,"status_label":"healthy"}},{"type":"Feature","geometry":{"geodesic":false,"type":"Polygon","coordinates":[[[-122.71435938714724,47.9862058470966],[-122.71166444129489,47.9862058470966],[-122.71166444129489,47.991595738801315],[-122.71435938714724,47.991595738801315],[-122.71435938714724,47.9862058470966]]]},"id":"-45535+17807","properties":{"area_sq_km":0.0,"count":2,"label":2,"latitude":47.98890075392271,"longitude":-122.71301191422062,"near_healthy_bed":1,"priority_score":1.0,"priority_tier":"monitor","recommended_action":"no_action","region_id":"puget_sound","region_name":"Puget Sound, WA","state":"WA","status":2,"status_label":"healthy"}},{"type":"Feature","geometry":{"geodesic":false,"type":"Polygon","coordinates":[[[-122.71974927885195,47.298994654745165],[-122.7170543329996,47.298994654745165],[-122.7170543329996,47.30168960059753],[-122.71974927885195,47.30168960059753],[-122.71974927885195,47.298994654745165]]]},"id":"-45537+17551","properties":{"area_sq_km":0.0,"count":1,"label":0,"latitude":47.300342124085034,"longitude":-122.71840180586655,"near_healthy_bed":1,"priority_score":1.0,"priority_tier":"monitor","recommended_action":"urchin_removal_then_replant","region_id":"puget_sound","region_name":"Puget Sound, WA","state":"WA","status":0,"status_label":"barren"}},{"type":"Feature","geometry":{"geodesic":false,"type":"Polygon","coordinates":[[[-122.71974927885195,47.98890079294896],[-122.7170543329996,47.98890079294896],[-122.7170543329996,47.991595738801315],[-122.71974927885195,47.991595738801315],[-122.71974927885195,47.98890079294896]]]},"id":"-45537+17807","properties":{"area_sq_km":0.0,"count":1,"label":1,"latitude":47.99024826212054,"longitude":-122.71840180587573,"near_healthy_bed":1,"priority_score":1.0,"priority_tier":"monitor","recommended_action":"monitor_and_replant","region_id":"puget_sound","region_name":"Puget Sound, WA","state":"WA","status":1,"status_label":"recovering"}},{"type":"Feature","geometry":{"geodesic":false,"type":"Polygon","coordinates":[[[-122.72513917055667,47.30438454644988],[-122.72244422470432,47.30438454644988],[-122.72244422470432,47.30707949230224],[-122.72513917055667,47.30707949230224],[-122.72513917055667,47.30438454644988]]]},"id":"-45539+17553","properties":{"area_sq_km":0.0,"count":1,"label":0,"latitude":47.305732015813966,"longitude":-122.72379169764714,"near_healthy_bed":1,"priority_score":1.0,"priority_tier":"monitor","recommended_action":"urchin_removal_then_replant","region_id":"puget_sound","region_name":"Puget Sound, WA","state":"WA","status":0,"status_label":"barren"}},{"type":"Feature","geometry":{"geodesic":false,"type":"Polygon","coordinates":[[[-122.72513917055667,47.76791523305556],[-122.72244422470432,47.76791523305556],[-122.72244422470432,47.770610178907916],[-122.72513917055667,47.770610178907916],[-122.72513917055667,47.76791523305556]]]},"id":"-45539+17725","properties":{"area_sq_km":0.0,"count":1,"label":0,"latitude":47.769262702273714,"longitude":-122.72379169763431,"near_healthy_bed":1,"priority_score":1.0,"priority_tier":"monitor","recommended_action":"urchin_removal_then_replant","region_id":"puget_sound","region_name":"Puget Sound, WA","state":"WA","status":0,"status_label":"barren"}},{"type":"Feature","geometry":{"geodesic":false,"type":"Polygon","coordinates":[[[-122.72783411640903,47.298994654745165],[-122.72513917055667,47.298994654745165],[-122.72513917055667,47.30168960059753],[-122.72783411640903,47.30168960059753],[-122.72783411640903,47.298994654745165]]]},"id":"-45540+17551","properties":{"area_sq_km":0.0,"count":1,"label":0,"latitude":47.30034212410241,"longitude":-122.7264866434586,"near_healthy_bed":1,"priority_score":1.0,"priority_tier":"monitor","recommended_action":"urchin_removal_then_replant","region_id":"puget_sound","region_name":"Puget Sound, WA","state":"WA","status":0,"status_label":"barren"}},{"type":"Feature","geometry":{"geodesic":false,"type":"Polygon","coordinates":[[[-122.72783411640903,47.309774438154605],[-122.72513917055667,47.309774438154605],[-122.72513917055667,47.31246938400696],[-122.72783411640903,47.31246938400696],[-122.72783411640903,47.309774438154605]]]},"id":"-45540+17555","properties":{"area_sq_km":0.0,"count":1,"label":0,"latitude":47.311121907614734,"longitude":-122.7264866435315,"near_healthy_bed":1,"priority_score":1.0,"priority_tier":"monitor","recommended_action":"urchin_removal_then_replant","region_id":"puget_sound","region_name":"Puget Sound, WA","state":"WA","status":0,"status_label":"barren"}},{"type":"Feature","geometry":{"geodesic":false,"type":"Polygon","coordinates":[[[-122.72783411640903,47.80025458328386],[-122.72513917055667,47.80025458328386],[-122.72513917055667,47.80294952913622],[-122.72783411640903,47.80294952913622],[-122.72783411640903,47.80025458328386]]]},"id":"-45540+17737","properties":{"area_sq_km":0.0,"count":1,"label":0,"latitude":47.801602052498986,"longitude":-122.72648664359384,"near_healthy_bed":1,"priority_score":1.0,"priority_tier":"monitor","recommended_action":"urchin_removal_then_replant","region_id":"puget_sound","region_name":"Puget Sound, WA","state":"WA","status":0,"status_label":"barren"}},{"type":"Feature","geometry":{"geodesic":false,"type":"Polygon","coordinates":[[[-122.7359189539661,47.751745557941405],[-122.7359189539661,47.74635566623669],[-122.7305290622614,47.74635566623669],[-122.7305290622614,47.74905061208905],[-122.72783411640903,47.74905061208905],[-122.72783411640903,47.751745557941405],[-122.7359189539661,47.751745557941405]]]},"id":"-45541+17718","properties":{"area_sq_km":0.0,"count":5,"label":2,"latitude":47.749320116753985,"longitude":-122.73241555100574,"near_healthy_bed":1,"priority_score":1.0,"priority_tier":"monitor","recommended_action":"no_action","region_id":"puget_sound","region_name":"Puget Sound, WA","state":"WA","status":2,"status_label":"healthy"}},{"type":"Feature","geometry":{"geodesic":false,"type":"Polygon","coordinates":[[[-122.73861389981846,47.805644474988576],[-122.7305290622614,47.805644474988576],[-122.7305290622614,47.80833942084094],[-122.73861389981846,47.80833942084094],[-122.73861389981846,47.805644474988576]]]},"id":"-45542+17739","properties":{"area_sq_km":0.0,"count":3,"label":2,"latitude":47.806992007243466,"longitude":-122.73457148103776,"near_healthy_bed":1,"priority_score":1.0,"priority_tier":"monitor","recommended_action":"no_action","region_id":"puget_sound","region_name":"Puget Sound, WA","state":"WA","status":2,"status_label":"healthy"}},{"type":"Feature","geometry":{"geodesic":false,"type":"Polygon","coordinates":[[[-122.73861389981846,47.74096577453197],[-122.7359189539661,47.74096577453197],[-122.7359189539661,47.743660720384334],[-122.73861389981846,47.743660720384334],[-122.73861389981846,47.74096577453197]]]},"id":"-45544+17715","properties":{"area_sq_km":0.0,"count":1,"label":2,"latitude":47.742313243779094,"longitude":-122.73726642685621,"near_healthy_bed":1,"priority_score":1.0,"priority_tier":"monitor","recommended_action":"no_action","region_id":"puget_sound","region_name":"Puget Sound, WA","state":"WA","status":2,"status_label":"healthy"}},{"type":"Feature","geometry":{"geodesic":false,"type":"Polygon","coordinates":[[[-122.74400379152318,47.732880936974894],[-122.74130884567083,47.732880936974894],[-122.74130884567083,47.735575882827256],[-122.74400379152318,47.735575882827256],[-122.74400379152318,47.732880936974894]]]},"id":"-45546+17712","properties":{"area_sq_km":0.0,"count":1,"label":2,"latitude":47.73422840609979,"longitude":-122.74265631858098,"near_healthy_bed":1,"priority_score":1.0,"priority_tier":"monitor","recommended_action":"no_action","region_id":"puget_sound","region_name":"Puget Sound, WA","state":"WA","status":2,"status_label":"healthy"}},{"type":"Feature","geometry":{"geodesic":false,"type":"Polygon","coordinates":[[[-122.75208862908026,47.73827082867961],[-122.74669873737554,47.73827082867961],[-122.74669873737554,47.74096577453197],[-122.75208862908026,47.74096577453197],[-122.75208862908026,47.73827082867961]]]},"id":"-45548+17714","properties":{"area_sq_km":0.0,"count":2,"label":0,"latitude":47.739618321531346,"longitude":-122.74939368324807,"near_healthy_bed":1,"priority_score":1.0,"priority_tier":"monitor","recommended_action":"urchin_removal_then_replant","region_id":"puget_sound","region_name":"Puget Sound, WA","state":"WA","status":0,"status_label":"barren"}},{"type":"Feature","geometry":{"geodesic":false,"type":"Polygon","coordinates":[[[-122.75478357493262,47.76252534135084],[-122.74939368322791,47.76252534135084],[-122.74939368322791,47.7652202872032],[-122.75478357493262,47.7652202872032],[-122.75478357493262,47.76252534135084]]]},"id":"-45549+17723","properties":{"area_sq_km":0.0,"count":2,"label":1,"latitude":47.76387283421669,"longitude":-122.75208862900615,"near_healthy_bed":1,"priority_score":1.0,"priority_tier":"monitor","recommended_action":"monitor_and_replant","region_id":"puget_sound","region_name":"Puget Sound, WA","state":"WA","status":1,"status_label":"recovering"}},{"type":"Feature","geometry":{"geodesic":false,"type":"Polygon","coordinates":[[[-122.75478357493262,47.66820223651829],[-122.75208862908026,47.66820223651829],[-122.75208862908026,47.67089718237065],[-122.75478357493262,47.67089718237065],[-122.75478357493262,47.66820223651829]]]},"id":"-45550+17688","properties":{"area_sq_km":0.0,"count":1,"label":2,"latitude":47.66954970593565,"longitude":-122.75343610209329,"near_healthy_bed":1,"priority_score":1.0,"priority_tier":"monitor","recommended_action":"no_action","region_id":"puget_sound","region_name":"Puget Sound, WA","state":"WA","status":2,"status_label":"healthy"}},{"type":"Feature","geometry":{"geodesic":false,"type":"Polygon","coordinates":[[[-122.75747852078497,47.665507290665936],[-122.75478357493262,47.665507290665936],[-122.75478357493262,47.66820223651829],[-122.75747852078497,47.66820223651829],[-122.75747852078497,47.665507290665936]]]},"id":"-45551+17687","properties":{"area_sq_km":0.0,"count":1,"label":1,"latitude":47.6668547599837,"longitude":-122.75613104794462,"near_healthy_bed":1,"priority_score":1.0,"priority_tier":"monitor","recommended_action":"monitor_and_replant","region_id":"puget_sound","region_name":"Puget Sound, WA","state":"WA","status":1,"status_label":"recovering"}},{"type":"Feature","geometry":{"geodesic":false,"type":"Polygon","coordinates":[[[-122.76017346663734,47.66820223651829],[-122.75747852078497,47.66820223651829],[-122.75747852078497,47.67359212822301],[-122.76017346663734,47.67359212822301],[-122.76017346663734,47.66820223651829]]]},"id":"-45552+17689","properties":{"area_sq_km":0.0,"count":2,"label":2,"latitude":47.67089714390097,"longitude":-122.75882599373323,"near_healthy_bed":1,"priority_score":1.0,"priority_tier":"monitor","recommended_action":"no_action","region_id":"puget_sound","region_name":"Puget Sound, WA","state":"WA","status":2,"status_label":"healthy"}},{"type":"Feature","geometry":{"geodesic":false,"type":"Polygon","coordinates":[[[-122.7628684124897,47.665507290665936],[-122.76017346663734,47.665507290665936],[-122.76017346663734,47.66820223651829],[-122.7628684124897,47.66820223651829],[-122.7628684124897,47.665507290665936]]]},"id":"-45553+17687","properties":{"area_sq_km":0.0,"count":1,"label":2,"latitude":47.666854759931404,"longitude":-122.76152093959234,"near_healthy_bed":1,"priority_score":1.0,"priority_tier":"monitor","recommended_action":"no_action","region_id":"puget_sound","region_name":"Puget Sound, WA","state":"WA","status":2,"status_label":"healthy"}},{"type":"Feature","geometry":{"geodesic":false,"type":"Polygon","coordinates":[[[-122.77095325004677,47.66820223651829],[-122.7628684124897,47.66820223651829],[-122.7628684124897,47.67089718237065],[-122.77095325004677,47.67089718237065],[-122.77095325004677,47.66820223651829]]]},"id":"-45554+17688","properties":{"area_sq_km":0.0,"count":3,"label":2,"latitude":47.66954976870871,"longitude":-122.76691083128574,"near_healthy_bed":1,"priority_score":1.0,"priority_tier":"monitor","recommended_action":"no_action","region_id":"puget_sound","region_name":"Puget Sound, WA","state":"WA","status":2,"status_label":"healthy"}},{"type":"Feature","geometry":{"geodesic":false,"type":"Polygon","coordinates":[[[-122.76556335834205,47.74096577453197],[-122.7628684124897,47.74096577453197],[-122.7628684124897,47.743660720384334],[-122.76556335834205,47.743660720384334],[-122.76556335834205,47.74096577453197]]]},"id":"-45554+17715","properties":{"area_sq_km":0.0,"count":1,"label":1,"latitude":47.7423132438089,"longitude":-122.76421588547262,"near_healthy_bed":1,"priority_score":1.0,"priority_tier":"monitor","recommended_action":"monitor_and_replant","region_id":"puget_sound","region_name":"Puget Sound, WA","state":"WA","status":1,"status_label":"recovering"}},{"type":"Feature","geometry":{"geodesic":false,"type":"Polygon","coordinates":[[[-122.77364819589913,47.662812344813574],[-122.77095325004677,47.662812344813574],[-122.77095325004677,47.66820223651829],[-122.77364819589913,47.66820223651829],[-122.77364819589913,47.662812344813574]]]},"id":"-45557+17687","properties":{"area_sq_km":0.0,"count":2,"label":2,"latitude":47.66550725215029,"longitude":-122.77230072297633,"near_healthy_bed":1,"priority_score":1.0,"priority_tier":"monitor","recommended_action":"no_action","region_id":"puget_sound","region_name":"Puget Sound, WA","state":"WA","status":2,"status_label":"healthy"}},{"type":"Feature","geometry":{"geodesic":false,"type":"Polygon","coordinates":[[[-122.77634314175148,47.66820223651829],[-122.77364819589913,47.66820223651829],[-122.77364819589913,47.67089718237065],[-122.77634314175148,47.67089718237065],[-122.77634314175148,47.66820223651829]]]},"id":"-45558+17688","properties":{"area_sq_km":0.0,"count":1,"label":2,"latitude":47.66954970596889,"longitude":-122.77499566880063,"near_healthy_bed":1,"priority_score":1.0,"priority_tier":"monitor","recommended_action":"no_action","region_id":"puget_sound","region_name":"Puget Sound, WA","state":"WA","status":2,"status_label":"healthy"}},{"type":"Feature","geometry":{"geodesic":false,"type":"Polygon","coordinates":[[[-122.77634314175148,47.681676965780085],[-122.77364819589913,47.681676965780085],[-122.77364819589913,47.68437191163244],[-122.77634314175148,47.68437191163244],[-122.77634314175148,47.681676965780085]]]},"id":"-45558+17693","properties":{"area_sq_km":0.0,"count":1,"label":0,"latitude":47.68302443491103,"longitude":-122.77499566883652,"near_healthy_bed":1,"priority_score":1.0,"priority_tier":"monitor","recommended_action":"urchin_removal_then_replant","region_id":"puget_sound","region_name":"Puget Sound, WA","state":"WA","status":0,"status_label":"barren"}},{"type":"Feature","geometry":{"geodesic":false,"type":"Polygon","coordinates":[[[-122.77903808760385,47.66820223651829],[-122.77903808760385,47.665507290665936],[-122.78712292516092,47.665507290665936],[-122.78712292516092,47.662812344813574],[-122.78981787101328,47.662812344813574],[-122.78981787101328,47.66011739896121],[-122.79251281686564,47.66011739896121],[-122.79251281686564,47.65742245310886],[-122.78442797930856,47.65742245310886],[-122.78442797930856,47.66011739896121],[-122.77903808760385,47.66011739896121],[-122.77903808760385,47.662812344813574],[-122.77634314175148,47.662812344813574],[-122.77634314175148,47.66820223651829],[-122.77903808760385,47.66820223651829]]]},"id":"-45559+17687","properties":{"area_sq_km":1.0,"count":12,"label":2,"latitude":47.662138594671276,"longitude":-122.78397910419332,"near_healthy_bed":1,"priority_score":1.0,"priority_tier":"monitor","recommended_action":"no_action","region_id":"puget_sound","region_name":"Puget Sound, WA","state":"WA","status":2,"status_label":"healthy"}},{"type":"Feature","geometry":{"geodesic":false,"type":"Polygon","coordinates":[[[-122.77903808760385,47.681676965780085],[-122.77634314175148,47.681676965780085],[-122.77634314175148,47.68437191163244],[-122.77903808760385,47.68437191163244],[-122.77903808760385,47.681676965780085]]]},"id":"-45559+17693","properties":{"area_sq_km":0.0,"count":1,"label":2,"latitude":47.68302443487397,"longitude":-122.77769061459067,"near_healthy_bed":1,"priority_score":1.0,"priority_tier":"monitor","recommended_action":"no_action","region_id":"puget_sound","region_name":"Puget Sound, WA","state":"WA","status":2,"status_label":"healthy"}},{"type":"Feature","geometry":{"geodesic":false,"type":"Polygon","coordinates":[[[-122.78442797930856,47.65742245310886],[-122.77903808760385,47.65742245310886],[-122.77903808760385,47.66011739896121],[-122.78442797930856,47.66011739896121],[-122.78442797930856,47.65742245310886]]]},"id":"-45560+17684","properties":{"area_sq_km":0.0,"count":2,"label":1,"latitude":47.65876994605661,"longitude":-122.78173303346843,"near_healthy_bed":1,"priority_score":1.0,"priority_tier":"monitor","recommended_action":"monitor_and_replant","region_id":"puget_sound","region_name":"Puget Sound, WA","state":"WA","status":1,"status_label":"recovering"}},{"type":"Feature","geometry":{"geodesic":false,"type":"Polygon","coordinates":[[[-122.78712292516092,47.681676965780085],[-122.78712292516092,47.67898201992772],[-122.80059765442272,47.67898201992772],[-122.80059765442272,47.662812344813574],[-122.79790270857036,47.662812344813574],[-122.79790270857036,47.665507290665936],[-122.795207762718,47.665507290665936],[-122.795207762718,47.662812344813574],[-122.78981787101328,47.662812344813574],[-122.78981787101328,47.67089718237065],[-122.79251281686564,47.67089718237065],[-122.79251281686564,47.67359212822301],[-122.78981787101328,47.67359212822301],[-122.78981787101328,47.67628707407537],[-122.7817330334562,47.67628707407537],[-122.7817330334562,47.681676965780085],[-122.78712292516092,47.681676965780085]]]},"id":"-45561+17692","properties":{"area_sq_km":2.0,"count":27,"label":2,"latitude":47.67254375141157,"longitude":-122.79346148024614,"near_healthy_bed":1,"priority_score":1.0,"priority_tier":"monitor","recommended_action":"no_action","region_id":"puget_sound","region_name":"Puget Sound, WA","state":"WA","status":2,"status_label":"healthy"}},{"type":"Feature","geometry":{"geodesic":false,"type":"Polygon","coordinates":[[[-122.78981787101328,47.30168960059753],[-122.78712292516092,47.30168960059753],[-122.78712292516092,47.30438454644988],[-122.78981787101328,47.30438454644988],[-122.78981787101328,47.30168960059753]]]},"id":"-45563+17552","properties":{"area_sq_km":0.0,"count":1,"label":1,"latitude":47.30303706998073,"longitude":-122.78847039821298,"near_healthy_bed":1,"priority_score":1.0,"priority_tier":"monitor","recommended_action":"monitor_and_replant","region_id":"puget_sound","region_name":"Puget Sound, WA","state":"WA","status":1,"status_label":"recovering"}},{"type":"Feature","geometry":{"geodesic":false,"type":"Polygon","coordinates":[[[-122.795207762718,47.298994654745165],[-122.78981787101328,47.298994654745165],[-122.78981787101328,47.30168960059753],[-122.795207762718,47.30168960059753],[-122.795207762718,47.298994654745165]]]},"id":"-45564+17551","properties":{"area_sq_km":0.0,"count":2,"label":2,"latitude":47.300342147703574,"longitude":-122.79251281686983,"near_healthy_bed":1,"priority_score":1.0,"priority_tier":"monitor","recommended_action":"no_action","region_id":"puget_sound","region_name":"Puget Sound, WA","state":"WA","status":2,"status_label":"healthy"}},{"type":"Feature","geometry":{"geodesic":false,"type":"Polygon","coordinates":[[[-122.795207762718,47.33133400497347],[-122.78981787101328,47.33133400497347],[-122.78981787101328,47.33402895082583],[-122.795207762718,47.33402895082583],[-122.795207762718,47.33133400497347]]]},"id":"-45564+17563","properties":{"area_sq_km":0.0,"count":2,"label":1,"latitude":47.33268149796621,"longitude":-122.79251281689815,"near_healthy_bed":1,"priority_score":1.0,"priority_tier":"monitor","recommended_action":"monitor_and_replant","region_id":"puget_sound","region_name":"Puget Sound, WA","state":"WA","status":1,"status_label":"recovering"}},{"type":"Feature","geometry":{"geodesic":false,"type":"Polygon","coordinates":[[[-122.79251281686564,47.33672389667819],[-122.78981787101328,47.33672389667819],[-122.78981787101328,47.33941884253055],[-122.79251281686564,47.33941884253055],[-122.79251281686564,47.33672389667819]]]},"id":"-45564+17565","properties":{"area_sq_km":0.0,"count":1,"label":2,"latitude":47.338071366007945,"longitude":-122.79116534396192,"near_healthy_bed":1,"priority_score":1.0,"priority_tier":"monitor","recommended_action":"no_action","region_id":"puget_sound","region_name":"Puget Sound, WA","state":"WA","status":2,"status_label":"healthy"}},{"type":"Feature","geometry":{"geodesic":false,"type":"Polygon","coordinates":[[[-122.79790270857036,47.35828346349705],[-122.78981787101328,47.35828346349705],[-122.78981787101328,47.360978409349414],[-122.79790270857036,47.360978409349414],[-122.79790270857036,47.35828346349705]]]},"id":"-45564+17573","properties":{"area_sq_km":0.0,"count":3,"label":2,"latitude":47.35963099591701,"longitude":-122.7938602897985,"near_healthy_bed":1,"priority_score":1.0,"priority_tier":"monitor","recommended_action":"no_action","region_id":"puget_sound","region_name":"Puget Sound, WA","state":"WA","status":2,"status_label":"healthy"}},{"type":"Feature","geometry":{"geodesic":false,"type":"Polygon","coordinates":[[[-122.79790270857036,47.66011739896121],[-122.795207762718,47.66011739896121],[-122.795207762718,47.662812344813574],[-122.79790270857036,47.662812344813574],[-122.79790270857036,47.66011739896121]]]},"id":"-45566+17685","properties":{"area_sq_km":0.0,"count":1,"label":2,"latitude":47.66146486827716,"longitude":-122.79655523562464,"near_healthy_bed":1,"priority_score":1.0,"priority_tier":"monitor","recommended_action":"no_action","region_id":"puget_sound","region_name":"Puget Sound, WA","state":"WA","status":2,"status_label":"healthy"}},{"type":"Feature","geometry":{"geodesic":false,"type":"Polygon","coordinates":[[[-122.79790270857036,47.662812344813574],[-122.795207762718,47.662812344813574],[-122.795207762718,47.665507290665936],[-122.79790270857036,47.665507290665936],[-122.79790270857036,47.662812344813574]]]},"id":"-45566+17686","properties":{"area_sq_km":0.0,"count":1,"label":0,"latitude":47.66415981392562,"longitude":-122.79655523561354,"near_healthy_bed":1,"priority_score":1.0,"priority_tier":"monitor","recommended_action":"urchin_removal_then_replant","region_id":"puget_sound","region_name":"Puget Sound, WA","state":"WA","status":0,"status_label":"barren"}},{"type":"Feature","geometry":{"geodesic":false,"type":"Polygon","coordinates":[[[-122.80059765442272,47.30438454644988],[-122.79790270857036,47.30438454644988],[-122.79790270857036,47.30707949230224],[-122.80059765442272,47.30707949230224],[-122.80059765442272,47.30438454644988]]]},"id":"-45567+17553","properties":{"area_sq_km":0.0,"count":1,"label":2,"latitude":47.30573201584207,"longitude":-122.79925018147703,"near_healthy_bed":1,"priority_score":1.0,"priority_tier":"monitor","recommended_action":"no_action","region_id":"puget_sound","region_name":"Puget Sound, WA","state":"WA","status":2,"status_label":"healthy"}},{"type":"Feature","geometry":{"geodesic":false,"type":"Polygon","coordinates":[[[-122.80059765442272,47.32055422156404],[-122.79790270857036,47.32055422156404],[-122.79790270857036,47.32324916741639],[-122.80059765442272,47.32324916741639],[-122.80059765442272,47.32055422156404]]]},"id":"-45567+17559","properties":{"area_sq_km":0.0,"count":1,"label":2,"latitude":47.32190169091455,"longitude":-122.79925018145192,"near_healthy_bed":1,"priority_score":1.0,"priority_tier":"monitor","recommended_action":"no_action","region_id":"puget_sound","region_name":"Puget Sound, WA","state":"WA","status":2,"status_label":"healthy"}},{"type":"Feature","geometry":{"geodesic":false,"type":"Polygon","coordinates":[[[-122.80059765442272,47.33133400497347],[-122.79790270857036,47.33133400497347],[-122.79790270857036,47.33672389667819],[-122.80059765442272,47.33672389667819],[-122.80059765442272,47.33133400497347]]]},"id":"-45567+17564","properties":{"area_sq_km":0.0,"count":2,"label":2,"latitude":47.334028912886346,"longitude":-122.79925018146032,"near_healthy_bed":1,"priority_score":1.0,"priority_tier":"monitor","recommended_action":"no_action","region_id":"puget_sound","region_name":"Puget Sound, WA","state":"WA","status":2,"status_label":"healthy"}},{"type":"Feature","geometry":{"geodesic":false,"type":"Polygon","coordinates":[[[-122.80059765442272,47.65742245310886],[-122.79790270857036,47.65742245310886],[-122.79790270857036,47.66011739896121],[-122.80059765442272,47.66011739896121],[-122.80059765442272,47.65742245310886]]]},"id":"-45567+17684","properties":{"area_sq_km":0.0,"count":1,"label":2,"latitude":47.658769922316935,"longitude":-122.79925018153143,"near_healthy_bed":1,"priority_score":1.0,"priority_tier":"monitor","recommended_action":"no_action","region_id":"puget_sound","region_name":"Puget Sound, WA","state":"WA","status":2,"status_label":"healthy"}},{"type":"Feature","geometry":{"geodesic":false,"type":"Polygon","coordinates":[[[-122.80059765442272,47.66011739896121],[-122.79790270857036,47.66011739896121],[-122.79790270857036,47.662812344813574],[-122.80059765442272,47.662812344813574],[-122.80059765442272,47.66011739896121]]]},"id":"-45567+17685","properties":{"area_sq_km":0.0,"count":1,"label":0,"latitude":47.661464868249126,"longitude":-122.79925018152751,"near_healthy_bed":1,"priority_score":1.0,"priority_tier":"monitor","recommended_action":"urchin_removal_then_replant","region_id":"puget_sound","region_name":"Puget Sound, WA","state":"WA","status":0,"status_label":"barren"}},{"type":"Feature","geometry":{"geodesic":false,"type":"Polygon","coordinates":[[[-122.21579440446091,47.59813364435697],[-122.21309945860855,47.59813364435697],[-122.21309945860855,47.600828590209325],[-122.21579440446091,47.600828590209325],[-122.21579440446091,47.59813364435697]]]},"id":"-45350+17662","properties":{"area_sq_km":0.0,"count":1,"label":1,"latitude":47.59948111359807,"longitude":-122.21444693155208,"near_healthy_bed":0,"priority_score":0.0,"priority_tier":"monitor","recommended_action":"monitor_and_replant","region_id":"puget_sound","region_name":"Puget Sound, WA","state":"WA","status":1,"status_label":"recovering"}},{"type":"Feature","geometry":{"geodesic":false,"type":"Polygon","coordinates":[[[-122.21579440446091,47.6089134277664],[-122.21309945860855,47.6089134277664],[-122.21309945860855,47.61160837361876],[-122.21579440446091,47.61160837361876],[-122.21579440446091,47.6089134277664]]]},"id":"-45350+17666","properties":{"area_sq_km":0.0,"count":1,"label":1,"latitude":47.610260896951765,"longitude":-122.2144469316722,"near_healthy_bed":0,"priority_score":0.0,"priority_tier":"monitor","recommended_action":"monitor_and_replant","region_id":"puget_sound","region_name":"Puget Sound, WA","state":"WA","status":1,"status_label":"recovering"}},{"type":"Feature","geometry":{"geodesic":false,"type":"Polygon","coordinates":[[[-122.21848935031326,47.584658915095176],[-122.21579440446091,47.584658915095176],[-122.21579440446091,47.58735386094753],[-122.21848935031326,47.58735386094753],[-122.21848935031326,47.584658915095176]]]},"id":"-45351+17657","properties":{"area_sq_km":0.0,"count":1,"label":1,"latitude":47.58600638424128,"longitude":-122.21714187739987,"near_healthy_bed":0,"priority_score":0.0,"priority_tier":"monitor","recommended_action":"monitor_and_replant","region_id":"puget_sound","region_name":"Puget Sound, WA","state":"WA","status":1,"status_label":"recovering"}},{"type":"Feature","geometry":{"geodesic":false,"type":"Polygon","coordinates":[[[-122.21848935031326,47.60352353606169],[-122.21579440446091,47.60352353606169],[-122.21579440446091,47.6089134277664],[-122.21848935031326,47.6089134277664],[-122.21848935031326,47.60352353606169]]]},"id":"-45351+17665","properties":{"area_sq_km":0.0,"count":2,"label":1,"latitude":47.606218443555086,"longitude":-122.21714187729911,"near_healthy_bed":0,"priority_score":0.0,"priority_tier":"monitor","recommended_action":"monitor_and_replant","region_id":"puget_sound","region_name":"Puget Sound, WA","state":"WA","status":1,"status_label":"recovering"}},{"type":"Feature","geometry":{"geodesic":false,"type":"Polygon","coordinates":[[[-122.22118429616562,47.6089134277664],[-122.21848935031326,47.6089134277664],[-122.21848935031326,47.61430331947112],[-122.22118429616562,47.61430331947112],[-122.22118429616562,47.6089134277664]]]},"id":"-45352+17667","properties":{"area_sq_km":0.0,"count":2,"label":1,"latitude":47.61160833527473,"longitude":-122.21983682332042,"near_healthy_bed":0,"priority_score":0.0,"priority_tier":"monitor","recommended_action":"monitor_and_replant","region_id":"puget_sound","region_name":"Puget Sound, WA","state":"WA","status":1,"status_label":"recovering"}},{"type":"Feature","geometry":{"geodesic":false,"type":"Polygon","coordinates":[[[-122.23465902542742,47.56309934827631],[-122.23196407957505,47.56309934827631],[-122.23196407957505,47.565794294128665],[-122.23465902542742,47.565794294128665],[-122.23465902542742,47.56309934827631]]]},"id":"-45357+17649","properties":{"area_sq_km":0.0,"count":1,"label":1,"latitude":47.564446817565404,"longitude":-122.23331155229738,"near_healthy_bed":0,"priority_score":0.0,"priority_tier":"monitor","recommended_action":"monitor_and_replant","region_id":"puget_sound","region_name":"Puget Sound, WA","state":"WA","status":1,"status_label":"recovering"}},{"type":"Feature","geometry":{"geodesic":false,"type":"Polygon","coordinates":[[[-122.24543880883685,47.6223881570282],[-122.2427438629845,47.6223881570282],[-122.2427438629845,47.62508310288055],[-122.24543880883685,47.62508310288055],[-122.24543880883685,47.6223881570282]]]},"id":"-45361+17671","properties":{"area_sq_km":0.0,"count":1,"label":1,"latitude":47.62373562629474,"longitude":-122.24409133591823,"near_healthy_bed":0,"priority_score":0.0,"priority_tier":"monitor","recommended_action":"monitor_and_replant","region_id":"puget_sound","region_name":"Puget Sound, WA","state":"WA","status":1,"status_label":"recovering"}},{"type":"Feature","geometry":{"geodesic":false,"type":"Polygon","coordinates":[[[-122.25082870054156,47.592743752652254],[-122.2481337546892,47.592743752652254],[-122.2481337546892,47.59543869850461],[-122.25082870054156,47.59543869850461],[-122.25082870054156,47.592743752652254]]]},"id":"-45363+17660","properties":{"area_sq_km":0.0,"count":1,"label":1,"latitude":47.594091222058914,"longitude":-122.24948122759427,"near_healthy_bed":0,"priority_score":0.0,"priority_tier":"monitor","recommended_action":"monitor_and_replant","region_id":"puget_sound","region_name":"Puget Sound, WA","state":"WA","status":1,"status_label":"recovering"}},{"type":"Feature","geometry":{"geodesic":false,"type":"Polygon","coordinates":[[[-122.39366083071657,47.396012705430074],[-122.39096588486422,47.396012705430074],[-122.39096588486422,47.398707651282436],[-122.39366083071657,47.398707651282436],[-122.39366083071657,47.396012705430074]]]},"id":"-45416+17587","properties":{"area_sq_km":0.0,"count":1,"label":1,"latitude":47.39736017460311,"longitude":-122.39231335786327,"near_healthy_bed":0,"priority_score":0.0,"priority_tier":"monitor","recommended_action":"monitor_and_replant","region_id":"puget_sound","region_name":"Puget Sound, WA","state":"WA","status":1,"status_label":"recovering"}},{"type":"Feature","geometry":{"geodesic":false,"type":"Polygon","coordinates":[[[-122.40983050583073,47.91344230908292],[-122.40713555997836,47.91344230908292],[-122.40713555997836,47.91613725493528],[-122.40983050583073,47.91613725493528],[-122.40983050583073,47.91344230908292]]]},"id":"-45422+17779","properties":{"area_sq_km":0.0,"count":1,"label":1,"latitude":47.91478977812737,"longitude":-122.40848303278717,"near_healthy_bed":0,"priority_score":0.0,"priority_tier":"monitor","recommended_action":"monitor_and_replant","region_id":"puget_sound","region_name":"Puget Sound, WA","state":"WA","status":1,"status_label":"recovering"}},{"type":"Feature","geometry":{"geodesic":false,"type":"Polygon","coordinates":[[[-122.42869512679724,47.40140259713479],[-122.42600018094487,47.40140259713479],[-122.42600018094487,47.40409754298715],[-122.42869512679724,47.40409754298715],[-122.42869512679724,47.40140259713479]]]},"id":"-45429+17589","properties":{"area_sq_km":0.0,"count":1,"label":1,"latitude":47.40275006642672,"longitude":-122.42734765380621,"near_healthy_bed":0,"priority_score":0.0,"priority_tier":"monitor","recommended_action":"monitor_and_replant","region_id":"puget_sound","region_name":"Puget Sound, WA","state":"WA","status":1,"status_label":"recovering"}},{"type":"Feature","geometry":{"geodesic":false,"type":"Polygon","coordinates":[[[-122.47720415213969,47.50920043122913],[-122.47450920628732,47.50920043122913],[-122.47450920628732,47.511895377081494],[-122.47720415213969,47.511895377081494],[-122.47720415213969,47.50920043122913]]]},"id":"-45447+17629","properties":{"area_sq_km":0.0,"count":1,"label":1,"latitude":47.51054790057367,"longitude":-122.4758566792062,"near_healthy_bed":0,"priority_score":0.0,"priority_tier":"monitor","recommended_action":"monitor_and_replant","region_id":"puget_sound","region_name":"Puget Sound, WA","state":"WA","status":1,"status_label":"recovering"}},{"type":"Feature","geometry":{"geodesic":false,"type":"Polygon","coordinates":[[[-122.5284081233345,47.352893571792336],[-122.52571317748215,47.352893571792336],[-122.52571317748215,47.3555885176447],[-122.5284081233345,47.3555885176447],[-122.5284081233345,47.352893571792336]]]},"id":"-45466+17571","properties":{"area_sq_km":0.0,"count":1,"label":1,"latitude":47.35424104113536,"longitude":-122.52706065044276,"near_healthy_bed":0,"priority_score":0.0,"priority_tier":"monitor","recommended_action":"monitor_and_replant","region_id":"puget_sound","region_name":"Puget Sound, WA","state":"WA","status":1,"status_label":"recovering"}},{"type":"Feature","geometry":{"geodesic":false,"type":"Polygon","coordinates":[[[-122.53649296089158,47.6223881570282],[-122.53379801503921,47.6223881570282],[-122.53379801503921,47.62508310288055],[-122.53649296089158,47.62508310288055],[-122.53649296089158,47.6223881570282]]]},"id":"-45469+17671","properties":{"area_sq_km":0.0,"count":1,"label":1,"latitude":47.6237356263,"longitude":-122.53514548805003,"near_healthy_bed":0,"priority_score":0.0,"priority_tier":"monitor","recommended_action":"monitor_and_replant","region_id":"puget_sound","region_name":"Puget Sound, WA","state":"WA","status":1,"status_label":"recovering"}},{"type":"Feature","geometry":{"geodesic":false,"type":"Polygon","coordinates":[[[-122.56883231111988,47.82181415010273],[-122.56613736526752,47.82181415010273],[-122.56613736526752,47.82450909595509],[-122.56883231111988,47.82450909595509],[-122.56883231111988,47.82181415010273]]]},"id":"-45481+17745","properties":{"area_sq_km":0.0,"count":1,"label":1,"latitude":47.82316161929307,"longitude":-122.56748483825449,"near_healthy_bed":0,"priority_score":0.0,"priority_tier":"monitor","recommended_action":"monitor_and_replant","region_id":"puget_sound","region_name":"Puget Sound, WA","state":"WA","status":1,"status_label":"recovering"}},{"type":"Feature","geometry":{"geodesic":false,"type":"Polygon","coordinates":[[[-122.57152725697223,47.82720404180745],[-122.56883231111988,47.82720404180745],[-122.56883231111988,47.832593933512165],[-122.57152725697223,47.832593933512165],[-122.57152725697223,47.82720404180745]]]},"id":"-45482+17748","properties":{"area_sq_km":0.0,"count":2,"label":1,"latitude":47.829898948956256,"longitude":-122.570179783926,"near_healthy_bed":0,"priority_score":0.0,"priority_tier":"monitor","recommended_action":"monitor_and_replant","region_id":"puget_sound","region_name":"Puget Sound, WA","state":"WA","status":1,"status_label":"recovering"}},{"type":"Feature","geometry":{"geodesic":false,"type":"Polygon","coordinates":[[[-122.5742222028246,47.81911920425037],[-122.57152725697223,47.81911920425037],[-122.57152725697223,47.82181415010273],[-122.5742222028246,47.82181415010273],[-122.5742222028246,47.81911920425037]]]},"id":"-45483+17744","properties":{"area_sq_km":0.0,"count":1,"label":1,"latitude":47.820466673418984,"longitude":-122.57287472994695,"near_healthy_bed":0,"priority_score":0.0,"priority_tier":"monitor","recommended_action":"monitor_and_replant","region_id":"puget_sound","region_name":"Puget Sound, WA","state":"WA","status":1,"status_label":"recovering"}},{"type":"Feature","geometry":{"geodesic":false,"type":"Polygon","coordinates":[[[-122.59039187793874,47.89996757982113],[-122.58769693208639,47.89996757982113],[-122.58769693208639,47.902662525673485],[-122.59039187793874,47.902662525673485],[-122.59039187793874,47.89996757982113]]]},"id":"-45489+17774","properties":{"area_sq_km":0.0,"count":1,"label":1,"latitude":47.90131504878213,"longitude":-122.58904440508653,"near_healthy_bed":0,"priority_score":0.0,"priority_tier":"monitor","recommended_action":"monitor_and_replant","region_id":"puget_sound","region_name":"Puget Sound, WA","state":"WA","status":1,"status_label":"recovering"}},{"type":"Feature","geometry":{"geodesic":false,"type":"Polygon","coordinates":[[[-122.652375632543,47.716711261860745],[-122.64968068669063,47.716711261860745],[-122.64968068669063,47.71940620771311],[-122.652375632543,47.71940620771311],[-122.652375632543,47.716711261860745]]]},"id":"-45512+17706","properties":{"area_sq_km":0.0,"count":1,"label":1,"latitude":47.718058730894406,"longitude":-122.65102815958464,"near_healthy_bed":0,"priority_score":0.0,"priority_tier":"monitor","recommended_action":"monitor_and_replant","region_id":"puget_sound","region_name":"Puget Sound, WA","state":"WA","status":1,"status_label":"recovering"}},{"type":"Feature","geometry":{"geodesic":false,"type":"Polygon","coordinates":[[[-122.66046047010006,47.53884483560508],[-122.65776552424771,47.53884483560508],[-122.65776552424771,47.54153978145744],[-122.66046047010006,47.54153978145744],[-122.66046047010006,47.53884483560508]]]},"id":"-45515+17640","properties":{"area_sq_km":0.0,"count":1,"label":1,"latitude":47.540192304880485,"longitude":-122.65911299722485,"near_healthy_bed":0,"priority_score":0.0,"priority_tier":"monitor","recommended_action":"monitor_and_replant","region_id":"puget_sound","region_name":"Puget Sound, WA","state":"WA","status":1,"status_label":"recovering"}},{"type":"Feature","geometry":{"geodesic":false,"type":"Polygon","coordinates":[[[-122.690104874476,47.95117155101594],[-122.68740992862365,47.95117155101594],[-122.68740992862365,47.9538664968683],[-122.690104874476,47.9538664968683],[-122.690104874476,47.95117155101594]]]},"id":"-45526+17793","properties":{"area_sq_km":0.0,"count":1,"label":1,"latitude":47.952519020173845,"longitude":-122.68875740159966,"near_healthy_bed":0,"priority_score":0.0,"priority_tier":"monitor","recommended_action":"monitor_and_replant","region_id":"puget_sound","region_name":"Puget Sound, WA","state":"WA","status":1,"status_label":"recovering"}},{"type":"Feature","geometry":{"geodesic":false,"type":"Polygon","coordinates":[[[-122.69279982032837,47.9538664968683],[-122.690104874476,47.9538664968683],[-122.690104874476,47.956561442720655],[-122.69279982032837,47.956561442720655],[-122.69279982032837,47.9538664968683]]]},"id":"-45527+17794","properties":{"area_sq_km":0.0,"count":1,"label":1,"latitude":47.95521396598326,"longitude":-122.69145234738774,"near_healthy_bed":0,"priority_score":0.0,"priority_tier":"monitor","recommended_action":"monitor_and_replant","region_id":"puget_sound","region_name":"Puget Sound, WA","state":"WA","status":1,"status_label":"recovering"}},{"type":"Feature","geometry":{"geodesic":false,"type":"Polygon","coordinates":[[[-122.70357960373781,47.60352353606169],[-122.70088465788545,47.60352353606169],[-122.70088465788545,47.60621848191404],[-122.70357960373781,47.60621848191404],[-122.70357960373781,47.60352353606169]]]},"id":"-45531+17664","properties":{"area_sq_km":0.0,"count":1,"label":1,"latitude":47.604871005386585,"longitude":-122.70223213082089,"near_healthy_bed":0,"priority_score":0.0,"priority_tier":"monitor","recommended_action":"monitor_and_replant","region_id":"puget_sound","region_name":"Puget Sound, WA","state":"WA","status":1,"status_label":"recovering"}},{"type":"Feature","geometry":{"geodesic":false,"type":"Polygon","coordinates":[[[-122.75208862908026,47.67628707407537],[-122.74669873737554,47.67628707407537],[-122.74669873737554,47.67898201992772],[-122.75208862908026,47.67898201992772],[-122.75208862908026,47.67628707407537]]]},"id":"-45548+17691","properties":{"area_sq_km":0.0,"count":2,"label":1,"latitude":47.67763456691587,"longitude":-122.74939368328695,"near_healthy_bed":0,"priority_score":0.0,"priority_tier":"monitor","recommended_action":"monitor_and_replant","region_id":"puget_sound","region_name":"Puget Sound, WA","state":"WA","status":1,"status_label":"recovering"}},{"type":"Feature","geometry":{"geodesic":false,"type":"Polygon","coordinates":[[[-122.795207762718,47.35019862593998],[-122.78981787101328,47.35019862593998],[-122.78981787101328,47.352893571792336],[-122.795207762718,47.352893571792336],[-122.795207762718,47.35019862593998]]]},"id":"-45564+17570","properties":{"area_sq_km":0.0,"count":2,"label":1,"latitude":47.351546118945016,"longitude":-122.79251281693074,"near_healthy_bed":0,"priority_score":0.0,"priority_tier":"monitor","recommended_action":"monitor_and_replant","region_id":"puget_sound","region_name":"Puget Sound, WA","state":"WA","status":1,"status_label":"recovering"}},{"type":"Feature","geometry":{"geodesic":false,"type":"Polygon","coordinates":[[[-122.79790270857036,47.76791523305556],[-122.795207762718,47.76791523305556],[-122.795207762718,47.770610178907916],[-122.79790270857036,47.770610178907916],[-122.79790270857036,47.76791523305556]]]},"id":"-45566+17725","properties":{"area_sq_km":0.0,"count":1,"label":1,"latitude":47.76926270230696,"longitude":-122.7965552356353,"near_healthy_bed":0,"priority_score":0.0,"priority_tier":"monitor","recommended_action":"monitor_and_replant","region_id":"puget_sound","region_name":"Puget Sound, WA","state":"WA","status":1,"status_label":"recovering"}},{"type":"Feature","geometry":{"geodesic":false,"type":"Polygon","coordinates":[[[-122.79790270857036,47.82181415010273],[-122.795207762718,47.82181415010273],[-122.795207762718,47.82450909595509],[-122.79790270857036,47.82450909595509],[-122.79790270857036,47.82181415010273]]]},"id":"-45566+17745","properties":{"area_sq_km":0.0,"count":1,"label":1,"latitude":47.82316161925217,"longitude":-122.79655523566169,"near_healthy_bed":0,"priority_score":0.0,"priority_tier":"monitor","recommended_action":"monitor_and_replant","region_id":"puget_sound","region_name":"Puget Sound, WA","state":"WA","status":1,"status_label":"recovering"}},{"type":"Feature","geometry":{"geodesic":false,"type":"Polygon","coordinates":[[[-122.80059765442272,47.75713544964612],[-122.79790270857036,47.75713544964612],[-122.79790270857036,47.75983039549848],[-122.80059765442272,47.75983039549848],[-122.80059765442272,47.75713544964612]]]},"id":"-45567+17721","properties":{"area_sq_km":0.0,"count":1,"label":1,"latitude":47.75848291877618,"longitude":-122.7992501815124,"near_healthy_bed":0,"priority_score":0.0,"priority_tier":"monitor","recommended_action":"monitor_and_replant","region_id":"puget_sound","region_name":"Puget Sound, WA","state":"WA","status":1,"status_label":"recovering"}}]}