{"type":"FeatureCollection","features":[{"type":"Feature","geometry":{"geodesic":false,"type":"Polygon","coordinates":[[[-124.46068429947559,43.43444230246298],[-124.45798935362323,43.43444230246298],[-124.45798935362323,43.4398321941677],[-124.46876913703267,43.4398321941677],[-124.46876913703267,43.437137248315345],[-124.47415902873739,43.437137248315345],[-124.47415902873739,43.44252714002006],[-124.4795489204421,43.44252714002006],[-124.4795489204421,43.4398321941677],[-124.48493881214682,43.4398321941677],[-124.48493881214682,43.44252714002006],[-124.49032870385153,43.44252714002006],[-124.49032870385153,43.44791703172478],[-124.49302364970389,43.44791703172478],[-124.49302364970389,43.45061197757714],[-124.49841354140861,43.45061197757714],[-124.49841354140861,43.453306923429494],[-124.49032870385153,43.453306923429494],[-124.49032870385153,43.456001869281856],[-124.48763375799918,43.456001869281856],[-124.48763375799918,43.453306923429494],[-124.48493881214682,43.453306923429494],[-124.48493881214682,43.45869681513421],[-124.48763375799918,43.45869681513421],[-124.48763375799918,43.46678165269129],[-124.48493881214682,43.46678165269129],[-124.48493881214682,43.46947659854365],[-124.48763375799918,43.46947659854365],[-124.48763375799918,43.472171544396005],[-124.48493881214682,43.472171544396005],[-124.48493881214682,43.47486649024837],[-124.49302364970389,43.47486649024837],[-124.49302364970389,43.472171544396005],[-124.49032870385153,43.472171544396005],[-124.49032870385153,43.46947659854365],[-124.49841354140861,43.46947659854365],[-124.49841354140861,43.46678165269129],[-124.50110848726096,43.46678165269129],[-124.50110848726096,43.402102952234685],[-124.49841354140861,43.402102952234685],[-124.49841354140861,43.39940800638232],[-124.50110848726096,43.39940800638232],[-124.50110848726096,43.39132316882525],[-124.49841354140861,43.39132316882525],[-124.49841354140861,43.38862822297289],[-124.50110848726096,43.38862822297289],[-124.50110848726096,43.31047479325449],[-124.49841354140861,43.31047479325449],[-124.49841354140861,43.30777984740213],[-124.50110848726096,43.30777984740213],[-124.50110848726096,43.302389955697414],[-124.49841354140861,43.302389955697414],[-124.49841354140861,43.29969500984506],[-124.50110848726096,43.29969500984506],[-124.50110848726096,43.20806685086487],[-124.49841354140861,43.20806685086487],[-124.49841354140861,43.205371905012505],[-124.50110848726096,43.205371905012505],[-124.50110848726096,43.12991342114647],[-124.49841354140861,43.12991342114647],[-124.49841354140861,43.132608366998824],[-124.49571859555626,43.132608366998824],[-124.49571859555626,43.135303312851185],[-124.49032870385153,43.135303312851185],[-124.49032870385153,43.132608366998824],[-124.48763375799918,43.132608366998824],[-124.48763375799918,43.13799825870355],[-124.48493881214682,43.13799825870355],[-124.48493881214682,43.1406932045559],[-124.48763375799918,43.1406932045559],[-124.48763375799918,43.14338815040826],[-124.48493881214682,43.14338815040826],[-124.48493881214682,43.14608309626062],[-124.4795489204421,43.14608309626062],[-124.4795489204421,43.14877804211298],[-124.47685397458974,43.14877804211298],[-124.47685397458974,43.14338815040826],[-124.47415902873739,43.14338815040826],[-124.47415902873739,43.1406932045559],[-124.4795489204421,43.1406932045559],[-124.4795489204421,43.13799825870355],[-124.48224386629445,43.13799825870355],[-124.48224386629445,43.135303312851185],[-124.47685397458974,43.135303312851185],[-124.47685397458974,43.132608366998824],[-124.4795489204421,43.132608366998824],[-124.4795489204421,43.12452352944175],[-124.47685397458974,43.12452352944175],[-124.47685397458974,43.12182858358939],[-124.47415902873739,43.12182858358939],[-124.47415902873739,43.12452352944175],[-124.47146408288502,43.12452352944175],[-124.47146408288502,43.119133637737036],[-124.46876913703267,43.119133637737036],[-124.46876913703267,43.116438691884674],[-124.46607419118031,43.116438691884674],[-124.46607419118031,43.11374374603232],[-124.45798935362323,43.11374374603232],[-124.45798935362323,43.11104880017996],[-124.45529440777088,43.11104880017996],[-124.45529440777088,43.10565890847524],[-124.44990451606616,43.10565890847524],[-124.44990451606616,43.100269016770525],[-124.45259946191851,43.100269016770525],[-124.45259946191851,43.097574070918164],[-124.46068429947559,43.097574070918164],[-124.46068429947559,43.10565890847524],[-124.46337924532794,43.10565890847524],[-124.46337924532794,43.100269016770525],[-124.46607419118031,43.100269016770525],[-124.46607419118031,43.09218417921345],[-124.46068429947559,43.09218417921345],[-124.46068429947559,43.08409934165637],[-124.46337924532794,43.08409934165637],[-124.46337924532794,43.07870944995165],[-124.46068429947559,43.07870944995165],[-124.46068429947559,43.073319558246936],[-124.46607419118031,43.073319558246936],[-124.46607419118031,43.07062461239458],[-124.46876913703267,43.07062461239458],[-124.46876913703267,43.06792966654222],[-124.47146408288502,43.06792966654222],[-124.47146408288502,43.062539774837504],[-124.47415902873739,43.062539774837504],[-124.47415902873739,43.05714988313279],[-124.47685397458974,43.05714988313279],[-124.47685397458974,43.05984482898515],[-124.4795489204421,43.05984482898515],[-124.4795489204421,43.05714988313279],[-124.48493881214682,43.05714988313279],[-124.48493881214682,43.05984482898515],[-124.48224386629445,43.05984482898515],[-124.48224386629445,43.062539774837504],[-124.4795489204421,43.062539774837504],[-124.4795489204421,43.065234720689865],[-124.48493881214682,43.065234720689865],[-124.48493881214682,43.062539774837504],[-124.49032870385153,43.062539774837504],[-124.49032870385153,43.06792966654222],[-124.49302364970389,43.06792966654222],[-124.49302364970389,43.05984482898515],[-124.49841354140861,43.05984482898515],[-124.49841354140861,43.054454937280425],[-124.50110848726096,43.054454937280425],[-124.50110848726096,43.03289537046156],[-124.49841354140861,43.03289537046156],[-124.49841354140861,43.0302004246092],[-124.50110848726096,43.0302004246092],[-124.50110848726096,43.02211558705213],[-124.49571859555626,43.02211558705213],[-124.49571859555626,43.0302004246092],[-124.48493881214682,43.0302004246092],[-124.48493881214682,43.03289537046156],[-124.48763375799918,43.03289537046156],[-124.48763375799918,43.038285262166276],[-124.48224386629445,43.038285262166276],[-124.48224386629445,43.03559031631392],[-124.47685397458974,43.03559031631392],[-124.47685397458974,43.03289537046156],[-124.4795489204421,43.03289537046156],[-124.4795489204421,43.0302004246092],[-124.47146408288502,43.0302004246092],[-124.47146408288502,43.027505478756844],[-124.47415902873739,43.027505478756844],[-124.47415902873739,43.02481053290448],[-124.46876913703267,43.02481053290448],[-124.46876913703267,43.02211558705213],[-124.46607419118031,43.02211558705213],[-124.46607419118031,43.019420641199765],[-124.47415902873739,43.019420641199765],[-124.47415902873739,43.00864085779033],[-124.47685397458974,43.00864085779033],[-124.47685397458974,43.003250966085616],[-124.48224386629445,43.003250966085616],[-124.48224386629445,43.000556020233255],[-124.48493881214682,43.000556020233255],[-124.48493881214682,42.99516612852854],[-124.48224386629445,42.99516612852854],[-124.48224386629445,42.992471182676184],[-124.48763375799918,42.992471182676184],[-124.48763375799918,42.99516612852854],[-124.49032870385153,42.99516612852854],[-124.49032870385153,42.9978610743809],[-124.48763375799918,42.9978610743809],[-124.48763375799918,43.003250966085616],[-124.49302364970389,43.003250966085616],[-124.49302364970389,43.000556020233255],[-124.49571859555626,43.000556020233255],[-124.49571859555626,42.98708129097147],[-124.49841354140861,42.98708129097147],[-124.49841354140861,42.981691399266744],[-124.49571859555626,42.981691399266744],[-124.49571859555626,42.97899645341439],[-124.49841354140861,42.97899645341439],[-124.49841354140861,42.97091161585731],[-124.50110848726096,42.97091161585731],[-124.50110848726096,42.96013183244788],[-124.49841354140861,42.96013183244788],[-124.49841354140861,42.957436886595524],[-124.49302364970389,42.957436886595524],[-124.49302364970389,42.9520469948908],[-124.49571859555626,42.9520469948908],[-124.49571859555626,42.949352049038446],[-124.50110848726096,42.949352049038446],[-124.50110848726096,42.94126721148137],[-124.49571859555626,42.94126721148137],[-124.49571859555626,42.93857226562901],[-124.50110848726096,42.93857226562901],[-124.50110848726096,42.933182373924296],[-124.49841354140861,42.933182373924296],[-124.49841354140861,42.930487428071935],[-124.50110848726096,42.930487428071935],[-124.50110848726096,42.80113002715872],[-123.80042256564774,42.80113002715872],[-123.80042256564774,43.499121002919594],[-124.29629260248171,43.499121002919594],[-124.29629260248171,43.49642605706723],[-124.29898754833408,43.49642605706723],[-124.29898754833408,43.499121002919594],[-124.34210668197181,43.499121002919594],[-124.34210668197181,43.49642605706723],[-124.34480162782417,43.49642605706723],[-124.34480162782417,43.499121002919594],[-124.46068429947559,43.499121002919594],[-124.46068429947559,43.49373111121488],[-124.46337924532794,43.49373111121488],[-124.46337924532794,43.491036165362516],[-124.45798935362323,43.491036165362516],[-124.45798935362323,43.48295132780544],[-124.46337924532794,43.48295132780544],[-124.46337924532794,43.47756143610072],[-124.46068429947559,43.47756143610072],[-124.46068429947559,43.46947659854365],[-124.45529440777088,43.46947659854365],[-124.45529440777088,43.47756143610072],[-124.45798935362323,43.47756143610072],[-124.45798935362323,43.48025638195308],[-124.44990451606616,43.48025638195308],[-124.44990451606616,43.47756143610072],[-124.4472095702138,43.47756143610072],[-124.4472095702138,43.47486649024837],[-124.44451462436143,43.47486649024837],[-124.44451462436143,43.472171544396005],[-124.4472095702138,43.472171544396005],[-124.4472095702138,43.46947659854365],[-124.44990451606616,43.46947659854365],[-124.44990451606616,43.46139176098657],[-124.4472095702138,43.46139176098657],[-124.4472095702138,43.45869681513421],[-124.44451462436143,43.45869681513421],[-124.44451462436143,43.456001869281856],[-124.43642978680437,43.456001869281856],[-124.43642978680437,43.453306923429494],[-124.433734840952,43.453306923429494],[-124.433734840952,43.456001869281856],[-124.42834494924729,43.456001869281856],[-124.42834494924729,43.45869681513421],[-124.41756516583786,43.45869681513421],[-124.41756516583786,43.456001869281856],[-124.41487021998549,43.456001869281856],[-124.41487021998549,43.45061197757714],[-124.40948032828078,43.45061197757714],[-124.40948032828078,43.44791703172478],[-124.41217527413313,43.44791703172478],[-124.41217527413313,43.44522208587242],[-124.42026011169021,43.44522208587242],[-124.42026011169021,43.44791703172478],[-124.42295505754257,43.44791703172478],[-124.42295505754257,43.45061197757714],[-124.42026011169021,43.45061197757714],[-124.42026011169021,43.453306923429494],[-124.42295505754257,43.453306923429494],[-124.42295505754257,43.456001869281856],[-124.42565000339494,43.456001869281856],[-124.42565000339494,43.44522208587242],[-124.42834494924729,43.44522208587242],[-124.42834494924729,43.44252714002006],[-124.42565000339494,43.44252714002006],[-124.42565000339494,43.437137248315345],[-124.41756516583786,43.437137248315345],[-124.41756516583786,43.43444230246298],[-124.41487021998549,43.43444230246298],[-124.41487021998549,43.43174735661063],[-124.41217527413313,43.43174735661063],[-124.41217527413313,43.42905241075827],[-124.41756516583786,43.42905241075827],[-124.41756516583786,43.43174735661063],[-124.42026011169021,43.43174735661063],[-124.42026011169021,43.42635746490591],[-124.41756516583786,43.42635746490591],[-124.41756516583786,43.42366251905355],[-124.41217527413313,43.42366251905355],[-124.41217527413313,43.41557768149648],[-124.41487021998549,43.41557768149648],[-124.41487021998549,43.410187789791756],[-124.41756516583786,43.410187789791756],[-124.41756516583786,43.40479789808704],[-124.42295505754257,43.40479789808704],[-124.42295505754257,43.4074928439394],[-124.42026011169021,43.4074928439394],[-124.42026011169021,43.410187789791756],[-124.42295505754257,43.410187789791756],[-124.42295505754257,43.41557768149648],[-124.43103989509964,43.41557768149648],[-124.43103989509964,43.418272627348834],[-124.433734840952,43.418272627348834],[-124.433734840952,43.41557768149648],[-124.43642978680437,43.41557768149648],[-124.43642978680437,43.418272627348834],[-124.44181967850908,43.418272627348834],[-124.44181967850908,43.42366251905355],[-124.43642978680437,43.42366251905355],[-124.43642978680437,43.42635746490591],[-124.43103989509964,43.42635746490591],[-124.43103989509964,43.42905241075827],[-124.42834494924729,43.42905241075827],[-124.42834494924729,43.43174735661063],[-124.43103989509964,43.43174735661063],[-124.43103989509964,43.43444230246298],[-124.4472095702138,43.43444230246298],[-124.4472095702138,43.43174735661063],[-124.44451462436143,43.43174735661063],[-124.44451462436143,43.42905241075827],[-124.4472095702138,43.42905241075827],[-124.4472095702138,43.42366251905355],[-124.46068429947559,43.42366251905355],[-124.46068429947559,43.420967573201196],[-124.46607419118031,43.420967573201196],[-124.46607419118031,43.42366251905355],[-124.47146408288502,43.42366251905355],[-124.47146408288502,43.42635746490591],[-124.46876913703267,43.42635746490591],[-124.46876913703267,43.42905241075827],[-124.46337924532794,43.42905241075827],[-124.46337924532794,43.43174735661063],[-124.46068429947559,43.43174735661063],[-124.46068429947559,43.43444230246298]],[[-124.49841354140861,42.96013183244788],[-124.49571859555626,42.96013183244788],[-124.49571859555626,42.96282677830024],[-124.49302364970389,42.96282677830024],[-124.49302364970389,42.965521724152595],[-124.49571859555626,42.965521724152595],[-124.49571859555626,42.968216670004956],[-124.49841354140861,42.968216670004956],[-124.49841354140861,42.96013183244788]],[[-124.49571859555626,42.98708129097147],[-124.49571859555626,42.984386345119105],[-124.49302364970389,42.984386345119105],[-124.49302364970389,42.98708129097147],[-124.49571859555626,42.98708129097147]],[[-124.49302364970389,43.05984482898515],[-124.49302364970389,43.05714988313279],[-124.48763375799918,43.05714988313279],[-124.48763375799918,43.05984482898515],[-124.49302364970389,43.05984482898515]],[[-124.4795489204421,43.4398321941677],[-124.4795489204421,43.437137248315345],[-124.47685397458974,43.437137248315345],[-124.47685397458974,43.4398321941677],[-124.4795489204421,43.4398321941677]],[[-124.46068429947559,43.43444230246298],[-124.46068429947559,43.437137248315345],[-124.46337924532794,43.437137248315345],[-124.46337924532794,43.43444230246298],[-124.46068429947559,43.43444230246298]],[[-124.49841354140861,43.28083038887855],[-124.49571859555626,43.28083038887855],[-124.49571859555626,43.2835253347309],[-124.49841354140861,43.2835253347309],[-124.49841354140861,43.28083038887855]],[[-124.49841354140861,43.29161017228798],[-124.49571859555626,43.29161017228798],[-124.49571859555626,43.29430511814034],[-124.49841354140861,43.29430511814034],[-124.49841354140861,43.29161017228798]],[[-124.49841354140861,43.31586468495921],[-124.49571859555626,43.31586468495921],[-124.49571859555626,43.31316973910685],[-124.49302364970389,43.31316973910685],[-124.49302364970389,43.31855963081157],[-124.49841354140861,43.31855963081157],[-124.49841354140861,43.31586468495921]],[[-124.49571859555626,43.154167933817696],[-124.49302364970389,43.154167933817696],[-124.49302364970389,43.15686287967005],[-124.49571859555626,43.15686287967005],[-124.49571859555626,43.154167933817696]],[[-124.49571859555626,43.46408670683893],[-124.49032870385153,43.46408670683893],[-124.49032870385153,43.46678165269129],[-124.49571859555626,43.46678165269129],[-124.49571859555626,43.46408670683893]],[[-124.49032870385153,43.375153493711096],[-124.48763375799918,43.375153493711096],[-124.48763375799918,43.37784843956346],[-124.49032870385153,43.37784843956346],[-124.49032870385153,43.375153493711096]],[[-124.48763375799918,43.04098020801864],[-124.48493881214682,43.04098020801864],[-124.48493881214682,43.04367515387099],[-124.48763375799918,43.04367515387099],[-124.48763375799918,43.04098020801864]],[[-124.48224386629445,43.340119197630436],[-124.4795489204421,43.340119197630436],[-124.4795489204421,43.3428141434828],[-124.48224386629445,43.3428141434828],[-124.48224386629445,43.340119197630436]],[[-124.4795489204421,43.21076179671722],[-124.47685397458974,43.21076179671722],[-124.47685397458974,43.21345674256958],[-124.4795489204421,43.21345674256958],[-124.4795489204421,43.21076179671722]],[[-124.4795489204421,43.33472930592572],[-124.47685397458974,43.33472930592572],[-124.47685397458974,43.337424251778074],[-124.4795489204421,43.337424251778074],[-124.4795489204421,43.33472930592572]],[[-124.4795489204421,43.43174735661063],[-124.47685397458974,43.43174735661063],[-124.47685397458974,43.43444230246298],[-124.4795489204421,43.43444230246298],[-124.4795489204421,43.43174735661063]],[[-124.47685397458974,43.17842244648892],[-124.47415902873739,43.17842244648892],[-124.47415902873739,43.18111739234128],[-124.47685397458974,43.18111739234128],[-124.47685397458974,43.17842244648892]],[[-124.47685397458974,43.302389955697414],[-124.47415902873739,43.302389955697414],[-124.47415902873739,43.305084901549776],[-124.47685397458974,43.305084901549776],[-124.47685397458974,43.302389955697414]],[[-124.47415902873739,43.170337608931845],[-124.47146408288502,43.170337608931845],[-124.47146408288502,43.17303255478421],[-124.47415902873739,43.17303255478421],[-124.47415902873739,43.170337608931845]],[[-124.47415902873739,43.38593327712053],[-124.47146408288502,43.38593327712053],[-124.47146408288502,43.38862822297289],[-124.47415902873739,43.38862822297289],[-124.47415902873739,43.38593327712053]],[[-124.47146408288502,43.154167933817696],[-124.46876913703267,43.154167933817696],[-124.46876913703267,43.15686287967005],[-124.47146408288502,43.15686287967005],[-124.47146408288502,43.154167933817696]],[[-124.46876913703267,43.18111739234128],[-124.46607419118031,43.18111739234128],[-124.46607419118031,43.18381233819364],[-124.46876913703267,43.18381233819364],[-124.46876913703267,43.18111739234128]],[[-124.46876913703267,43.29969500984506],[-124.46607419118031,43.29969500984506],[-124.46607419118031,43.2970000639927],[-124.46337924532794,43.2970000639927],[-124.46337924532794,43.302389955697414],[-124.46876913703267,43.302389955697414],[-124.46876913703267,43.29969500984506]],[[-124.46876913703267,43.356288872744585],[-124.46337924532794,43.356288872744585],[-124.46337924532794,43.35898381859695],[-124.46876913703267,43.35898381859695],[-124.46876913703267,43.356288872744585]],[[-124.46876913703267,43.3616787644493],[-124.46607419118031,43.3616787644493],[-124.46607419118031,43.367068656154025],[-124.46876913703267,43.367068656154025],[-124.46876913703267,43.3616787644493]],[[-124.46607419118031,43.29161017228798],[-124.46337924532794,43.29161017228798],[-124.46337924532794,43.29430511814034],[-124.46607419118031,43.29430511814034],[-124.46607419118031,43.29161017228798]],[[-124.46607419118031,43.34550908933515],[-124.46337924532794,43.34550908933515],[-124.46337924532794,43.3428141434828],[-124.46068429947559,43.3428141434828],[-124.46068429947559,43.34550908933515],[-124.45798935362323,43.34550908933515],[-124.45798935362323,43.348204035187514],[-124.46068429947559,43.348204035187514],[-124.46068429947559,43.35089898103987],[-124.46607419118031,43.35089898103987],[-124.46607419118031,43.34550908933515]],[[-124.46607419118031,43.38862822297289],[-124.46337924532794,43.38862822297289],[-124.46337924532794,43.39132316882525],[-124.46607419118031,43.39132316882525],[-124.46607419118031,43.38862822297289]],[[-124.46068429947559,43.38862822297289],[-124.45798935362323,43.38862822297289],[-124.45798935362323,43.39132316882525],[-124.46068429947559,43.39132316882525],[-124.46068429947559,43.38862822297289]],[[-124.45798935362323,43.49373111121488],[-124.45529440777088,43.49373111121488],[-124.45529440777088,43.49642605706723],[-124.45798935362323,43.49642605706723],[-124.45798935362323,43.49373111121488]],[[-124.45529440777088,43.17303255478421],[-124.44990451606616,43.17303255478421],[-124.44990451606616,43.17842244648892],[-124.45259946191851,43.17842244648892],[-124.45259946191851,43.17572750063656],[-124.45529440777088,43.17572750063656],[-124.45529440777088,43.17303255478421]],[[-124.45529440777088,43.19998201330779],[-124.45259946191851,43.19998201330779],[-124.45259946191851,43.20267695916015],[-124.45529440777088,43.20267695916015],[-124.45529440777088,43.19998201330779]],[[-124.45529440777088,43.27813544302619],[-124.4472095702138,43.27813544302619],[-124.4472095702138,43.2835253347309],[-124.44990451606616,43.2835253347309],[-124.44990451606616,43.28083038887855],[-124.45259946191851,43.28083038887855],[-124.45259946191851,43.2835253347309],[-124.45529440777088,43.2835253347309],[-124.45529440777088,43.27813544302619]],[[-124.45529440777088,43.28891522643563],[-124.45259946191851,43.28891522643563],[-124.45259946191851,43.29161017228798],[-124.45529440777088,43.29161017228798],[-124.45529440777088,43.28891522643563]],[[-124.45529440777088,43.30777984740213],[-124.45259946191851,43.30777984740213],[-124.45259946191851,43.305084901549776],[-124.4472095702138,43.305084901549776],[-124.4472095702138,43.30777984740213],[-124.44990451606616,43.30777984740213],[-124.44990451606616,43.31047479325449],[-124.45259946191851,43.31047479325449],[-124.45259946191851,43.31316973910685],[-124.45529440777088,43.31316973910685],[-124.45529440777088,43.30777984740213]],[[-124.45529440777088,43.375153493711096],[-124.45259946191851,43.375153493711096],[-124.45259946191851,43.37784843956346],[-124.45529440777088,43.37784843956346],[-124.45529440777088,43.375153493711096]],[[-124.45529440777088,43.39132316882525],[-124.45259946191851,43.39132316882525],[-124.45259946191851,43.39401811467761],[-124.45529440777088,43.39401811467761],[-124.45529440777088,43.39132316882525]],[[-124.45259946191851,43.340119197630436],[-124.44990451606616,43.340119197630436],[-124.44990451606616,43.3428141434828],[-124.45259946191851,43.3428141434828],[-124.45259946191851,43.340119197630436]],[[-124.44990451606616,43.39132316882525],[-124.4472095702138,43.39132316882525],[-124.4472095702138,43.39401811467761],[-124.44990451606616,43.39401811467761],[-124.44990451606616,43.39132316882525]],[[-124.4472095702138,43.25388093035496],[-124.44451462436143,43.25388093035496],[-124.44451462436143,43.25657587620732],[-124.4472095702138,43.25657587620732],[-124.4472095702138,43.25388093035496]],[[-124.4472095702138,43.286220280583265],[-124.44451462436143,43.286220280583265],[-124.44451462436143,43.29161017228798],[-124.4472095702138,43.29161017228798],[-124.4472095702138,43.286220280583265]],[[-124.4472095702138,43.2970000639927],[-124.44451462436143,43.2970000639927],[-124.44451462436143,43.29969500984506],[-124.4472095702138,43.29969500984506],[-124.4472095702138,43.2970000639927]],[[-124.44451462436143,43.05984482898515],[-124.44181967850908,43.05984482898515],[-124.44181967850908,43.062539774837504],[-124.44451462436143,43.062539774837504],[-124.44451462436143,43.05984482898515]],[[-124.44451462436143,43.4074928439394],[-124.43912473265672,43.4074928439394],[-124.43912473265672,43.410187789791756],[-124.44451462436143,43.410187789791756],[-124.44451462436143,43.4074928439394]],[[-124.44181967850908,43.286220280583265],[-124.43912473265672,43.286220280583265],[-124.43912473265672,43.28891522643563],[-124.44181967850908,43.28891522643563],[-124.44181967850908,43.286220280583265]],[[-124.43912473265672,43.402102952234685],[-124.43642978680437,43.402102952234685],[-124.43642978680437,43.40479789808704],[-124.43912473265672,43.40479789808704],[-124.43912473265672,43.402102952234685]],[[-124.43642978680437,43.151472987965334],[-124.433734840952,43.151472987965334],[-124.433734840952,43.154167933817696],[-124.43642978680437,43.154167933817696],[-124.43642978680437,43.151472987965334]],[[-124.43642978680437,43.15955782552241],[-124.433734840952,43.15955782552241],[-124.433734840952,43.162252771374774],[-124.43642978680437,43.162252771374774],[-124.43642978680437,43.15955782552241]],[[-124.43642978680437,43.286220280583265],[-124.43103989509964,43.286220280583265],[-124.43103989509964,43.28891522643563],[-124.43642978680437,43.28891522643563],[-124.43642978680437,43.286220280583265]],[[-124.43103989509964,43.14877804211298],[-124.42834494924729,43.14877804211298],[-124.42834494924729,43.15955782552241],[-124.43103989509964,43.15955782552241],[-124.43103989509964,43.14877804211298]],[[-124.42565000339494,43.2646607137644],[-124.42295505754257,43.2646607137644],[-124.42295505754257,43.267355659616754],[-124.42565000339494,43.267355659616754],[-124.42565000339494,43.2646607137644]],[[-124.42295505754257,43.15955782552241],[-124.42026011169021,43.15955782552241],[-124.42026011169021,43.16494771722713],[-124.42295505754257,43.16494771722713],[-124.42295505754257,43.15955782552241]],[[-124.42295505754257,43.35089898103987],[-124.42026011169021,43.35089898103987],[-124.42026011169021,43.35359392689223],[-124.42295505754257,43.35359392689223],[-124.42295505754257,43.35089898103987]],[[-124.42026011169021,43.16764266307949],[-124.41756516583786,43.16764266307949],[-124.41756516583786,43.170337608931845],[-124.42026011169021,43.170337608931845],[-124.42026011169021,43.16764266307949]],[[-124.42026011169021,43.329339414221],[-124.41756516583786,43.329339414221],[-124.41756516583786,43.33203436007336],[-124.42026011169021,43.33203436007336],[-124.42026011169021,43.329339414221]],[[-124.42026011169021,43.356288872744585],[-124.41487021998549,43.356288872744585],[-124.41487021998549,43.35898381859695],[-124.42026011169021,43.35898381859695],[-124.42026011169021,43.356288872744585]],[[-124.41217527413313,43.35898381859695],[-124.40948032828078,43.35898381859695],[-124.40948032828078,43.3616787644493],[-124.41217527413313,43.3616787644493],[-124.41217527413313,43.35898381859695]],[[-124.41217527413313,43.45869681513421],[-124.40678538242842,43.45869681513421],[-124.40678538242842,43.46139176098657],[-124.41217527413313,43.46139176098657],[-124.41217527413313,43.45869681513421]],[[-124.40948032828078,43.270050605469116],[-124.40678538242842,43.270050605469116],[-124.40678538242842,43.27274555132147],[-124.40948032828078,43.27274555132147],[-124.40948032828078,43.270050605469116]],[[-124.40948032828078,43.4398321941677],[-124.40409043657606,43.4398321941677],[-124.40409043657606,43.437137248315345],[-124.4013954907237,43.437137248315345],[-124.4013954907237,43.44252714002006],[-124.40409043657606,43.44252714002006],[-124.40409043657606,43.44522208587242],[-124.39331065316662,43.44522208587242],[-124.39331065316662,43.45061197757714],[-124.39600559901899,43.45061197757714],[-124.39600559901899,43.453306923429494],[-124.39870054487135,43.453306923429494],[-124.39870054487135,43.45061197757714],[-124.40409043657606,43.45061197757714],[-124.40409043657606,43.44791703172478],[-124.40678538242842,43.44791703172478],[-124.40678538242842,43.44522208587242],[-124.40948032828078,43.44522208587242],[-124.40948032828078,43.4398321941677]],[[-124.40948032828078,43.453306923429494],[-124.40678538242842,43.453306923429494],[-124.40678538242842,43.456001869281856],[-124.40948032828078,43.456001869281856],[-124.40948032828078,43.453306923429494]],[[-124.40409043657606,43.329339414221],[-124.4013954907237,43.329339414221],[-124.4013954907237,43.33203436007336],[-124.40409043657606,43.33203436007336],[-124.40409043657606,43.329339414221]],[[-124.4013954907237,43.21076179671722],[-124.39870054487135,43.21076179671722],[-124.39870054487135,43.21345674256958],[-124.4013954907237,43.21345674256958],[-124.4013954907237,43.21076179671722]],[[-124.39870054487135,43.375153493711096],[-124.39600559901899,43.375153493711096],[-124.39600559901899,43.37784843956346],[-124.39870054487135,43.37784843956346],[-124.39870054487135,43.375153493711096]],[[-124.39870054487135,43.4398321941677],[-124.39331065316662,43.4398321941677],[-124.39331065316662,43.44252714002006],[-124.39870054487135,43.44252714002006],[-124.39870054487135,43.4398321941677]],[[-124.39600559901899,43.31316973910685],[-124.39331065316662,43.31316973910685],[-124.39331065316662,43.31586468495921],[-124.39600559901899,43.31586468495921],[-124.39600559901899,43.31316973910685]],[[-124.39331065316662,43.3428141434828],[-124.38792076146191,43.3428141434828],[-124.38792076146191,43.34550908933515],[-124.39331065316662,43.34550908933515],[-124.39331065316662,43.3428141434828]],[[-124.39331065316662,43.35089898103987],[-124.39061570731427,43.35089898103987],[-124.39061570731427,43.35359392689223],[-124.39331065316662,43.35359392689223],[-124.39331065316662,43.35089898103987]],[[-124.39331065316662,43.37245854785874],[-124.38522581560954,43.37245854785874],[-124.38522581560954,43.375153493711096],[-124.39331065316662,43.375153493711096],[-124.39331065316662,43.37245854785874]],[[-124.39331065316662,43.453306923429494],[-124.39061570731427,43.453306923429494],[-124.39061570731427,43.456001869281856],[-124.39331065316662,43.456001869281856],[-124.39331065316662,43.453306923429494]],[[-124.39061570731427,43.38054338541581],[-124.38522581560954,43.38054338541581],[-124.38522581560954,43.38593327712053],[-124.39061570731427,43.38593327712053],[-124.39061570731427,43.38054338541581]],[[-124.38792076146191,43.44252714002006],[-124.38522581560954,43.44252714002006],[-124.38522581560954,43.44522208587242],[-124.38792076146191,43.44522208587242],[-124.38792076146191,43.44252714002006]],[[-124.38522581560954,43.43174735661063],[-124.38253086975719,43.43174735661063],[-124.38253086975719,43.437137248315345],[-124.38522581560954,43.437137248315345],[-124.38522581560954,43.43174735661063]],[[-124.38253086975719,43.329339414221],[-124.37983592390484,43.329339414221],[-124.37983592390484,43.33203436007336],[-124.38253086975719,43.33203436007336],[-124.38253086975719,43.329339414221]],[[-124.38253086975719,43.38862822297289],[-124.37444603220011,43.38862822297289],[-124.37444603220011,43.39132316882525],[-124.38253086975719,43.39132316882525],[-124.38253086975719,43.38862822297289]],[[-124.38253086975719,43.46408670683893],[-124.37983592390484,43.46408670683893],[-124.37983592390484,43.46678165269129],[-124.38253086975719,43.46678165269129],[-124.38253086975719,43.46408670683893]],[[-124.37714097805248,43.3428141434828],[-124.37444603220011,43.3428141434828],[-124.37444603220011,43.34550908933515],[-124.37714097805248,43.34550908933515],[-124.37714097805248,43.3428141434828]],[[-124.37714097805248,43.48025638195308],[-124.37444603220011,43.48025638195308],[-124.37444603220011,43.4856462736578],[-124.37714097805248,43.4856462736578],[-124.37714097805248,43.48025638195308]],[[-124.37444603220011,43.46139176098657],[-124.3690561404954,43.46139176098657],[-124.3690561404954,43.46408670683893],[-124.37444603220011,43.46408670683893],[-124.37444603220011,43.46139176098657]],[[-124.3690561404954,43.437137248315345],[-124.36636119464303,43.437137248315345],[-124.36636119464303,43.4398321941677],[-124.3690561404954,43.4398321941677],[-124.3690561404954,43.437137248315345]],[[-124.36366624879068,43.43444230246298],[-124.36097130293832,43.43444230246298],[-124.36097130293832,43.437137248315345],[-124.36366624879068,43.437137248315345],[-124.36366624879068,43.43444230246298]],[[-124.36366624879068,43.44522208587242],[-124.36097130293832,43.44522208587242],[-124.36097130293832,43.44791703172478],[-124.36366624879068,43.44791703172478],[-124.36366624879068,43.44522208587242]],[[-124.35827635708597,43.46947659854365],[-124.3555814112336,43.46947659854365],[-124.3555814112336,43.472171544396005],[-124.35827635708597,43.472171544396005],[-124.35827635708597,43.46947659854365]],[[-124.35288646538125,43.44252714002006],[-124.35019151952889,43.44252714002006],[-124.35019151952889,43.44522208587242],[-124.35288646538125,43.44522208587242],[-124.35288646538125,43.44252714002006]],[[-124.35288646538125,43.45061197757714],[-124.35019151952889,43.45061197757714],[-124.35019151952889,43.453306923429494],[-124.35288646538125,43.453306923429494],[-124.35288646538125,43.45061197757714]],[[-124.35019151952889,43.402102952234685],[-124.34749657367654,43.402102952234685],[-124.34749657367654,43.39671306052997],[-124.34480162782417,43.39671306052997],[-124.34480162782417,43.402102952234685],[-124.33941173611946,43.402102952234685],[-124.33941173611946,43.40479789808704],[-124.34480162782417,43.40479789808704],[-124.34480162782417,43.4074928439394],[-124.34210668197181,43.4074928439394],[-124.34210668197181,43.410187789791756],[-124.34480162782417,43.410187789791756],[-124.34480162782417,43.41288273564412],[-124.35019151952889,43.41288273564412],[-124.35019151952889,43.402102952234685]],[[-124.35019151952889,43.43444230246298],[-124.34749657367654,43.43444230246298],[-124.34749657367654,43.437137248315345],[-124.35019151952889,43.437137248315345],[-124.35019151952889,43.43444230246298]],[[-124.34480162782417,43.35898381859695],[-124.34210668197181,43.35898381859695],[-124.34210668197181,43.3616787644493],[-124.34480162782417,43.3616787644493],[-124.34480162782417,43.35898381859695]],[[-124.34480162782417,43.456001869281856],[-124.33941173611946,43.456001869281856],[-124.33941173611946,43.45869681513421],[-124.34480162782417,43.45869681513421],[-124.34480162782417,43.456001869281856]],[[-124.34480162782417,43.46408670683893],[-124.34210668197181,43.46408670683893],[-124.34210668197181,43.46678165269129],[-124.34480162782417,43.46678165269129],[-124.34480162782417,43.46408670683893]],[[-124.33941173611946,43.35089898103987],[-124.33671679026709,43.35089898103987],[-124.33671679026709,43.35359392689223],[-124.33941173611946,43.35359392689223],[-124.33941173611946,43.35089898103987]],[[-124.33671679026709,43.36976360200638],[-124.33402184441474,43.36976360200638],[-124.33402184441474,43.37245854785874],[-124.33671679026709,43.37245854785874],[-124.33671679026709,43.36976360200638]],[[-124.33671679026709,43.46408670683893],[-124.33402184441474,43.46408670683893],[-124.33402184441474,43.46678165269129],[-124.33671679026709,43.46678165269129],[-124.33671679026709,43.46408670683893]],[[-124.32593700685766,43.488341219510154],[-124.3232420610053,43.488341219510154],[-124.3232420610053,43.491036165362516],[-124.32593700685766,43.491036165362516],[-124.32593700685766,43.488341219510154]],[[-124.3232420610053,43.38593327712053],[-124.32054711515295,43.38593327712053],[-124.32054711515295,43.38862822297289],[-124.3232420610053,43.38862822297289],[-124.3232420610053,43.38593327712053]],[[-124.32054711515295,43.47486649024837],[-124.31785216930058,43.47486649024837],[-124.31785216930058,43.47756143610072],[-124.32054711515295,43.47756143610072],[-124.32054711515295,43.47486649024837]],[[-124.31785216930058,43.348204035187514],[-124.31515722344822,43.348204035187514],[-124.31515722344822,43.35089898103987],[-124.31785216930058,43.35089898103987],[-124.31785216930058,43.348204035187514]],[[-124.31785216930058,43.38862822297289],[-124.31515722344822,43.38862822297289],[-124.31515722344822,43.39132316882525],[-124.31785216930058,43.39132316882525],[-124.31785216930058,43.38862822297289]],[[-124.31515722344822,43.45869681513421],[-124.31246227759587,43.45869681513421],[-124.31246227759587,43.46139176098657],[-124.31515722344822,43.46139176098657],[-124.31515722344822,43.45869681513421]],[[-124.31515722344822,43.46947659854365],[-124.31246227759587,43.46947659854365],[-124.31246227759587,43.472171544396005],[-124.31515722344822,43.472171544396005],[-124.31515722344822,43.46947659854365]],[[-124.30976733174352,43.37784843956346],[-124.30707238589115,43.37784843956346],[-124.30707238589115,43.38054338541581],[-124.30976733174352,43.38054338541581],[-124.30976733174352,43.37784843956346]],[[-124.30437744003879,43.45869681513421],[-124.30168249418644,43.45869681513421],[-124.30168249418644,43.46139176098657],[-124.30437744003879,43.46139176098657],[-124.30437744003879,43.45869681513421]],[[-124.29898754833408,43.367068656154025],[-124.29629260248171,43.367068656154025],[-124.29629260248171,43.36976360200638],[-124.29898754833408,43.36976360200638],[-124.29898754833408,43.367068656154025]],[[-124.29898754833408,43.472171544396005],[-124.29629260248171,43.472171544396005],[-124.29629260248171,43.47486649024837],[-124.29898754833408,43.47486649024837],[-124.29898754833408,43.472171544396005]],[[-124.290902710777,43.488341219510154],[-124.28820776492464,43.488341219510154],[-124.28820776492464,43.491036165362516],[-124.290902710777,43.491036165362516],[-124.290902710777,43.488341219510154]],[[-124.28551281907228,43.491036165362516],[-124.28281787321993,43.491036165362516],[-124.28281787321993,43.49642605706723],[-124.28551281907228,43.49642605706723],[-124.28551281907228,43.491036165362516]],[[-124.28281787321993,43.46139176098657],[-124.28012292736757,43.46139176098657],[-124.28012292736757,43.46408670683893],[-124.28281787321993,43.46408670683893],[-124.28281787321993,43.46139176098657]],[[-124.26395325225342,43.4074928439394],[-124.26125830640106,43.4074928439394],[-124.26125830640106,43.410187789791756],[-124.26395325225342,43.410187789791756],[-124.26395325225342,43.4074928439394]],[[-124.21813917276332,43.41557768149648],[-124.21544422691096,43.41557768149648],[-124.21544422691096,43.418272627348834],[-124.21813917276332,43.418272627348834],[-124.21813917276332,43.41557768149648]],[[-124.20466444350153,43.31047479325449],[-124.20196949764917,43.31047479325449],[-124.20196949764917,43.31316973910685],[-124.20466444350153,43.31316973910685],[-124.20466444350153,43.31047479325449]],[[-124.18849476838737,43.38593327712053],[-124.18579982253502,43.38593327712053],[-124.18579982253502,43.38862822297289],[-124.18849476838737,43.38862822297289],[-124.18849476838737,43.38593327712053]],[[-124.18579982253502,43.38054338541581],[-124.18310487668266,43.38054338541581],[-124.18310487668266,43.383238331268174],[-124.18579982253502,43.383238331268174],[-124.18579982253502,43.38054338541581]],[[-124.32593700685766,43.47756143610072],[-124.3232420610053,43.47756143610072],[-124.3232420610053,43.48025638195308],[-124.32593700685766,43.48025638195308],[-124.32593700685766,43.47756143610072]],[[-124.48224386629445,43.189202229898356],[-124.48224386629445,43.19189717575072],[-124.48493881214682,43.19189717575072],[-124.48493881214682,43.189202229898356],[-124.48224386629445,43.189202229898356]],[[-124.37444603220011,43.37784843956346],[-124.37175108634776,43.37784843956346],[-124.37175108634776,43.38054338541581],[-124.37444603220011,43.38054338541581],[-124.37444603220011,43.37784843956346]],[[-124.4013954907237,43.42905241075827],[-124.40409043657606,43.42905241075827],[-124.40409043657606,43.43444230246298],[-124.40678538242842,43.43444230246298],[-124.40678538242842,43.437137248315345],[-124.40948032828078,43.437137248315345],[-124.40948032828078,43.42905241075827],[-124.40678538242842,43.42905241075827],[-124.40678538242842,43.42366251905355],[-124.4013954907237,43.42366251905355],[-124.4013954907237,43.42905241075827]],[[-124.33402184441474,43.48025638195308],[-124.33941173611946,43.48025638195308],[-124.33941173611946,43.47756143610072],[-124.33402184441474,43.47756143610072],[-124.33402184441474,43.48025638195308]],[[-124.39331065316662,43.410187789791756],[-124.38792076146191,43.410187789791756],[-124.38792076146191,43.41288273564412],[-124.38253086975719,43.41288273564412],[-124.38253086975719,43.418272627348834],[-124.37983592390484,43.418272627348834],[-124.37983592390484,43.420967573201196],[-124.38253086975719,43.420967573201196],[-124.38253086975719,43.42635746490591],[-124.39061570731427,43.42635746490591],[-124.39061570731427,43.42905241075827],[-124.39331065316662,43.42905241075827],[-124.39331065316662,43.42635746490591],[-124.39870054487135,43.42635746490591],[-124.39870054487135,43.420967573201196],[-124.39600559901899,43.420967573201196],[-124.39600559901899,43.42366251905355],[-124.38792076146191,43.42366251905355],[-124.38792076146191,43.420967573201196],[-124.38522581560954,43.420967573201196],[-124.38522581560954,43.418272627348834],[-124.39061570731427,43.418272627348834],[-124.39061570731427,43.41557768149648],[-124.39331065316662,43.41557768149648],[-124.39331065316662,43.410187789791756]],[[-124.38792076146191,43.367068656154025],[-124.39061570731427,43.367068656154025],[-124.39061570731427,43.3616787644493],[-124.38792076146191,43.3616787644493],[-124.38792076146191,43.367068656154025]],[[-124.3232420610053,43.329339414221],[-124.32593700685766,43.329339414221],[-124.32593700685766,43.32664446836864],[-124.3232420610053,43.32664446836864],[-124.3232420610053,43.329339414221]],[[-124.37714097805248,43.37784843956346],[-124.37714097805248,43.38054338541581],[-124.37983592390484,43.38054338541581],[-124.37983592390484,43.37784843956346],[-124.37714097805248,43.37784843956346]],[[-124.39870054487135,43.43174735661063],[-124.39600559901899,43.43174735661063],[-124.39600559901899,43.43444230246298],[-124.39870054487135,43.43444230246298],[-124.39870054487135,43.43174735661063]],[[-124.34480162782417,43.47756143610072],[-124.34480162782417,43.48295132780544],[-124.34749657367654,43.48295132780544],[-124.34749657367654,43.4856462736578],[-124.35288646538125,43.4856462736578],[-124.35288646538125,43.48025638195308],[-124.34749657367654,43.48025638195308],[-124.34749657367654,43.47756143610072],[-124.34480162782417,43.47756143610072]],[[-124.3232420610053,43.46678165269129],[-124.3232420610053,43.472171544396005],[-124.33132689856238,43.472171544396005],[-124.33132689856238,43.46947659854365],[-124.32863195271003,43.46947659854365],[-124.32863195271003,43.46678165269129],[-124.3232420610053,43.46678165269129]],[[-124.44181967850908,43.39940800638232],[-124.44181967850908,43.40479789808704],[-124.45259946191851,43.40479789808704],[-124.45259946191851,43.39671306052997],[-124.44990451606616,43.39671306052997],[-124.44990451606616,43.39940800638232],[-124.4472095702138,43.39940800638232],[-124.4472095702138,43.39671306052997],[-124.44451462436143,43.39671306052997],[-124.44451462436143,43.39940800638232],[-124.44181967850908,43.39940800638232]],[[-124.3232420610053,43.46678165269129],[-124.3232420610053,43.46408670683893],[-124.32054711515295,43.46408670683893],[-124.32054711515295,43.46678165269129],[-124.3232420610053,43.46678165269129]],[[-124.48224386629445,43.42905241075827],[-124.48224386629445,43.43444230246298],[-124.48493881214682,43.43444230246298],[-124.48493881214682,43.42905241075827],[-124.48224386629445,43.42905241075827]],[[-124.40948032828078,43.33203436007336],[-124.40678538242842,43.33203436007336],[-124.40678538242842,43.33472930592572],[-124.40948032828078,43.33472930592572],[-124.40948032828078,43.33203436007336]],[[-124.39870054487135,43.23771125524081],[-124.4013954907237,43.23771125524081],[-124.4013954907237,43.23501630938845],[-124.39870054487135,43.23501630938845],[-124.39870054487135,43.23771125524081]],[[-124.39061570731427,43.321254576663925],[-124.38792076146191,43.321254576663925],[-124.38792076146191,43.32394952251629],[-124.39061570731427,43.32394952251629],[-124.39061570731427,43.321254576663925]],[[-124.44181967850908,43.39940800638232],[-124.44181967850908,43.39671306052997],[-124.43642978680437,43.39671306052997],[-124.43642978680437,43.39940800638232],[-124.44181967850908,43.39940800638232]],[[-124.43103989509964,43.46408670683893],[-124.43103989509964,43.47486649024837],[-124.433734840952,43.47486649024837],[-124.433734840952,43.472171544396005],[-124.43642978680437,43.472171544396005],[-124.43642978680437,43.46947659854365],[-124.433734840952,43.46947659854365],[-124.433734840952,43.46408670683893],[-124.43103989509964,43.46408670683893]],[[-124.290902710777,43.472171544396005],[-124.28820776492464,43.472171544396005],[-124.28820776492464,43.47486649024837],[-124.290902710777,43.47486649024837],[-124.290902710777,43.472171544396005]],[[-124.41217527413313,43.19459212160307],[-124.41487021998549,43.19459212160307],[-124.41487021998549,43.189202229898356],[-124.41217527413313,43.189202229898356],[-124.41217527413313,43.19459212160307]],[[-124.41217527413313,43.19459212160307],[-124.40948032828078,43.19459212160307],[-124.40948032828078,43.19189717575072],[-124.40678538242842,43.19189717575072],[-124.40678538242842,43.197287067455434],[-124.41217527413313,43.197287067455434],[-124.41217527413313,43.19459212160307]],[[-124.42565000339494,43.46947659854365],[-124.42565000339494,43.472171544396005],[-124.42834494924729,43.472171544396005],[-124.42834494924729,43.46947659854365],[-124.42565000339494,43.46947659854365]],[[-124.38253086975719,43.491036165362516],[-124.38253086975719,43.4856462736578],[-124.37983592390484,43.4856462736578],[-124.37983592390484,43.491036165362516],[-124.38253086975719,43.491036165362516]],[[-124.34210668197181,43.488341219510154],[-124.33941173611946,43.488341219510154],[-124.33941173611946,43.491036165362516],[-124.34210668197181,43.491036165362516],[-124.34210668197181,43.488341219510154]],[[-124.18849476838737,43.375153493711096],[-124.18579982253502,43.375153493711096],[-124.18579982253502,43.37784843956346],[-124.18849476838737,43.37784843956346],[-124.18849476838737,43.375153493711096]],[[-124.45798935362323,43.15955782552241],[-124.46337924532794,43.15955782552241],[-124.46337924532794,43.154167933817696],[-124.46068429947559,43.154167933817696],[-124.46068429947559,43.15686287967005],[-124.45798935362323,43.15686287967005],[-124.45798935362323,43.15955782552241]],[[-124.36097130293832,43.420967573201196],[-124.36097130293832,43.418272627348834],[-124.35827635708597,43.418272627348834],[-124.35827635708597,43.420967573201196],[-124.36097130293832,43.420967573201196]],[[-124.42565000339494,43.14338815040826],[-124.42295505754257,43.14338815040826],[-124.42295505754257,43.14608309626062],[-124.42565000339494,43.14608309626062],[-124.42565000339494,43.14338815040826]],[[-124.39061570731427,43.321254576663925],[-124.39331065316662,43.321254576663925],[-124.39331065316662,43.31855963081157],[-124.39061570731427,43.31855963081157],[-124.39061570731427,43.321254576663925]],[[-124.39331065316662,43.337424251778074],[-124.39331065316662,43.33472930592572],[-124.39061570731427,43.33472930592572],[-124.39061570731427,43.337424251778074],[-124.39331065316662,43.337424251778074]],[[-124.39331065316662,43.410187789791756],[-124.39600559901899,43.410187789791756],[-124.39600559901899,43.4074928439394],[-124.39331065316662,43.4074928439394],[-124.39331065316662,43.410187789791756]],[[-124.46607419118031,43.41288273564412],[-124.46607419118031,43.410187789791756],[-124.46337924532794,43.410187789791756],[-124.46337924532794,43.41288273564412],[-124.46607419118031,43.41288273564412]],[[-124.45798935362323,43.15955782552241],[-124.45529440777088,43.15955782552241],[-124.45529440777088,43.162252771374774],[-124.45798935362323,43.162252771374774],[-124.45798935362323,43.15955782552241]],[[-124.48224386629445,43.189202229898356],[-124.48224386629445,43.186507284046],[-124.47685397458974,43.186507284046],[-124.47685397458974,43.189202229898356],[-124.48224386629445,43.189202229898356]],[[-124.32593700685766,43.47756143610072],[-124.33132689856238,43.47756143610072],[-124.33132689856238,43.47486649024837],[-124.32593700685766,43.47486649024837],[-124.32593700685766,43.47756143610072]],[[-124.39600559901899,43.337424251778074],[-124.39870054487135,43.337424251778074],[-124.39870054487135,43.33472930592572],[-124.39600559901899,43.33472930592572],[-124.39600559901899,43.337424251778074]],[[-124.36366624879068,43.420967573201196],[-124.3690561404954,43.420967573201196],[-124.3690561404954,43.418272627348834],[-124.36366624879068,43.418272627348834],[-124.36366624879068,43.420967573201196]],[[-124.48493881214682,43.36976360200638],[-124.49032870385153,43.36976360200638],[-124.49032870385153,43.3616787644493],[-124.48493881214682,43.3616787644493],[-124.48493881214682,43.35898381859695],[-124.48763375799918,43.35898381859695],[-124.48763375799918,43.356288872744585],[-124.48224386629445,43.356288872744585],[-124.48224386629445,43.35089898103987],[-124.47685397458974,43.35089898103987],[-124.47685397458974,43.35359392689223],[-124.47146408288502,43.35359392689223],[-124.47146408288502,43.356288872744585],[-124.4795489204421,43.356288872744585],[-124.4795489204421,43.35898381859695],[-124.48224386629445,43.35898381859695],[-124.48224386629445,43.3616787644493],[-124.4795489204421,43.3616787644493],[-124.4795489204421,43.36437371030166],[-124.48763375799918,43.36437371030166],[-124.48763375799918,43.367068656154025],[-124.48493881214682,43.367068656154025],[-124.48493881214682,43.36976360200638]],[[-124.33402184441474,43.453306923429494],[-124.33941173611946,43.453306923429494],[-124.33941173611946,43.45061197757714],[-124.33402184441474,43.45061197757714],[-124.33402184441474,43.453306923429494]],[[-124.48224386629445,43.42905241075827],[-124.48224386629445,43.42635746490591],[-124.4795489204421,43.42635746490591],[-124.4795489204421,43.42905241075827],[-124.48224386629445,43.42905241075827]],[[-124.45798935362323,43.054454937280425],[-124.46337924532794,43.054454937280425],[-124.46337924532794,43.05175999142807],[-124.45798935362323,43.05175999142807],[-124.45798935362323,43.054454937280425]],[[-124.38792076146191,43.356288872744585],[-124.38792076146191,43.35359392689223],[-124.38522581560954,43.35359392689223],[-124.38522581560954,43.356288872744585],[-124.38792076146191,43.356288872744585]],[[-124.33132689856238,43.453306923429494],[-124.33132689856238,43.45061197757714],[-124.32863195271003,43.45061197757714],[-124.32863195271003,43.44791703172478],[-124.32593700685766,43.44791703172478],[-124.32593700685766,43.453306923429494],[-124.33132689856238,43.453306923429494]],[[-124.3232420610053,43.329339414221],[-124.32054711515295,43.329339414221],[-124.32054711515295,43.33203436007336],[-124.3232420610053,43.33203436007336],[-124.3232420610053,43.329339414221]],[[-124.290902710777,43.472171544396005],[-124.29359765662936,43.472171544396005],[-124.29359765662936,43.46678165269129],[-124.290902710777,43.46678165269129],[-124.290902710777,43.472171544396005]],[[-124.34210668197181,43.472171544396005],[-124.34210668197181,43.46947659854365],[-124.33941173611946,43.46947659854365],[-124.33941173611946,43.472171544396005],[-124.34210668197181,43.472171544396005]],[[-124.45798935362323,43.05714988313279],[-124.45798935362323,43.05984482898515],[-124.46337924532794,43.05984482898515],[-124.46337924532794,43.05714988313279],[-124.45798935362323,43.05714988313279]],[[-124.39870054487135,43.35089898103987],[-124.39870054487135,43.356288872744585],[-124.4013954907237,43.356288872744585],[-124.4013954907237,43.35089898103987],[-124.39870054487135,43.35089898103987]],[[-124.48493881214682,43.36976360200638],[-124.48224386629445,43.36976360200638],[-124.48224386629445,43.37245854785874],[-124.48493881214682,43.37245854785874],[-124.48493881214682,43.36976360200638]],[[-124.36636119464303,43.42635746490591],[-124.36366624879068,43.42635746490591],[-124.36366624879068,43.42905241075827],[-124.36636119464303,43.42905241075827],[-124.36636119464303,43.42635746490591]],[[-124.36636119464303,43.42635746490591],[-124.3690561404954,43.42635746490591],[-124.3690561404954,43.42366251905355],[-124.36636119464303,43.42366251905355],[-124.36636119464303,43.42635746490591]],[[-124.38792076146191,43.367068656154025],[-124.38522581560954,43.367068656154025],[-124.38522581560954,43.36437371030166],[-124.37983592390484,43.36437371030166],[-124.37983592390484,43.36976360200638],[-124.38792076146191,43.36976360200638],[-124.38792076146191,43.367068656154025]],[[-124.38253086975719,43.491036165362516],[-124.38253086975719,43.49373111121488],[-124.38522581560954,43.49373111121488],[-124.38522581560954,43.491036165362516],[-124.38253086975719,43.491036165362516]],[[-124.33402184441474,43.48025638195308],[-124.33132689856238,43.48025638195308],[-124.33132689856238,43.48295132780544],[-124.33402184441474,43.48295132780544],[-124.33402184441474,43.48025638195308]],[[-124.39870054487135,43.23771125524081],[-124.39600559901899,43.23771125524081],[-124.39600559901899,43.24040620109317],[-124.39870054487135,43.24040620109317],[-124.39870054487135,43.23771125524081]],[[-124.18849476838737,43.375153493711096],[-124.19118971423973,43.375153493711096],[-124.19118971423973,43.37245854785874],[-124.18849476838737,43.37245854785874],[-124.18849476838737,43.375153493711096]],[[-124.34210668197181,43.488341219510154],[-124.34480162782417,43.488341219510154],[-124.34480162782417,43.4856462736578],[-124.34210668197181,43.4856462736578],[-124.34210668197181,43.488341219510154]],[[-124.42565000339494,43.14338815040826],[-124.42834494924729,43.14338815040826],[-124.42834494924729,43.1406932045559],[-124.42565000339494,43.1406932045559],[-124.42565000339494,43.14338815040826]],[[-124.40948032828078,43.33203436007336],[-124.41217527413313,43.33203436007336],[-124.41217527413313,43.329339414221],[-124.40948032828078,43.329339414221],[-124.40948032828078,43.33203436007336]],[[-124.47685397458974,43.41288273564412],[-124.4795489204421,43.41288273564412],[-124.4795489204421,43.410187789791756],[-124.47685397458974,43.410187789791756],[-124.47685397458974,43.41288273564412]],[[-124.38792076146191,43.356288872744585],[-124.38792076146191,43.35898381859695],[-124.39061570731427,43.35898381859695],[-124.39061570731427,43.356288872744585],[-124.38792076146191,43.356288872744585]],[[-124.46607419118031,43.41288273564412],[-124.46607419118031,43.41557768149648],[-124.46876913703267,43.41557768149648],[-124.46876913703267,43.418272627348834],[-124.47146408288502,43.418272627348834],[-124.47146408288502,43.41557768149648],[-124.47685397458974,43.41557768149648],[-124.47685397458974,43.41288273564412],[-124.46607419118031,43.41288273564412]],[[-124.45798935362323,43.05714988313279],[-124.45798935362323,43.054454937280425],[-124.45529440777088,43.054454937280425],[-124.45529440777088,43.05714988313279],[-124.45798935362323,43.05714988313279]],[[-124.43103989509964,43.46408670683893],[-124.43103989509964,43.46139176098657],[-124.42295505754257,43.46139176098657],[-124.42295505754257,43.46947659854365],[-124.42565000339494,43.46947659854365],[-124.42565000339494,43.46678165269129],[-124.42834494924729,43.46678165269129],[-124.42834494924729,43.46408670683893],[-124.43103989509964,43.46408670683893]],[[-124.39600559901899,43.340119197630436],[-124.39600559901899,43.337424251778074],[-124.39331065316662,43.337424251778074],[-124.39331065316662,43.340119197630436],[-124.39600559901899,43.340119197630436]],[[-124.39870054487135,43.35089898103987],[-124.39870054487135,43.3428141434828],[-124.4013954907237,43.3428141434828],[-124.4013954907237,43.340119197630436],[-124.39600559901899,43.340119197630436],[-124.39600559901899,43.35089898103987],[-124.39870054487135,43.35089898103987]],[[-124.39870054487135,43.43174735661063],[-124.4013954907237,43.43174735661063],[-124.4013954907237,43.42905241075827],[-124.39870054487135,43.42905241075827],[-124.39870054487135,43.43174735661063]],[[-124.37714097805248,43.37784843956346],[-124.37714097805248,43.375153493711096],[-124.37444603220011,43.375153493711096],[-124.37444603220011,43.37784843956346],[-124.37714097805248,43.37784843956346]],[[-124.36097130293832,43.420967573201196],[-124.36097130293832,43.42366251905355],[-124.36366624879068,43.42366251905355],[-124.36366624879068,43.420967573201196],[-124.36097130293832,43.420967573201196]],[[-124.34480162782417,43.47756143610072],[-124.34480162782417,43.472171544396005],[-124.34210668197181,43.472171544396005],[-124.34210668197181,43.47756143610072],[-124.34480162782417,43.47756143610072]],[[-124.33132689856238,43.453306923429494],[-124.33132689856238,43.456001869281856],[-124.33402184441474,43.456001869281856],[-124.33402184441474,43.453306923429494],[-124.33132689856238,43.453306923429494]]]},"id":"-45939+16140","properties":{"area_sq_km":4319.0,"count":65924,"label":0,"latitude":43.14659562688956,"longitude":-124.14426713330988,"near_healthy_bed":0,"priority_score":12957.0,"priority_tier":"critical","recommended_action":"urchin_removal_then_replant","region_id":"southern_oregon","region_name":"Southern Oregon Coast","state":"OR","status":0,"status_label":"barren"}},{"type":"Feature","geometry":{"geodesic":false,"type":"Polygon","coordinates":[[[-124.45529440777088,43.453306923429494],[-124.45529440777088,43.45061197757714],[-124.45798935362323,43.45061197757714],[-124.45798935362323,43.44522208587242],[-124.46068429947559,43.44522208587242],[-124.46068429947559,43.44252714002006],[-124.45798935362323,43.44252714002006],[-124.45798935362323,43.4398321941677],[-124.45529440777088,43.4398321941677],[-124.45529440777088,43.43174735661063],[-124.44990451606616,43.43174735661063],[-124.44990451606616,43.43444230246298],[-124.4472095702138,43.43444230246298],[-124.4472095702138,43.4398321941677],[-124.43912473265672,43.4398321941677],[-124.43912473265672,43.437137248315345],[-124.43642978680437,43.437137248315345],[-124.43642978680437,43.4398321941677],[-124.433734840952,43.4398321941677],[-124.433734840952,43.437137248315345],[-124.43103989509964,43.437137248315345],[-124.43103989509964,43.4398321941677],[-124.42834494924729,43.4398321941677],[-124.42834494924729,43.44252714002006],[-124.43103989509964,43.44252714002006],[-124.43103989509964,43.44522208587242],[-124.42834494924729,43.44522208587242],[-124.42834494924729,43.44791703172478],[-124.43912473265672,43.44791703172478],[-124.43912473265672,43.44522208587242],[-124.44181967850908,43.44522208587242],[-124.44181967850908,43.44791703172478],[-124.4472095702138,43.44791703172478],[-124.4472095702138,43.44252714002006],[-124.44990451606616,43.44252714002006],[-124.44990451606616,43.44522208587242],[-124.45259946191851,43.44522208587242],[-124.45259946191851,43.453306923429494],[-124.45529440777088,43.453306923429494]]]},"id":"-46181+16123","properties":{"area_sq_km":3.0,"count":42,"label":0,"latitude":43.44239887659454,"longitude":-124.4455413220579,"near_healthy_bed":1,"priority_score":9.0,"priority_tier":"critical","recommended_action":"urchin_removal_then_replant","region_id":"southern_oregon","region_name":"Southern Oregon Coast","state":"OR","status":0,"status_label":"barren"}},{"type":"Feature","geometry":{"geodesic":false,"type":"Polygon","coordinates":[[[-124.42295505754257,43.418272627348834],[-124.42295505754257,43.41557768149648],[-124.41487021998549,43.41557768149648],[-124.41487021998549,43.420967573201196],[-124.41756516583786,43.420967573201196],[-124.41756516583786,43.42366251905355],[-124.42565000339494,43.42366251905355],[-124.42565000339494,43.418272627348834],[-124.42295505754257,43.418272627348834]],[[-124.42295505754257,43.418272627348834],[-124.42026011169021,43.418272627348834],[-124.42026011169021,43.420967573201196],[-124.42295505754257,43.420967573201196],[-124.42295505754257,43.418272627348834]]]},"id":"-46168+16112","properties":{"area_sq_km":1.0,"count":9,"label":0,"latitude":43.41962009639834,"longitude":-124.42011032657452,"near_healthy_bed":1,"priority_score":2.0,"priority_tier":"needs_help","recommended_action":"urchin_removal_then_replant","region_id":"southern_oregon","region_name":"Southern Oregon Coast","state":"OR","status":0,"status_label":"barren"}},{"type":"Feature","geometry":{"geodesic":false,"type":"Polygon","coordinates":[[[-124.47146408288502,43.48295132780544],[-124.47146408288502,43.47756143610072],[-124.46876913703267,43.47756143610072],[-124.46876913703267,43.47486649024837],[-124.46337924532794,43.47486649024837],[-124.46337924532794,43.47756143610072],[-124.46607419118031,43.47756143610072],[-124.46607419118031,43.48295132780544],[-124.47146408288502,43.48295132780544]]]},"id":"-46186+16134","properties":{"area_sq_km":0.0,"count":6,"label":0,"latitude":43.47890885752075,"longitude":-124.46787074691265,"near_healthy_bed":1,"priority_score":2.0,"priority_tier":"needs_help","recommended_action":"urchin_removal_then_replant","region_id":"southern_oregon","region_name":"Southern Oregon Coast","state":"OR","status":0,"status_label":"barren"}},{"type":"Feature","geometry":{"geodesic":false,"type":"Polygon","coordinates":[[[-124.47415902873738,43.472171544396005],[-124.47415902873738,43.46947659854365],[-124.47146408288502,43.46947659854365],[-124.47146408288502,43.46678165269129],[-124.47415902873738,43.46678165269129],[-124.47415902873738,43.46408670683893],[-124.47146408288502,43.46408670683893],[-124.47146408288502,43.46139176098657],[-124.46876913703267,43.46139176098657],[-124.46876913703267,43.46408670683893],[-124.46607419118031,43.46408670683893],[-124.46607419118031,43.46678165269129],[-124.46337924532794,43.46678165269129],[-124.46337924532794,43.46947659854365],[-124.46876913703267,43.46947659854365],[-124.46876913703267,43.472171544396005],[-124.47415902873738,43.472171544396005]]]},"id":"-46187+16130","properties":{"area_sq_km":1.0,"count":9,"label":0,"latitude":43.46723073739796,"longitude":-124.4695177222246,"near_healthy_bed":1,"priority_score":2.0,"priority_tier":"needs_help","recommended_action":"urchin_removal_then_replant","region_id":"southern_oregon","region_name":"Southern Oregon Coast","state":"OR","status":0,"status_label":"barren"}},{"type":"Feature","geometry":{"geodesic":false,"type":"Polygon","coordinates":[[[-124.48224386629445,43.499121002919594],[-124.48224386629445,43.49642605706723],[-124.48493881214682,43.49642605706723],[-124.48493881214682,43.49373111121488],[-124.48224386629445,43.49373111121488],[-124.48224386629445,43.491036165362516],[-124.47685397458974,43.491036165362516],[-124.47685397458974,43.49642605706723],[-124.47415902873738,43.49642605706723],[-124.47415902873738,43.499121002919594],[-124.48224386629445,43.499121002919594]]]},"id":"-46189+16140","properties":{"area_sq_km":1.0,"count":8,"label":0,"latitude":43.49541542890608,"longitude":-124.47954895763569,"near_healthy_bed":1,"priority_score":2.0,"priority_tier":"needs_help","recommended_action":"urchin_removal_then_replant","region_id":"southern_oregon","region_name":"Southern Oregon Coast","state":"OR","status":0,"status_label":"barren"}},{"type":"Feature","geometry":{"geodesic":false,"type":"Polygon","coordinates":[[[-124.48493881214682,43.488341219510154],[-124.48493881214682,43.4856462736578],[-124.49032870385153,43.4856462736578],[-124.49032870385153,43.488341219510154],[-124.49302364970389,43.488341219510154],[-124.49302364970389,43.48295132780544],[-124.48224386629445,43.48295132780544],[-124.48224386629445,43.4856462736578],[-124.4795489204421,43.4856462736578],[-124.4795489204421,43.488341219510154],[-124.48493881214682,43.488341219510154]]]},"id":"-46191+16136","properties":{"area_sq_km":0.0,"count":7,"label":0,"latitude":43.48545386027911,"longitude":-124.48667130450744,"near_healthy_bed":1,"priority_score":2.0,"priority_tier":"needs_help","recommended_action":"urchin_removal_then_replant","region_id":"southern_oregon","region_name":"Southern Oregon Coast","state":"OR","status":0,"status_label":"barren"}},{"type":"Feature","geometry":{"geodesic":false,"type":"Polygon","coordinates":[[[-124.48493881214682,43.100269016770525],[-124.48493881214682,43.097574070918164],[-124.48763375799918,43.097574070918164],[-124.48763375799918,43.09487912506581],[-124.48493881214682,43.09487912506581],[-124.48493881214682,43.09218417921345],[-124.4795489204421,43.09218417921345],[-124.4795489204421,43.097574070918164],[-124.48224386629445,43.097574070918164],[-124.48224386629445,43.100269016770525],[-124.48493881214682,43.100269016770525]]]},"id":"-46192+15992","properties":{"area_sq_km":0.0,"count":6,"label":0,"latitude":43.095777404345654,"longitude":-124.48314215032802,"near_healthy_bed":1,"priority_score":2.0,"priority_tier":"needs_help","recommended_action":"urchin_removal_then_replant","region_id":"southern_oregon","region_name":"Southern Oregon Coast","state":"OR","status":0,"status_label":"barren"}},{"type":"Feature","geometry":{"geodesic":false,"type":"Polygon","coordinates":[[[-124.49032870385153,43.08409934165637],[-124.49032870385153,43.081404395804014],[-124.49302364970389,43.081404395804014],[-124.49302364970389,43.073319558246936],[-124.49032870385153,43.073319558246936],[-124.49032870385153,43.0760145040993],[-124.48763375799918,43.0760145040993],[-124.48763375799918,43.081404395804014],[-124.48493881214682,43.081404395804014],[-124.48493881214682,43.08409934165637],[-124.49032870385153,43.08409934165637]]]},"id":"-46193+15986","properties":{"area_sq_km":0.0,"count":7,"label":0,"latitude":43.07928683412092,"longitude":-124.48975132803622,"near_healthy_bed":1,"priority_score":2.0,"priority_tier":"needs_help","recommended_action":"urchin_removal_then_replant","region_id":"southern_oregon","region_name":"Southern Oregon Coast","state":"OR","status":0,"status_label":"barren"}},{"type":"Feature","geometry":{"geodesic":false,"type":"Polygon","coordinates":[[[-124.20466444350153,43.31047479325449],[-124.20196949764917,43.31047479325449],[-124.20196949764917,43.31316973910685],[-124.20466444350153,43.31316973910685],[-124.20466444350153,43.31047479325449]]]},"id":"-46088+16071","properties":{"area_sq_km":0.0,"count":1,"label":2,"latitude":43.311822264300844,"longitude":-124.20331697054849,"near_healthy_bed":1,"priority_score":1.0,"priority_tier":"monitor","recommended_action":"no_action","region_id":"southern_oregon","region_name":"Southern Oregon Coast","state":"OR","status":2,"status_label":"healthy"}},{"type":"Feature","geometry":{"geodesic":false,"type":"Polygon","coordinates":[[[-124.28281787321993,43.46139176098657],[-124.28012292736757,43.46139176098657],[-124.28012292736757,43.46408670683893],[-124.28281787321993,43.46408670683893],[-124.28281787321993,43.46139176098657]]]},"id":"-46117+16127","properties":{"area_sq_km":0.0,"count":1,"label":2,"latitude":43.46273923178761,"longitude":-124.28147040022783,"near_healthy_bed":1,"priority_score":1.0,"priority_tier":"monitor","recommended_action":"no_action","region_id":"southern_oregon","region_name":"Southern Oregon Coast","state":"OR","status":2,"status_label":"healthy"}},{"type":"Feature","geometry":{"geodesic":false,"type":"Polygon","coordinates":[[[-124.28551281907228,43.491036165362516],[-124.28281787321993,43.491036165362516],[-124.28281787321993,43.49642605706723],[-124.28551281907228,43.49642605706723],[-124.28551281907228,43.491036165362516]]]},"id":"-46118+16139","properties":{"area_sq_km":0.0,"count":2,"label":2,"latitude":43.49373107910954,"longitude":-124.28416534621837,"near_healthy_bed":1,"priority_score":1.0,"priority_tier":"monitor","recommended_action":"no_action","region_id":"southern_oregon","region_name":"Southern Oregon Coast","state":"OR","status":2,"status_label":"healthy"}},{"type":"Feature","geometry":{"geodesic":false,"type":"Polygon","coordinates":[[[-124.290902710777,43.472171544396005],[-124.28820776492464,43.472171544396005],[-124.28820776492464,43.47486649024837],[-124.290902710777,43.47486649024837],[-124.290902710777,43.472171544396005]]]},"id":"-46120+16131","properties":{"area_sq_km":0.0,"count":1,"label":2,"latitude":43.473519015287216,"longitude":-124.28955523777697,"near_healthy_bed":1,"priority_score":1.0,"priority_tier":"monitor","recommended_action":"no_action","region_id":"southern_oregon","region_name":"Southern Oregon Coast","state":"OR","status":2,"status_label":"healthy"}},{"type":"Feature","geometry":{"geodesic":false,"type":"Polygon","coordinates":[[[-124.290902710777,43.488341219510154],[-124.28820776492464,43.488341219510154],[-124.28820776492464,43.491036165362516],[-124.290902710777,43.491036165362516],[-124.290902710777,43.488341219510154]]]},"id":"-46120+16137","properties":{"area_sq_km":0.0,"count":1,"label":2,"latitude":43.48968869027923,"longitude":-124.28955523777626,"near_healthy_bed":1,"priority_score":1.0,"priority_tier":"monitor","recommended_action":"no_action","region_id":"southern_oregon","region_name":"Southern Oregon Coast","state":"OR","status":2,"status_label":"healthy"}},{"type":"Feature","geometry":{"geodesic":false,"type":"Polygon","coordinates":[[[-124.29359765662936,43.46678165269129],[-124.290902710777,43.46678165269129],[-124.290902710777,43.472171544396005],[-124.29359765662936,43.472171544396005],[-124.29359765662936,43.46678165269129]]]},"id":"-46121+16130","properties":{"area_sq_km":0.0,"count":2,"label":2,"latitude":43.4694765662942,"longitude":-124.29225018363731,"near_healthy_bed":1,"priority_score":1.0,"priority_tier":"monitor","recommended_action":"no_action","region_id":"southern_oregon","region_name":"Southern Oregon Coast","state":"OR","status":2,"status_label":"healthy"}},{"type":"Feature","geometry":{"geodesic":false,"type":"Polygon","coordinates":[[[-124.29898754833408,43.472171544396005],[-124.29629260248171,43.472171544396005],[-124.29629260248171,43.47486649024837],[-124.29898754833408,43.47486649024837],[-124.29898754833408,43.472171544396005]]]},"id":"-46123+16131","properties":{"area_sq_km":0.0,"count":1,"label":2,"latitude":43.4735190152535,"longitude":-124.29764007552544,"near_healthy_bed":1,"priority_score":1.0,"priority_tier":"monitor","recommended_action":"no_action","region_id":"southern_oregon","region_name":"Southern Oregon Coast","state":"OR","status":2,"status_label":"healthy"}},{"type":"Feature","geometry":{"geodesic":false,"type":"Polygon","coordinates":[[[-124.29898754833408,43.49642605706723],[-124.29629260248171,43.49642605706723],[-124.29629260248171,43.499121002919594],[-124.29898754833408,43.499121002919594],[-124.29898754833408,43.49642605706723]]]},"id":"-46123+16140","properties":{"area_sq_km":0.0,"count":1,"label":2,"latitude":43.49777352793305,"longitude":-124.29764007540572,"near_healthy_bed":1,"priority_score":1.0,"priority_tier":"monitor","recommended_action":"no_action","region_id":"southern_oregon","region_name":"Southern Oregon Coast","state":"OR","status":2,"status_label":"healthy"}},{"type":"Feature","geometry":{"geodesic":false,"type":"Polygon","coordinates":[[[-124.30437744003879,43.45869681513421],[-124.30168249418644,43.45869681513421],[-124.30168249418644,43.46139176098657],[-124.30437744003879,43.46139176098657],[-124.30437744003879,43.45869681513421]]]},"id":"-46125+16126","properties":{"area_sq_km":0.0,"count":1,"label":2,"latitude":43.460044285931566,"longitude":-124.30302996714136,"near_healthy_bed":1,"priority_score":1.0,"priority_tier":"monitor","recommended_action":"no_action","region_id":"southern_oregon","region_name":"Southern Oregon Coast","state":"OR","status":2,"status_label":"healthy"}},{"type":"Feature","geometry":{"geodesic":false,"type":"Polygon","coordinates":[[[-124.31515722344822,43.45869681513421],[-124.31246227759587,43.45869681513421],[-124.31246227759587,43.46139176098657],[-124.31515722344822,43.46139176098657],[-124.31515722344822,43.45869681513421]]]},"id":"-46129+16126","properties":{"area_sq_km":0.0,"count":1,"label":2,"latitude":43.4600442858788,"longitude":-124.31380975042346,"near_healthy_bed":1,"priority_score":1.0,"priority_tier":"monitor","recommended_action":"no_action","region_id":"southern_oregon","region_name":"Southern Oregon Coast","state":"OR","status":2,"status_label":"healthy"}},{"type":"Feature","geometry":{"geodesic":false,"type":"Polygon","coordinates":[[[-124.31515722344822,43.46947659854365],[-124.31246227759587,43.46947659854365],[-124.31246227759587,43.472171544396005],[-124.31515722344822,43.472171544396005],[-124.31515722344822,43.46947659854365]]]},"id":"-46129+16130","properties":{"area_sq_km":0.0,"count":1,"label":2,"latitude":43.470824069317466,"longitude":-124.31380975046892,"near_healthy_bed":1,"priority_score":1.0,"priority_tier":"monitor","recommended_action":"no_action","region_id":"southern_oregon","region_name":"Southern Oregon Coast","state":"OR","status":2,"status_label":"healthy"}},{"type":"Feature","geometry":{"geodesic":false,"type":"Polygon","coordinates":[[[-124.32054711515295,43.47486649024837],[-124.31785216930058,43.47486649024837],[-124.31785216930058,43.47756143610072],[-124.32054711515295,43.47756143610072],[-124.32054711515295,43.47486649024837]]]},"id":"-46131+16132","properties":{"area_sq_km":0.0,"count":1,"label":2,"latitude":43.476213960945465,"longitude":-124.31919964232466,"near_healthy_bed":1,"priority_score":1.0,"priority_tier":"monitor","recommended_action":"no_action","region_id":"southern_oregon","region_name":"Southern Oregon Coast","state":"OR","status":2,"status_label":"healthy"}},{"type":"Feature","geometry":{"geodesic":false,"type":"Polygon","coordinates":[[[-124.3232420610053,43.329339414221],[-124.32054711515295,43.329339414221],[-124.32054711515295,43.33203436007336],[-124.3232420610053,43.33203436007336],[-124.3232420610053,43.329339414221]]]},"id":"-46132+16078","properties":{"area_sq_km":0.0,"count":1,"label":2,"latitude":43.33068688497333,"longitude":-124.32189458801464,"near_healthy_bed":1,"priority_score":1.0,"priority_tier":"monitor","recommended_action":"no_action","region_id":"southern_oregon","region_name":"Southern Oregon Coast","state":"OR","status":2,"status_label":"healthy"}},{"type":"Feature","geometry":{"geodesic":false,"type":"Polygon","coordinates":[[[-124.3232420610053,43.46408670683893],[-124.32054711515295,43.46408670683893],[-124.32054711515295,43.46678165269129],[-124.3232420610053,43.46678165269129],[-124.3232420610053,43.46408670683893]]]},"id":"-46132+16128","properties":{"area_sq_km":0.0,"count":1,"label":2,"latitude":43.465434177808426,"longitude":-124.32189458799485,"near_healthy_bed":1,"priority_score":1.0,"priority_tier":"monitor","recommended_action":"no_action","region_id":"southern_oregon","region_name":"Southern Oregon Coast","state":"OR","status":2,"status_label":"healthy"}},{"type":"Feature","geometry":{"geodesic":false,"type":"Polygon","coordinates":[[[-124.32593700685766,43.32664446836864],[-124.3232420610053,43.32664446836864],[-124.3232420610053,43.329339414221],[-124.32593700685766,43.329339414221],[-124.32593700685766,43.32664446836864]]]},"id":"-46133+16077","properties":{"area_sq_km":0.0,"count":1,"label":2,"latitude":43.3279919394331,"longitude":-124.3245895339777,"near_healthy_bed":1,"priority_score":1.0,"priority_tier":"monitor","recommended_action":"no_action","region_id":"southern_oregon","region_name":"Southern Oregon Coast","state":"OR","status":2,"status_label":"healthy"}},{"type":"Feature","geometry":{"geodesic":false,"type":"Polygon","coordinates":[[[-124.33132689856238,43.472171544396005],[-124.33132689856238,43.46947659854365],[-124.32863195271003,43.46947659854365],[-124.32863195271003,43.46678165269129],[-124.3232420610053,43.46678165269129],[-124.3232420610053,43.472171544396005],[-124.33132689856238,43.472171544396005]]]},"id":"-46133+16130","properties":{"area_sq_km":0.0,"count":5,"label":2,"latitude":43.469746109623735,"longitude":-124.32674546867061,"near_healthy_bed":1,"priority_score":1.0,"priority_tier":"monitor","recommended_action":"no_action","region_id":"southern_oregon","region_name":"Southern Oregon Coast","state":"OR","status":2,"status_label":"healthy"}},{"type":"Feature","geometry":{"geodesic":false,"type":"Polygon","coordinates":[[[-124.32593700685766,43.47756143610072],[-124.3232420610053,43.47756143610072],[-124.3232420610053,43.48025638195308],[-124.32593700685766,43.48025638195308],[-124.32593700685766,43.47756143610072]]]},"id":"-46133+16133","properties":{"area_sq_km":0.0,"count":1,"label":2,"latitude":43.47890890712466,"longitude":-124.32458953390109,"near_healthy_bed":1,"priority_score":1.0,"priority_tier":"monitor","recommended_action":"no_action","region_id":"southern_oregon","region_name":"Southern Oregon Coast","state":"OR","status":2,"status_label":"healthy"}},{"type":"Feature","geometry":{"geodesic":false,"type":"Polygon","coordinates":[[[-124.32593700685766,43.488341219510154],[-124.3232420610053,43.488341219510154],[-124.3232420610053,43.491036165362516],[-124.32593700685766,43.491036165362516],[-124.32593700685766,43.488341219510154]]]},"id":"-46133+16137","properties":{"area_sq_km":0.0,"count":1,"label":2,"latitude":43.489688690293924,"longitude":-124.32458953391979,"near_healthy_bed":1,"priority_score":1.0,"priority_tier":"monitor","recommended_action":"no_action","region_id":"southern_oregon","region_name":"Southern Oregon Coast","state":"OR","status":2,"status_label":"healthy"}},{"type":"Feature","geometry":{"geodesic":false,"type":"Polygon","coordinates":[[[-124.33132689856238,43.453306923429494],[-124.33132689856238,43.45061197757714],[-124.32863195271003,43.45061197757714],[-124.32863195271003,43.44791703172478],[-124.32593700685766,43.44791703172478],[-124.32593700685766,43.453306923429494],[-124.33132689856238,43.453306923429494]]]},"id":"-46134+16123","properties":{"area_sq_km":0.0,"count":3,"label":2,"latitude":43.45106112235695,"longitude":-124.32818277000126,"near_healthy_bed":1,"priority_score":1.0,"priority_tier":"monitor","recommended_action":"no_action","region_id":"southern_oregon","region_name":"Southern Oregon Coast","state":"OR","status":2,"status_label":"healthy"}},{"type":"Feature","geometry":{"geodesic":false,"type":"Polygon","coordinates":[[[-124.33132689856238,43.47486649024837],[-124.32593700685766,43.47486649024837],[-124.32593700685766,43.47756143610072],[-124.33132689856238,43.47756143610072],[-124.33132689856238,43.47486649024837]]]},"id":"-46134+16132","properties":{"area_sq_km":0.0,"count":2,"label":2,"latitude":43.47621398469935,"longitude":-124.328631952733,"near_healthy_bed":1,"priority_score":1.0,"priority_tier":"monitor","recommended_action":"no_action","region_id":"southern_oregon","region_name":"Southern Oregon Coast","state":"OR","status":2,"status_label":"healthy"}},{"type":"Feature","geometry":{"geodesic":false,"type":"Polygon","coordinates":[[[-124.33402184441474,43.453306923429494],[-124.33132689856238,43.453306923429494],[-124.33132689856238,43.456001869281856],[-124.33402184441474,43.456001869281856],[-124.33402184441474,43.453306923429494]]]},"id":"-46136+16124","properties":{"area_sq_km":0.0,"count":1,"label":2,"latitude":43.454654394261546,"longitude":-124.33267437150934,"near_healthy_bed":1,"priority_score":1.0,"priority_tier":"monitor","recommended_action":"no_action","region_id":"southern_oregon","region_name":"Southern Oregon Coast","state":"OR","status":2,"status_label":"healthy"}},{"type":"Feature","geometry":{"geodesic":false,"type":"Polygon","coordinates":[[[-124.33402184441474,43.48025638195308],[-124.33132689856238,43.48025638195308],[-124.33132689856238,43.48295132780544],[-124.33402184441474,43.48295132780544],[-124.33402184441474,43.48025638195308]]]},"id":"-46136+16134","properties":{"area_sq_km":0.0,"count":1,"label":2,"latitude":43.48160385274421,"longitude":-124.33267437155187,"near_healthy_bed":1,"priority_score":1.0,"priority_tier":"monitor","recommended_action":"no_action","region_id":"southern_oregon","region_name":"Southern Oregon Coast","state":"OR","status":2,"status_label":"healthy"}},{"type":"Feature","geometry":{"geodesic":false,"type":"Polygon","coordinates":[[[-124.33671679026709,43.36976360200638],[-124.33402184441474,43.36976360200638],[-124.33402184441474,43.37245854785874],[-124.33671679026709,43.37245854785874],[-124.33671679026709,43.36976360200638]]]},"id":"-46137+16093","properties":{"area_sq_km":0.0,"count":1,"label":2,"latitude":43.37111107278823,"longitude":-124.33536931732425,"near_healthy_bed":1,"priority_score":1.0,"priority_tier":"monitor","recommended_action":"no_action","region_id":"southern_oregon","region_name":"Southern Oregon Coast","state":"OR","status":2,"status_label":"healthy"}},{"type":"Feature","geometry":{"geodesic":false,"type":"Polygon","coordinates":[[[-124.33941173611946,43.45061197757714],[-124.33402184441474,43.45061197757714],[-124.33402184441474,43.453306923429494],[-124.33941173611946,43.453306923429494],[-124.33941173611946,43.45061197757714]]]},"id":"-46137+16123","properties":{"area_sq_km":0.0,"count":2,"label":2,"latitude":43.451959472200045,"longitude":-124.33671679028191,"near_healthy_bed":1,"priority_score":1.0,"priority_tier":"monitor","recommended_action":"no_action","region_id":"southern_oregon","region_name":"Southern Oregon Coast","state":"OR","status":2,"status_label":"healthy"}},{"type":"Feature","geometry":{"geodesic":false,"type":"Polygon","coordinates":[[[-124.33671679026709,43.46408670683893],[-124.33402184441474,43.46408670683893],[-124.33402184441474,43.46678165269129],[-124.33671679026709,43.46678165269129],[-124.33671679026709,43.46408670683893]]]},"id":"-46137+16128","properties":{"area_sq_km":0.0,"count":1,"label":2,"latitude":43.465434177821145,"longitude":-124.33536931721194,"near_healthy_bed":1,"priority_score":1.0,"priority_tier":"monitor","recommended_action":"no_action","region_id":"southern_oregon","region_name":"Southern Oregon Coast","state":"OR","status":2,"status_label":"healthy"}},{"type":"Feature","geometry":{"geodesic":false,"type":"Polygon","coordinates":[[[-124.33941173611946,43.47756143610072],[-124.33402184441474,43.47756143610072],[-124.33402184441474,43.48025638195308],[-124.33941173611946,43.48025638195308],[-124.33941173611946,43.47756143610072]]]},"id":"-46137+16133","properties":{"area_sq_km":0.0,"count":2,"label":2,"latitude":43.47890893060385,"longitude":-124.33671679027185,"near_healthy_bed":1,"priority_score":1.0,"priority_tier":"monitor","recommended_action":"no_action","region_id":"southern_oregon","region_name":"Southern Oregon Coast","state":"OR","status":2,"status_label":"healthy"}},{"type":"Feature","geometry":{"geodesic":false,"type":"Polygon","coordinates":[[[-124.34480162782417,43.402102952234685],[-124.33941173611946,43.402102952234685],[-124.33941173611946,43.40479789808704],[-124.34480162782417,43.40479789808704],[-124.34480162782417,43.402102952234685]]]},"id":"-46139+16105","properties":{"area_sq_km":0.0,"count":2,"label":2,"latitude":43.40345044684636,"longitude":-124.34210668190839,"near_healthy_bed":1,"priority_score":1.0,"priority_tier":"monitor","recommended_action":"no_action","region_id":"southern_oregon","region_name":"Southern Oregon Coast","state":"OR","status":2,"status_label":"healthy"}},{"type":"Feature","geometry":{"geodesic":false,"type":"Polygon","coordinates":[[[-124.34480162782417,43.456001869281856],[-124.33941173611946,43.456001869281856],[-124.33941173611946,43.45869681513421],[-124.34480162782417,43.45869681513421],[-124.34480162782417,43.456001869281856]]]},"id":"-46139+16125","properties":{"area_sq_km":0.0,"count":2,"label":2,"latitude":43.45734936390152,"longitude":-124.34210668194635,"near_healthy_bed":1,"priority_score":1.0,"priority_tier":"monitor","recommended_action":"no_action","region_id":"southern_oregon","region_name":"Southern Oregon Coast","state":"OR","status":2,"status_label":"healthy"}},{"type":"Feature","geometry":{"geodesic":false,"type":"Polygon","coordinates":[[[-124.34210668197181,43.46947659854365],[-124.33941173611946,43.46947659854365],[-124.33941173611946,43.472171544396005],[-124.34210668197181,43.472171544396005],[-124.34210668197181,43.46947659854365]]]},"id":"-46139+16130","properties":{"area_sq_km":0.0,"count":1,"label":2,"latitude":43.47082406940738,"longitude":-124.34075920899643,"near_healthy_bed":1,"priority_score":1.0,"priority_tier":"monitor","recommended_action":"no_action","region_id":"southern_oregon","region_name":"Southern Oregon Coast","state":"OR","status":2,"status_label":"healthy"}},{"type":"Feature","geometry":{"geodesic":false,"type":"Polygon","coordinates":[[[-124.34210668197181,43.488341219510154],[-124.33941173611946,43.488341219510154],[-124.33941173611946,43.491036165362516],[-124.34210668197181,43.491036165362516],[-124.34210668197181,43.488341219510154]]]},"id":"-46139+16137","properties":{"area_sq_km":0.0,"count":1,"label":2,"latitude":43.48968869033545,"longitude":-124.34075920906766,"near_healthy_bed":1,"priority_score":1.0,"priority_tier":"monitor","recommended_action":"no_action","region_id":"southern_oregon","region_name":"Southern Oregon Coast","state":"OR","status":2,"status_label":"healthy"}},{"type":"Feature","geometry":{"geodesic":false,"type":"Polygon","coordinates":[[[-124.34480162782417,43.35898381859695],[-124.34210668197181,43.35898381859695],[-124.34210668197181,43.3616787644493],[-124.34480162782417,43.3616787644493],[-124.34480162782417,43.35898381859695]]]},"id":"-46140+16089","properties":{"area_sq_km":0.0,"count":1,"label":2,"latitude":43.36033128935827,"longitude":-124.34345415484492,"near_healthy_bed":1,"priority_score":1.0,"priority_tier":"monitor","recommended_action":"no_action","region_id":"southern_oregon","region_name":"Southern Oregon Coast","state":"OR","status":2,"status_label":"healthy"}},{"type":"Feature","geometry":{"geodesic":false,"type":"Polygon","coordinates":[[[-124.34480162782417,43.46408670683893],[-124.34210668197181,43.46408670683893],[-124.34210668197181,43.46678165269129],[-124.34480162782417,43.46678165269129],[-124.34480162782417,43.46408670683893]]]},"id":"-46140+16128","properties":{"area_sq_km":0.0,"count":1,"label":2,"latitude":43.46543417781648,"longitude":-124.34345415484779,"near_healthy_bed":1,"priority_score":1.0,"priority_tier":"monitor","recommended_action":"no_action","region_id":"southern_oregon","region_name":"Southern Oregon Coast","state":"OR","status":2,"status_label":"healthy"}},{"type":"Feature","geometry":{"geodesic":false,"type":"Polygon","coordinates":[[[-124.34480162782417,43.472171544396005],[-124.34210668197181,43.472171544396005],[-124.34210668197181,43.47756143610072],[-124.34480162782417,43.47756143610072],[-124.34480162782417,43.472171544396005]]]},"id":"-46140+16132","properties":{"area_sq_km":0.0,"count":2,"label":2,"latitude":43.47486645806879,"longitude":-124.34345415490041,"near_healthy_bed":1,"priority_score":1.0,"priority_tier":"monitor","recommended_action":"no_action","region_id":"southern_oregon","region_name":"Southern Oregon Coast","state":"OR","status":2,"status_label":"healthy"}},{"type":"Feature","geometry":{"geodesic":false,"type":"Polygon","coordinates":[[[-124.34480162782417,43.4856462736578],[-124.34210668197181,43.4856462736578],[-124.34210668197181,43.488341219510154],[-124.34480162782417,43.488341219510154],[-124.34480162782417,43.4856462736578]]]},"id":"-46140+16136","properties":{"area_sq_km":0.0,"count":1,"label":2,"latitude":43.48699374435871,"longitude":-124.34345415482606,"near_healthy_bed":1,"priority_score":1.0,"priority_tier":"monitor","recommended_action":"no_action","region_id":"southern_oregon","region_name":"Southern Oregon Coast","state":"OR","status":2,"status_label":"healthy"}},{"type":"Feature","geometry":{"geodesic":false,"type":"Polygon","coordinates":[[[-124.34480162782417,43.49642605706723],[-124.34210668197181,43.49642605706723],[-124.34210668197181,43.499121002919594],[-124.34480162782417,43.499121002919594],[-124.34480162782417,43.49642605706723]]]},"id":"-46140+16140","properties":{"area_sq_km":0.0,"count":1,"label":2,"latitude":43.49777352796713,"longitude":-124.34345415487044,"near_healthy_bed":1,"priority_score":1.0,"priority_tier":"monitor","recommended_action":"no_action","region_id":"southern_oregon","region_name":"Southern Oregon Coast","state":"OR","status":2,"status_label":"healthy"}},{"type":"Feature","geometry":{"geodesic":false,"type":"Polygon","coordinates":[[[-124.34749657367652,43.39671306052997],[-124.34480162782417,43.39671306052997],[-124.34480162782417,43.402102952234685],[-124.34749657367652,43.402102952234685],[-124.34749657367652,43.39671306052997]]]},"id":"-46141+16104","properties":{"area_sq_km":0.0,"count":2,"label":2,"latitude":43.39940797422612,"longitude":-124.3461491007691,"near_healthy_bed":1,"priority_score":1.0,"priority_tier":"monitor","recommended_action":"no_action","region_id":"southern_oregon","region_name":"Southern Oregon Coast","state":"OR","status":2,"status_label":"healthy"}},{"type":"Feature","geometry":{"geodesic":false,"type":"Polygon","coordinates":[[[-124.34749657367652,43.402102952234685],[-124.34480162782417,43.402102952234685],[-124.34480162782417,43.40479789808704],[-124.34749657367652,43.40479789808704],[-124.34749657367652,43.402102952234685]]]},"id":"-46141+16105","properties":{"area_sq_km":0.0,"count":1,"label":0,"latitude":43.40345042307879,"longitude":-124.34614910072426,"near_healthy_bed":1,"priority_score":1.0,"priority_tier":"monitor","recommended_action":"urchin_removal_then_replant","region_id":"southern_oregon","region_name":"Southern Oregon Coast","state":"OR","status":0,"status_label":"barren"}},{"type":"Feature","geometry":{"geodesic":false,"type":"Polygon","coordinates":[[[-124.35019151952889,43.41288273564412],[-124.35019151952889,43.402102952234685],[-124.34749657367652,43.402102952234685],[-124.34749657367652,43.40479789808704],[-124.34480162782417,43.40479789808704],[-124.34480162782417,43.4074928439394],[-124.34210668197181,43.4074928439394],[-124.34210668197181,43.410187789791756],[-124.34480162782417,43.410187789791756],[-124.34480162782417,43.41288273564412],[-124.35019151952889,43.41288273564412]]]},"id":"-46141+16108","properties":{"area_sq_km":1.0,"count":8,"label":2,"latitude":43.40816648821566,"longitude":-124.34715974350391,"near_healthy_bed":1,"priority_score":1.0,"priority_tier":"monitor","recommended_action":"no_action","region_id":"southern_oregon","region_name":"Southern Oregon Coast","state":"OR","status":2,"status_label":"healthy"}},{"type":"Feature","geometry":{"geodesic":false,"type":"Polygon","coordinates":[[[-124.35019151952889,43.43444230246298],[-124.34749657367652,43.43444230246298],[-124.34749657367652,43.437137248315345],[-124.35019151952889,43.437137248315345],[-124.35019151952889,43.43444230246298]]]},"id":"-46142+16117","properties":{"area_sq_km":0.0,"count":1,"label":2,"latitude":43.435789773378225,"longitude":-124.34884404669015,"near_healthy_bed":1,"priority_score":1.0,"priority_tier":"monitor","recommended_action":"no_action","region_id":"southern_oregon","region_name":"Southern Oregon Coast","state":"OR","status":2,"status_label":"healthy"}},{"type":"Feature","geometry":{"geodesic":false,"type":"Polygon","coordinates":[[[-124.35288646538125,43.4856462736578],[-124.35288646538125,43.48025638195308],[-124.34749657367652,43.48025638195308],[-124.34749657367652,43.47756143610072],[-124.34480162782417,43.47756143610072],[-124.34480162782417,43.48295132780544],[-124.34749657367652,43.48295132780544],[-124.34749657367652,43.4856462736578],[-124.35288646538125,43.4856462736578]]]},"id":"-46142+16135","properties":{"area_sq_km":0.0,"count":6,"label":2,"latitude":43.48205298538216,"longitude":-124.34884396649264,"near_healthy_bed":1,"priority_score":1.0,"priority_tier":"monitor","recommended_action":"no_action","region_id":"southern_oregon","region_name":"Southern Oregon Coast","state":"OR","status":2,"status_label":"healthy"}},{"type":"Feature","geometry":{"geodesic":false,"type":"Polygon","coordinates":[[[-124.35288646538125,43.44252714002006],[-124.35019151952889,43.44252714002006],[-124.35019151952889,43.44522208587242],[-124.35288646538125,43.44522208587242],[-124.35288646538125,43.44252714002006]]]},"id":"-46143+16120","properties":{"area_sq_km":0.0,"count":1,"label":2,"latitude":43.443874610769114,"longitude":-124.3515389923301,"near_healthy_bed":1,"priority_score":1.0,"priority_tier":"monitor","recommended_action":"no_action","region_id":"southern_oregon","region_name":"Southern Oregon Coast","state":"OR","status":2,"status_label":"healthy"}},{"type":"Feature","geometry":{"geodesic":false,"type":"Polygon","coordinates":[[[-124.35288646538125,43.45061197757714],[-124.35019151952889,43.45061197757714],[-124.35019151952889,43.453306923429494],[-124.35288646538125,43.453306923429494],[-124.35288646538125,43.45061197757714]]]},"id":"-46143+16123","properties":{"area_sq_km":0.0,"count":1,"label":2,"latitude":43.45195944847539,"longitude":-124.35153899237729,"near_healthy_bed":1,"priority_score":1.0,"priority_tier":"monitor","recommended_action":"no_action","region_id":"southern_oregon","region_name":"Southern Oregon Coast","state":"OR","status":2,"status_label":"healthy"}},{"type":"Feature","geometry":{"geodesic":false,"type":"Polygon","coordinates":[[[-124.35827635708597,43.46947659854365],[-124.3555814112336,43.46947659854365],[-124.3555814112336,43.472171544396005],[-124.35827635708597,43.472171544396005],[-124.35827635708597,43.46947659854365]]]},"id":"-46145+16130","properties":{"area_sq_km":0.0,"count":1,"label":2,"latitude":43.470824069367026,"longitude":-124.3569288842647,"near_healthy_bed":1,"priority_score":1.0,"priority_tier":"monitor","recommended_action":"no_action","region_id":"southern_oregon","region_name":"Southern Oregon Coast","state":"OR","status":2,"status_label":"healthy"}},{"type":"Feature","geometry":{"geodesic":false,"type":"Polygon","coordinates":[[[-124.36097130293832,43.418272627348834],[-124.35827635708597,43.418272627348834],[-124.35827635708597,43.420967573201196],[-124.36097130293832,43.420967573201196],[-124.36097130293832,43.418272627348834]]]},"id":"-46146+16111","properties":{"area_sq_km":0.0,"count":1,"label":2,"latitude":43.41962009828131,"longitude":-124.35962382986128,"near_healthy_bed":1,"priority_score":1.0,"priority_tier":"monitor","recommended_action":"no_action","region_id":"southern_oregon","region_name":"Southern Oregon Coast","state":"OR","status":2,"status_label":"healthy"}},{"type":"Feature","geometry":{"geodesic":false,"type":"Polygon","coordinates":[[[-124.36366624879068,43.420967573201196],[-124.36097130293832,43.420967573201196],[-124.36097130293832,43.42366251905355],[-124.36366624879068,43.42366251905355],[-124.36366624879068,43.420967573201196]]]},"id":"-46147+16112","properties":{"area_sq_km":0.0,"count":1,"label":2,"latitude":43.42231504408308,"longitude":-124.3623187759069,"near_healthy_bed":1,"priority_score":1.0,"priority_tier":"monitor","recommended_action":"no_action","region_id":"southern_oregon","region_name":"Southern Oregon Coast","state":"OR","status":2,"status_label":"healthy"}},{"type":"Feature","geometry":{"geodesic":false,"type":"Polygon","coordinates":[[[-124.36366624879068,43.43444230246298],[-124.36097130293832,43.43444230246298],[-124.36097130293832,43.437137248315345],[-124.36366624879068,43.437137248315345],[-124.36366624879068,43.43444230246298]]]},"id":"-46147+16117","properties":{"area_sq_km":0.0,"count":1,"label":2,"latitude":43.43578977337939,"longitude":-124.36231877590014,"near_healthy_bed":1,"priority_score":1.0,"priority_tier":"monitor","recommended_action":"no_action","region_id":"southern_oregon","region_name":"Southern Oregon Coast","state":"OR","status":2,"status_label":"healthy"}},{"type":"Feature","geometry":{"geodesic":false,"type":"Polygon","coordinates":[[[-124.36366624879068,43.44522208587242],[-124.36097130293832,43.44522208587242],[-124.36097130293832,43.44791703172478],[-124.36366624879068,43.44791703172478],[-124.36366624879068,43.44522208587242]]]},"id":"-46147+16121","properties":{"area_sq_km":0.0,"count":1,"label":2,"latitude":43.44656955661517,"longitude":-124.36231877594054,"near_healthy_bed":1,"priority_score":1.0,"priority_tier":"monitor","recommended_action":"no_action","region_id":"southern_oregon","region_name":"Southern Oregon Coast","state":"OR","status":2,"status_label":"healthy"}},{"type":"Feature","geometry":{"geodesic":false,"type":"Polygon","coordinates":[[[-124.3690561404954,43.418272627348834],[-124.36366624879068,43.418272627348834],[-124.36366624879068,43.420967573201196],[-124.3690561404954,43.420967573201196],[-124.3690561404954,43.418272627348834]]]},"id":"-46148+16111","properties":{"area_sq_km":0.0,"count":2,"label":2,"latitude":43.41962012198679,"longitude":-124.36636119468551,"near_healthy_bed":1,"priority_score":1.0,"priority_tier":"monitor","recommended_action":"no_action","region_id":"southern_oregon","region_name":"Southern Oregon Coast","state":"OR","status":2,"status_label":"healthy"}},{"type":"Feature","geometry":{"geodesic":false,"type":"Polygon","coordinates":[[[-124.36636119464303,43.42635746490591],[-124.36366624879068,43.42635746490591],[-124.36366624879068,43.42905241075827],[-124.36636119464303,43.42905241075827],[-124.36636119464303,43.42635746490591]]]},"id":"-46148+16114","properties":{"area_sq_km":0.0,"count":1,"label":2,"latitude":43.42770493579719,"longitude":-124.36501372168706,"near_healthy_bed":1,"priority_score":1.0,"priority_tier":"monitor","recommended_action":"no_action","region_id":"southern_oregon","region_name":"Southern Oregon Coast","state":"OR","status":2,"status_label":"healthy"}},{"type":"Feature","geometry":{"geodesic":false,"type":"Polygon","coordinates":[[[-124.3690561404954,43.42366251905355],[-124.36636119464303,43.42366251905355],[-124.36636119464303,43.42635746490591],[-124.3690561404954,43.42635746490591],[-124.3690561404954,43.42366251905355]]]},"id":"-46149+16113","properties":{"area_sq_km":0.0,"count":1,"label":2,"latitude":43.42500998980661,"longitude":-124.36770866766572,"near_healthy_bed":1,"priority_score":1.0,"priority_tier":"monitor","recommended_action":"no_action","region_id":"southern_oregon","region_name":"Southern Oregon Coast","state":"OR","status":2,"status_label":"healthy"}},{"type":"Feature","geometry":{"geodesic":false,"type":"Polygon","coordinates":[[[-124.3690561404954,43.437137248315345],[-124.36636119464303,43.437137248315345],[-124.36636119464303,43.4398321941677],[-124.3690561404954,43.4398321941677],[-124.3690561404954,43.437137248315345]]]},"id":"-46149+16118","properties":{"area_sq_km":0.0,"count":1,"label":2,"latitude":43.43848471909833,"longitude":-124.36770866771765,"near_healthy_bed":1,"priority_score":1.0,"priority_tier":"monitor","recommended_action":"no_action","region_id":"southern_oregon","region_name":"Southern Oregon Coast","state":"OR","status":2,"status_label":"healthy"}},{"type":"Feature","geometry":{"geodesic":false,"type":"Polygon","coordinates":[[[-124.37444603220011,43.46139176098657],[-124.3690561404954,43.46139176098657],[-124.3690561404954,43.46408670683893],[-124.37444603220011,43.46408670683893],[-124.37444603220011,43.46139176098657]]]},"id":"-46150+16127","properties":{"area_sq_km":0.0,"count":2,"label":2,"latitude":43.46273925550602,"longitude":-124.37175108633916,"near_healthy_bed":1,"priority_score":1.0,"priority_tier":"monitor","recommended_action":"no_action","region_id":"southern_oregon","region_name":"Southern Oregon Coast","state":"OR","status":2,"status_label":"healthy"}},{"type":"Feature","geometry":{"geodesic":false,"type":"Polygon","coordinates":[[[-124.37444603220011,43.37784843956346],[-124.37175108634776,43.37784843956346],[-124.37175108634776,43.38054338541581],[-124.37444603220011,43.38054338541581],[-124.37444603220011,43.37784843956346]]]},"id":"-46151+16096","properties":{"area_sq_km":0.0,"count":1,"label":2,"latitude":43.379195910435584,"longitude":-124.37309855928505,"near_healthy_bed":1,"priority_score":1.0,"priority_tier":"monitor","recommended_action":"no_action","region_id":"southern_oregon","region_name":"Southern Oregon Coast","state":"OR","status":2,"status_label":"healthy"}},{"type":"Feature","geometry":{"geodesic":false,"type":"Polygon","coordinates":[[[-124.37714097805248,43.375153493711096],[-124.37444603220011,43.375153493711096],[-124.37444603220011,43.37784843956346],[-124.37714097805248,43.37784843956346],[-124.37714097805248,43.375153493711096]]]},"id":"-46152+16095","properties":{"area_sq_km":0.0,"count":1,"label":2,"latitude":43.376500964578014,"longitude":-124.37579350518473,"near_healthy_bed":1,"priority_score":1.0,"priority_tier":"monitor","recommended_action":"no_action","region_id":"southern_oregon","region_name":"Southern Oregon Coast","state":"OR","status":2,"status_label":"healthy"}},{"type":"Feature","geometry":{"geodesic":false,"type":"Polygon","coordinates":[[[-124.38253086975719,43.38862822297289],[-124.37444603220011,43.38862822297289],[-124.37444603220011,43.39132316882525],[-124.38253086975719,43.39132316882525],[-124.38253086975719,43.38862822297289]]]},"id":"-46152+16100","properties":{"area_sq_km":0.0,"count":3,"label":2,"latitude":43.38997575707015,"longitude":-124.37848845099258,"near_healthy_bed":1,"priority_score":1.0,"priority_tier":"monitor","recommended_action":"no_action","region_id":"southern_oregon","region_name":"Southern Oregon Coast","state":"OR","status":2,"status_label":"healthy"}},{"type":"Feature","geometry":{"geodesic":false,"type":"Polygon","coordinates":[[[-124.37714097805248,43.48025638195308],[-124.37444603220011,43.48025638195308],[-124.37444603220011,43.4856462736578],[-124.37714097805248,43.4856462736578],[-124.37714097805248,43.48025638195308]]]},"id":"-46152+16135","properties":{"area_sq_km":0.0,"count":2,"label":2,"latitude":43.482951295653784,"longitude":-124.37579350509503,"near_healthy_bed":1,"priority_score":1.0,"priority_tier":"monitor","recommended_action":"no_action","region_id":"southern_oregon","region_name":"Southern Oregon Coast","state":"OR","status":2,"status_label":"healthy"}},{"type":"Feature","geometry":{"geodesic":false,"type":"Polygon","coordinates":[[[-124.37983592390484,43.37784843956346],[-124.37714097805248,43.37784843956346],[-124.37714097805248,43.38054338541581],[-124.37983592390484,43.38054338541581],[-124.37983592390484,43.37784843956346]]]},"id":"-46153+16096","properties":{"area_sq_km":0.0,"count":1,"label":2,"latitude":43.37919591042267,"longitude":-124.37848845092245,"near_healthy_bed":1,"priority_score":1.0,"priority_tier":"monitor","recommended_action":"no_action","region_id":"southern_oregon","region_name":"Southern Oregon Coast","state":"OR","status":2,"status_label":"healthy"}},{"type":"Feature","geometry":{"geodesic":false,"type":"Polygon","coordinates":[[[-124.38792076146191,43.36976360200638],[-124.38792076146191,43.367068656154025],[-124.38522581560954,43.367068656154025],[-124.38522581560954,43.36437371030166],[-124.37983592390484,43.36437371030166],[-124.37983592390484,43.36976360200638],[-124.38792076146191,43.36976360200638]]]},"id":"-46154+16092","properties":{"area_sq_km":0.0,"count":5,"label":2,"latitude":43.36733816741581,"longitude":-124.38333933174381,"near_healthy_bed":1,"priority_score":1.0,"priority_tier":"monitor","recommended_action":"no_action","region_id":"southern_oregon","region_name":"Southern Oregon Coast","state":"OR","status":2,"status_label":"healthy"}},{"type":"Feature","geometry":{"geodesic":false,"type":"Polygon","coordinates":[[[-124.38253086975719,43.46408670683893],[-124.37983592390484,43.46408670683893],[-124.37983592390484,43.46678165269129],[-124.38253086975719,43.46678165269129],[-124.38253086975719,43.46408670683893]]]},"id":"-46154+16128","properties":{"area_sq_km":0.0,"count":1,"label":2,"latitude":43.465434177810295,"longitude":-124.38118339693213,"near_healthy_bed":1,"priority_score":1.0,"priority_tier":"monitor","recommended_action":"no_action","region_id":"southern_oregon","region_name":"Southern Oregon Coast","state":"OR","status":2,"status_label":"healthy"}},{"type":"Feature","geometry":{"geodesic":false,"type":"Polygon","coordinates":[[[-124.38253086975719,43.4856462736578],[-124.37983592390484,43.4856462736578],[-124.37983592390484,43.491036165362516],[-124.38253086975719,43.491036165362516],[-124.38253086975719,43.4856462736578]]]},"id":"-46154+16137","properties":{"area_sq_km":0.0,"count":2,"label":2,"latitude":43.488341187278074,"longitude":-124.38118339697492,"near_healthy_bed":1,"priority_score":1.0,"priority_tier":"monitor","recommended_action":"no_action","region_id":"southern_oregon","region_name":"Southern Oregon Coast","state":"OR","status":2,"status_label":"healthy"}},{"type":"Feature","geometry":{"geodesic":false,"type":"Polygon","coordinates":[[[-124.38522581560954,43.43174735661063],[-124.38253086975719,43.43174735661063],[-124.38253086975719,43.437137248315345],[-124.38522581560954,43.437137248315345],[-124.38522581560954,43.43174735661063]]]},"id":"-46155+16117","properties":{"area_sq_km":0.0,"count":2,"label":2,"latitude":43.434442270415374,"longitude":-124.3838783427133,"near_healthy_bed":1,"priority_score":1.0,"priority_tier":"monitor","recommended_action":"no_action","region_id":"southern_oregon","region_name":"Southern Oregon Coast","state":"OR","status":2,"status_label":"healthy"}},{"type":"Feature","geometry":{"geodesic":false,"type":"Polygon","coordinates":[[[-124.38522581560954,43.491036165362516],[-124.38253086975719,43.491036165362516],[-124.38253086975719,43.49373111121488],[-124.38522581560954,43.49373111121488],[-124.38522581560954,43.491036165362516]]]},"id":"-46155+16138","properties":{"area_sq_km":0.0,"count":1,"label":2,"latitude":43.49238363621429,"longitude":-124.38387834274849,"near_healthy_bed":1,"priority_score":1.0,"priority_tier":"monitor","recommended_action":"no_action","region_id":"southern_oregon","region_name":"Southern Oregon Coast","state":"OR","status":2,"status_label":"healthy"}},{"type":"Feature","geometry":{"geodesic":false,"type":"Polygon","coordinates":[[[-124.38792076146191,43.35359392689223],[-124.38522581560954,43.35359392689223],[-124.38522581560954,43.356288872744585],[-124.38792076146191,43.356288872744585],[-124.38792076146191,43.35359392689223]]]},"id":"-46156+16087","properties":{"area_sq_km":0.0,"count":1,"label":2,"latitude":43.354941397683504,"longitude":-124.38657328848866,"near_healthy_bed":1,"priority_score":1.0,"priority_tier":"monitor","recommended_action":"no_action","region_id":"southern_oregon","region_name":"Southern Oregon Coast","state":"OR","status":2,"status_label":"healthy"}},{"type":"Feature","geometry":{"geodesic":false,"type":"Polygon","coordinates":[[[-124.39331065316662,43.37245854785874],[-124.38522581560954,43.37245854785874],[-124.38522581560954,43.375153493711096],[-124.39331065316662,43.375153493711096],[-124.39331065316662,43.37245854785874]]]},"id":"-46156+16094","properties":{"area_sq_km":0.0,"count":3,"label":2,"latitude":43.37380608192068,"longitude":-124.38926823441594,"near_healthy_bed":1,"priority_score":1.0,"priority_tier":"monitor","recommended_action":"no_action","region_id":"southern_oregon","region_name":"Southern Oregon Coast","state":"OR","status":2,"status_label":"healthy"}},{"type":"Feature","geometry":{"geodesic":false,"type":"Polygon","coordinates":[[[-124.39061570731427,43.38054338541581],[-124.38522581560954,43.38054338541581],[-124.38522581560954,43.38593327712053],[-124.39061570731427,43.38593327712053],[-124.39061570731427,43.38054338541581]]]},"id":"-46156+16098","properties":{"area_sq_km":0.0,"count":4,"label":2,"latitude":43.38323832298327,"longitude":-124.38792076145046,"near_healthy_bed":1,"priority_score":1.0,"priority_tier":"monitor","recommended_action":"no_action","region_id":"southern_oregon","region_name":"Southern Oregon Coast","state":"OR","status":2,"status_label":"healthy"}},{"type":"Feature","geometry":{"geodesic":false,"type":"Polygon","coordinates":[[[-124.38792076146191,43.44252714002006],[-124.38522581560954,43.44252714002006],[-124.38522581560954,43.44522208587242],[-124.38792076146191,43.44522208587242],[-124.38792076146191,43.44252714002006]]]},"id":"-46156+16120","properties":{"area_sq_km":0.0,"count":1,"label":2,"latitude":43.44387461077212,"longitude":-124.38657328851258,"near_healthy_bed":1,"priority_score":1.0,"priority_tier":"monitor","recommended_action":"no_action","region_id":"southern_oregon","region_name":"Southern Oregon Coast","state":"OR","status":2,"status_label":"healthy"}},{"type":"Feature","geometry":{"geodesic":false,"type":"Polygon","coordinates":[[[-124.39061570731427,43.321254576663925],[-124.38792076146191,43.321254576663925],[-124.38792076146191,43.32394952251629],[-124.39061570731427,43.32394952251629],[-124.39061570731427,43.321254576663925]]]},"id":"-46157+16075","properties":{"area_sq_km":0.0,"count":1,"label":2,"latitude":43.32260204748286,"longitude":-124.38926823450969,"near_healthy_bed":1,"priority_score":1.0,"priority_tier":"monitor","recommended_action":"no_action","region_id":"southern_oregon","region_name":"Southern Oregon Coast","state":"OR","status":2,"status_label":"healthy"}},{"type":"Feature","geometry":{"geodesic":false,"type":"Polygon","coordinates":[[[-124.39331065316662,43.3428141434828],[-124.38792076146191,43.3428141434828],[-124.38792076146191,43.34550908933515],[-124.39331065316662,43.34550908933515],[-124.39331065316662,43.3428141434828]]]},"id":"-46157+16083","properties":{"area_sq_km":0.0,"count":2,"label":2,"latitude":43.34416163811634,"longitude":-124.39061570733861,"near_healthy_bed":1,"priority_score":1.0,"priority_tier":"monitor","recommended_action":"no_action","region_id":"southern_oregon","region_name":"Southern Oregon Coast","state":"OR","status":2,"status_label":"healthy"}},{"type":"Feature","geometry":{"geodesic":false,"type":"Polygon","coordinates":[[[-124.39061570731427,43.356288872744585],[-124.38792076146191,43.356288872744585],[-124.38792076146191,43.35898381859695],[-124.39061570731427,43.35898381859695],[-124.39061570731427,43.356288872744585]]]},"id":"-46157+16088","properties":{"area_sq_km":0.0,"count":1,"label":2,"latitude":43.357636343658285,"longitude":-124.38926823450458,"near_healthy_bed":1,"priority_score":1.0,"priority_tier":"monitor","recommended_action":"no_action","region_id":"southern_oregon","region_name":"Southern Oregon Coast","state":"OR","status":2,"status_label":"healthy"}},{"type":"Feature","geometry":{"geodesic":false,"type":"Polygon","coordinates":[[[-124.39061570731427,43.3616787644493],[-124.38792076146191,43.3616787644493],[-124.38792076146191,43.367068656154025],[-124.39061570731427,43.367068656154025],[-124.39061570731427,43.3616787644493]]]},"id":"-46157+16091","properties":{"area_sq_km":0.0,"count":2,"label":2,"latitude":43.364373678332925,"longitude":-124.38926823447594,"near_healthy_bed":1,"priority_score":1.0,"priority_tier":"monitor","recommended_action":"no_action","region_id":"southern_oregon","region_name":"Southern Oregon Coast","state":"OR","status":2,"status_label":"healthy"}},{"type":"Feature","geometry":{"geodesic":false,"type":"Polygon","coordinates":[[[-124.39331065316662,43.31855963081157],[-124.39061570731427,43.31855963081157],[-124.39061570731427,43.321254576663925],[-124.39331065316662,43.321254576663925],[-124.39331065316662,43.31855963081157]]]},"id":"-46158+16074","properties":{"area_sq_km":0.0,"count":1,"label":2,"latitude":43.31990710164556,"longitude":-124.39196318026127,"near_healthy_bed":1,"priority_score":1.0,"priority_tier":"monitor","recommended_action":"no_action","region_id":"southern_oregon","region_name":"Southern Oregon Coast","state":"OR","status":2,"status_label":"healthy"}},{"type":"Feature","geometry":{"geodesic":false,"type":"Polygon","coordinates":[[[-124.39331065316662,43.33472930592572],[-124.39061570731427,43.33472930592572],[-124.39061570731427,43.337424251778074],[-124.39331065316662,43.337424251778074],[-124.39331065316662,43.33472930592572]]]},"id":"-46158+16080","properties":{"area_sq_km":0.0,"count":1,"label":2,"latitude":43.33607677667512,"longitude":-124.39196318028381,"near_healthy_bed":1,"priority_score":1.0,"priority_tier":"monitor","recommended_action":"no_action","region_id":"southern_oregon","region_name":"Southern Oregon Coast","state":"OR","status":2,"status_label":"healthy"}},{"type":"Feature","geometry":{"geodesic":false,"type":"Polygon","coordinates":[[[-124.39331065316662,43.35089898103987],[-124.39061570731427,43.35089898103987],[-124.39061570731427,43.35359392689223],[-124.39331065316662,43.35359392689223],[-124.39331065316662,43.35089898103987]]]},"id":"-46158+16086","properties":{"area_sq_km":0.0,"count":1,"label":2,"latitude":43.35224645198635,"longitude":-124.39196318025448,"near_healthy_bed":1,"priority_score":1.0,"priority_tier":"monitor","recommended_action":"no_action","region_id":"southern_oregon","region_name":"Southern Oregon Coast","state":"OR","status":2,"status_label":"healthy"}},{"type":"Feature","geometry":{"geodesic":false,"type":"Polygon","coordinates":[[[-124.39331065316662,43.42905241075827],[-124.39331065316662,43.42635746490591],[-124.39870054487135,43.42635746490591],[-124.39870054487135,43.420967573201196],[-124.39600559901898,43.420967573201196],[-124.39600559901898,43.42366251905355],[-124.38792076146191,43.42366251905355],[-124.38792076146191,43.420967573201196],[-124.38522581560954,43.420967573201196],[-124.38522581560954,43.418272627348834],[-124.39061570731427,43.418272627348834],[-124.39061570731427,43.41557768149647],[-124.39331065316662,43.41557768149647],[-124.39331065316662,43.410187789791756],[-124.38792076146191,43.410187789791756],[-124.38792076146191,43.41288273564412],[-124.38253086975719,43.41288273564412],[-124.38253086975719,43.418272627348834],[-124.37983592390484,43.418272627348834],[-124.37983592390484,43.420967573201196],[-124.38253086975719,43.420967573201196],[-124.38253086975719,43.42635746490591],[-124.39061570731427,43.42635746490591],[-124.39061570731427,43.42905241075827],[-124.39331065316662,43.42905241075827]]]},"id":"-46158+16114","properties":{"area_sq_km":1.0,"count":21,"label":2,"latitude":43.41974811738684,"longitude":-124.38862642183652,"near_healthy_bed":1,"priority_score":1.0,"priority_tier":"monitor","recommended_action":"no_action","region_id":"southern_oregon","region_name":"Southern Oregon Coast","state":"OR","status":2,"status_label":"healthy"}},{"type":"Feature","geometry":{"geodesic":false,"type":"Polygon","coordinates":[[[-124.39331065316662,43.453306923429494],[-124.39061570731427,43.453306923429494],[-124.39061570731427,43.456001869281856],[-124.39331065316662,43.456001869281856],[-124.39331065316662,43.453306923429494]]]},"id":"-46158+16124","properties":{"area_sq_km":0.0,"count":1,"label":2,"latitude":43.454654394184374,"longitude":-124.39196318024396,"near_healthy_bed":1,"priority_score":1.0,"priority_tier":"monitor","recommended_action":"no_action","region_id":"southern_oregon","region_name":"Southern Oregon Coast","state":"OR","status":2,"status_label":"healthy"}},{"type":"Feature","geometry":{"geodesic":false,"type":"Polygon","coordinates":[[[-124.39600559901898,43.337424251778074],[-124.39331065316662,43.337424251778074],[-124.39331065316662,43.340119197630436],[-124.39600559901898,43.340119197630436],[-124.39600559901898,43.337424251778074]]]},"id":"-46159+16081","properties":{"area_sq_km":0.0,"count":1,"label":2,"latitude":43.3387717226144,"longitude":-124.3946581259809,"near_healthy_bed":1,"priority_score":1.0,"priority_tier":"monitor","recommended_action":"no_action","region_id":"southern_oregon","region_name":"Southern Oregon Coast","state":"OR","status":2,"status_label":"healthy"}},{"type":"Feature","geometry":{"geodesic":false,"type":"Polygon","coordinates":[[[-124.39600559901898,43.4074928439394],[-124.39331065316662,43.4074928439394],[-124.39331065316662,43.410187789791756],[-124.39600559901898,43.410187789791756],[-124.39600559901898,43.4074928439394]]]},"id":"-46159+16107","properties":{"area_sq_km":0.0,"count":1,"label":2,"latitude":43.40884031486485,"longitude":-124.39465812597382,"near_healthy_bed":1,"priority_score":1.0,"priority_tier":"monitor","recommended_action":"no_action","region_id":"southern_oregon","region_name":"Southern Oregon Coast","state":"OR","status":2,"status_label":"healthy"}},{"type":"Feature","geometry":{"geodesic":false,"type":"Polygon","coordinates":[[[-124.39870054487135,43.4398321941677],[-124.39331065316662,43.4398321941677],[-124.39331065316662,43.44252714002006],[-124.39870054487135,43.44252714002006],[-124.39870054487135,43.4398321941677]]]},"id":"-46159+16119","properties":{"area_sq_km":0.0,"count":2,"label":2,"latitude":43.44117968878183,"longitude":-124.39600559893883,"near_healthy_bed":1,"priority_score":1.0,"priority_tier":"monitor","recommended_action":"no_action","region_id":"southern_oregon","region_name":"Southern Oregon Coast","state":"OR","status":2,"status_label":"healthy"}},{"type":"Feature","geometry":{"geodesic":false,"type":"Polygon","coordinates":[[[-124.39870054487135,43.23771125524081],[-124.39600559901898,43.23771125524081],[-124.39600559901898,43.24040620109317],[-124.39870054487135,43.24040620109317],[-124.39870054487135,43.23771125524081]]]},"id":"-46160+16044","properties":{"area_sq_km":0.0,"count":1,"label":2,"latitude":43.23905872610023,"longitude":-124.39735307192194,"near_healthy_bed":1,"priority_score":1.0,"priority_tier":"monitor","recommended_action":"no_action","region_id":"southern_oregon","region_name":"Southern Oregon Coast","state":"OR","status":2,"status_label":"healthy"}},{"type":"Feature","geometry":{"geodesic":false,"type":"Polygon","coordinates":[[[-124.39870054487135,43.33472930592572],[-124.39600559901898,43.33472930592572],[-124.39600559901898,43.337424251778074],[-124.39870054487135,43.337424251778074],[-124.39870054487135,43.33472930592572]]]},"id":"-46160+16080","properties":{"area_sq_km":0.0,"count":1,"label":2,"latitude":43.33607677669602,"longitude":-124.3973530718403,"near_healthy_bed":1,"priority_score":1.0,"priority_tier":"monitor","recommended_action":"no_action","region_id":"southern_oregon","region_name":"Southern Oregon Coast","state":"OR","status":2,"status_label":"healthy"}},{"type":"Feature","geometry":{"geodesic":false,"type":"Polygon","coordinates":[[[-124.39870054487135,43.35089898103987],[-124.39870054487135,43.3428141434828],[-124.4013954907237,43.3428141434828],[-124.4013954907237,43.340119197630436],[-124.39600559901898,43.340119197630436],[-124.39600559901898,43.35089898103987],[-124.39870054487135,43.35089898103987]]]},"id":"-46160+16085","properties":{"area_sq_km":0.0,"count":5,"label":2,"latitude":43.34470045664757,"longitude":-124.39789211657329,"near_healthy_bed":1,"priority_score":1.0,"priority_tier":"monitor","recommended_action":"no_action","region_id":"southern_oregon","region_name":"Southern Oregon Coast","state":"OR","status":2,"status_label":"healthy"}},{"type":"Feature","geometry":{"geodesic":false,"type":"Polygon","coordinates":[[[-124.39870054487135,43.375153493711096],[-124.39600559901898,43.375153493711096],[-124.39600559901898,43.37784843956346],[-124.39870054487135,43.37784843956346],[-124.39870054487135,43.375153493711096]]]},"id":"-46160+16095","properties":{"area_sq_km":0.0,"count":1,"label":2,"latitude":43.376500964622366,"longitude":-124.39735307184847,"near_healthy_bed":1,"priority_score":1.0,"priority_tier":"monitor","recommended_action":"no_action","region_id":"southern_oregon","region_name":"Southern Oregon Coast","state":"OR","status":2,"status_label":"healthy"}},{"type":"Feature","geometry":{"geodesic":false,"type":"Polygon","coordinates":[[[-124.39870054487135,43.43174735661063],[-124.39600559901898,43.43174735661063],[-124.39600559901898,43.43444230246298],[-124.39870054487135,43.43444230246298],[-124.39870054487135,43.43174735661063]]]},"id":"-46160+16116","properties":{"area_sq_km":0.0,"count":1,"label":2,"latitude":43.43309482746025,"longitude":-124.39735307184127,"near_healthy_bed":1,"priority_score":1.0,"priority_tier":"monitor","recommended_action":"no_action","region_id":"southern_oregon","region_name":"Southern Oregon Coast","state":"OR","status":2,"status_label":"healthy"}},{"type":"Feature","geometry":{"geodesic":false,"type":"Polygon","coordinates":[[[-124.39870054487135,43.453306923429494],[-124.39870054487135,43.45061197757714],[-124.40409043657606,43.45061197757714],[-124.40409043657606,43.44791703172478],[-124.40678538242842,43.44791703172478],[-124.40678538242842,43.44522208587242],[-124.40948032828078,43.44522208587242],[-124.40948032828078,43.4398321941677],[-124.40409043657606,43.4398321941677],[-124.40409043657606,43.437137248315345],[-124.4013954907237,43.437137248315345],[-124.4013954907237,43.44252714002006],[-124.40409043657606,43.44252714002006],[-124.40409043657606,43.44522208587242],[-124.39331065316662,43.44522208587242],[-124.39331065316662,43.45061197757714],[-124.39600559901898,43.45061197757714],[-124.39600559901898,43.453306923429494],[-124.39870054487135,43.453306923429494]]]},"id":"-46160+16123","properties":{"area_sq_km":1.0,"count":16,"label":2,"latitude":43.44572725578599,"longitude":-124.40156425985636,"near_healthy_bed":1,"priority_score":1.0,"priority_tier":"monitor","recommended_action":"no_action","region_id":"southern_oregon","region_name":"Southern Oregon Coast","state":"OR","status":2,"status_label":"healthy"}},{"type":"Feature","geometry":{"geodesic":false,"type":"Polygon","coordinates":[[[-124.4013954907237,43.21076179671722],[-124.39870054487135,43.21076179671722],[-124.39870054487135,43.21345674256958],[-124.4013954907237,43.21345674256958],[-124.4013954907237,43.21076179671722]]]},"id":"-46161+16034","properties":{"area_sq_km":0.0,"count":1,"label":2,"latitude":43.212109267690565,"longitude":-124.40004801781076,"near_healthy_bed":1,"priority_score":1.0,"priority_tier":"monitor","recommended_action":"no_action","region_id":"southern_oregon","region_name":"Southern Oregon Coast","state":"OR","status":2,"status_label":"healthy"}},{"type":"Feature","geometry":{"geodesic":false,"type":"Polygon","coordinates":[[[-124.4013954907237,43.23501630938845],[-124.39870054487135,43.23501630938845],[-124.39870054487135,43.23771125524081],[-124.4013954907237,43.23771125524081],[-124.4013954907237,43.23501630938845]]]},"id":"-46161+16043","properties":{"area_sq_km":0.0,"count":1,"label":1,"latitude":43.23636378017972,"longitude":-124.40004801783027,"near_healthy_bed":1,"priority_score":1.0,"priority_tier":"monitor","recommended_action":"monitor_and_replant","region_id":"southern_oregon","region_name":"Southern Oregon Coast","state":"OR","status":1,"status_label":"recovering"}},{"type":"Feature","geometry":{"geodesic":false,"type":"Polygon","coordinates":[[[-124.4013954907237,43.35089898103987],[-124.39870054487135,43.35089898103987],[-124.39870054487135,43.356288872744585],[-124.4013954907237,43.356288872744585],[-124.4013954907237,43.35089898103987]]]},"id":"-46161+16087","properties":{"area_sq_km":0.0,"count":2,"label":2,"latitude":43.35359389491956,"longitude":-124.40004801782737,"near_healthy_bed":1,"priority_score":1.0,"priority_tier":"monitor","recommended_action":"no_action","region_id":"southern_oregon","region_name":"Southern Oregon Coast","state":"OR","status":2,"status_label":"healthy"}},{"type":"Feature","geometry":{"geodesic":false,"type":"Polygon","coordinates":[[[-124.4013954907237,43.42905241075827],[-124.39870054487135,43.42905241075827],[-124.39870054487135,43.43174735661063],[-124.4013954907237,43.43174735661063],[-124.4013954907237,43.42905241075827]]]},"id":"-46161+16115","properties":{"area_sq_km":0.0,"count":1,"label":2,"latitude":43.43039988156657,"longitude":-124.40004801792261,"near_healthy_bed":1,"priority_score":1.0,"priority_tier":"monitor","recommended_action":"no_action","region_id":"southern_oregon","region_name":"Southern Oregon Coast","state":"OR","status":2,"status_label":"healthy"}},{"type":"Feature","geometry":{"geodesic":false,"type":"Polygon","coordinates":[[[-124.40409043657606,43.329339414221],[-124.4013954907237,43.329339414221],[-124.4013954907237,43.33203436007336],[-124.40409043657606,43.33203436007336],[-124.40409043657606,43.329339414221]]]},"id":"-46162+16078","properties":{"area_sq_km":0.0,"count":1,"label":2,"latitude":43.33068688502804,"longitude":-124.40274296366509,"near_healthy_bed":1,"priority_score":1.0,"priority_tier":"monitor","recommended_action":"no_action","region_id":"southern_oregon","region_name":"Southern Oregon Coast","state":"OR","status":2,"status_label":"healthy"}},{"type":"Feature","geometry":{"geodesic":false,"type":"Polygon","coordinates":[[[-124.41217527413313,43.197287067455434],[-124.41217527413313,43.19459212160307],[-124.40948032828078,43.19459212160307],[-124.40948032828078,43.19189717575072],[-124.40678538242842,43.19189717575072],[-124.40678538242842,43.197287067455434],[-124.41217527413313,43.197287067455434]]]},"id":"-46164+16028","properties":{"area_sq_km":0.0,"count":3,"label":2,"latitude":43.195041266540734,"longitude":-124.40903114588055,"near_healthy_bed":1,"priority_score":1.0,"priority_tier":"monitor","recommended_action":"no_action","region_id":"southern_oregon","region_name":"Southern Oregon Coast","state":"OR","status":2,"status_label":"healthy"}},{"type":"Feature","geometry":{"geodesic":false,"type":"Polygon","coordinates":[[[-124.40948032828078,43.270050605469116],[-124.40678538242842,43.270050605469116],[-124.40678538242842,43.27274555132147],[-124.40948032828078,43.27274555132147],[-124.40948032828078,43.270050605469116]]]},"id":"-46164+16056","properties":{"area_sq_km":0.0,"count":1,"label":2,"latitude":43.27139807638821,"longitude":-124.40813285539602,"near_healthy_bed":1,"priority_score":1.0,"priority_tier":"monitor","recommended_action":"no_action","region_id":"southern_oregon","region_name":"Southern Oregon Coast","state":"OR","status":2,"status_label":"healthy"}},{"type":"Feature","geometry":{"geodesic":false,"type":"Polygon","coordinates":[[[-124.40948032828078,43.33203436007336],[-124.40678538242842,43.33203436007336],[-124.40678538242842,43.33472930592572],[-124.40948032828078,43.33472930592572],[-124.40948032828078,43.33203436007336]]]},"id":"-46164+16079","properties":{"area_sq_km":0.0,"count":1,"label":2,"latitude":43.333381830962466,"longitude":-124.4081328553507,"near_healthy_bed":1,"priority_score":1.0,"priority_tier":"monitor","recommended_action":"no_action","region_id":"southern_oregon","region_name":"Southern Oregon Coast","state":"OR","status":2,"status_label":"healthy"}},{"type":"Feature","geometry":{"geodesic":false,"type":"Polygon","coordinates":[[[-124.40948032828078,43.437137248315345],[-124.40948032828078,43.42905241075827],[-124.40678538242842,43.42905241075827],[-124.40678538242842,43.42366251905355],[-124.4013954907237,43.42366251905355],[-124.4013954907237,43.42905241075827],[-124.40409043657606,43.42905241075827],[-124.40409043657606,43.43444230246298],[-124.40678538242842,43.43444230246298],[-124.40678538242842,43.437137248315345],[-124.40948032828078,43.437137248315345]]]},"id":"-46164+16117","properties":{"area_sq_km":1.0,"count":9,"label":2,"latitude":43.429800822552586,"longitude":-124.40573718421481,"near_healthy_bed":1,"priority_score":1.0,"priority_tier":"monitor","recommended_action":"no_action","region_id":"southern_oregon","region_name":"Southern Oregon Coast","state":"OR","status":2,"status_label":"healthy"}},{"type":"Feature","geometry":{"geodesic":false,"type":"Polygon","coordinates":[[[-124.40948032828078,43.453306923429494],[-124.40678538242842,43.453306923429494],[-124.40678538242842,43.456001869281856],[-124.40948032828078,43.456001869281856],[-124.40948032828078,43.453306923429494]]]},"id":"-46164+16124","properties":{"area_sq_km":0.0,"count":1,"label":2,"latitude":43.454654394218636,"longitude":-124.40813285543715,"near_healthy_bed":1,"priority_score":1.0,"priority_tier":"monitor","recommended_action":"no_action","region_id":"southern_oregon","region_name":"Southern Oregon Coast","state":"OR","status":2,"status_label":"healthy"}},{"type":"Feature","geometry":{"geodesic":false,"type":"Polygon","coordinates":[[[-124.41217527413313,43.45869681513421],[-124.40678538242842,43.45869681513421],[-124.40678538242842,43.46139176098657],[-124.41217527413313,43.46139176098657],[-124.41217527413313,43.45869681513421]]]},"id":"-46164+16126","properties":{"area_sq_km":0.0,"count":2,"label":2,"latitude":43.46004430960402,"longitude":-124.40948032827103,"near_healthy_bed":1,"priority_score":1.0,"priority_tier":"monitor","recommended_action":"no_action","region_id":"southern_oregon","region_name":"Southern Oregon Coast","state":"OR","status":2,"status_label":"healthy"}},{"type":"Feature","geometry":{"geodesic":false,"type":"Polygon","coordinates":[[[-124.41217527413313,43.329339414221],[-124.40948032828078,43.329339414221],[-124.40948032828078,43.33203436007336],[-124.41217527413313,43.33203436007336],[-124.41217527413313,43.329339414221]]]},"id":"-46165+16078","properties":{"area_sq_km":0.0,"count":1,"label":2,"latitude":43.33068688502187,"longitude":-124.4108278011438,"near_healthy_bed":1,"priority_score":1.0,"priority_tier":"monitor","recommended_action":"no_action","region_id":"southern_oregon","region_name":"Southern Oregon Coast","state":"OR","status":2,"status_label":"healthy"}},{"type":"Feature","geometry":{"geodesic":false,"type":"Polygon","coordinates":[[[-124.41217527413313,43.35898381859695],[-124.40948032828078,43.35898381859695],[-124.40948032828078,43.3616787644493],[-124.41217527413313,43.3616787644493],[-124.41217527413313,43.35898381859695]]]},"id":"-46165+16089","properties":{"area_sq_km":0.0,"count":1,"label":2,"latitude":43.360331289385364,"longitude":-124.41082780111398,"near_healthy_bed":1,"priority_score":1.0,"priority_tier":"monitor","recommended_action":"no_action","region_id":"southern_oregon","region_name":"Southern Oregon Coast","state":"OR","status":2,"status_label":"healthy"}},{"type":"Feature","geometry":{"geodesic":false,"type":"Polygon","coordinates":[[[-124.41487021998549,43.189202229898356],[-124.41217527413313,43.189202229898356],[-124.41217527413313,43.19459212160307],[-124.41487021998549,43.19459212160307],[-124.41487021998549,43.189202229898356]]]},"id":"-46166+16027","properties":{"area_sq_km":0.0,"count":2,"label":2,"latitude":43.191897144020466,"longitude":-124.41352274693895,"near_healthy_bed":1,"priority_score":1.0,"priority_tier":"monitor","recommended_action":"no_action","region_id":"southern_oregon","region_name":"Southern Oregon Coast","state":"OR","status":2,"status_label":"healthy"}},{"type":"Feature","geometry":{"geodesic":false,"type":"Polygon","coordinates":[[[-124.41756516583786,43.42366251905355],[-124.41756516583786,43.420967573201196],[-124.41487021998549,43.420967573201196],[-124.41487021998549,43.41557768149647],[-124.41217527413313,43.41557768149647],[-124.41217527413313,43.42366251905355],[-124.41756516583786,43.42366251905355]]]},"id":"-46166+16112","properties":{"area_sq_km":0.0,"count":4,"label":2,"latitude":43.4202937679906,"longitude":-124.41419644052245,"near_healthy_bed":1,"priority_score":1.0,"priority_tier":"monitor","recommended_action":"no_action","region_id":"southern_oregon","region_name":"Southern Oregon Coast","state":"OR","status":2,"status_label":"healthy"}},{"type":"Feature","geometry":{"geodesic":false,"type":"Polygon","coordinates":[[[-124.42026011169021,43.356288872744585],[-124.41487021998549,43.356288872744585],[-124.41487021998549,43.35898381859695],[-124.42026011169021,43.35898381859695],[-124.42026011169021,43.356288872744585]]]},"id":"-46167+16088","properties":{"area_sq_km":0.0,"count":2,"label":2,"latitude":43.357636367354715,"longitude":-124.41756516583281,"near_healthy_bed":1,"priority_score":1.0,"priority_tier":"monitor","recommended_action":"no_action","region_id":"southern_oregon","region_name":"Southern Oregon Coast","state":"OR","status":2,"status_label":"healthy"}},{"type":"Feature","geometry":{"geodesic":false,"type":"Polygon","coordinates":[[[-124.42295505754257,43.41557768149647],[-124.42295505754257,43.410187789791756],[-124.42026011169021,43.410187789791756],[-124.42026011169021,43.4074928439394],[-124.42295505754257,43.4074928439394],[-124.42295505754257,43.40479789808704],[-124.41756516583786,43.40479789808704],[-124.41756516583786,43.410187789791756],[-124.41487021998549,43.410187789791756],[-124.41487021998549,43.41557768149647],[-124.42295505754257,43.41557768149647]]]},"id":"-46167+16109","properties":{"area_sq_km":1.0,"count":9,"label":2,"latitude":43.410936279201636,"longitude":-124.41921212160145,"near_healthy_bed":1,"priority_score":1.0,"priority_tier":"monitor","recommended_action":"no_action","region_id":"southern_oregon","region_name":"Southern Oregon Coast","state":"OR","status":2,"status_label":"healthy"}},{"type":"Feature","geometry":{"geodesic":false,"type":"Polygon","coordinates":[[[-124.41756516583786,43.456001869281856],[-124.41756516583786,43.453306923429494],[-124.42026011169021,43.453306923429494],[-124.42026011169021,43.45061197757714],[-124.42295505754257,43.45061197757714],[-124.42295505754257,43.44791703172478],[-124.42026011169021,43.44791703172478],[-124.42026011169021,43.44522208587242],[-124.41217527413313,43.44522208587242],[-124.41217527413313,43.44791703172478],[-124.40948032828078,43.44791703172478],[-124.40948032828078,43.45061197757714],[-124.41487021998549,43.45061197757714],[-124.41487021998549,43.456001869281856],[-124.41756516583786,43.456001869281856]]]},"id":"-46167+16124","properties":{"area_sq_km":1.0,"count":11,"label":2,"latitude":43.44950945699486,"longitude":-124.41646266460833,"near_healthy_bed":1,"priority_score":1.0,"priority_tier":"monitor","recommended_action":"no_action","region_id":"southern_oregon","region_name":"Southern Oregon Coast","state":"OR","status":2,"status_label":"healthy"}},{"type":"Feature","geometry":{"geodesic":false,"type":"Polygon","coordinates":[[[-124.42026011169021,43.16764266307949],[-124.41756516583786,43.16764266307949],[-124.41756516583786,43.170337608931845],[-124.42026011169021,43.170337608931845],[-124.42026011169021,43.16764266307949]]]},"id":"-46168+16018","properties":{"area_sq_km":0.0,"count":1,"label":2,"latitude":43.16899013394346,"longitude":-124.41891263873916,"near_healthy_bed":1,"priority_score":1.0,"priority_tier":"monitor","recommended_action":"no_action","region_id":"southern_oregon","region_name":"Southern Oregon Coast","state":"OR","status":2,"status_label":"healthy"}},{"type":"Feature","geometry":{"geodesic":false,"type":"Polygon","coordinates":[[[-124.42026011169021,43.329339414221],[-124.41756516583786,43.329339414221],[-124.41756516583786,43.33203436007336],[-124.42026011169021,43.33203436007336],[-124.42026011169021,43.329339414221]]]},"id":"-46168+16078","properties":{"area_sq_km":0.0,"count":1,"label":2,"latitude":43.330686884982896,"longitude":-124.41891263870609,"near_healthy_bed":1,"priority_score":1.0,"priority_tier":"monitor","recommended_action":"no_action","region_id":"southern_oregon","region_name":"Southern Oregon Coast","state":"OR","status":2,"status_label":"healthy"}},{"type":"Feature","geometry":{"geodesic":false,"type":"Polygon","coordinates":[[[-124.42026011169021,43.453306923429494],[-124.41756516583786,43.453306923429494],[-124.41756516583786,43.456001869281856],[-124.42026011169021,43.456001869281856],[-124.42026011169021,43.453306923429494]]]},"id":"-46168+16124","properties":{"area_sq_km":0.0,"count":1,"label":0,"latitude":43.45465439421015,"longitude":-124.4189126386685,"near_healthy_bed":1,"priority_score":1.0,"priority_tier":"monitor","recommended_action":"urchin_removal_then_replant","region_id":"southern_oregon","region_name":"Southern Oregon Coast","state":"OR","status":0,"status_label":"barren"}},{"type":"Feature","geometry":{"geodesic":false,"type":"Polygon","coordinates":[[[-124.42295505754257,43.15955782552241],[-124.42026011169021,43.15955782552241],[-124.42026011169021,43.16494771722713],[-124.42295505754257,43.16494771722713],[-124.42295505754257,43.15955782552241]]]},"id":"-46169+16016","properties":{"area_sq_km":0.0,"count":2,"label":2,"latitude":43.16225273970238,"longitude":-124.42160758473813,"near_healthy_bed":1,"priority_score":1.0,"priority_tier":"monitor","recommended_action":"no_action","region_id":"southern_oregon","region_name":"Southern Oregon Coast","state":"OR","status":2,"status_label":"healthy"}},{"type":"Feature","geometry":{"geodesic":false,"type":"Polygon","coordinates":[[[-124.42295505754257,43.35089898103987],[-124.42026011169021,43.35089898103987],[-124.42026011169021,43.35359392689223],[-124.42295505754257,43.35359392689223],[-124.42295505754257,43.35089898103987]]]},"id":"-46169+16086","properties":{"area_sq_km":0.0,"count":1,"label":2,"latitude":43.352246451942506,"longitude":-124.42160758457298,"near_healthy_bed":1,"priority_score":1.0,"priority_tier":"monitor","recommended_action":"no_action","region_id":"southern_oregon","region_name":"Southern Oregon Coast","state":"OR","status":2,"status_label":"healthy"}},{"type":"Feature","geometry":{"geodesic":false,"type":"Polygon","coordinates":[[[-124.42295505754257,43.418272627348834],[-124.42026011169021,43.418272627348834],[-124.42026011169021,43.420967573201196],[-124.42295505754257,43.420967573201196],[-124.42295505754257,43.418272627348834]]]},"id":"-46169+16111","properties":{"area_sq_km":0.0,"count":1,"label":2,"latitude":43.41962009827613,"longitude":-124.42160758470484,"near_healthy_bed":1,"priority_score":1.0,"priority_tier":"monitor","recommended_action":"no_action","region_id":"southern_oregon","region_name":"Southern Oregon Coast","state":"OR","status":2,"status_label":"healthy"}},{"type":"Feature","geometry":{"geodesic":false,"type":"Polygon","coordinates":[[[-124.42565000339494,43.14338815040826],[-124.42295505754257,43.14338815040826],[-124.42295505754257,43.14608309626062],[-124.42565000339494,43.14608309626062],[-124.42565000339494,43.14338815040826]]]},"id":"-46170+16009","properties":{"area_sq_km":0.0,"count":1,"label":2,"latitude":43.14473562127331,"longitude":-124.42430253042188,"near_healthy_bed":1,"priority_score":1.0,"priority_tier":"monitor","recommended_action":"no_action","region_id":"southern_oregon","region_name":"Southern Oregon Coast","state":"OR","status":2,"status_label":"healthy"}},{"type":"Feature","geometry":{"geodesic":false,"type":"Polygon","coordinates":[[[-124.42565000339494,43.2646607137644],[-124.42295505754257,43.2646607137644],[-124.42295505754257,43.267355659616754],[-124.42565000339494,43.267355659616754],[-124.42565000339494,43.2646607137644]]]},"id":"-46170+16054","properties":{"area_sq_km":0.0,"count":1,"label":2,"latitude":43.26600818468303,"longitude":-124.42430253038336,"near_healthy_bed":1,"priority_score":1.0,"priority_tier":"monitor","recommended_action":"no_action","region_id":"southern_oregon","region_name":"Southern Oregon Coast","state":"OR","status":2,"status_label":"healthy"}},{"type":"Feature","geometry":{"geodesic":false,"type":"Polygon","coordinates":[[[-124.42565000339494,43.43174735661063],[-124.42295505754257,43.43174735661063],[-124.42295505754257,43.43444230246298],[-124.42565000339494,43.43444230246298],[-124.42565000339494,43.43174735661063]]]},"id":"-46170+16116","properties":{"area_sq_km":0.0,"count":1,"label":0,"latitude":43.433094827453004,"longitude":-124.42430253055718,"near_healthy_bed":1,"priority_score":1.0,"priority_tier":"monitor","recommended_action":"urchin_removal_then_replant","region_id":"southern_oregon","region_name":"Southern Oregon Coast","state":"OR","status":0,"status_label":"barren"}},{"type":"Feature","geometry":{"geodesic":false,"type":"Polygon","coordinates":[[[-124.42565000339494,43.46947659854365],[-124.42565000339494,43.46678165269129],[-124.42834494924729,43.46678165269129],[-124.42834494924729,43.46408670683893],[-124.43103989509964,43.46408670683893],[-124.43103989509964,43.46139176098657],[-124.42295505754257,43.46139176098657],[-124.42295505754257,43.46947659854365],[-124.42565000339494,43.46947659854365]]]},"id":"-46170+16129","properties":{"area_sq_km":0.0,"count":6,"label":2,"latitude":43.46453583785885,"longitude":-124.4260992207141,"near_healthy_bed":1,"priority_score":1.0,"priority_tier":"monitor","recommended_action":"no_action","region_id":"southern_oregon","region_name":"Southern Oregon Coast","state":"OR","status":2,"status_label":"healthy"}},{"type":"Feature","geometry":{"geodesic":false,"type":"Polygon","coordinates":[[[-124.42834494924729,43.1406932045559],[-124.42565000339494,43.1406932045559],[-124.42565000339494,43.14338815040826],[-124.42834494924729,43.14338815040826],[-124.42834494924729,43.1406932045559]]]},"id":"-46171+16008","properties":{"area_sq_km":0.0,"count":1,"label":2,"latitude":43.14204067551374,"longitude":-124.42699747629298,"near_healthy_bed":1,"priority_score":1.0,"priority_tier":"monitor","recommended_action":"no_action","region_id":"southern_oregon","region_name":"Southern Oregon Coast","state":"OR","status":2,"status_label":"healthy"}},{"type":"Feature","geometry":{"geodesic":false,"type":"Polygon","coordinates":[[[-124.43642978680437,43.42366251905355],[-124.44181967850908,43.42366251905355],[-124.44181967850908,43.418272627348834],[-124.43642978680437,43.418272627348834],[-124.43642978680437,43.41557768149648],[-124.433734840952,43.41557768149648],[-124.433734840952,43.418272627348834],[-124.43103989509964,43.418272627348834],[-124.43103989509964,43.41557768149648],[-124.42295505754257,43.41557768149648],[-124.42295505754257,43.418272627348834],[-124.42565000339494,43.418272627348834],[-124.42565000339494,43.42366251905355],[-124.41756516583786,43.42366251905355],[-124.41756516583786,43.42635746490591],[-124.42026011169021,43.42635746490591],[-124.42026011169021,43.43174735661063],[-124.41756516583786,43.43174735661063],[-124.41756516583786,43.42905241075827],[-124.41217527413313,43.42905241075827],[-124.41217527413313,43.43174735661063],[-124.41487021998549,43.43174735661063],[-124.41487021998549,43.43444230246298],[-124.41756516583786,43.43444230246298],[-124.41756516583786,43.437137248315345],[-124.42565000339494,43.437137248315345],[-124.42565000339494,43.44252714002006],[-124.42834494924729,43.44252714002006],[-124.42834494924729,43.4398321941677],[-124.43103989509964,43.4398321941677],[-124.43103989509964,43.437137248315345],[-124.42834494924729,43.437137248315345],[-124.42834494924729,43.43444230246298],[-124.43103989509964,43.43444230246298],[-124.43103989509964,43.43174735661063],[-124.42834494924729,43.43174735661063],[-124.42834494924729,43.42905241075827],[-124.43103989509964,43.42905241075827],[-124.43103989509964,43.42635746490591],[-124.43642978680437,43.42635746490591],[-124.43642978680437,43.42366251905355]],[[-124.43642978680437,43.42366251905355],[-124.43642978680437,43.420967573201196],[-124.433734840952,43.420967573201196],[-124.433734840952,43.42366251905355],[-124.43642978680437,43.42366251905355]],[[-124.42565000339494,43.43174735661063],[-124.42295505754257,43.43174735661063],[-124.42295505754257,43.43444230246298],[-124.42565000339494,43.43444230246298],[-124.42565000339494,43.43174735661063]]]},"id":"-46171+16119","properties":{"area_sq_km":3.0,"count":43,"label":2,"latitude":43.42701500719978,"longitude":-124.4271861832647,"near_healthy_bed":1,"priority_score":1.0,"priority_tier":"monitor","recommended_action":"no_action","region_id":"southern_oregon","region_name":"Southern Oregon Coast","state":"OR","status":2,"status_label":"healthy"}},{"type":"Feature","geometry":{"geodesic":false,"type":"Polygon","coordinates":[[[-124.42834494924729,43.46947659854365],[-124.42565000339494,43.46947659854365],[-124.42565000339494,43.472171544396005],[-124.42834494924729,43.472171544396005],[-124.42834494924729,43.46947659854365]]]},"id":"-46171+16130","properties":{"area_sq_km":0.0,"count":1,"label":2,"latitude":43.47082406938185,"longitude":-124.42699747634597,"near_healthy_bed":1,"priority_score":1.0,"priority_tier":"monitor","recommended_action":"no_action","region_id":"southern_oregon","region_name":"Southern Oregon Coast","state":"OR","status":2,"status_label":"healthy"}},{"type":"Feature","geometry":{"geodesic":false,"type":"Polygon","coordinates":[[[-124.43103989509964,43.14877804211298],[-124.42834494924729,43.14877804211298],[-124.42834494924729,43.15955782552241],[-124.43103989509964,43.15955782552241],[-124.43103989509964,43.14877804211298]]]},"id":"-46172+16014","properties":{"area_sq_km":0.0,"count":4,"label":2,"latitude":43.15416778326042,"longitude":-124.42969242211979,"near_healthy_bed":1,"priority_score":1.0,"priority_tier":"monitor","recommended_action":"no_action","region_id":"southern_oregon","region_name":"Southern Oregon Coast","state":"OR","status":2,"status_label":"healthy"}},{"type":"Feature","geometry":{"geodesic":false,"type":"Polygon","coordinates":[[[-124.43103989509964,43.43444230246298],[-124.42834494924729,43.43444230246298],[-124.42834494924729,43.437137248315345],[-124.43103989509964,43.437137248315345],[-124.43103989509964,43.43444230246298]]]},"id":"-46172+16117","properties":{"area_sq_km":0.0,"count":1,"label":0,"latitude":43.43578977335311,"longitude":-124.42969242213942,"near_healthy_bed":1,"priority_score":1.0,"priority_tier":"monitor","recommended_action":"urchin_removal_then_replant","region_id":"southern_oregon","region_name":"Southern Oregon Coast","state":"OR","status":0,"status_label":"barren"}},{"type":"Feature","geometry":{"geodesic":false,"type":"Polygon","coordinates":[[[-124.43103989509964,43.44252714002006],[-124.42834494924729,43.44252714002006],[-124.42834494924729,43.44522208587242],[-124.43103989509964,43.44522208587242],[-124.43103989509964,43.44252714002006]]]},"id":"-46172+16120","properties":{"area_sq_km":0.0,"count":1,"label":2,"latitude":43.44387461075247,"longitude":-124.42969242210377,"near_healthy_bed":1,"priority_score":1.0,"priority_tier":"monitor","recommended_action":"no_action","region_id":"southern_oregon","region_name":"Southern Oregon Coast","state":"OR","status":2,"status_label":"healthy"}},{"type":"Feature","geometry":{"geodesic":false,"type":"Polygon","coordinates":[[[-124.43642978680437,43.286220280583265],[-124.43103989509964,43.286220280583265],[-124.43103989509964,43.28891522643562],[-124.43642978680437,43.28891522643562],[-124.43642978680437,43.286220280583265]]]},"id":"-46173+16062","properties":{"area_sq_km":0.0,"count":2,"label":2,"latitude":43.28756777530957,"longitude":-124.43373484097116,"near_healthy_bed":1,"priority_score":1.0,"priority_tier":"monitor","recommended_action":"no_action","region_id":"southern_oregon","region_name":"Southern Oregon Coast","state":"OR","status":2,"status_label":"healthy"}},{"type":"Feature","geometry":{"geodesic":false,"type":"Polygon","coordinates":[[[-124.433734840952,43.47486649024837],[-124.433734840952,43.472171544396005],[-124.43642978680437,43.472171544396005],[-124.43642978680437,43.46947659854365],[-124.433734840952,43.46947659854365],[-124.433734840952,43.46408670683893],[-124.43103989509964,43.46408670683893],[-124.43103989509964,43.47486649024837],[-124.433734840952,43.47486649024837]]]},"id":"-46173+16131","properties":{"area_sq_km":0.0,"count":5,"label":2,"latitude":43.46974597112739,"longitude":-124.43292633794805,"near_healthy_bed":1,"priority_score":1.0,"priority_tier":"monitor","recommended_action":"no_action","region_id":"southern_oregon","region_name":"Southern Oregon Coast","state":"OR","status":2,"status_label":"healthy"}},{"type":"Feature","geometry":{"geodesic":false,"type":"Polygon","coordinates":[[[-124.43642978680437,43.151472987965334],[-124.433734840952,43.151472987965334],[-124.433734840952,43.154167933817696],[-124.43642978680437,43.154167933817696],[-124.43642978680437,43.151472987965334]]]},"id":"-46174+16012","properties":{"area_sq_km":0.0,"count":1,"label":2,"latitude":43.152820458815086,"longitude":-124.43508231397554,"near_healthy_bed":1,"priority_score":1.0,"priority_tier":"monitor","recommended_action":"no_action","region_id":"southern_oregon","region_name":"Southern Oregon Coast","state":"OR","status":2,"status_label":"healthy"}},{"type":"Feature","geometry":{"geodesic":false,"type":"Polygon","coordinates":[[[-124.43642978680437,43.15955782552241],[-124.433734840952,43.15955782552241],[-124.433734840952,43.162252771374774],[-124.43642978680437,43.162252771374774],[-124.43642978680437,43.15955782552241]]]},"id":"-46174+16015","properties":{"area_sq_km":0.0,"count":1,"label":2,"latitude":43.16090529643586,"longitude":-124.4350823139961,"near_healthy_bed":1,"priority_score":1.0,"priority_tier":"monitor","recommended_action":"no_action","region_id":"southern_oregon","region_name":"Southern Oregon Coast","state":"OR","status":2,"status_label":"healthy"}},{"type":"Feature","geometry":{"geodesic":false,"type":"Polygon","coordinates":[[[-124.43642978680437,43.420967573201196],[-124.433734840952,43.420967573201196],[-124.433734840952,43.42366251905355],[-124.43642978680437,43.42366251905355],[-124.43642978680437,43.420967573201196]]]},"id":"-46174+16112","properties":{"area_sq_km":0.0,"count":1,"label":0,"latitude":43.422315044077834,"longitude":-124.43508231401127,"near_healthy_bed":1,"priority_score":1.0,"priority_tier":"monitor","recommended_action":"urchin_removal_then_replant","region_id":"southern_oregon","region_name":"Southern Oregon Coast","state":"OR","status":0,"status_label":"barren"}},{"type":"Feature","geometry":{"geodesic":false,"type":"Polygon","coordinates":[[[-124.43642978680437,43.4398321941677],[-124.43642978680437,43.437137248315345],[-124.43912473265672,43.437137248315345],[-124.43912473265672,43.4398321941677],[-124.4472095702138,43.4398321941677],[-124.4472095702138,43.43444230246298],[-124.43103989509964,43.43444230246298],[-124.43103989509964,43.437137248315345],[-124.433734840952,43.437137248315345],[-124.433734840952,43.4398321941677],[-124.43642978680437,43.4398321941677]]]},"id":"-46174+16118","properties":{"area_sq_km":1.0,"count":10,"label":2,"latitude":43.436867923790366,"longitude":-124.43993322164874,"near_healthy_bed":1,"priority_score":1.0,"priority_tier":"monitor","recommended_action":"no_action","region_id":"southern_oregon","region_name":"Southern Oregon Coast","state":"OR","status":2,"status_label":"healthy"}},{"type":"Feature","geometry":{"geodesic":false,"type":"Polygon","coordinates":[[[-124.44181967850908,43.39671306052997],[-124.43642978680437,43.39671306052997],[-124.43642978680437,43.39940800638232],[-124.44181967850908,43.39940800638232],[-124.44181967850908,43.39671306052997]]]},"id":"-46175+16103","properties":{"area_sq_km":0.0,"count":2,"label":2,"latitude":43.39806055511635,"longitude":-124.43912473265692,"near_healthy_bed":1,"priority_score":1.0,"priority_tier":"monitor","recommended_action":"no_action","region_id":"southern_oregon","region_name":"Southern Oregon Coast","state":"OR","status":2,"status_label":"healthy"}},{"type":"Feature","geometry":{"geodesic":false,"type":"Polygon","coordinates":[[[-124.43912473265672,43.402102952234685],[-124.43642978680437,43.402102952234685],[-124.43642978680437,43.40479789808704],[-124.43912473265672,43.40479789808704],[-124.43912473265672,43.402102952234685]]]},"id":"-46175+16105","properties":{"area_sq_km":0.0,"count":1,"label":2,"latitude":43.40345042311784,"longitude":-124.43777725971853,"near_healthy_bed":1,"priority_score":1.0,"priority_tier":"monitor","recommended_action":"no_action","region_id":"southern_oregon","region_name":"Southern Oregon Coast","state":"OR","status":2,"status_label":"healthy"}},{"type":"Feature","geometry":{"geodesic":false,"type":"Polygon","coordinates":[[[-124.44181967850908,43.286220280583265],[-124.43912473265672,43.286220280583265],[-124.43912473265672,43.28891522643562],[-124.44181967850908,43.28891522643562],[-124.44181967850908,43.286220280583265]]]},"id":"-46176+16062","properties":{"area_sq_km":0.0,"count":1,"label":2,"latitude":43.2875677515318,"longitude":-124.44047220563395,"near_healthy_bed":1,"priority_score":1.0,"priority_tier":"monitor","recommended_action":"no_action","region_id":"southern_oregon","region_name":"Southern Oregon Coast","state":"OR","status":2,"status_label":"healthy"}},{"type":"Feature","geometry":{"geodesic":false,"type":"Polygon","coordinates":[[[-124.44451462436143,43.4074928439394],[-124.43912473265672,43.4074928439394],[-124.43912473265672,43.410187789791756],[-124.44451462436143,43.410187789791756],[-124.44451462436143,43.4074928439394]]]},"id":"-46176+16107","properties":{"area_sq_km":0.0,"count":2,"label":2,"latitude":43.40884033855109,"longitude":-124.44181967848797,"near_healthy_bed":1,"priority_score":1.0,"priority_tier":"monitor","recommended_action":"no_action","region_id":"southern_oregon","region_name":"Southern Oregon Coast","state":"OR","status":2,"status_label":"healthy"}},{"type":"Feature","geometry":{"geodesic":false,"type":"Polygon","coordinates":[[[-124.44451462436143,43.05984482898514],[-124.44181967850908,43.05984482898514],[-124.44181967850908,43.062539774837504],[-124.44451462436143,43.062539774837504],[-124.44451462436143,43.05984482898514]]]},"id":"-46177+15978","properties":{"area_sq_km":0.0,"count":1,"label":2,"latitude":43.06119229997425,"longitude":-124.44316715144218,"near_healthy_bed":1,"priority_score":1.0,"priority_tier":"monitor","recommended_action":"no_action","region_id":"southern_oregon","region_name":"Southern Oregon Coast","state":"OR","status":2,"status_label":"healthy"}},{"type":"Feature","geometry":{"geodesic":false,"type":"Polygon","coordinates":[[[-124.45259946191851,43.40479789808704],[-124.45259946191851,43.39671306052997],[-124.44990451606616,43.39671306052997],[-124.44990451606616,43.39940800638232],[-124.4472095702138,43.39940800638232],[-124.4472095702138,43.39671306052997],[-124.44451462436143,43.39671306052997],[-124.44451462436143,43.39940800638232],[-124.44181967850908,43.39940800638232],[-124.44181967850908,43.40479789808704],[-124.45259946191851,43.40479789808704]]]},"id":"-46177+16105","properties":{"area_sq_km":1.0,"count":10,"label":2,"latitude":43.40129447961282,"longitude":-124.44747909039613,"near_healthy_bed":1,"priority_score":1.0,"priority_tier":"monitor","recommended_action":"no_action","region_id":"southern_oregon","region_name":"Southern Oregon Coast","state":"OR","status":2,"status_label":"healthy"}},{"type":"Feature","geometry":{"geodesic":false,"type":"Polygon","coordinates":[[[-124.4472095702138,43.25388093035496],[-124.44451462436143,43.25388093035496],[-124.44451462436143,43.25657587620732],[-124.4472095702138,43.25657587620732],[-124.4472095702138,43.25388093035496]]]},"id":"-46178+16050","properties":{"area_sq_km":0.0,"count":1,"label":2,"latitude":43.255228401309516,"longitude":-124.44586209733909,"near_healthy_bed":1,"priority_score":1.0,"priority_tier":"monitor","recommended_action":"no_action","region_id":"southern_oregon","region_name":"Southern Oregon Coast","state":"OR","status":2,"status_label":"healthy"}},{"type":"Feature","geometry":{"geodesic":false,"type":"Polygon","coordinates":[[[-124.4472095702138,43.286220280583265],[-124.44451462436143,43.286220280583265],[-124.44451462436143,43.29161017228798],[-124.4472095702138,43.29161017228798],[-124.4472095702138,43.286220280583265]]]},"id":"-46178+16063","properties":{"area_sq_km":0.0,"count":2,"label":2,"latitude":43.288915194503076,"longitude":-124.44586209725222,"near_healthy_bed":1,"priority_score":1.0,"priority_tier":"monitor","recommended_action":"no_action","region_id":"southern_oregon","region_name":"Southern Oregon Coast","state":"OR","status":2,"status_label":"healthy"}},{"type":"Feature","geometry":{"geodesic":false,"type":"Polygon","coordinates":[[[-124.4472095702138,43.2970000639927],[-124.44451462436143,43.2970000639927],[-124.44451462436143,43.29969500984506],[-124.4472095702138,43.29969500984506],[-124.4472095702138,43.2970000639927]]]},"id":"-46178+16066","properties":{"area_sq_km":0.0,"count":1,"label":2,"latitude":43.29834753487966,"longitude":-124.44586209736102,"near_healthy_bed":1,"priority_score":1.0,"priority_tier":"monitor","recommended_action":"no_action","region_id":"southern_oregon","region_name":"Southern Oregon Coast","state":"OR","status":2,"status_label":"healthy"}},{"type":"Feature","geometry":{"geodesic":false,"type":"Polygon","coordinates":[[[-124.4472095702138,43.42905241075827],[-124.44451462436143,43.42905241075827],[-124.44451462436143,43.43174735661063],[-124.4472095702138,43.43174735661063],[-124.4472095702138,43.42905241075827]]]},"id":"-46178+16115","properties":{"area_sq_km":0.0,"count":1,"label":2,"latitude":43.43039988153995,"longitude":-124.44586209732495,"near_healthy_bed":1,"priority_score":1.0,"priority_tier":"monitor","recommended_action":"no_action","region_id":"southern_oregon","region_name":"Southern Oregon Coast","state":"OR","status":2,"status_label":"healthy"}},{"type":"Feature","geometry":{"geodesic":false,"type":"Polygon","coordinates":[[[-124.44990451606616,43.2835253347309],[-124.44990451606616,43.28083038887855],[-124.45259946191851,43.28083038887855],[-124.45259946191851,43.2835253347309],[-124.45529440777088,43.2835253347309],[-124.45529440777088,43.27813544302619],[-124.4472095702138,43.27813544302619],[-124.4472095702138,43.2835253347309],[-124.44990451606616,43.2835253347309]]]},"id":"-46179+16060","properties":{"area_sq_km":0.0,"count":5,"label":2,"latitude":43.280560911685,"longitude":-124.45125198893498,"near_healthy_bed":1,"priority_score":1.0,"priority_tier":"monitor","recommended_action":"no_action","region_id":"southern_oregon","region_name":"Southern Oregon Coast","state":"OR","status":2,"status_label":"healthy"}},{"type":"Feature","geometry":{"geodesic":false,"type":"Polygon","coordinates":[[[-124.44990451606616,43.39132316882525],[-124.4472095702138,43.39132316882525],[-124.4472095702138,43.39401811467761],[-124.44990451606616,43.39401811467761],[-124.44990451606616,43.39132316882525]]]},"id":"-46179+16101","properties":{"area_sq_km":0.0,"count":1,"label":2,"latitude":43.39267063967182,"longitude":-124.44855704312637,"near_healthy_bed":1,"priority_score":1.0,"priority_tier":"monitor","recommended_action":"no_action","region_id":"southern_oregon","region_name":"Southern Oregon Coast","state":"OR","status":2,"status_label":"healthy"}},{"type":"Feature","geometry":{"geodesic":false,"type":"Polygon","coordinates":[[[-124.44990451606616,43.42905241075827],[-124.4472095702138,43.42905241075827],[-124.4472095702138,43.43174735661063],[-124.44990451606616,43.43174735661063],[-124.44990451606616,43.42905241075827]]]},"id":"-46179+16115","properties":{"area_sq_km":0.0,"count":1,"label":0,"latitude":43.430399881526924,"longitude":-124.44855704303296,"near_healthy_bed":1,"priority_score":1.0,"priority_tier":"monitor","recommended_action":"urchin_removal_then_replant","region_id":"southern_oregon","region_name":"Southern Oregon Coast","state":"OR","status":0,"status_label":"barren"}},{"type":"Feature","geometry":{"geodesic":false,"type":"Polygon","coordinates":[[[-124.44990451606616,43.43174735661063],[-124.4472095702138,43.43174735661063],[-124.4472095702138,43.43444230246298],[-124.44990451606616,43.43444230246298],[-124.44990451606616,43.43174735661063]]]},"id":"-46179+16116","properties":{"area_sq_km":0.0,"count":1,"label":2,"latitude":43.43309482746205,"longitude":-124.44855704304824,"near_healthy_bed":1,"priority_score":1.0,"priority_tier":"monitor","recommended_action":"no_action","region_id":"southern_oregon","region_name":"Southern Oregon Coast","state":"OR","status":2,"status_label":"healthy"}},{"type":"Feature","geometry":{"geodesic":false,"type":"Polygon","coordinates":[[[-124.45259946191851,43.17842244648892],[-124.45259946191851,43.17572750063656],[-124.45529440777088,43.17572750063656],[-124.45529440777088,43.17303255478421],[-124.44990451606616,43.17303255478421],[-124.44990451606616,43.17842244648892],[-124.45259946191851,43.17842244648892]]]},"id":"-46180+16021","properties":{"area_sq_km":0.0,"count":3,"label":2,"latitude":43.175278330396765,"longitude":-124.45215032884111,"near_healthy_bed":1,"priority_score":1.0,"priority_tier":"monitor","recommended_action":"no_action","region_id":"southern_oregon","region_name":"Southern Oregon Coast","state":"OR","status":2,"status_label":"healthy"}},{"type":"Feature","geometry":{"geodesic":false,"type":"Polygon","coordinates":[[[-124.45259946191851,43.340119197630436],[-124.44990451606616,43.340119197630436],[-124.44990451606616,43.3428141434828],[-124.45259946191851,43.3428141434828],[-124.45259946191851,43.340119197630436]]]},"id":"-46180+16082","properties":{"area_sq_km":0.0,"count":1,"label":2,"latitude":43.341466668451815,"longitude":-124.45125198896376,"near_healthy_bed":1,"priority_score":1.0,"priority_tier":"monitor","recommended_action":"no_action","region_id":"southern_oregon","region_name":"Southern Oregon Coast","state":"OR","status":2,"status_label":"healthy"}},{"type":"Feature","geometry":{"geodesic":false,"type":"Polygon","coordinates":[[[-124.45529440777088,43.19998201330779],[-124.45259946191851,43.19998201330779],[-124.45259946191851,43.20267695916015],[-124.45529440777088,43.20267695916015],[-124.45529440777088,43.19998201330779]]]},"id":"-46181+16030","properties":{"area_sq_km":0.0,"count":1,"label":2,"latitude":43.20132948424705,"longitude":-124.45394693478738,"near_healthy_bed":1,"priority_score":1.0,"priority_tier":"monitor","recommended_action":"no_action","region_id":"southern_oregon","region_name":"Southern Oregon Coast","state":"OR","status":2,"status_label":"healthy"}},{"type":"Feature","geometry":{"geodesic":false,"type":"Polygon","coordinates":[[[-124.45529440777088,43.28891522643562],[-124.45259946191851,43.28891522643562],[-124.45259946191851,43.29161017228798],[-124.45529440777088,43.29161017228798],[-124.45529440777088,43.28891522643562]]]},"id":"-46181+16063","properties":{"area_sq_km":0.0,"count":1,"label":2,"latitude":43.290262697196326,"longitude":-124.45394693477868,"near_healthy_bed":1,"priority_score":1.0,"priority_tier":"monitor","recommended_action":"no_action","region_id":"southern_oregon","region_name":"Southern Oregon Coast","state":"OR","status":2,"status_label":"healthy"}},{"type":"Feature","geometry":{"geodesic":false,"type":"Polygon","coordinates":[[[-124.45529440777088,43.31316973910685],[-124.45529440777088,43.30777984740213],[-124.45259946191851,43.30777984740213],[-124.45259946191851,43.305084901549776],[-124.4472095702138,43.305084901549776],[-124.4472095702138,43.30777984740213],[-124.44990451606616,43.30777984740213],[-124.44990451606616,43.31047479325449],[-124.45259946191851,43.31047479325449],[-124.45259946191851,43.31316973910685],[-124.45529440777088,43.31316973910685]]]},"id":"-46181+16071","properties":{"area_sq_km":0.0,"count":5,"label":2,"latitude":43.30858828809415,"longitude":-124.45179087750445,"near_healthy_bed":1,"priority_score":1.0,"priority_tier":"monitor","recommended_action":"no_action","region_id":"southern_oregon","region_name":"Southern Oregon Coast","state":"OR","status":2,"status_label":"healthy"}},{"type":"Feature","geometry":{"geodesic":false,"type":"Polygon","coordinates":[[[-124.45529440777088,43.375153493711096],[-124.45259946191851,43.375153493711096],[-124.45259946191851,43.37784843956346],[-124.45529440777088,43.37784843956346],[-124.45529440777088,43.375153493711096]]]},"id":"-46181+16095","properties":{"area_sq_km":0.0,"count":1,"label":2,"latitude":43.376500964627326,"longitude":-124.45394693490316,"near_healthy_bed":1,"priority_score":1.0,"priority_tier":"monitor","recommended_action":"no_action","region_id":"southern_oregon","region_name":"Southern Oregon Coast","state":"OR","status":2,"status_label":"healthy"}},{"type":"Feature","geometry":{"geodesic":false,"type":"Polygon","coordinates":[[[-124.45529440777088,43.39132316882525],[-124.45259946191851,43.39132316882525],[-124.45259946191851,43.39401811467761],[-124.45529440777088,43.39401811467761],[-124.45529440777088,43.39132316882525]]]},"id":"-46181+16101","properties":{"area_sq_km":0.0,"count":1,"label":2,"latitude":43.392670639686415,"longitude":-124.45394693482378,"near_healthy_bed":1,"priority_score":1.0,"priority_tier":"monitor","recommended_action":"no_action","region_id":"southern_oregon","region_name":"Southern Oregon Coast","state":"OR","status":2,"status_label":"healthy"}},{"type":"Feature","geometry":{"geodesic":false,"type":"Polygon","coordinates":[[[-124.45798935362323,43.054454937280425],[-124.45529440777088,43.054454937280425],[-124.45529440777088,43.05714988313279],[-124.45798935362323,43.05714988313279],[-124.45798935362323,43.054454937280425]]]},"id":"-46182+15976","properties":{"area_sq_km":0.0,"count":1,"label":2,"latitude":43.055802408376714,"longitude":-124.45664188079209,"near_healthy_bed":1,"priority_score":1.0,"priority_tier":"monitor","recommended_action":"no_action","region_id":"southern_oregon","region_name":"Southern Oregon Coast","state":"OR","status":2,"status_label":"healthy"}},{"type":"Feature","geometry":{"geodesic":false,"type":"Polygon","coordinates":[[[-124.45798935362323,43.15955782552241],[-124.45529440777088,43.15955782552241],[-124.45529440777088,43.162252771374774],[-124.45798935362323,43.162252771374774],[-124.45798935362323,43.15955782552241]]]},"id":"-46182+16015","properties":{"area_sq_km":0.0,"count":1,"label":2,"latitude":43.1609052964176,"longitude":-124.45664188074251,"near_healthy_bed":1,"priority_score":1.0,"priority_tier":"monitor","recommended_action":"no_action","region_id":"southern_oregon","region_name":"Southern Oregon Coast","state":"OR","status":2,"status_label":"healthy"}},{"type":"Feature","geometry":{"geodesic":false,"type":"Polygon","coordinates":[[[-124.45798935362323,43.42635746490591],[-124.45529440777088,43.42635746490591],[-124.45529440777088,43.42905241075827],[-124.45798935362323,43.42905241075827],[-124.45798935362323,43.42635746490591]]]},"id":"-46182+16114","properties":{"area_sq_km":0.0,"count":1,"label":0,"latitude":43.427704935805416,"longitude":-124.45664188080403,"near_healthy_bed":1,"priority_score":1.0,"priority_tier":"monitor","recommended_action":"urchin_removal_then_replant","region_id":"southern_oregon","region_name":"Southern Oregon Coast","state":"OR","status":0,"status_label":"barren"}},{"type":"Feature","geometry":{"geodesic":false,"type":"Polygon","coordinates":[[[-124.45798935362323,43.4398321941677],[-124.45798935362323,43.43444230246298],[-124.46068429947559,43.43444230246298],[-124.46068429947559,43.43174735661063],[-124.46337924532794,43.43174735661063],[-124.46337924532794,43.42905241075827],[-124.46876913703267,43.42905241075827],[-124.46876913703267,43.42635746490591],[-124.47146408288502,43.42635746490591],[-124.47146408288502,43.42366251905355],[-124.46607419118031,43.42366251905355],[-124.46607419118031,43.420967573201196],[-124.46068429947559,43.420967573201196],[-124.46068429947559,43.42366251905355],[-124.4472095702138,43.42366251905355],[-124.4472095702138,43.42905241075827],[-124.44990451606616,43.42905241075827],[-124.44990451606616,43.43174735661063],[-124.45529440777088,43.43174735661063],[-124.45529440777088,43.4398321941677],[-124.45798935362323,43.4398321941677]],[[-124.45529440777088,43.42905241075827],[-124.45798935362323,43.42905241075827],[-124.45798935362323,43.42635746490591],[-124.45529440777088,43.42635746490591],[-124.45529440777088,43.42905241075827]]]},"id":"-46182+16118","properties":{"area_sq_km":2.0,"count":27,"label":2,"latitude":43.42800432090655,"longitude":-124.4585385279929,"near_healthy_bed":1,"priority_score":1.0,"priority_tier":"monitor","recommended_action":"no_action","region_id":"southern_oregon","region_name":"Southern Oregon Coast","state":"OR","status":2,"status_label":"healthy"}},{"type":"Feature","geometry":{"geodesic":false,"type":"Polygon","coordinates":[[[-124.45798935362323,43.49373111121488],[-124.45529440777088,43.49373111121488],[-124.45529440777088,43.49642605706723],[-124.45798935362323,43.49642605706723],[-124.45798935362323,43.49373111121488]]]},"id":"-46182+16139","properties":{"area_sq_km":0.0,"count":1,"label":2,"latitude":43.49507858207974,"longitude":-124.45664188079037,"near_healthy_bed":1,"priority_score":1.0,"priority_tier":"monitor","recommended_action":"no_action","region_id":"southern_oregon","region_name":"Southern Oregon Coast","state":"OR","status":2,"status_label":"healthy"}},{"type":"Feature","geometry":{"geodesic":false,"type":"Polygon","coordinates":[[[-124.46337924532794,43.05175999142807],[-124.45798935362323,43.05175999142807],[-124.45798935362323,43.054454937280425],[-124.46337924532794,43.054454937280425],[-124.46337924532794,43.05175999142807]]]},"id":"-46183+15975","properties":{"area_sq_km":0.0,"count":2,"label":2,"latitude":43.05310748605069,"longitude":-124.46068429948171,"near_healthy_bed":1,"priority_score":1.0,"priority_tier":"monitor","recommended_action":"no_action","region_id":"southern_oregon","region_name":"Southern Oregon Coast","state":"OR","status":2,"status_label":"healthy"}},{"type":"Feature","geometry":{"geodesic":false,"type":"Polygon","coordinates":[[[-124.46337924532794,43.05714988313279],[-124.45798935362323,43.05714988313279],[-124.45798935362323,43.05984482898514],[-124.46337924532794,43.05984482898514],[-124.46337924532794,43.05714988313279]]]},"id":"-46183+15977","properties":{"area_sq_km":0.0,"count":2,"label":2,"latitude":43.05849737783033,"longitude":-124.46068429945885,"near_healthy_bed":1,"priority_score":1.0,"priority_tier":"monitor","recommended_action":"no_action","region_id":"southern_oregon","region_name":"Southern Oregon Coast","state":"OR","status":2,"status_label":"healthy"}},{"type":"Feature","geometry":{"geodesic":false,"type":"Polygon","coordinates":[[[-124.46068429947559,43.108353854327596],[-124.45798935362323,43.108353854327596],[-124.45798935362323,43.11104880017996],[-124.46068429947559,43.11104880017996],[-124.46068429947559,43.108353854327596]]]},"id":"-46183+15996","properties":{"area_sq_km":0.0,"count":1,"label":0,"latitude":43.10970132512568,"longitude":-124.45933682651055,"near_healthy_bed":1,"priority_score":1.0,"priority_tier":"monitor","recommended_action":"urchin_removal_then_replant","region_id":"southern_oregon","region_name":"Southern Oregon Coast","state":"OR","status":0,"status_label":"barren"}},{"type":"Feature","geometry":{"geodesic":false,"type":"Polygon","coordinates":[[[-124.46337924532794,43.15955782552241],[-124.46337924532794,43.154167933817696],[-124.46068429947559,43.154167933817696],[-124.46068429947559,43.15686287967005],[-124.45798935362323,43.15686287967005],[-124.45798935362323,43.15955782552241],[-124.46337924532794,43.15955782552241]]]},"id":"-46183+16014","properties":{"area_sq_km":0.0,"count":3,"label":2,"latitude":43.157312024680664,"longitude":-124.4611334818458,"near_healthy_bed":1,"priority_score":1.0,"priority_tier":"monitor","recommended_action":"no_action","region_id":"southern_oregon","region_name":"Southern Oregon Coast","state":"OR","status":2,"status_label":"healthy"}},{"type":"Feature","geometry":{"geodesic":false,"type":"Polygon","coordinates":[[[-124.46068429947559,43.38862822297289],[-124.45798935362323,43.38862822297289],[-124.45798935362323,43.39132316882525],[-124.46068429947559,43.39132316882525],[-124.46068429947559,43.38862822297289]]]},"id":"-46183+16100","properties":{"area_sq_km":0.0,"count":1,"label":2,"latitude":43.3899756937817,"longitude":-124.45933682649196,"near_healthy_bed":1,"priority_score":1.0,"priority_tier":"monitor","recommended_action":"no_action","region_id":"southern_oregon","region_name":"Southern Oregon Coast","state":"OR","status":2,"status_label":"healthy"}},{"type":"Feature","geometry":{"geodesic":false,"type":"Polygon","coordinates":[[[-124.46068429947559,43.45061197757714],[-124.45798935362323,43.45061197757714],[-124.45798935362323,43.456001869281856],[-124.46068429947559,43.456001869281856],[-124.46068429947559,43.45061197757714]]]},"id":"-46183+16124","properties":{"area_sq_km":0.0,"count":2,"label":0,"latitude":43.453306891321226,"longitude":-124.45933682642529,"near_healthy_bed":1,"priority_score":1.0,"priority_tier":"monitor","recommended_action":"urchin_removal_then_replant","region_id":"southern_oregon","region_name":"Southern Oregon Coast","state":"OR","status":0,"status_label":"barren"}},{"type":"Feature","geometry":{"geodesic":false,"type":"Polygon","coordinates":[[[-124.46068429947559,43.46408670683893],[-124.45798935362323,43.46408670683893],[-124.45798935362323,43.46678165269129],[-124.46068429947559,43.46678165269129],[-124.46068429947559,43.46408670683893]]]},"id":"-46183+16128","properties":{"area_sq_km":0.0,"count":1,"label":0,"latitude":43.46543417785477,"longitude":-124.45933682650205,"near_healthy_bed":1,"priority_score":1.0,"priority_tier":"monitor","recommended_action":"urchin_removal_then_replant","region_id":"southern_oregon","region_name":"Southern Oregon Coast","state":"OR","status":0,"status_label":"barren"}},{"type":"Feature","geometry":{"geodesic":false,"type":"Polygon","coordinates":[[[-124.46607419118031,43.35089898103987],[-124.46607419118031,43.34550908933515],[-124.46337924532794,43.34550908933515],[-124.46337924532794,43.3428141434828],[-124.46068429947559,43.3428141434828],[-124.46068429947559,43.34550908933515],[-124.45798935362323,43.34550908933515],[-124.45798935362323,43.348204035187514],[-124.46068429947559,43.348204035187514],[-124.46068429947559,43.35089898103987],[-124.46607419118031,43.35089898103987]]]},"id":"-46184+16085","properties":{"area_sq_km":0.0,"count":6,"label":2,"latitude":43.34730568330536,"longitude":-124.46248089859547,"near_healthy_bed":1,"priority_score":1.0,"priority_tier":"monitor","recommended_action":"no_action","region_id":"southern_oregon","region_name":"Southern Oregon Coast","state":"OR","status":2,"status_label":"healthy"}},{"type":"Feature","geometry":{"geodesic":false,"type":"Polygon","coordinates":[[[-124.46337924532794,43.43444230246298],[-124.46068429947559,43.43444230246298],[-124.46068429947559,43.437137248315345],[-124.46337924532794,43.437137248315345],[-124.46337924532794,43.43444230246298]]]},"id":"-46184+16117","properties":{"area_sq_km":0.0,"count":1,"label":2,"latitude":43.435789773382275,"longitude":-124.46203177243046,"near_healthy_bed":1,"priority_score":1.0,"priority_tier":"monitor","recommended_action":"no_action","region_id":"southern_oregon","region_name":"Southern Oregon Coast","state":"OR","status":2,"status_label":"healthy"}},{"type":"Feature","geometry":{"geodesic":false,"type":"Polygon","coordinates":[[[-124.46607419118031,43.4856462736578],[-124.46068429947559,43.4856462736578],[-124.46068429947559,43.488341219510154],[-124.46607419118031,43.488341219510154],[-124.46607419118031,43.4856462736578]]]},"id":"-46184+16136","properties":{"area_sq_km":0.0,"count":2,"label":0,"latitude":43.48699376809352,"longitude":-124.46337924531201,"near_healthy_bed":1,"priority_score":1.0,"priority_tier":"monitor","recommended_action":"urchin_removal_then_replant","region_id":"southern_oregon","region_name":"Southern Oregon Coast","state":"OR","status":0,"status_label":"barren"}},{"type":"Feature","geometry":{"geodesic":false,"type":"Polygon","coordinates":[[[-124.49302364970389,43.47486649024837],[-124.48493881214682,43.47486649024837],[-124.48493881214682,43.472171544396005],[-124.48224386629445,43.472171544396005],[-124.48224386629445,43.46947659854365],[-124.48493881214682,43.46947659854365],[-124.48493881214682,43.46678165269129],[-124.48763375799918,43.46678165269129],[-124.48763375799918,43.45869681513421],[-124.48493881214682,43.45869681513421],[-124.48493881214682,43.453306923429494],[-124.48763375799918,43.453306923429494],[-124.48763375799918,43.456001869281856],[-124.49032870385153,43.456001869281856],[-124.49032870385153,43.453306923429494],[-124.49841354140861,43.453306923429494],[-124.49841354140861,43.45061197757714],[-124.49302364970389,43.45061197757714],[-124.49302364970389,43.44791703172478],[-124.49032870385153,43.44791703172478],[-124.49032870385153,43.44252714002006],[-124.48493881214682,43.44252714002006],[-124.48493881214682,43.4398321941677],[-124.4795489204421,43.4398321941677],[-124.4795489204421,43.44252714002006],[-124.47415902873739,43.44252714002006],[-124.47415902873739,43.437137248315345],[-124.46876913703267,43.437137248315345],[-124.46876913703267,43.4398321941677],[-124.45798935362323,43.4398321941677],[-124.45798935362323,43.44252714002006],[-124.46068429947559,43.44252714002006],[-124.46068429947559,43.44522208587242],[-124.45798935362323,43.44522208587242],[-124.45798935362323,43.45061197757714],[-124.45529440777088,43.45061197757714],[-124.45529440777088,43.453306923429494],[-124.45259946191851,43.453306923429494],[-124.45259946191851,43.44522208587242],[-124.44990451606616,43.44522208587242],[-124.44990451606616,43.44252714002006],[-124.4472095702138,43.44252714002006],[-124.4472095702138,43.44791703172478],[-124.44181967850908,43.44791703172478],[-124.44181967850908,43.44522208587242],[-124.43912473265672,43.44522208587242],[-124.43912473265672,43.44791703172478],[-124.42834494924729,43.44791703172478],[-124.42834494924729,43.44522208587242],[-124.42565000339494,43.44522208587242],[-124.42565000339494,43.456001869281856],[-124.42295505754257,43.456001869281856],[-124.42295505754257,43.453306923429494],[-124.42026011169021,43.453306923429494],[-124.42026011169021,43.456001869281856],[-124.41756516583786,43.456001869281856],[-124.41756516583786,43.45869681513421],[-124.42834494924729,43.45869681513421],[-124.42834494924729,43.456001869281856],[-124.433734840952,43.456001869281856],[-124.433734840952,43.453306923429494],[-124.43642978680437,43.453306923429494],[-124.43642978680437,43.456001869281856],[-124.44451462436143,43.456001869281856],[-124.44451462436143,43.45869681513421],[-124.4472095702138,43.45869681513421],[-124.4472095702138,43.46139176098657],[-124.44990451606616,43.46139176098657],[-124.44990451606616,43.46947659854365],[-124.4472095702138,43.46947659854365],[-124.4472095702138,43.472171544396005],[-124.44451462436143,43.472171544396005],[-124.44451462436143,43.47486649024837],[-124.4472095702138,43.47486649024837],[-124.4472095702138,43.47756143610072],[-124.44990451606616,43.47756143610072],[-124.44990451606616,43.48025638195308],[-124.45798935362323,43.48025638195308],[-124.45798935362323,43.47756143610072],[-124.45529440777088,43.47756143610072],[-124.45529440777088,43.46947659854365],[-124.46068429947559,43.46947659854365],[-124.46068429947559,43.47756143610072],[-124.46337924532794,43.47756143610072],[-124.46337924532794,43.48295132780544],[-124.45798935362323,43.48295132780544],[-124.45798935362323,43.491036165362516],[-124.46337924532794,43.491036165362516],[-124.46337924532794,43.49373111121488],[-124.46068429947559,43.49373111121488],[-124.46068429947559,43.499121002919594],[-124.46337924532794,43.499121002919594],[-124.46337924532794,43.49642605706723],[-124.46876913703267,43.49642605706723],[-124.46876913703267,43.499121002919594],[-124.47415902873739,43.499121002919594],[-124.47415902873739,43.49642605706723],[-124.47685397458974,43.49642605706723],[-124.47685397458974,43.491036165362516],[-124.48224386629445,43.491036165362516],[-124.48224386629445,43.49373111121488],[-124.48493881214682,43.49373111121488],[-124.48493881214682,43.491036165362516],[-124.48763375799918,43.491036165362516],[-124.48763375799918,43.488341219510154],[-124.49032870385153,43.488341219510154],[-124.49032870385153,43.49642605706723],[-124.48763375799918,43.49642605706723],[-124.48763375799918,43.499121002919594],[-124.49302364970389,43.499121002919594],[-124.49302364970389,43.49642605706723],[-124.49841354140861,43.49642605706723],[-124.49841354140861,43.49373111121488],[-124.49571859555626,43.49373111121488],[-124.49571859555626,43.488341219510154],[-124.50110848726096,43.488341219510154],[-124.50110848726096,43.48295132780544],[-124.49841354140861,43.48295132780544],[-124.49841354140861,43.4856462736578],[-124.49571859555626,43.4856462736578],[-124.49571859555626,43.48025638195308],[-124.49841354140861,43.48025638195308],[-124.49841354140861,43.47756143610072],[-124.50110848726096,43.47756143610072],[-124.50110848726096,43.47486649024837],[-124.49841354140861,43.47486649024837],[-124.49841354140861,43.46947659854365],[-124.49032870385153,43.46947659854365],[-124.49032870385153,43.472171544396005],[-124.49302364970389,43.472171544396005],[-124.49302364970389,43.47486649024837]],[[-124.49302364970389,43.47486649024837],[-124.49302364970389,43.47756143610072],[-124.49571859555626,43.47756143610072],[-124.49571859555626,43.47486649024837],[-124.49302364970389,43.47486649024837]],[[-124.49032870385153,43.488341219510154],[-124.49302364970389,43.488341219510154],[-124.49302364970389,43.48295132780544],[-124.48224386629445,43.48295132780544],[-124.48224386629445,43.4856462736578],[-124.4795489204421,43.4856462736578],[-124.4795489204421,43.488341219510154],[-124.48493881214682,43.488341219510154],[-124.48493881214682,43.4856462736578],[-124.49032870385153,43.4856462736578],[-124.49032870385153,43.488341219510154]],[[-124.48224386629445,43.46947659854365],[-124.48224386629445,43.46678165269129],[-124.4795489204421,43.46678165269129],[-124.4795489204421,43.46947659854365],[-124.48224386629445,43.46947659854365]],[[-124.46337924532794,43.47756143610072],[-124.46607419118031,43.47756143610072],[-124.46607419118031,43.48295132780544],[-124.47146408288502,43.48295132780544],[-124.47146408288502,43.47756143610072],[-124.46876913703267,43.47756143610072],[-124.46876913703267,43.47486649024837],[-124.46337924532794,43.47486649024837],[-124.46337924532794,43.47756143610072]],[[-124.45798935362323,43.45061197757714],[-124.45798935362323,43.456001869281856],[-124.46068429947559,43.456001869281856],[-124.46068429947559,43.45061197757714],[-124.45798935362323,43.45061197757714]],[[-124.48763375799918,43.47756143610072],[-124.48224386629445,43.47756143610072],[-124.48224386629445,43.48025638195308],[-124.48763375799918,43.48025638195308],[-124.48763375799918,43.47756143610072]],[[-124.48493881214682,43.44522208587242],[-124.48224386629445,43.44522208587242],[-124.48224386629445,43.44791703172478],[-124.48493881214682,43.44791703172478],[-124.48493881214682,43.44522208587242]],[[-124.48224386629445,43.46139176098657],[-124.47685397458974,43.46139176098657],[-124.47685397458974,43.46408670683893],[-124.48224386629445,43.46408670683893],[-124.48224386629445,43.46139176098657]],[[-124.4795489204421,43.44522208587242],[-124.47415902873739,43.44522208587242],[-124.47415902873739,43.44791703172478],[-124.4795489204421,43.44791703172478],[-124.4795489204421,43.44522208587242]],[[-124.47415902873739,43.46408670683893],[-124.47146408288502,43.46408670683893],[-124.47146408288502,43.46139176098657],[-124.46876913703267,43.46139176098657],[-124.46876913703267,43.46408670683893],[-124.46607419118031,43.46408670683893],[-124.46607419118031,43.46678165269129],[-124.46337924532794,43.46678165269129],[-124.46337924532794,43.46947659854365],[-124.46876913703267,43.46947659854365],[-124.46876913703267,43.472171544396005],[-124.47415902873739,43.472171544396005],[-124.47415902873739,43.46947659854365],[-124.47146408288502,43.46947659854365],[-124.47146408288502,43.46678165269129],[-124.47415902873739,43.46678165269129],[-124.47415902873739,43.46408670683893]],[[-124.46876913703267,43.491036165362516],[-124.46607419118031,43.491036165362516],[-124.46607419118031,43.49373111121488],[-124.46876913703267,43.49373111121488],[-124.46876913703267,43.491036165362516]],[[-124.46607419118031,43.4856462736578],[-124.46068429947559,43.4856462736578],[-124.46068429947559,43.488341219510154],[-124.46607419118031,43.488341219510154],[-124.46607419118031,43.4856462736578]],[[-124.46068429947559,43.46408670683893],[-124.45798935362323,43.46408670683893],[-124.45798935362323,43.46678165269129],[-124.46068429947559,43.46678165269129],[-124.46068429947559,43.46408670683893]],[[-124.47685397458974,43.47486649024837],[-124.47415902873739,43.47486649024837],[-124.47415902873739,43.47756143610072],[-124.47685397458974,43.47756143610072],[-124.47685397458974,43.47486649024837]],[[-124.47415902873739,43.491036165362516],[-124.47146408288502,43.491036165362516],[-124.47146408288502,43.49373111121488],[-124.47415902873739,43.49373111121488],[-124.47415902873739,43.491036165362516]],[[-124.47685397458974,43.47486649024837],[-124.48224386629445,43.47486649024837],[-124.48224386629445,43.472171544396005],[-124.47685397458974,43.472171544396005],[-124.47685397458974,43.47486649024837]],[[-124.47685397458974,43.491036165362516],[-124.47685397458974,43.488341219510154],[-124.47415902873739,43.488341219510154],[-124.47415902873739,43.491036165362516],[-124.47685397458974,43.491036165362516]]]},"id":"-46184+16140","properties":{"area_sq_km":19.0,"count":284,"label":2,"latitude":43.46554520857723,"longitude":-124.46828208056426,"near_healthy_bed":1,"priority_score":1.0,"priority_tier":"monitor","recommended_action":"no_action","region_id":"southern_oregon","region_name":"Southern Oregon Coast","state":"OR","status":2,"status_label":"healthy"}},{"type":"Feature","geometry":{"geodesic":false,"type":"Polygon","coordinates":[[[-124.46607419118031,43.29161017228798],[-124.46337924532794,43.29161017228798],[-124.46337924532794,43.29430511814034],[-124.46607419118031,43.29430511814034],[-124.46607419118031,43.29161017228798]]]},"id":"-46185+16064","properties":{"area_sq_km":0.0,"count":1,"label":2,"latitude":43.29295764316957,"longitude":-124.46472671821726,"near_healthy_bed":1,"priority_score":1.0,"priority_tier":"monitor","recommended_action":"no_action","region_id":"southern_oregon","region_name":"Southern Oregon Coast","state":"OR","status":2,"status_label":"healthy"}},{"type":"Feature","geometry":{"geodesic":false,"type":"Polygon","coordinates":[[[-124.46876913703267,43.302389955697414],[-124.46876913703267,43.29969500984506],[-124.46607419118031,43.29969500984506],[-124.46607419118031,43.2970000639927],[-124.46337924532794,43.2970000639927],[-124.46337924532794,43.302389955697414],[-124.46876913703267,43.302389955697414]]]},"id":"-46185+16067","properties":{"area_sq_km":0.0,"count":3,"label":2,"latitude":43.30014415468214,"longitude":-124.46562500870637,"near_healthy_bed":1,"priority_score":1.0,"priority_tier":"monitor","recommended_action":"no_action","region_id":"southern_oregon","region_name":"Southern Oregon Coast","state":"OR","status":2,"status_label":"healthy"}},{"type":"Feature","geometry":{"geodesic":false,"type":"Polygon","coordinates":[[[-124.46876913703267,43.356288872744585],[-124.46337924532794,43.356288872744585],[-124.46337924532794,43.35898381859695],[-124.46876913703267,43.35898381859695],[-124.46876913703267,43.356288872744585]]]},"id":"-46185+16088","properties":{"area_sq_km":0.0,"count":2,"label":2,"latitude":43.35763636737536,"longitude":-124.46607419123211,"near_healthy_bed":1,"priority_score":1.0,"priority_tier":"monitor","recommended_action":"no_action","region_id":"southern_oregon","region_name":"Southern Oregon Coast","state":"OR","status":2,"status_label":"healthy"}},{"type":"Feature","geometry":{"geodesic":false,"type":"Polygon","coordinates":[[[-124.46607419118031,43.38862822297289],[-124.46337924532794,43.38862822297289],[-124.46337924532794,43.39132316882525],[-124.46607419118031,43.39132316882525],[-124.46607419118031,43.38862822297289]]]},"id":"-46185+16100","properties":{"area_sq_km":0.0,"count":1,"label":2,"latitude":43.389975693834074,"longitude":-124.46472671814251,"near_healthy_bed":1,"priority_score":1.0,"priority_tier":"monitor","recommended_action":"no_action","region_id":"southern_oregon","region_name":"Southern Oregon Coast","state":"OR","status":2,"status_label":"healthy"}},{"type":"Feature","geometry":{"geodesic":false,"type":"Polygon","coordinates":[[[-124.46607419118031,43.410187789791756],[-124.46337924532794,43.410187789791756],[-124.46337924532794,43.41288273564412],[-124.46607419118031,43.41288273564412],[-124.46607419118031,43.410187789791756]]]},"id":"-46185+16108","properties":{"area_sq_km":0.0,"count":1,"label":2,"latitude":43.411535260625,"longitude":-124.46472671809678,"near_healthy_bed":1,"priority_score":1.0,"priority_tier":"monitor","recommended_action":"no_action","region_id":"southern_oregon","region_name":"Southern Oregon Coast","state":"OR","status":2,"status_label":"healthy"}},{"type":"Feature","geometry":{"geodesic":false,"type":"Polygon","coordinates":[[[-124.46876913703267,43.49642605706723],[-124.46337924532794,43.49642605706723],[-124.46337924532794,43.499121002919594],[-124.46876913703267,43.499121002919594],[-124.46876913703267,43.49642605706723]]]},"id":"-46185+16140","properties":{"area_sq_km":0.0,"count":2,"label":0,"latitude":43.4977735516677,"longitude":-124.4660741912271,"near_healthy_bed":1,"priority_score":1.0,"priority_tier":"monitor","recommended_action":"urchin_removal_then_replant","region_id":"southern_oregon","region_name":"Southern Oregon Coast","state":"OR","status":0,"status_label":"barren"}},{"type":"Feature","geometry":{"geodesic":false,"type":"Polygon","coordinates":[[[-124.46876913703267,43.18111739234128],[-124.46607419118031,43.18111739234128],[-124.46607419118031,43.18381233819364],[-124.46876913703267,43.18381233819364],[-124.46876913703267,43.18111739234128]]]},"id":"-46186+16023","properties":{"area_sq_km":0.0,"count":1,"label":2,"latitude":43.18246486313432,"longitude":-124.46742166425348,"near_healthy_bed":1,"priority_score":1.0,"priority_tier":"monitor","recommended_action":"no_action","region_id":"southern_oregon","region_name":"Southern Oregon Coast","state":"OR","status":2,"status_label":"healthy"}},{"type":"Feature","geometry":{"geodesic":false,"type":"Polygon","coordinates":[[[-124.46876913703267,43.3616787644493],[-124.46607419118031,43.3616787644493],[-124.46607419118031,43.367068656154025],[-124.46876913703267,43.367068656154025],[-124.46876913703267,43.3616787644493]]]},"id":"-46186+16091","properties":{"area_sq_km":0.0,"count":2,"label":2,"latitude":43.36437367833981,"longitude":-124.46742166421353,"near_healthy_bed":1,"priority_score":1.0,"priority_tier":"monitor","recommended_action":"no_action","region_id":"southern_oregon","region_name":"Southern Oregon Coast","state":"OR","status":2,"status_label":"healthy"}},{"type":"Feature","geometry":{"geodesic":false,"type":"Polygon","coordinates":[[[-124.46876913703267,43.491036165362516],[-124.46607419118031,43.491036165362516],[-124.46607419118031,43.49373111121488],[-124.46876913703267,43.49373111121488],[-124.46876913703267,43.491036165362516]]]},"id":"-46186+16138","properties":{"area_sq_km":0.0,"count":1,"label":0,"latitude":43.492383636185046,"longitude":-124.46742166429372,"near_healthy_bed":1,"priority_score":1.0,"priority_tier":"monitor","recommended_action":"urchin_removal_then_replant","region_id":"southern_oregon","region_name":"Southern Oregon Coast","state":"OR","status":0,"status_label":"barren"}},{"type":"Feature","geometry":{"geodesic":false,"type":"Polygon","coordinates":[[[-124.47146408288502,43.154167933817696],[-124.46876913703267,43.154167933817696],[-124.46876913703267,43.15686287967005],[-124.47146408288502,43.15686287967005],[-124.47146408288502,43.154167933817696]]]},"id":"-46187+16013","properties":{"area_sq_km":0.0,"count":1,"label":2,"latitude":43.15551540476405,"longitude":-124.47011660992096,"near_healthy_bed":1,"priority_score":1.0,"priority_tier":"monitor","recommended_action":"no_action","region_id":"southern_oregon","region_name":"Southern Oregon Coast","state":"OR","status":2,"status_label":"healthy"}},{"type":"Feature","geometry":{"geodesic":false,"type":"Polygon","coordinates":[[[-124.47146408288502,43.418272627348834],[-124.47146408288502,43.41557768149647],[-124.47685397458974,43.41557768149647],[-124.47685397458974,43.41288273564412],[-124.46607419118031,43.41288273564412],[-124.46607419118031,43.41557768149647],[-124.46876913703267,43.41557768149647],[-124.46876913703267,43.418272627348834],[-124.47146408288502,43.418272627348834]]]},"id":"-46187+16110","properties":{"area_sq_km":0.0,"count":5,"label":2,"latitude":43.414769255564565,"longitude":-124.47119460809927,"near_healthy_bed":1,"priority_score":1.0,"priority_tier":"monitor","recommended_action":"no_action","region_id":"southern_oregon","region_name":"Southern Oregon Coast","state":"OR","status":2,"status_label":"healthy"}},{"type":"Feature","geometry":{"geodesic":false,"type":"Polygon","coordinates":[[[-124.47415902873738,43.09487912506581],[-124.47146408288502,43.09487912506581],[-124.47146408288502,43.097574070918164],[-124.47415902873738,43.097574070918164],[-124.47415902873738,43.09487912506581]]]},"id":"-46188+15991","properties":{"area_sq_km":0.0,"count":1,"label":0,"latitude":43.0962265960832,"longitude":-124.4728115557695,"near_healthy_bed":1,"priority_score":1.0,"priority_tier":"monitor","recommended_action":"urchin_removal_then_replant","region_id":"southern_oregon","region_name":"Southern Oregon Coast","state":"OR","status":0,"status_label":"barren"}},{"type":"Feature","geometry":{"geodesic":false,"type":"Polygon","coordinates":[[[-124.47415902873738,43.170337608931845],[-124.47146408288502,43.170337608931845],[-124.47146408288502,43.17303255478421],[-124.47415902873738,43.17303255478421],[-124.47415902873738,43.170337608931845]]]},"id":"-46188+16019","properties":{"area_sq_km":0.0,"count":1,"label":2,"latitude":43.17168507978983,"longitude":-124.47281155567286,"near_healthy_bed":1,"priority_score":1.0,"priority_tier":"monitor","recommended_action":"no_action","region_id":"southern_oregon","region_name":"Southern Oregon Coast","state":"OR","status":2,"status_label":"healthy"}},{"type":"Feature","geometry":{"geodesic":false,"type":"Polygon","coordinates":[[[-124.47415902873738,43.38593327712053],[-124.47146408288502,43.38593327712053],[-124.47146408288502,43.38862822297289],[-124.47415902873738,43.38862822297289],[-124.47415902873738,43.38593327712053]]]},"id":"-46188+16099","properties":{"area_sq_km":0.0,"count":1,"label":2,"latitude":43.38728074803922,"longitude":-124.47281155570634,"near_healthy_bed":1,"priority_score":1.0,"priority_tier":"monitor","recommended_action":"no_action","region_id":"southern_oregon","region_name":"Southern Oregon Coast","state":"OR","status":2,"status_label":"healthy"}},{"type":"Feature","geometry":{"geodesic":false,"type":"Polygon","coordinates":[[[-124.47415902873738,43.491036165362516],[-124.47146408288502,43.491036165362516],[-124.47146408288502,43.49373111121488],[-124.47415902873738,43.49373111121488],[-124.47415902873738,43.491036165362516]]]},"id":"-46188+16138","properties":{"area_sq_km":0.0,"count":1,"label":0,"latitude":43.492383636229434,"longitude":-124.47281155577586,"near_healthy_bed":1,"priority_score":1.0,"priority_tier":"monitor","recommended_action":"urchin_removal_then_replant","region_id":"southern_oregon","region_name":"Southern Oregon Coast","state":"OR","status":0,"status_label":"barren"}},{"type":"Feature","geometry":{"geodesic":false,"type":"Polygon","coordinates":[[[-124.47685397458974,43.019420641199765],[-124.47415902873738,43.019420641199765],[-124.47415902873738,43.02211558705213],[-124.47685397458974,43.02211558705213],[-124.47685397458974,43.019420641199765]]]},"id":"-46189+15963","properties":{"area_sq_km":0.0,"count":1,"label":0,"latitude":43.02076811220314,"longitude":-124.47550650165638,"near_healthy_bed":1,"priority_score":1.0,"priority_tier":"monitor","recommended_action":"urchin_removal_then_replant","region_id":"southern_oregon","region_name":"Southern Oregon Coast","state":"OR","status":0,"status_label":"barren"}},{"type":"Feature","geometry":{"geodesic":false,"type":"Polygon","coordinates":[[[-124.47685397458974,43.062539774837504],[-124.47415902873738,43.062539774837504],[-124.47415902873738,43.06792966654222],[-124.47685397458974,43.06792966654222],[-124.47685397458974,43.062539774837504]]]},"id":"-46189+15980","properties":{"area_sq_km":0.0,"count":2,"label":0,"latitude":43.06523468912836,"longitude":-124.47550650168714,"near_healthy_bed":1,"priority_score":1.0,"priority_tier":"monitor","recommended_action":"urchin_removal_then_replant","region_id":"southern_oregon","region_name":"Southern Oregon Coast","state":"OR","status":0,"status_label":"barren"}},{"type":"Feature","geometry":{"geodesic":false,"type":"Polygon","coordinates":[[[-124.47685397458974,43.17842244648892],[-124.47415902873738,43.17842244648892],[-124.47415902873738,43.18111739234128],[-124.47685397458974,43.18111739234128],[-124.47685397458974,43.17842244648892]]]},"id":"-46189+16022","properties":{"area_sq_km":0.0,"count":1,"label":2,"latitude":43.17976991764921,"longitude":-124.47550650165752,"near_healthy_bed":1,"priority_score":1.0,"priority_tier":"monitor","recommended_action":"no_action","region_id":"southern_oregon","region_name":"Southern Oregon Coast","state":"OR","status":2,"status_label":"healthy"}},{"type":"Feature","geometry":{"geodesic":false,"type":"Polygon","coordinates":[[[-124.47685397458974,43.302389955697414],[-124.47415902873738,43.302389955697414],[-124.47415902873738,43.305084901549776],[-124.47685397458974,43.305084901549776],[-124.47685397458974,43.302389955697414]]]},"id":"-46189+16068","properties":{"area_sq_km":0.0,"count":1,"label":2,"latitude":43.30373742648965,"longitude":-124.47550650167226,"near_healthy_bed":1,"priority_score":1.0,"priority_tier":"monitor","recommended_action":"no_action","region_id":"southern_oregon","region_name":"Southern Oregon Coast","state":"OR","status":2,"status_label":"healthy"}},{"type":"Feature","geometry":{"geodesic":false,"type":"Polygon","coordinates":[[[-124.4795489204421,43.44522208587242],[-124.47415902873738,43.44522208587242],[-124.47415902873738,43.44791703172478],[-124.4795489204421,43.44791703172478],[-124.4795489204421,43.44522208587242]]]},"id":"-46189+16121","properties":{"area_sq_km":0.0,"count":2,"label":0,"latitude":43.44656958034604,"longitude":-124.47685397462311,"near_healthy_bed":1,"priority_score":1.0,"priority_tier":"monitor","recommended_action":"urchin_removal_then_replant","region_id":"southern_oregon","region_name":"Southern Oregon Coast","state":"OR","status":0,"status_label":"barren"}},{"type":"Feature","geometry":{"geodesic":false,"type":"Polygon","coordinates":[[[-124.47685397458974,43.47486649024837],[-124.47415902873738,43.47486649024837],[-124.47415902873738,43.47756143610072],[-124.47685397458974,43.47756143610072],[-124.47685397458974,43.47486649024837]]]},"id":"-46189+16132","properties":{"area_sq_km":0.0,"count":1,"label":0,"latitude":43.47621396095595,"longitude":-124.47550650169308,"near_healthy_bed":1,"priority_score":1.0,"priority_tier":"monitor","recommended_action":"urchin_removal_then_replant","region_id":"southern_oregon","region_name":"Southern Oregon Coast","state":"OR","status":0,"status_label":"barren"}},{"type":"Feature","geometry":{"geodesic":false,"type":"Polygon","coordinates":[[[-124.47685397458974,43.488341219510154],[-124.47415902873738,43.488341219510154],[-124.47415902873738,43.491036165362516],[-124.47685397458974,43.491036165362516],[-124.47685397458974,43.488341219510154]]]},"id":"-46189+16137","properties":{"area_sq_km":0.0,"count":1,"label":0,"latitude":43.48968869030763,"longitude":-124.47550650157686,"near_healthy_bed":1,"priority_score":1.0,"priority_tier":"monitor","recommended_action":"urchin_removal_then_replant","region_id":"southern_oregon","region_name":"Southern Oregon Coast","state":"OR","status":0,"status_label":"barren"}},{"type":"Feature","geometry":{"geodesic":false,"type":"Polygon","coordinates":[[[-124.4795489204421,43.06792966654222],[-124.47685397458974,43.06792966654222],[-124.47685397458974,43.07062461239458],[-124.4795489204421,43.07062461239458],[-124.4795489204421,43.06792966654222]]]},"id":"-46190+15981","properties":{"area_sq_km":0.0,"count":1,"label":0,"latitude":43.069277137445766,"longitude":-124.47820144760104,"near_healthy_bed":1,"priority_score":1.0,"priority_tier":"monitor","recommended_action":"urchin_removal_then_replant","region_id":"southern_oregon","region_name":"Southern Oregon Coast","state":"OR","status":0,"status_label":"barren"}},{"type":"Feature","geometry":{"geodesic":false,"type":"Polygon","coordinates":[[[-124.49032870385153,43.06792966654222],[-124.49032870385153,43.062539774837504],[-124.48493881214682,43.062539774837504],[-124.48493881214682,43.065234720689865],[-124.4795489204421,43.065234720689865],[-124.4795489204421,43.062539774837504],[-124.48224386629445,43.062539774837504],[-124.48224386629445,43.05984482898515],[-124.48493881214682,43.05984482898515],[-124.48493881214682,43.05714988313279],[-124.4795489204421,43.05714988313279],[-124.4795489204421,43.05984482898515],[-124.47685397458974,43.05984482898515],[-124.47685397458974,43.05714988313279],[-124.47415902873739,43.05714988313279],[-124.47415902873739,43.062539774837504],[-124.47146408288502,43.062539774837504],[-124.47146408288502,43.06792966654222],[-124.46876913703267,43.06792966654222],[-124.46876913703267,43.07062461239458],[-124.46607419118031,43.07062461239458],[-124.46607419118031,43.073319558246936],[-124.46068429947559,43.073319558246936],[-124.46068429947559,43.07870944995165],[-124.46337924532794,43.07870944995165],[-124.46337924532794,43.08409934165637],[-124.46068429947559,43.08409934165637],[-124.46068429947559,43.09218417921345],[-124.46607419118031,43.09218417921345],[-124.46607419118031,43.100269016770525],[-124.46337924532794,43.100269016770525],[-124.46337924532794,43.10565890847524],[-124.46068429947559,43.10565890847524],[-124.46068429947559,43.097574070918164],[-124.45259946191851,43.097574070918164],[-124.45259946191851,43.100269016770525],[-124.44990451606616,43.100269016770525],[-124.44990451606616,43.10565890847524],[-124.45529440777088,43.10565890847524],[-124.45529440777088,43.11104880017996],[-124.45798935362323,43.11104880017996],[-124.45798935362323,43.11374374603232],[-124.46607419118031,43.11374374603232],[-124.46607419118031,43.116438691884674],[-124.46876913703267,43.116438691884674],[-124.46876913703267,43.119133637737036],[-124.47146408288502,43.119133637737036],[-124.47146408288502,43.12452352944175],[-124.47415902873739,43.12452352944175],[-124.47415902873739,43.12182858358939],[-124.47685397458974,43.12182858358939],[-124.47685397458974,43.12452352944175],[-124.4795489204421,43.12452352944175],[-124.4795489204421,43.132608366998824],[-124.47685397458974,43.132608366998824],[-124.47685397458974,43.135303312851185],[-124.48224386629445,43.135303312851185],[-124.48224386629445,43.13799825870355],[-124.4795489204421,43.13799825870355],[-124.4795489204421,43.1406932045559],[-124.47415902873739,43.1406932045559],[-124.47415902873739,43.14338815040826],[-124.47685397458974,43.14338815040826],[-124.47685397458974,43.14877804211298],[-124.4795489204421,43.14877804211298],[-124.4795489204421,43.14608309626062],[-124.48493881214682,43.14608309626062],[-124.48493881214682,43.14338815040826],[-124.48763375799918,43.14338815040826],[-124.48763375799918,43.1406932045559],[-124.48493881214682,43.1406932045559],[-124.48493881214682,43.13799825870355],[-124.48763375799918,43.13799825870355],[-124.48763375799918,43.132608366998824],[-124.48493881214682,43.132608366998824],[-124.48493881214682,43.12991342114647],[-124.48224386629445,43.12991342114647],[-124.48224386629445,43.12721847529411],[-124.48493881214682,43.12721847529411],[-124.48493881214682,43.12452352944175],[-124.48763375799918,43.12452352944175],[-124.48763375799918,43.12721847529411],[-124.49032870385153,43.12721847529411],[-124.49032870385153,43.12991342114647],[-124.49302364970389,43.12991342114647],[-124.49302364970389,43.132608366998824],[-124.49032870385153,43.132608366998824],[-124.49032870385153,43.135303312851185],[-124.49571859555626,43.135303312851185],[-124.49571859555626,43.132608366998824],[-124.49841354140861,43.132608366998824],[-124.49841354140861,43.12991342114647],[-124.50110848726096,43.12991342114647],[-124.50110848726096,43.12182858358939],[-124.49841354140861,43.12182858358939],[-124.49841354140861,43.119133637737036],[-124.50110848726096,43.119133637737036],[-124.50110848726096,43.08948923336109],[-124.49841354140861,43.08948923336109],[-124.49841354140861,43.08679428750873],[-124.50110848726096,43.08679428750873],[-124.50110848726096,43.081404395804014],[-124.49571859555626,43.081404395804014],[-124.49571859555626,43.07870944995165],[-124.49841354140861,43.07870944995165],[-124.49841354140861,43.0760145040993],[-124.50110848726096,43.0760145040993],[-124.50110848726096,43.073319558246936],[-124.49841354140861,43.073319558246936],[-124.49841354140861,43.07062461239458],[-124.50110848726096,43.07062461239458],[-124.50110848726096,43.065234720689865],[-124.49841354140861,43.065234720689865],[-124.49841354140861,43.062539774837504],[-124.50110848726096,43.062539774837504],[-124.50110848726096,43.054454937280425],[-124.49841354140861,43.054454937280425],[-124.49841354140861,43.05984482898515],[-124.49302364970389,43.05984482898515],[-124.49302364970389,43.06792966654222],[-124.49032870385153,43.06792966654222]],[[-124.49032870385153,43.06792966654222],[-124.48763375799918,43.06792966654222],[-124.48763375799918,43.07062461239458],[-124.49032870385153,43.07062461239458],[-124.49032870385153,43.06792966654222]],[[-124.45798935362323,43.11104880017996],[-124.46068429947559,43.11104880017996],[-124.46068429947559,43.108353854327596],[-124.45798935362323,43.108353854327596],[-124.45798935362323,43.11104880017996]],[[-124.49841354140861,43.11374374603232],[-124.49571859555626,43.11374374603232],[-124.49571859555626,43.116438691884674],[-124.49841354140861,43.116438691884674],[-124.49841354140861,43.11374374603232]],[[-124.49571859555626,43.119133637737036],[-124.49302364970389,43.119133637737036],[-124.49302364970389,43.116438691884674],[-124.49032870385153,43.116438691884674],[-124.49032870385153,43.12182858358939],[-124.49302364970389,43.12182858358939],[-124.49302364970389,43.12452352944175],[-124.49571859555626,43.12452352944175],[-124.49571859555626,43.119133637737036]],[[-124.48763375799918,43.119133637737036],[-124.48493881214682,43.119133637737036],[-124.48493881214682,43.12182858358939],[-124.48763375799918,43.12182858358939],[-124.48763375799918,43.119133637737036]],[[-124.48493881214682,43.10565890847524],[-124.48224386629445,43.10565890847524],[-124.48224386629445,43.108353854327596],[-124.48493881214682,43.108353854327596],[-124.48493881214682,43.10565890847524]],[[-124.47415902873739,43.09487912506581],[-124.47146408288502,43.09487912506581],[-124.47146408288502,43.097574070918164],[-124.47415902873739,43.097574070918164],[-124.47415902873739,43.09487912506581]],[[-124.47685397458974,43.06792966654222],[-124.47685397458974,43.07062461239458],[-124.4795489204421,43.07062461239458],[-124.4795489204421,43.06792966654222],[-124.47685397458974,43.06792966654222]],[[-124.49302364970389,43.10565890847524],[-124.49302364970389,43.108353854327596],[-124.49841354140861,43.108353854327596],[-124.49841354140861,43.10565890847524],[-124.49302364970389,43.10565890847524]],[[-124.49302364970389,43.081404395804014],[-124.49302364970389,43.073319558246936],[-124.49032870385153,43.073319558246936],[-124.49032870385153,43.0760145040993],[-124.48763375799918,43.0760145040993],[-124.48763375799918,43.081404395804014],[-124.48493881214682,43.081404395804014],[-124.48493881214682,43.08409934165637],[-124.49032870385153,43.08409934165637],[-124.49032870385153,43.081404395804014],[-124.49302364970389,43.081404395804014]],[[-124.48493881214682,43.100269016770525],[-124.48493881214682,43.097574070918164],[-124.48763375799918,43.097574070918164],[-124.48763375799918,43.09487912506581],[-124.48493881214682,43.09487912506581],[-124.48493881214682,43.09218417921345],[-124.4795489204421,43.09218417921345],[-124.4795489204421,43.097574070918164],[-124.48224386629445,43.097574070918164],[-124.48224386629445,43.100269016770525],[-124.48493881214682,43.100269016770525]],[[-124.49302364970389,43.081404395804014],[-124.49302364970389,43.08409934165637],[-124.49571859555626,43.08409934165637],[-124.49571859555626,43.081404395804014],[-124.49302364970389,43.081404395804014]],[[-124.49302364970389,43.10565890847524],[-124.49302364970389,43.100269016770525],[-124.48493881214682,43.100269016770525],[-124.48493881214682,43.10296396262288],[-124.48763375799918,43.10296396262288],[-124.48763375799918,43.10565890847524],[-124.49302364970389,43.10565890847524]],[[-124.47685397458974,43.06792966654222],[-124.47685397458974,43.062539774837504],[-124.47415902873739,43.062539774837504],[-124.47415902873739,43.06792966654222],[-124.47685397458974,43.06792966654222]]]},"id":"-46190+16010","properties":{"area_sq_km":21.0,"count":325,"label":2,"latitude":43.097555036185376,"longitude":-124.48126945249537,"near_healthy_bed":1,"priority_score":1.0,"priority_tier":"monitor","recommended_action":"no_action","region_id":"southern_oregon","region_name":"Southern Oregon Coast","state":"OR","status":2,"status_label":"healthy"}},{"type":"Feature","geometry":{"geodesic":false,"type":"Polygon","coordinates":[[[-124.48224386629445,43.186507284045994],[-124.47685397458974,43.186507284045994],[-124.47685397458974,43.189202229898356],[-124.48224386629445,43.189202229898356],[-124.48224386629445,43.186507284045994]]]},"id":"-46190+16025","properties":{"area_sq_km":0.0,"count":2,"label":2,"latitude":43.18785477852554,"longitude":-124.47954892047937,"near_healthy_bed":1,"priority_score":1.0,"priority_tier":"monitor","recommended_action":"no_action","region_id":"southern_oregon","region_name":"Southern Oregon Coast","state":"OR","status":2,"status_label":"healthy"}},{"type":"Feature","geometry":{"geodesic":false,"type":"Polygon","coordinates":[[[-124.4795489204421,43.21076179671722],[-124.47685397458974,43.21076179671722],[-124.47685397458974,43.21345674256958],[-124.4795489204421,43.21345674256958],[-124.4795489204421,43.21076179671722]]]},"id":"-46190+16034","properties":{"area_sq_km":0.0,"count":1,"label":2,"latitude":43.21210926770509,"longitude":-124.47820144759417,"near_healthy_bed":1,"priority_score":1.0,"priority_tier":"monitor","recommended_action":"no_action","region_id":"southern_oregon","region_name":"Southern Oregon Coast","state":"OR","status":2,"status_label":"healthy"}},{"type":"Feature","geometry":{"geodesic":false,"type":"Polygon","coordinates":[[[-124.4795489204421,43.33472930592572],[-124.47685397458974,43.33472930592572],[-124.47685397458974,43.337424251778074],[-124.4795489204421,43.337424251778074],[-124.4795489204421,43.33472930592572]]]},"id":"-46190+16080","properties":{"area_sq_km":0.0,"count":1,"label":2,"latitude":43.3360767766857,"longitude":-124.47820144769119,"near_healthy_bed":1,"priority_score":1.0,"priority_tier":"monitor","recommended_action":"no_action","region_id":"southern_oregon","region_name":"Southern Oregon Coast","state":"OR","status":2,"status_label":"healthy"}},{"type":"Feature","geometry":{"geodesic":false,"type":"Polygon","coordinates":[[[-124.4795489204421,43.410187789791756],[-124.47685397458974,43.410187789791756],[-124.47685397458974,43.41288273564412],[-124.4795489204421,43.41288273564412],[-124.4795489204421,43.410187789791756]]]},"id":"-46190+16108","properties":{"area_sq_km":0.0,"count":1,"label":2,"latitude":43.41153526066809,"longitude":-124.47820144766844,"near_healthy_bed":1,"priority_score":1.0,"priority_tier":"monitor","recommended_action":"no_action","region_id":"southern_oregon","region_name":"Southern Oregon Coast","state":"OR","status":2,"status_label":"healthy"}},{"type":"Feature","geometry":{"geodesic":false,"type":"Polygon","coordinates":[[[-124.4795489204421,43.43174735661063],[-124.47685397458974,43.43174735661063],[-124.47685397458974,43.43444230246298],[-124.4795489204421,43.43444230246298],[-124.4795489204421,43.43174735661063]]]},"id":"-46190+16116","properties":{"area_sq_km":0.0,"count":1,"label":2,"latitude":43.433094827487125,"longitude":-124.47820144759392,"near_healthy_bed":1,"priority_score":1.0,"priority_tier":"monitor","recommended_action":"no_action","region_id":"southern_oregon","region_name":"Southern Oregon Coast","state":"OR","status":2,"status_label":"healthy"}},{"type":"Feature","geometry":{"geodesic":false,"type":"Polygon","coordinates":[[[-124.4795489204421,43.437137248315345],[-124.47685397458974,43.437137248315345],[-124.47685397458974,43.4398321941677],[-124.4795489204421,43.4398321941677],[-124.4795489204421,43.437137248315345]]]},"id":"-46190+16118","properties":{"area_sq_km":0.0,"count":1,"label":2,"latitude":43.43848471905972,"longitude":-124.47820144761236,"near_healthy_bed":1,"priority_score":1.0,"priority_tier":"monitor","recommended_action":"no_action","region_id":"southern_oregon","region_name":"Southern Oregon Coast","state":"OR","status":2,"status_label":"healthy"}},{"type":"Feature","geometry":{"geodesic":false,"type":"Polygon","coordinates":[[[-124.48224386629445,43.46139176098657],[-124.47685397458974,43.46139176098657],[-124.47685397458974,43.46408670683893],[-124.48224386629445,43.46408670683893],[-124.48224386629445,43.46139176098657]]]},"id":"-46190+16127","properties":{"area_sq_km":0.0,"count":2,"label":0,"latitude":43.46273925556933,"longitude":-124.47954892045355,"near_healthy_bed":1,"priority_score":1.0,"priority_tier":"monitor","recommended_action":"urchin_removal_then_replant","region_id":"southern_oregon","region_name":"Southern Oregon Coast","state":"OR","status":0,"status_label":"barren"}},{"type":"Feature","geometry":{"geodesic":false,"type":"Polygon","coordinates":[[[-124.48224386629445,43.472171544396005],[-124.47685397458974,43.472171544396005],[-124.47685397458974,43.47486649024837],[-124.48224386629445,43.47486649024837],[-124.48224386629445,43.472171544396005]]]},"id":"-46190+16131","properties":{"area_sq_km":0.0,"count":2,"label":0,"latitude":43.47351903898544,"longitude":-124.47954892050765,"near_healthy_bed":1,"priority_score":1.0,"priority_tier":"monitor","recommended_action":"urchin_removal_then_replant","region_id":"southern_oregon","region_name":"Southern Oregon Coast","state":"OR","status":0,"status_label":"barren"}},{"type":"Feature","geometry":{"geodesic":false,"type":"Polygon","coordinates":[[[-124.48224386629445,43.01672569534741],[-124.4795489204421,43.01672569534741],[-124.4795489204421,43.019420641199765],[-124.48224386629445,43.019420641199765],[-124.48224386629445,43.01672569534741]]]},"id":"-46191+15962","properties":{"area_sq_km":0.0,"count":1,"label":0,"latitude":43.0180731662621,"longitude":-124.48089639330549,"near_healthy_bed":1,"priority_score":1.0,"priority_tier":"monitor","recommended_action":"urchin_removal_then_replant","region_id":"southern_oregon","region_name":"Southern Oregon Coast","state":"OR","status":0,"status_label":"barren"}},{"type":"Feature","geometry":{"geodesic":false,"type":"Polygon","coordinates":[[[-124.48224386629445,43.340119197630436],[-124.4795489204421,43.340119197630436],[-124.4795489204421,43.3428141434828],[-124.48224386629445,43.3428141434828],[-124.48224386629445,43.340119197630436]]]},"id":"-46191+16082","properties":{"area_sq_km":0.0,"count":1,"label":2,"latitude":43.34146666849031,"longitude":-124.48089639330588,"near_healthy_bed":1,"priority_score":1.0,"priority_tier":"monitor","recommended_action":"no_action","region_id":"southern_oregon","region_name":"Southern Oregon Coast","state":"OR","status":2,"status_label":"healthy"}},{"type":"Feature","geometry":{"geodesic":false,"type":"Polygon","coordinates":[[[-124.48224386629445,43.42635746490591],[-124.4795489204421,43.42635746490591],[-124.4795489204421,43.42905241075827],[-124.48224386629445,43.42905241075827],[-124.48224386629445,43.42635746490591]]]},"id":"-46191+16114","properties":{"area_sq_km":0.0,"count":1,"label":2,"latitude":43.4277049357826,"longitude":-124.4808963933005,"near_healthy_bed":1,"priority_score":1.0,"priority_tier":"monitor","recommended_action":"no_action","region_id":"southern_oregon","region_name":"Southern Oregon Coast","state":"OR","status":2,"status_label":"healthy"}},{"type":"Feature","geometry":{"geodesic":false,"type":"Polygon","coordinates":[[[-124.48224386629445,43.46678165269129],[-124.4795489204421,43.46678165269129],[-124.4795489204421,43.46947659854365],[-124.48224386629445,43.46947659854365],[-124.48224386629445,43.46678165269129]]]},"id":"-46191+16129","properties":{"area_sq_km":0.0,"count":1,"label":0,"latitude":43.46812912330592,"longitude":-124.4808963933051,"near_healthy_bed":1,"priority_score":1.0,"priority_tier":"monitor","recommended_action":"urchin_removal_then_replant","region_id":"southern_oregon","region_name":"Southern Oregon Coast","state":"OR","status":0,"status_label":"barren"}},{"type":"Feature","geometry":{"geodesic":false,"type":"Polygon","coordinates":[[[-124.49302364970389,43.003250966085616],[-124.48763375799918,43.003250966085616],[-124.48763375799918,42.9978610743809],[-124.49032870385153,42.9978610743809],[-124.49032870385153,42.99516612852854],[-124.48763375799918,42.99516612852854],[-124.48763375799918,42.992471182676184],[-124.48224386629445,42.992471182676184],[-124.48224386629445,42.99516612852854],[-124.48493881214682,42.99516612852854],[-124.48493881214682,43.000556020233255],[-124.48224386629445,43.000556020233255],[-124.48224386629445,43.003250966085616],[-124.47685397458974,43.003250966085616],[-124.47685397458974,43.00864085779033],[-124.47415902873739,43.00864085779033],[-124.47415902873739,43.019420641199765],[-124.46607419118031,43.019420641199765],[-124.46607419118031,43.02211558705213],[-124.46876913703267,43.02211558705213],[-124.46876913703267,43.02481053290448],[-124.47415902873739,43.02481053290448],[-124.47415902873739,43.027505478756844],[-124.47146408288502,43.027505478756844],[-124.47146408288502,43.0302004246092],[-124.4795489204421,43.0302004246092],[-124.4795489204421,43.03289537046156],[-124.47685397458974,43.03289537046156],[-124.47685397458974,43.03559031631392],[-124.48224386629445,43.03559031631392],[-124.48224386629445,43.038285262166276],[-124.48763375799918,43.038285262166276],[-124.48763375799918,43.03289537046156],[-124.48493881214682,43.03289537046156],[-124.48493881214682,43.0302004246092],[-124.49571859555626,43.0302004246092],[-124.49571859555626,43.02211558705213],[-124.50110848726096,43.02211558705213],[-124.50110848726096,43.019420641199765],[-124.49841354140861,43.019420641199765],[-124.49841354140861,43.011335803642694],[-124.50110848726096,43.011335803642694],[-124.50110848726096,43.00594591193797],[-124.49841354140861,43.00594591193797],[-124.49841354140861,43.003250966085616],[-124.50110848726096,43.003250966085616],[-124.50110848726096,42.97091161585731],[-124.49841354140861,42.97091161585731],[-124.49841354140861,42.97899645341439],[-124.49571859555626,42.97899645341439],[-124.49571859555626,42.981691399266744],[-124.49841354140861,42.981691399266744],[-124.49841354140861,42.98708129097147],[-124.49571859555626,42.98708129097147],[-124.49571859555626,43.000556020233255],[-124.49302364970389,43.000556020233255],[-124.49302364970389,43.003250966085616]],[[-124.49302364970389,43.003250966085616],[-124.49302364970389,43.00594591193797],[-124.49571859555626,43.00594591193797],[-124.49571859555626,43.003250966085616],[-124.49302364970389,43.003250966085616]],[[-124.48763375799918,43.003250966085616],[-124.48493881214682,43.003250966085616],[-124.48493881214682,43.00594591193797],[-124.48763375799918,43.00594591193797],[-124.48763375799918,43.003250966085616]],[[-124.47415902873739,43.019420641199765],[-124.47415902873739,43.02211558705213],[-124.47685397458974,43.02211558705213],[-124.47685397458974,43.019420641199765],[-124.47415902873739,43.019420641199765]],[[-124.49302364970389,43.01403074949505],[-124.49032870385153,43.01403074949505],[-124.49032870385153,43.01672569534741],[-124.49302364970389,43.01672569534741],[-124.49302364970389,43.01403074949505]],[[-124.48763375799918,43.01403074949505],[-124.48493881214682,43.01403074949505],[-124.48493881214682,43.01672569534741],[-124.48763375799918,43.01672569534741],[-124.48763375799918,43.01403074949505]],[[-124.48224386629445,43.01672569534741],[-124.4795489204421,43.01672569534741],[-124.4795489204421,43.019420641199765],[-124.48224386629445,43.019420641199765],[-124.48224386629445,43.01672569534741]]]},"id":"-46192+15969","properties":{"area_sq_km":8.0,"count":123,"label":2,"latitude":43.012746136001134,"longitude":-124.48755908666358,"near_healthy_bed":1,"priority_score":1.0,"priority_tier":"monitor","recommended_action":"no_action","region_id":"southern_oregon","region_name":"Southern Oregon Coast","state":"OR","status":2,"status_label":"healthy"}},{"type":"Feature","geometry":{"geodesic":false,"type":"Polygon","coordinates":[[[-124.48493881214682,43.10565890847524],[-124.48224386629445,43.10565890847524],[-124.48224386629445,43.108353854327596],[-124.48493881214682,43.108353854327596],[-124.48493881214682,43.10565890847524]]]},"id":"-46192+15995","properties":{"area_sq_km":0.0,"count":1,"label":0,"latitude":43.107006379503744,"longitude":-124.48359133933968,"near_healthy_bed":1,"priority_score":1.0,"priority_tier":"monitor","recommended_action":"urchin_removal_then_replant","region_id":"southern_oregon","region_name":"Southern Oregon Coast","state":"OR","status":0,"status_label":"barren"}},{"type":"Feature","geometry":{"geodesic":false,"type":"Polygon","coordinates":[[[-124.48493881214682,43.189202229898356],[-124.48224386629445,43.189202229898356],[-124.48224386629445,43.19189717575072],[-124.48493881214682,43.19189717575072],[-124.48493881214682,43.189202229898356]]]},"id":"-46192+16026","properties":{"area_sq_km":0.0,"count":1,"label":2,"latitude":43.190549700928244,"longitude":-124.48359133925184,"near_healthy_bed":1,"priority_score":1.0,"priority_tier":"monitor","recommended_action":"no_action","region_id":"southern_oregon","region_name":"Southern Oregon Coast","state":"OR","status":2,"status_label":"healthy"}},{"type":"Feature","geometry":{"geodesic":false,"type":"Polygon","coordinates":[[[-124.48493881214682,43.36976360200638],[-124.48224386629445,43.36976360200638],[-124.48224386629445,43.37245854785874],[-124.48493881214682,43.37245854785874],[-124.48493881214682,43.36976360200638]]]},"id":"-46192+16093","properties":{"area_sq_km":0.0,"count":1,"label":2,"latitude":43.3711110727533,"longitude":-124.48359133931922,"near_healthy_bed":1,"priority_score":1.0,"priority_tier":"monitor","recommended_action":"no_action","region_id":"southern_oregon","region_name":"Southern Oregon Coast","state":"OR","status":2,"status_label":"healthy"}},{"type":"Feature","geometry":{"geodesic":false,"type":"Polygon","coordinates":[[[-124.48493881214682,43.42905241075827],[-124.48224386629445,43.42905241075827],[-124.48224386629445,43.43444230246298],[-124.48493881214682,43.43444230246298],[-124.48493881214682,43.42905241075827]]]},"id":"-46192+16116","properties":{"area_sq_km":0.0,"count":2,"label":2,"latitude":43.43174732452852,"longitude":-124.48359133922531,"near_healthy_bed":1,"priority_score":1.0,"priority_tier":"monitor","recommended_action":"no_action","region_id":"southern_oregon","region_name":"Southern Oregon Coast","state":"OR","status":2,"status_label":"healthy"}},{"type":"Feature","geometry":{"geodesic":false,"type":"Polygon","coordinates":[[[-124.48493881214682,43.44522208587242],[-124.48224386629445,43.44522208587242],[-124.48224386629445,43.44791703172478],[-124.48493881214682,43.44791703172478],[-124.48493881214682,43.44522208587242]]]},"id":"-46192+16121","properties":{"area_sq_km":0.0,"count":1,"label":0,"latitude":43.44656955662626,"longitude":-124.48359133922106,"near_healthy_bed":1,"priority_score":1.0,"priority_tier":"monitor","recommended_action":"urchin_removal_then_replant","region_id":"southern_oregon","region_name":"Southern Oregon Coast","state":"OR","status":0,"status_label":"barren"}},{"type":"Feature","geometry":{"geodesic":false,"type":"Polygon","coordinates":[[[-124.48493881214682,43.46947659854365],[-124.48224386629445,43.46947659854365],[-124.48224386629445,43.472171544396005],[-124.48493881214682,43.472171544396005],[-124.48493881214682,43.46947659854365]]]},"id":"-46192+16130","properties":{"area_sq_km":0.0,"count":1,"label":0,"latitude":43.470824069402646,"longitude":-124.48359133921572,"near_healthy_bed":1,"priority_score":1.0,"priority_tier":"monitor","recommended_action":"urchin_removal_then_replant","region_id":"southern_oregon","region_name":"Southern Oregon Coast","state":"OR","status":0,"status_label":"barren"}},{"type":"Feature","geometry":{"geodesic":false,"type":"Polygon","coordinates":[[[-124.48763375799918,43.47756143610072],[-124.48224386629445,43.47756143610072],[-124.48224386629445,43.48025638195308],[-124.48763375799918,43.48025638195308],[-124.48763375799918,43.47756143610072]]]},"id":"-46192+16133","properties":{"area_sq_km":0.0,"count":2,"label":0,"latitude":43.47890893062314,"longitude":-124.48493881214566,"near_healthy_bed":1,"priority_score":1.0,"priority_tier":"monitor","recommended_action":"urchin_removal_then_replant","region_id":"southern_oregon","region_name":"Southern Oregon Coast","state":"OR","status":0,"status_label":"barren"}},{"type":"Feature","geometry":{"geodesic":false,"type":"Polygon","coordinates":[[[-124.48493881214682,43.49642605706723],[-124.48224386629445,43.49642605706723],[-124.48224386629445,43.499121002919594],[-124.48493881214682,43.499121002919594],[-124.48493881214682,43.49642605706723]]]},"id":"-46192+16140","properties":{"area_sq_km":0.0,"count":1,"label":2,"latitude":43.4977735279304,"longitude":-124.48359133924856,"near_healthy_bed":1,"priority_score":1.0,"priority_tier":"monitor","recommended_action":"no_action","region_id":"southern_oregon","region_name":"Southern Oregon Coast","state":"OR","status":2,"status_label":"healthy"}},{"type":"Feature","geometry":{"geodesic":false,"type":"Polygon","coordinates":[[[-124.48763375799918,43.003250966085616],[-124.48493881214682,43.003250966085616],[-124.48493881214682,43.00594591193797],[-124.48763375799918,43.00594591193797],[-124.48763375799918,43.003250966085616]]]},"id":"-46193+15957","properties":{"area_sq_km":0.0,"count":1,"label":0,"latitude":43.004598436965544,"longitude":-124.4862862849216,"near_healthy_bed":1,"priority_score":1.0,"priority_tier":"monitor","recommended_action":"urchin_removal_then_replant","region_id":"southern_oregon","region_name":"Southern Oregon Coast","state":"OR","status":0,"status_label":"barren"}},{"type":"Feature","geometry":{"geodesic":false,"type":"Polygon","coordinates":[[[-124.48763375799918,43.01403074949505],[-124.48493881214682,43.01403074949505],[-124.48493881214682,43.01672569534741],[-124.48763375799918,43.01672569534741],[-124.48763375799918,43.01403074949505]]]},"id":"-46193+15961","properties":{"area_sq_km":0.0,"count":1,"label":0,"latitude":43.01537822034676,"longitude":-124.4862862850114,"near_healthy_bed":1,"priority_score":1.0,"priority_tier":"monitor","recommended_action":"urchin_removal_then_replant","region_id":"southern_oregon","region_name":"Southern Oregon Coast","state":"OR","status":0,"status_label":"barren"}},{"type":"Feature","geometry":{"geodesic":false,"type":"Polygon","coordinates":[[[-124.48763375799918,43.04098020801864],[-124.48493881214682,43.04098020801864],[-124.48493881214682,43.04367515387099],[-124.48763375799918,43.04367515387099],[-124.48763375799918,43.04098020801864]]]},"id":"-46193+15971","properties":{"area_sq_km":0.0,"count":1,"label":2,"latitude":43.04232767876507,"longitude":-124.48628628494912,"near_healthy_bed":1,"priority_score":1.0,"priority_tier":"monitor","recommended_action":"no_action","region_id":"southern_oregon","region_name":"Southern Oregon Coast","state":"OR","status":2,"status_label":"healthy"}},{"type":"Feature","geometry":{"geodesic":false,"type":"Polygon","coordinates":[[[-124.48763375799918,43.119133637737036],[-124.48493881214682,43.119133637737036],[-124.48493881214682,43.12182858358939],[-124.48763375799918,43.12182858358939],[-124.48763375799918,43.119133637737036]]]},"id":"-46193+16000","properties":{"area_sq_km":0.0,"count":1,"label":0,"latitude":43.12048110867544,"longitude":-124.48628628498562,"near_healthy_bed":1,"priority_score":1.0,"priority_tier":"monitor","recommended_action":"urchin_removal_then_replant","region_id":"southern_oregon","region_name":"Southern Oregon Coast","state":"OR","status":0,"status_label":"barren"}},{"type":"Feature","geometry":{"geodesic":false,"type":"Polygon","coordinates":[[[-124.48763375799918,43.132608366998824],[-124.48763375799918,43.12991342114647],[-124.49032870385153,43.12991342114647],[-124.49032870385153,43.12721847529411],[-124.48763375799918,43.12721847529411],[-124.48763375799918,43.12452352944175],[-124.48493881214682,43.12452352944175],[-124.48493881214682,43.12721847529411],[-124.48224386629445,43.12721847529411],[-124.48224386629445,43.12991342114647],[-124.48493881214682,43.12991342114647],[-124.48493881214682,43.132608366998824],[-124.48763375799918,43.132608366998824]]]},"id":"-46193+16004","properties":{"area_sq_km":0.0,"count":5,"label":0,"latitude":43.12856591137897,"longitude":-124.48628628505155,"near_healthy_bed":1,"priority_score":1.0,"priority_tier":"monitor","recommended_action":"urchin_removal_then_replant","region_id":"southern_oregon","region_name":"Southern Oregon Coast","state":"OR","status":0,"status_label":"barren"}},{"type":"Feature","geometry":{"geodesic":false,"type":"Polygon","coordinates":[[[-124.49032870385153,43.36976360200638],[-124.49032870385153,43.3616787644493],[-124.48493881214682,43.3616787644493],[-124.48493881214682,43.35898381859695],[-124.48763375799918,43.35898381859695],[-124.48763375799918,43.356288872744585],[-124.48224386629445,43.356288872744585],[-124.48224386629445,43.35089898103987],[-124.47685397458974,43.35089898103987],[-124.47685397458974,43.35359392689223],[-124.47146408288502,43.35359392689223],[-124.47146408288502,43.356288872744585],[-124.4795489204421,43.356288872744585],[-124.4795489204421,43.35898381859695],[-124.48224386629445,43.35898381859695],[-124.48224386629445,43.3616787644493],[-124.4795489204421,43.3616787644493],[-124.4795489204421,43.36437371030166],[-124.48763375799918,43.36437371030166],[-124.48763375799918,43.367068656154025],[-124.48493881214682,43.367068656154025],[-124.48493881214682,43.36976360200638],[-124.49032870385153,43.36976360200638]]]},"id":"-46193+16092","properties":{"area_sq_km":1.0,"count":17,"label":2,"latitude":43.35953834020276,"longitude":-124.48263957643717,"near_healthy_bed":1,"priority_score":1.0,"priority_tier":"monitor","recommended_action":"no_action","region_id":"southern_oregon","region_name":"Southern Oregon Coast","state":"OR","status":2,"status_label":"healthy"}},{"type":"Feature","geometry":{"geodesic":false,"type":"Polygon","coordinates":[[[-124.48763375799918,43.46947659854365],[-124.48493881214682,43.46947659854365],[-124.48493881214682,43.472171544396005],[-124.48763375799918,43.472171544396005],[-124.48763375799918,43.46947659854365]]]},"id":"-46193+16130","properties":{"area_sq_km":0.0,"count":1,"label":2,"latitude":43.470824069384044,"longitude":-124.48628628494828,"near_healthy_bed":1,"priority_score":1.0,"priority_tier":"monitor","recommended_action":"no_action","region_id":"southern_oregon","region_name":"Southern Oregon Coast","state":"OR","status":2,"status_label":"healthy"}},{"type":"Feature","geometry":{"geodesic":false,"type":"Polygon","coordinates":[[[-124.48763375799918,43.49373111121488],[-124.48493881214682,43.49373111121488],[-124.48493881214682,43.49642605706723],[-124.48763375799918,43.49642605706723],[-124.48763375799918,43.49373111121488]]]},"id":"-46193+16139","properties":{"area_sq_km":0.0,"count":1,"label":2,"latitude":43.49507858207752,"longitude":-124.48628628503796,"near_healthy_bed":1,"priority_score":1.0,"priority_tier":"monitor","recommended_action":"no_action","region_id":"southern_oregon","region_name":"Southern Oregon Coast","state":"OR","status":2,"status_label":"healthy"}},{"type":"Feature","geometry":{"geodesic":false,"type":"Polygon","coordinates":[[[-124.48763375799918,43.49642605706723],[-124.48493881214682,43.49642605706723],[-124.48493881214682,43.499121002919594],[-124.48763375799918,43.499121002919594],[-124.48763375799918,43.49642605706723]]]},"id":"-46193+16140","properties":{"area_sq_km":0.0,"count":1,"label":0,"latitude":43.497773527928985,"longitude":-124.4862862850321,"near_healthy_bed":1,"priority_score":1.0,"priority_tier":"monitor","recommended_action":"urchin_removal_then_replant","region_id":"southern_oregon","region_name":"Southern Oregon Coast","state":"OR","status":0,"status_label":"barren"}},{"type":"Feature","geometry":{"geodesic":false,"type":"Polygon","coordinates":[[[-124.49302364970389,43.05714988313279],[-124.48763375799918,43.05714988313279],[-124.48763375799918,43.05984482898514],[-124.49302364970389,43.05984482898514],[-124.49302364970389,43.05714988313279]]]},"id":"-46194+15977","properties":{"area_sq_km":0.0,"count":2,"label":2,"latitude":43.0584973778859,"longitude":-124.49032870391457,"near_healthy_bed":1,"priority_score":1.0,"priority_tier":"monitor","recommended_action":"no_action","region_id":"southern_oregon","region_name":"Southern Oregon Coast","state":"OR","status":2,"status_label":"healthy"}},{"type":"Feature","geometry":{"geodesic":false,"type":"Polygon","coordinates":[[[-124.49032870385153,43.06792966654222],[-124.48763375799918,43.06792966654222],[-124.48763375799918,43.07062461239458],[-124.49032870385153,43.07062461239458],[-124.49032870385153,43.06792966654222]]]},"id":"-46194+15981","properties":{"area_sq_km":0.0,"count":1,"label":0,"latitude":43.06927713746163,"longitude":-124.48898123087909,"near_healthy_bed":1,"priority_score":1.0,"priority_tier":"monitor","recommended_action":"urchin_removal_then_replant","region_id":"southern_oregon","region_name":"Southern Oregon Coast","state":"OR","status":0,"status_label":"barren"}},{"type":"Feature","geometry":{"geodesic":false,"type":"Polygon","coordinates":[[[-124.49302364970389,43.10565890847524],[-124.49302364970389,43.100269016770525],[-124.48493881214682,43.100269016770525],[-124.48493881214682,43.10296396262288],[-124.48763375799918,43.10296396262288],[-124.48763375799918,43.10565890847524],[-124.49302364970389,43.10565890847524]]]},"id":"-46194+15994","properties":{"area_sq_km":0.0,"count":5,"label":0,"latitude":43.10269448500928,"longitude":-124.48952019864221,"near_healthy_bed":1,"priority_score":1.0,"priority_tier":"monitor","recommended_action":"urchin_removal_then_replant","region_id":"southern_oregon","region_name":"Southern Oregon Coast","state":"OR","status":0,"status_label":"barren"}},{"type":"Feature","geometry":{"geodesic":false,"type":"Polygon","coordinates":[[[-124.49032870385153,43.12991342114647],[-124.48763375799918,43.12991342114647],[-124.48763375799918,43.132608366998824],[-124.49032870385153,43.132608366998824],[-124.49032870385153,43.12991342114647]]]},"id":"-46194+16004","properties":{"area_sq_km":0.0,"count":1,"label":2,"latitude":43.13126089217508,"longitude":-124.48898123102127,"near_healthy_bed":1,"priority_score":1.0,"priority_tier":"monitor","recommended_action":"no_action","region_id":"southern_oregon","region_name":"Southern Oregon Coast","state":"OR","status":2,"status_label":"healthy"}},{"type":"Feature","geometry":{"geodesic":false,"type":"Polygon","coordinates":[[[-124.49032870385153,43.375153493711096],[-124.48763375799918,43.375153493711096],[-124.48763375799918,43.37784843956346],[-124.49032870385153,43.37784843956346],[-124.49032870385153,43.375153493711096]]]},"id":"-46194+16095","properties":{"area_sq_km":0.0,"count":1,"label":2,"latitude":43.37650096462925,"longitude":-124.48898123090947,"near_healthy_bed":1,"priority_score":1.0,"priority_tier":"monitor","recommended_action":"no_action","region_id":"southern_oregon","region_name":"Southern Oregon Coast","state":"OR","status":2,"status_label":"healthy"}},{"type":"Feature","geometry":{"geodesic":false,"type":"Polygon","coordinates":[[[-124.49032870385153,43.49642605706723],[-124.49032870385153,43.488341219510154],[-124.48763375799918,43.488341219510154],[-124.48763375799918,43.491036165362516],[-124.48493881214682,43.491036165362516],[-124.48493881214682,43.49373111121488],[-124.48763375799918,43.49373111121488],[-124.48763375799918,43.49642605706723],[-124.49032870385153,43.49642605706723]]]},"id":"-46194+16139","properties":{"area_sq_km":0.0,"count":4,"label":0,"latitude":43.49238358203572,"longitude":-124.48830749448612,"near_healthy_bed":1,"priority_score":1.0,"priority_tier":"monitor","recommended_action":"urchin_removal_then_replant","region_id":"southern_oregon","region_name":"Southern Oregon Coast","state":"OR","status":0,"status_label":"barren"}},{"type":"Feature","geometry":{"geodesic":false,"type":"Polygon","coordinates":[[[-124.49302364970389,43.01403074949505],[-124.49032870385153,43.01403074949505],[-124.49032870385153,43.01672569534741],[-124.49302364970389,43.01672569534741],[-124.49302364970389,43.01403074949505]]]},"id":"-46195+15961","properties":{"area_sq_km":0.0,"count":1,"label":0,"latitude":43.01537822033744,"longitude":-124.49167617682924,"near_healthy_bed":1,"priority_score":1.0,"priority_tier":"monitor","recommended_action":"urchin_removal_then_replant","region_id":"southern_oregon","region_name":"Southern Oregon Coast","state":"OR","status":0,"status_label":"barren"}},{"type":"Feature","geometry":{"geodesic":false,"type":"Polygon","coordinates":[[[-124.49302364970389,43.12991342114647],[-124.49032870385153,43.12991342114647],[-124.49032870385153,43.132608366998824],[-124.49302364970389,43.132608366998824],[-124.49302364970389,43.12991342114647]]]},"id":"-46195+16004","properties":{"area_sq_km":0.0,"count":1,"label":0,"latitude":43.13126089219541,"longitude":-124.49167617680693,"near_healthy_bed":1,"priority_score":1.0,"priority_tier":"monitor","recommended_action":"urchin_removal_then_replant","region_id":"southern_oregon","region_name":"Southern Oregon Coast","state":"OR","status":0,"status_label":"barren"}},{"type":"Feature","geometry":{"geodesic":false,"type":"Polygon","coordinates":[[[-124.49571859555626,43.46408670683893],[-124.49032870385153,43.46408670683893],[-124.49032870385153,43.46678165269129],[-124.49571859555626,43.46678165269129],[-124.49571859555626,43.46408670683893]]]},"id":"-46195+16128","properties":{"area_sq_km":0.0,"count":2,"label":2,"latitude":43.465434201569025,"longitude":-124.49302364976685,"near_healthy_bed":1,"priority_score":1.0,"priority_tier":"monitor","recommended_action":"no_action","region_id":"southern_oregon","region_name":"Southern Oregon Coast","state":"OR","status":2,"status_label":"healthy"}},{"type":"Feature","geometry":{"geodesic":false,"type":"Polygon","coordinates":[[[-124.49571859555626,42.984386345119105],[-124.49302364970389,42.984386345119105],[-124.49302364970389,42.98708129097147],[-124.49571859555626,42.98708129097147],[-124.49571859555626,42.984386345119105]]]},"id":"-46196+15950","properties":{"area_sq_km":0.0,"count":1,"label":2,"latitude":42.98573381612674,"longitude":-124.49437112267681,"near_healthy_bed":1,"priority_score":1.0,"priority_tier":"monitor","recommended_action":"no_action","region_id":"southern_oregon","region_name":"Southern Oregon Coast","state":"OR","status":2,"status_label":"healthy"}},{"type":"Feature","geometry":{"geodesic":false,"type":"Polygon","coordinates":[[[-124.49571859555626,43.003250966085616],[-124.49302364970389,43.003250966085616],[-124.49302364970389,43.00594591193797],[-124.49571859555626,43.00594591193797],[-124.49571859555626,43.003250966085616]]]},"id":"-46196+15957","properties":{"area_sq_km":0.0,"count":1,"label":0,"latitude":43.004598436961835,"longitude":-124.49437112268154,"near_healthy_bed":1,"priority_score":1.0,"priority_tier":"monitor","recommended_action":"urchin_removal_then_replant","region_id":"southern_oregon","region_name":"Southern Oregon Coast","state":"OR","status":0,"status_label":"barren"}},{"type":"Feature","geometry":{"geodesic":false,"type":"Polygon","coordinates":[[[-124.49571859555626,43.081404395804014],[-124.49302364970389,43.081404395804014],[-124.49302364970389,43.08409934165637],[-124.49571859555626,43.08409934165637],[-124.49571859555626,43.081404395804014]]]},"id":"-46196+15986","properties":{"area_sq_km":0.0,"count":1,"label":0,"latitude":43.08275186676694,"longitude":-124.49437112269322,"near_healthy_bed":1,"priority_score":1.0,"priority_tier":"monitor","recommended_action":"urchin_removal_then_replant","region_id":"southern_oregon","region_name":"Southern Oregon Coast","state":"OR","status":0,"status_label":"barren"}},{"type":"Feature","geometry":{"geodesic":false,"type":"Polygon","coordinates":[[[-124.49841354140861,43.10565890847524],[-124.49302364970389,43.10565890847524],[-124.49302364970389,43.108353854327596],[-124.49841354140861,43.108353854327596],[-124.49841354140861,43.10565890847524]]]},"id":"-46196+15995","properties":{"area_sq_km":0.0,"count":2,"label":0,"latitude":43.10700640313457,"longitude":-124.49571859558905,"near_healthy_bed":1,"priority_score":1.0,"priority_tier":"monitor","recommended_action":"urchin_removal_then_replant","region_id":"southern_oregon","region_name":"Southern Oregon Coast","state":"OR","status":0,"status_label":"barren"}},{"type":"Feature","geometry":{"geodesic":false,"type":"Polygon","coordinates":[[[-124.49571859555626,43.12452352944175],[-124.49571859555626,43.119133637737036],[-124.49302364970389,43.119133637737036],[-124.49302364970389,43.116438691884674],[-124.49032870385153,43.116438691884674],[-124.49032870385153,43.12182858358939],[-124.49302364970389,43.12182858358939],[-124.49302364970389,43.12452352944175],[-124.49571859555626,43.12452352944175]]]},"id":"-46196+16001","properties":{"area_sq_km":0.0,"count":4,"label":0,"latitude":43.12048105724279,"longitude":-124.49302359027233,"near_healthy_bed":1,"priority_score":1.0,"priority_tier":"monitor","recommended_action":"urchin_removal_then_replant","region_id":"southern_oregon","region_name":"Southern Oregon Coast","state":"OR","status":0,"status_label":"barren"}},{"type":"Feature","geometry":{"geodesic":false,"type":"Polygon","coordinates":[[[-124.49571859555626,43.154167933817696],[-124.49302364970389,43.154167933817696],[-124.49302364970389,43.15686287967005],[-124.49571859555626,43.15686287967005],[-124.49571859555626,43.154167933817696]]]},"id":"-46196+16013","properties":{"area_sq_km":0.0,"count":1,"label":2,"latitude":43.15551540476891,"longitude":-124.49437112275547,"near_healthy_bed":1,"priority_score":1.0,"priority_tier":"monitor","recommended_action":"no_action","region_id":"southern_oregon","region_name":"Southern Oregon Coast","state":"OR","status":2,"status_label":"healthy"}},{"type":"Feature","geometry":{"geodesic":false,"type":"Polygon","coordinates":[[[-124.49841354140861,43.31855963081157],[-124.49841354140861,43.31586468495921],[-124.49571859555626,43.31586468495921],[-124.49571859555626,43.31316973910685],[-124.49302364970389,43.31316973910685],[-124.49302364970389,43.31855963081157],[-124.49841354140861,43.31855963081157]]]},"id":"-46196+16073","properties":{"area_sq_km":0.0,"count":3,"label":2,"latitude":43.316313829788434,"longitude":-124.49526941293226,"near_healthy_bed":1,"priority_score":1.0,"priority_tier":"monitor","recommended_action":"no_action","region_id":"southern_oregon","region_name":"Southern Oregon Coast","state":"OR","status":2,"status_label":"healthy"}},{"type":"Feature","geometry":{"geodesic":false,"type":"Polygon","coordinates":[[[-124.49571859555626,43.47486649024837],[-124.49302364970389,43.47486649024837],[-124.49302364970389,43.47756143610072],[-124.49571859555626,43.47756143610072],[-124.49571859555626,43.47486649024837]]]},"id":"-46196+16132","properties":{"area_sq_km":0.0,"count":1,"label":0,"latitude":43.476213960925165,"longitude":-124.49437112257715,"near_healthy_bed":1,"priority_score":1.0,"priority_tier":"monitor","recommended_action":"urchin_removal_then_replant","region_id":"southern_oregon","region_name":"Southern Oregon Coast","state":"OR","status":0,"status_label":"barren"}},{"type":"Feature","geometry":{"geodesic":false,"type":"Polygon","coordinates":[[[-124.50110848726096,43.499121002919594],[-124.50110848726096,43.49373111121488],[-124.49841354140861,43.49373111121488],[-124.49841354140861,43.49642605706723],[-124.49302364970389,43.49642605706723],[-124.49302364970389,43.499121002919594],[-124.50110848726096,43.499121002919594]]]},"id":"-46196+16140","properties":{"area_sq_km":0.0,"count":4,"label":0,"latitude":43.497099816437505,"longitude":-124.49773984818171,"near_healthy_bed":1,"priority_score":1.0,"priority_tier":"monitor","recommended_action":"urchin_removal_then_replant","region_id":"southern_oregon","region_name":"Southern Oregon Coast","state":"OR","status":0,"status_label":"barren"}},{"type":"Feature","geometry":{"geodesic":false,"type":"Polygon","coordinates":[[[-124.50110848726096,42.93857226562901],[-124.49571859555626,42.93857226562901],[-124.49571859555626,42.94126721148137],[-124.50110848726096,42.94126721148137],[-124.50110848726096,42.93857226562901]]]},"id":"-46197+15933","properties":{"area_sq_km":0.0,"count":2,"label":2,"latitude":42.93991976039683,"longitude":-124.49841354137727,"near_healthy_bed":1,"priority_score":1.0,"priority_tier":"monitor","recommended_action":"no_action","region_id":"southern_oregon","region_name":"Southern Oregon Coast","state":"OR","status":2,"status_label":"healthy"}},{"type":"Feature","geometry":{"geodesic":false,"type":"Polygon","coordinates":[[[-124.49841354140861,42.9520469948908],[-124.49571859555626,42.9520469948908],[-124.49571859555626,42.95474194074316],[-124.49841354140861,42.95474194074316],[-124.49841354140861,42.9520469948908]]]},"id":"-46197+15938","properties":{"area_sq_km":0.0,"count":1,"label":0,"latitude":42.953394465790765,"longitude":-124.49706606837924,"near_healthy_bed":1,"priority_score":1.0,"priority_tier":"monitor","recommended_action":"urchin_removal_then_replant","region_id":"southern_oregon","region_name":"Southern Oregon Coast","state":"OR","status":0,"status_label":"barren"}},{"type":"Feature","geometry":{"geodesic":false,"type":"Polygon","coordinates":[[[-124.49841354140861,42.968216670004956],[-124.49841354140861,42.96013183244788],[-124.49571859555626,42.96013183244788],[-124.49571859555626,42.96282677830024],[-124.49302364970389,42.96282677830024],[-124.49302364970389,42.965521724152595],[-124.49571859555626,42.965521724152595],[-124.49571859555626,42.968216670004956],[-124.49841354140861,42.968216670004956]]]},"id":"-46197+15943","properties":{"area_sq_km":0.0,"count":4,"label":2,"latitude":42.96417419624151,"longitude":-124.49639233207657,"near_healthy_bed":1,"priority_score":1.0,"priority_tier":"monitor","recommended_action":"no_action","region_id":"southern_oregon","region_name":"Southern Oregon Coast","state":"OR","status":2,"status_label":"healthy"}},{"type":"Feature","geometry":{"geodesic":false,"type":"Polygon","coordinates":[[[-124.50110848726096,43.081404395804014],[-124.50110848726096,43.0760145040993],[-124.49841354140861,43.0760145040993],[-124.49841354140861,43.07870944995165],[-124.49571859555626,43.07870944995165],[-124.49571859555626,43.081404395804014],[-124.50110848726096,43.081404395804014]]]},"id":"-46197+15985","properties":{"area_sq_km":0.0,"count":3,"label":0,"latitude":43.07915859514471,"longitude":-124.49886272381119,"near_healthy_bed":1,"priority_score":1.0,"priority_tier":"monitor","recommended_action":"urchin_removal_then_replant","region_id":"southern_oregon","region_name":"Southern Oregon Coast","state":"OR","status":0,"status_label":"barren"}},{"type":"Feature","geometry":{"geodesic":false,"type":"Polygon","coordinates":[[[-124.49841354140861,43.11374374603232],[-124.49571859555626,43.11374374603232],[-124.49571859555626,43.116438691884674],[-124.49841354140861,43.116438691884674],[-124.49841354140861,43.11374374603232]]]},"id":"-46197+15998","properties":{"area_sq_km":0.0,"count":1,"label":0,"latitude":43.115091216941245,"longitude":-124.49706606842072,"near_healthy_bed":1,"priority_score":1.0,"priority_tier":"monitor","recommended_action":"urchin_removal_then_replant","region_id":"southern_oregon","region_name":"Southern Oregon Coast","state":"OR","status":0,"status_label":"barren"}},{"type":"Feature","geometry":{"geodesic":false,"type":"Polygon","coordinates":[[[-124.49841354140861,43.28083038887855],[-124.49571859555626,43.28083038887855],[-124.49571859555626,43.2835253347309],[-124.49841354140861,43.2835253347309],[-124.49841354140861,43.28083038887855]]]},"id":"-46197+16060","properties":{"area_sq_km":0.0,"count":1,"label":2,"latitude":43.28217785981986,"longitude":-124.49706606843922,"near_healthy_bed":1,"priority_score":1.0,"priority_tier":"monitor","recommended_action":"no_action","region_id":"southern_oregon","region_name":"Southern Oregon Coast","state":"OR","status":2,"status_label":"healthy"}},{"type":"Feature","geometry":{"geodesic":false,"type":"Polygon","coordinates":[[[-124.49841354140861,43.29161017228798],[-124.49571859555626,43.29161017228798],[-124.49571859555626,43.29430511814034],[-124.49841354140861,43.29430511814034],[-124.49841354140861,43.29161017228798]]]},"id":"-46197+16064","properties":{"area_sq_km":0.0,"count":1,"label":2,"latitude":43.292957643175676,"longitude":-124.49706606845581,"near_healthy_bed":1,"priority_score":1.0,"priority_tier":"monitor","recommended_action":"no_action","region_id":"southern_oregon","region_name":"Southern Oregon Coast","state":"OR","status":2,"status_label":"healthy"}},{"type":"Feature","geometry":{"geodesic":false,"type":"Polygon","coordinates":[[[-124.49841354140861,43.4856462736578],[-124.49841354140861,43.48295132780544],[-124.50110848726096,43.48295132780544],[-124.50110848726096,43.47756143610072],[-124.49841354140861,43.47756143610072],[-124.49841354140861,43.48025638195308],[-124.49571859555626,43.48025638195308],[-124.49571859555626,43.4856462736578],[-124.49841354140861,43.4856462736578]]]},"id":"-46197+16135","properties":{"area_sq_km":0.0,"count":4,"label":0,"latitude":43.48160380065359,"longitude":-124.49841360148145,"near_healthy_bed":1,"priority_score":1.0,"priority_tier":"monitor","recommended_action":"urchin_removal_then_replant","region_id":"southern_oregon","region_name":"Southern Oregon Coast","state":"OR","status":0,"status_label":"barren"}},{"type":"Feature","geometry":{"geodesic":false,"type":"Polygon","coordinates":[[[-124.49841354140861,43.49373111121488],[-124.49841354140861,43.491036165362516],[-124.50110848726096,43.491036165362516],[-124.50110848726096,43.488341219510154],[-124.49571859555626,43.488341219510154],[-124.49571859555626,43.49373111121488],[-124.49841354140861,43.49373111121488]]]},"id":"-46197+16138","properties":{"area_sq_km":0.0,"count":3,"label":0,"latitude":43.49058699473679,"longitude":-124.49796440856937,"near_healthy_bed":1,"priority_score":1.0,"priority_tier":"monitor","recommended_action":"urchin_removal_then_replant","region_id":"southern_oregon","region_name":"Southern Oregon Coast","state":"OR","status":0,"status_label":"barren"}},{"type":"Feature","geometry":{"geodesic":false,"type":"Polygon","coordinates":[[[-124.50110848726096,42.930487428071935],[-124.49841354140861,42.930487428071935],[-124.49841354140861,42.933182373924296],[-124.50110848726096,42.933182373924296],[-124.50110848726096,42.930487428071935]]]},"id":"-46198+15930","properties":{"area_sq_km":0.0,"count":1,"label":2,"latitude":42.93183489911867,"longitude":-124.49976101426363,"near_healthy_bed":1,"priority_score":1.0,"priority_tier":"monitor","recommended_action":"no_action","region_id":"southern_oregon","region_name":"Southern Oregon Coast","state":"OR","status":2,"status_label":"healthy"}},{"type":"Feature","geometry":{"geodesic":false,"type":"Polygon","coordinates":[[[-124.49571859555626,42.9520469948908],[-124.49302364970389,42.9520469948908],[-124.49302364970389,42.957436886595524],[-124.49841354140861,42.957436886595524],[-124.49841354140861,42.96013183244788],[-124.50110848726096,42.96013183244788],[-124.50110848726096,42.949352049038446],[-124.49571859555626,42.949352049038446],[-124.49571859555626,42.9520469948908]],[[-124.49571859555626,42.9520469948908],[-124.49571859555626,42.95474194074316],[-124.49841354140861,42.95474194074316],[-124.49841354140861,42.9520469948908],[-124.49571859555626,42.9520469948908]]]},"id":"-46198+15940","properties":{"area_sq_km":1.0,"count":8,"label":2,"latitude":42.954404987997535,"longitude":-124.4977397936069,"near_healthy_bed":1,"priority_score":1.0,"priority_tier":"monitor","recommended_action":"no_action","region_id":"southern_oregon","region_name":"Southern Oregon Coast","state":"OR","status":2,"status_label":"healthy"}},{"type":"Feature","geometry":{"geodesic":false,"type":"Polygon","coordinates":[[[-124.50110848726096,43.003250966085616],[-124.49841354140861,43.003250966085616],[-124.49841354140861,43.00594591193797],[-124.50110848726096,43.00594591193797],[-124.50110848726096,43.003250966085616]]]},"id":"-46198+15957","properties":{"area_sq_km":0.0,"count":1,"label":0,"latitude":43.004598437027745,"longitude":-124.49976101430113,"near_healthy_bed":1,"priority_score":1.0,"priority_tier":"monitor","recommended_action":"urchin_removal_then_replant","region_id":"southern_oregon","region_name":"Southern Oregon Coast","state":"OR","status":0,"status_label":"barren"}},{"type":"Feature","geometry":{"geodesic":false,"type":"Polygon","coordinates":[[[-124.50110848726096,43.011335803642694],[-124.49841354140861,43.011335803642694],[-124.49841354140861,43.019420641199765],[-124.50110848726096,43.019420641199765],[-124.50110848726096,43.011335803642694]]]},"id":"-46198+15962","properties":{"area_sq_km":0.0,"count":3,"label":0,"latitude":43.01537814164758,"longitude":-124.49976101430612,"near_healthy_bed":1,"priority_score":1.0,"priority_tier":"monitor","recommended_action":"urchin_removal_then_replant","region_id":"southern_oregon","region_name":"Southern Oregon Coast","state":"OR","status":0,"status_label":"barren"}},{"type":"Feature","geometry":{"geodesic":false,"type":"Polygon","coordinates":[[[-124.50110848726096,43.0302004246092],[-124.49841354140861,43.0302004246092],[-124.49841354140861,43.03289537046156],[-124.50110848726096,43.03289537046156],[-124.50110848726096,43.0302004246092]]]},"id":"-46198+15967","properties":{"area_sq_km":0.0,"count":1,"label":2,"latitude":43.03154789560239,"longitude":-124.49976101427356,"near_healthy_bed":1,"priority_score":1.0,"priority_tier":"monitor","recommended_action":"no_action","region_id":"southern_oregon","region_name":"Southern Oregon Coast","state":"OR","status":2,"status_label":"healthy"}},{"type":"Feature","geometry":{"geodesic":false,"type":"Polygon","coordinates":[[[-124.50110848726096,43.062539774837504],[-124.49841354140861,43.062539774837504],[-124.49841354140861,43.065234720689865],[-124.50110848726096,43.065234720689865],[-124.50110848726096,43.062539774837504]]]},"id":"-46198+15979","properties":{"area_sq_km":0.0,"count":1,"label":0,"latitude":43.06388724582846,"longitude":-124.49976101429165,"near_healthy_bed":1,"priority_score":1.0,"priority_tier":"monitor","recommended_action":"urchin_removal_then_replant","region_id":"southern_oregon","region_name":"Southern Oregon Coast","state":"OR","status":0,"status_label":"barren"}},{"type":"Feature","geometry":{"geodesic":false,"type":"Polygon","coordinates":[[[-124.50110848726096,43.07062461239458],[-124.49841354140861,43.07062461239458],[-124.49841354140861,43.073319558246936],[-124.50110848726096,43.073319558246936],[-124.50110848726096,43.07062461239458]]]},"id":"-46198+15982","properties":{"area_sq_km":0.0,"count":1,"label":0,"latitude":43.07197208329343,"longitude":-124.49976101439269,"near_healthy_bed":1,"priority_score":1.0,"priority_tier":"monitor","recommended_action":"urchin_removal_then_replant","region_id":"southern_oregon","region_name":"Southern Oregon Coast","state":"OR","status":0,"status_label":"barren"}},{"type":"Feature","geometry":{"geodesic":false,"type":"Polygon","coordinates":[[[-124.50110848726096,43.08679428750873],[-124.49841354140861,43.08679428750873],[-124.49841354140861,43.08948923336109],[-124.50110848726096,43.08948923336109],[-124.50110848726096,43.08679428750873]]]},"id":"-46198+15988","properties":{"area_sq_km":0.0,"count":1,"label":0,"latitude":43.08814175836708,"longitude":-124.49976101417859,"near_healthy_bed":1,"priority_score":1.0,"priority_tier":"monitor","recommended_action":"urchin_removal_then_replant","region_id":"southern_oregon","region_name":"Southern Oregon Coast","state":"OR","status":0,"status_label":"barren"}},{"type":"Feature","geometry":{"geodesic":false,"type":"Polygon","coordinates":[[[-124.50110848726096,43.119133637737036],[-124.49841354140861,43.119133637737036],[-124.49841354140861,43.12182858358939],[-124.50110848726096,43.12182858358939],[-124.50110848726096,43.119133637737036]]]},"id":"-46198+16000","properties":{"area_sq_km":0.0,"count":1,"label":0,"latitude":43.12048110867362,"longitude":-124.49976101432989,"near_healthy_bed":1,"priority_score":1.0,"priority_tier":"monitor","recommended_action":"urchin_removal_then_replant","region_id":"southern_oregon","region_name":"Southern Oregon Coast","state":"OR","status":0,"status_label":"barren"}},{"type":"Feature","geometry":{"geodesic":false,"type":"Polygon","coordinates":[[[-124.50110848726096,43.205371905012505],[-124.49841354140861,43.205371905012505],[-124.49841354140861,43.20806685086487],[-124.50110848726096,43.20806685086487],[-124.50110848726096,43.205371905012505]]]},"id":"-46198+16032","properties":{"area_sq_km":0.0,"count":1,"label":2,"latitude":43.20671937577227,"longitude":-124.49976101426572,"near_healthy_bed":1,"priority_score":1.0,"priority_tier":"monitor","recommended_action":"no_action","region_id":"southern_oregon","region_name":"Southern Oregon Coast","state":"OR","status":2,"status_label":"healthy"}},{"type":"Feature","geometry":{"geodesic":false,"type":"Polygon","coordinates":[[[-124.50110848726096,43.29969500984506],[-124.49841354140861,43.29969500984506],[-124.49841354140861,43.302389955697414],[-124.50110848726096,43.302389955697414],[-124.50110848726096,43.29969500984506]]]},"id":"-46198+16067","properties":{"area_sq_km":0.0,"count":1,"label":2,"latitude":43.301042480652484,"longitude":-124.49976101432236,"near_healthy_bed":1,"priority_score":1.0,"priority_tier":"monitor","recommended_action":"no_action","region_id":"southern_oregon","region_name":"Southern Oregon Coast","state":"OR","status":2,"status_label":"healthy"}},{"type":"Feature","geometry":{"geodesic":false,"type":"Polygon","coordinates":[[[-124.50110848726096,43.30777984740213],[-124.49841354140861,43.30777984740213],[-124.49841354140861,43.31047479325449],[-124.50110848726096,43.31047479325449],[-124.50110848726096,43.30777984740213]]]},"id":"-46198+16070","properties":{"area_sq_km":0.0,"count":1,"label":2,"latitude":43.3091273181888,"longitude":-124.49976101432362,"near_healthy_bed":1,"priority_score":1.0,"priority_tier":"monitor","recommended_action":"no_action","region_id":"southern_oregon","region_name":"Southern Oregon Coast","state":"OR","status":2,"status_label":"healthy"}},{"type":"Feature","geometry":{"geodesic":false,"type":"Polygon","coordinates":[[[-124.50110848726096,43.38862822297289],[-124.49841354140861,43.38862822297289],[-124.49841354140861,43.39132316882525],[-124.50110848726096,43.39132316882525],[-124.50110848726096,43.38862822297289]]]},"id":"-46198+16100","properties":{"area_sq_km":0.0,"count":1,"label":2,"latitude":43.38997569382662,"longitude":-124.49976101433134,"near_healthy_bed":1,"priority_score":1.0,"priority_tier":"monitor","recommended_action":"no_action","region_id":"southern_oregon","region_name":"Southern Oregon Coast","state":"OR","status":2,"status_label":"healthy"}},{"type":"Feature","geometry":{"geodesic":false,"type":"Polygon","coordinates":[[[-124.50110848726096,43.39940800638232],[-124.49841354140861,43.39940800638232],[-124.49841354140861,43.402102952234685],[-124.50110848726096,43.402102952234685],[-124.50110848726096,43.39940800638232]]]},"id":"-46198+16104","properties":{"area_sq_km":0.0,"count":1,"label":2,"latitude":43.40075547715049,"longitude":-124.49976101430894,"near_healthy_bed":1,"priority_score":1.0,"priority_tier":"monitor","recommended_action":"no_action","region_id":"southern_oregon","region_name":"Southern Oregon Coast","state":"OR","status":2,"status_label":"healthy"}},{"type":"Feature","geometry":{"geodesic":false,"type":"Polygon","coordinates":[[[-124.50110848726096,43.46678165269129],[-124.49841354140861,43.46678165269129],[-124.49841354140861,43.46947659854365],[-124.50110848726096,43.46947659854365],[-124.50110848726096,43.46678165269129]]]},"id":"-46198+16129","properties":{"area_sq_km":0.0,"count":1,"label":2,"latitude":43.4681291233091,"longitude":-124.49976101423086,"near_healthy_bed":1,"priority_score":1.0,"priority_tier":"monitor","recommended_action":"no_action","region_id":"southern_oregon","region_name":"Southern Oregon Coast","state":"OR","status":2,"status_label":"healthy"}},{"type":"Feature","geometry":{"geodesic":false,"type":"Polygon","coordinates":[[[-124.50110848726096,43.46947659854365],[-124.49841354140861,43.46947659854365],[-124.49841354140861,43.47486649024837],[-124.50110848726096,43.47486649024837],[-124.50110848726096,43.46947659854365]]]},"id":"-46198+16131","properties":{"area_sq_km":0.0,"count":2,"label":0,"latitude":43.47217151227434,"longitude":-124.49976101420796,"near_healthy_bed":1,"priority_score":1.0,"priority_tier":"monitor","recommended_action":"urchin_removal_then_replant","region_id":"southern_oregon","region_name":"Southern Oregon Coast","state":"OR","status":0,"status_label":"barren"}},{"type":"Feature","geometry":{"geodesic":false,"type":"Polygon","coordinates":[[[-124.50110848726096,43.491036165362516],[-124.49841354140861,43.491036165362516],[-124.49841354140861,43.49373111121488],[-124.50110848726096,43.49373111121488],[-124.50110848726096,43.491036165362516]]]},"id":"-46198+16138","properties":{"area_sq_km":0.0,"count":1,"label":2,"latitude":43.49238363623703,"longitude":-124.49976101433003,"near_healthy_bed":1,"priority_score":1.0,"priority_tier":"monitor","recommended_action":"no_action","region_id":"southern_oregon","region_name":"Southern Oregon Coast","state":"OR","status":2,"status_label":"healthy"}},{"type":"Feature","geometry":{"geodesic":false,"type":"Polygon","coordinates":[[[-124.18579982253502,43.38054338541581],[-124.18310487668266,43.38054338541581],[-124.18310487668266,43.383238331268174],[-124.18579982253502,43.383238331268174],[-124.18579982253502,43.38054338541581]]]},"id":"-46081+16097","properties":{"area_sq_km":0.0,"count":1,"label":1,"latitude":43.38189085618098,"longitude":-124.18445234974594,"near_healthy_bed":0,"priority_score":0.0,"priority_tier":"monitor","recommended_action":"monitor_and_replant","region_id":"southern_oregon","region_name":"Southern Oregon Coast","state":"OR","status":1,"status_label":"recovering"}},{"type":"Feature","geometry":{"geodesic":false,"type":"Polygon","coordinates":[[[-124.18849476838737,43.375153493711096],[-124.18579982253502,43.375153493711096],[-124.18579982253502,43.37784843956346],[-124.18849476838737,43.37784843956346],[-124.18849476838737,43.375153493711096]]]},"id":"-46082+16095","properties":{"area_sq_km":0.0,"count":1,"label":1,"latitude":43.37650096461178,"longitude":-124.1871472954506,"near_healthy_bed":0,"priority_score":0.0,"priority_tier":"monitor","recommended_action":"monitor_and_replant","region_id":"southern_oregon","region_name":"Southern Oregon Coast","state":"OR","status":1,"status_label":"recovering"}},{"type":"Feature","geometry":{"geodesic":false,"type":"Polygon","coordinates":[[[-124.18849476838737,43.38593327712053],[-124.18579982253502,43.38593327712053],[-124.18579982253502,43.38862822297289],[-124.18849476838737,43.38862822297289],[-124.18849476838737,43.38593327712053]]]},"id":"-46082+16099","properties":{"area_sq_km":0.0,"count":1,"label":1,"latitude":43.3872807480341,"longitude":-124.18714729532586,"near_healthy_bed":0,"priority_score":0.0,"priority_tier":"monitor","recommended_action":"monitor_and_replant","region_id":"southern_oregon","region_name":"Southern Oregon Coast","state":"OR","status":1,"status_label":"recovering"}},{"type":"Feature","geometry":{"geodesic":false,"type":"Polygon","coordinates":[[[-124.19118971423973,43.37245854785874],[-124.18849476838737,43.37245854785874],[-124.18849476838737,43.375153493711096],[-124.19118971423973,43.375153493711096],[-124.19118971423973,43.37245854785874]]]},"id":"-46083+16094","properties":{"area_sq_km":0.0,"count":1,"label":1,"latitude":43.373806018737234,"longitude":-124.189842241359,"near_healthy_bed":0,"priority_score":0.0,"priority_tier":"monitor","recommended_action":"monitor_and_replant","region_id":"southern_oregon","region_name":"Southern Oregon Coast","state":"OR","status":1,"status_label":"recovering"}},{"type":"Feature","geometry":{"geodesic":false,"type":"Polygon","coordinates":[[[-124.21813917276332,43.41557768149647],[-124.21544422691096,43.41557768149647],[-124.21544422691096,43.418272627348834],[-124.21813917276332,43.418272627348834],[-124.21813917276332,43.41557768149647]]]},"id":"-46093+16110","properties":{"area_sq_km":0.0,"count":1,"label":1,"latitude":43.41692515233721,"longitude":-124.21679169975762,"near_healthy_bed":0,"priority_score":0.0,"priority_tier":"monitor","recommended_action":"monitor_and_replant","region_id":"southern_oregon","region_name":"Southern Oregon Coast","state":"OR","status":1,"status_label":"recovering"}},{"type":"Feature","geometry":{"geodesic":false,"type":"Polygon","coordinates":[[[-124.26395325225342,43.4074928439394],[-124.26125830640106,43.4074928439394],[-124.26125830640106,43.410187789791756],[-124.26395325225342,43.410187789791756],[-124.26395325225342,43.4074928439394]]]},"id":"-46110+16107","properties":{"area_sq_km":0.0,"count":1,"label":1,"latitude":43.40884031480828,"longitude":-124.26260577938396,"near_healthy_bed":0,"priority_score":0.0,"priority_tier":"monitor","recommended_action":"monitor_and_replant","region_id":"southern_oregon","region_name":"Southern Oregon Coast","state":"OR","status":1,"status_label":"recovering"}},{"type":"Feature","geometry":{"geodesic":false,"type":"Polygon","coordinates":[[[-124.29898754833408,43.367068656154025],[-124.29629260248171,43.367068656154025],[-124.29629260248171,43.36976360200638],[-124.29898754833408,43.36976360200638],[-124.29898754833408,43.367068656154025]]]},"id":"-46123+16092","properties":{"area_sq_km":0.0,"count":1,"label":1,"latitude":43.368416126968235,"longitude":-124.2976400753717,"near_healthy_bed":0,"priority_score":0.0,"priority_tier":"monitor","recommended_action":"monitor_and_replant","region_id":"southern_oregon","region_name":"Southern Oregon Coast","state":"OR","status":1,"status_label":"recovering"}},{"type":"Feature","geometry":{"geodesic":false,"type":"Polygon","coordinates":[[[-124.30976733174352,43.37784843956346],[-124.30707238589115,43.37784843956346],[-124.30707238589115,43.38054338541581],[-124.30976733174352,43.38054338541581],[-124.30976733174352,43.37784843956346]]]},"id":"-46127+16096","properties":{"area_sq_km":0.0,"count":1,"label":1,"latitude":43.37919591045403,"longitude":-124.30841985888812,"near_healthy_bed":0,"priority_score":0.0,"priority_tier":"monitor","recommended_action":"monitor_and_replant","region_id":"southern_oregon","region_name":"Southern Oregon Coast","state":"OR","status":1,"status_label":"recovering"}},{"type":"Feature","geometry":{"geodesic":false,"type":"Polygon","coordinates":[[[-124.31785216930058,43.348204035187514],[-124.31515722344822,43.348204035187514],[-124.31515722344822,43.35089898103987],[-124.31785216930058,43.35089898103987],[-124.31785216930058,43.348204035187514]]]},"id":"-46130+16085","properties":{"area_sq_km":0.0,"count":1,"label":1,"latitude":43.34955150600475,"longitude":-124.31650469642163,"near_healthy_bed":0,"priority_score":0.0,"priority_tier":"monitor","recommended_action":"monitor_and_replant","region_id":"southern_oregon","region_name":"Southern Oregon Coast","state":"OR","status":1,"status_label":"recovering"}},{"type":"Feature","geometry":{"geodesic":false,"type":"Polygon","coordinates":[[[-124.31785216930058,43.38862822297289],[-124.31515722344822,43.38862822297289],[-124.31515722344822,43.39132316882525],[-124.31785216930058,43.39132316882525],[-124.31785216930058,43.38862822297289]]]},"id":"-46130+16100","properties":{"area_sq_km":0.0,"count":1,"label":1,"latitude":43.38997569379203,"longitude":-124.31650469654798,"near_healthy_bed":0,"priority_score":0.0,"priority_tier":"monitor","recommended_action":"monitor_and_replant","region_id":"southern_oregon","region_name":"Southern Oregon Coast","state":"OR","status":1,"status_label":"recovering"}},{"type":"Feature","geometry":{"geodesic":false,"type":"Polygon","coordinates":[[[-124.3232420610053,43.38593327712053],[-124.32054711515295,43.38593327712053],[-124.32054711515295,43.38862822297289],[-124.3232420610053,43.38862822297289],[-124.3232420610053,43.38593327712053]]]},"id":"-46132+16099","properties":{"area_sq_km":0.0,"count":1,"label":1,"latitude":43.38728074803069,"longitude":-124.32189458807083,"near_healthy_bed":0,"priority_score":0.0,"priority_tier":"monitor","recommended_action":"monitor_and_replant","region_id":"southern_oregon","region_name":"Southern Oregon Coast","state":"OR","status":1,"status_label":"recovering"}},{"type":"Feature","geometry":{"geodesic":false,"type":"Polygon","coordinates":[[[-124.33941173611946,43.35089898103987],[-124.33671679026709,43.35089898103987],[-124.33671679026709,43.35359392689223],[-124.33941173611946,43.35359392689223],[-124.33941173611946,43.35089898103987]]]},"id":"-46138+16086","properties":{"area_sq_km":0.0,"count":1,"label":1,"latitude":43.3522464519487,"longitude":-124.33806426322604,"near_healthy_bed":0,"priority_score":0.0,"priority_tier":"monitor","recommended_action":"monitor_and_replant","region_id":"southern_oregon","region_name":"Southern Oregon Coast","state":"OR","status":1,"status_label":"recovering"}},{"type":"Feature","geometry":{"geodesic":false,"type":"Polygon","coordinates":[[[-124.37714097805248,43.3428141434828],[-124.37444603220011,43.3428141434828],[-124.37444603220011,43.34550908933515],[-124.37714097805248,43.34550908933515],[-124.37714097805248,43.3428141434828]]]},"id":"-46152+16083","properties":{"area_sq_km":0.0,"count":1,"label":1,"latitude":43.34416161444348,"longitude":-124.37579350506321,"near_healthy_bed":0,"priority_score":0.0,"priority_tier":"monitor","recommended_action":"monitor_and_replant","region_id":"southern_oregon","region_name":"Southern Oregon Coast","state":"OR","status":1,"status_label":"recovering"}},{"type":"Feature","geometry":{"geodesic":false,"type":"Polygon","coordinates":[[[-124.38253086975719,43.329339414221],[-124.37983592390484,43.329339414221],[-124.37983592390484,43.33203436007336],[-124.38253086975719,43.33203436007336],[-124.38253086975719,43.329339414221]]]},"id":"-46154+16078","properties":{"area_sq_km":0.0,"count":1,"label":1,"latitude":43.330686884951405,"longitude":-124.38118339694975,"near_healthy_bed":0,"priority_score":0.0,"priority_tier":"monitor","recommended_action":"monitor_and_replant","region_id":"southern_oregon","region_name":"Southern Oregon Coast","state":"OR","status":1,"status_label":"recovering"}},{"type":"Feature","geometry":{"geodesic":false,"type":"Polygon","coordinates":[[[-124.39600559901898,43.31316973910685],[-124.39331065316662,43.31316973910685],[-124.39331065316662,43.31586468495921],[-124.39600559901898,43.31586468495921],[-124.39600559901898,43.31316973910685]]]},"id":"-46159+16072","properties":{"area_sq_km":0.0,"count":1,"label":1,"latitude":43.31451720997529,"longitude":-124.39465812594577,"near_healthy_bed":0,"priority_score":0.0,"priority_tier":"monitor","recommended_action":"monitor_and_replant","region_id":"southern_oregon","region_name":"Southern Oregon Coast","state":"OR","status":1,"status_label":"recovering"}}]}